<?xml version="1.0" encoding="utf-8"?><index><stem n="qpar-runtim"><phr n="Qpar-runtime"><ent r="6" t="313" w="286" /><ent r="6" t="313" w="291" /></phr></stem><stem n="qpar-runtime-control"><phr n="Qpar-runtime-control"><ent r="6" t="313" w="286" /><ent r="6" t="313" w="291" /></phr></stem><stem n="runtime-control"><phr n="runtime-control"><ent r="6" t="313" w="287" /><ent r="6" t="313" w="292" /></phr></stem><stem n="/qpar-runtime-control[n]"><phr n="/Qpar-runtime-control[n]"><ent r="6" t="313" w="290" /></phr></stem><stem n="/qpar-runtime-control-"><phr n="/Qpar-runtime-control-"><ent r="6" t="313" w="291" /></phr></stem><stem n="qpar-runtime-control-"><phr n="Qpar-runtime-control-"><ent r="6" t="313" w="291" /></phr></stem><stem n="runtime-control-"><phr n="runtime-control-"><ent r="6" t="313" w="292" /></phr></stem><stem n="control-"><phr n="control-"><ent r="6" t="313" w="293" /></phr></stem><stem n="qpar-schedul"><phr n="Qpar-schedule"><ent r="6" t="313" w="296" /></phr></stem><stem n="qpar-schedule-keyword"><phr n="Qpar-schedule-keyword"><ent r="6" t="313" w="296" /></phr></stem><stem n="schedule-keyword"><phr n="schedule-keyword"><ent r="6" t="313" w="297" /></phr></stem><stem n="/qpar-schedule-keyword[[:]n]"><phr n="/Qpar-schedule-keyword[[:]n]"><ent r="6" t="313" w="300" /></phr></stem><stem n="qpar-threshold"><phr n="Qpar-threshold"><ent r="6" t="313" w="301" /></phr></stem><stem n="/qpar-threshold[[:]n]"><phr n="/Qpar-threshold[[:]n]"><ent r="6" t="313" w="304" /></phr></stem><stem n="/qparallel"><phr n="/Qparallel"><ent r="6" t="313" w="305" /></phr></stem><stem n="qparallel"><phr n="Qparallel"><ent r="6" t="313" w="305" /><ent r="6" t="313" w="307" /><ent r="6" t="313" w="312" /></phr></stem><stem n="qparallel-sourc"><phr n="Qparallel-source"><ent r="6" t="313" w="307" /><ent r="6" t="313" w="312" /></phr></stem><stem n="qparallel-source-info"><phr n="Qparallel-source-info"><ent r="6" t="313" w="307" /><ent r="6" t="313" w="312" /></phr></stem><stem n="source-info"><phr n="source-info"><ent r="6" t="313" w="308" /><ent r="6" t="313" w="313" /></phr></stem><stem n="/qparallel-source-info[:n]"><phr n="/Qparallel-source-info[:n]"><ent r="6" t="313" w="311" /></phr></stem><stem n="/qparallel-source-info-"><phr n="/Qparallel-source-info-"><ent r="6" t="313" w="312" /></phr></stem><stem n="qparallel-source-info-"><phr n="Qparallel-source-info-"><ent r="6" t="313" w="312" /></phr></stem><stem n="source-info-"><phr n="source-info-"><ent r="6" t="313" w="313" /></phr></stem><stem n="info-"><phr n="info-"><ent r="6" t="313" w="314" /></phr></stem><stem n="qpar-adjust"><phr n="Qpar-adjust"><ent r="6" t="313" w="317" /></phr></stem><stem n="qpar-adjust-stack"><phr n="Qpar-adjust-stack"><ent r="6" t="313" w="317" /></phr></stem><stem n="adjust-stack"><phr n="adjust-stack"><ent r="6" t="313" w="318" /></phr></stem><stem n="/qpar-adjust-stack:n."><phr n="/Qpar-adjust-stack:n."><ent r="6" t="313" w="321" /></phr></stem><stem n="qinlin"><phr n="Qinline"><ent r="6" t="313" w="332" /></phr></stem><stem n="qinline-calloc"><phr n="Qinline-calloc"><ent r="6" t="313" w="332" /></phr></stem><stem n="calloc"><phr n="calloc"><ent r="6" t="313" w="333" /></phr></stem><stem n="/qinline-calloc[-]"><phr n="/Qinline-calloc[-]"><ent r="6" t="313" w="334" /></phr></stem><stem n="/check:keyword[,"><phr n="/check:keyword[,"><ent r="6" t="313" w="344" /></phr></stem><stem n="...]"><phr n="...]"><ent r="6" t="313" w="345" /></phr></stem><stem n="cilkrt"><phr n="cilkrts"><ent r="6" t="314" w="40" /></phr></stem><stem n="cilk"><phr n="Cilk"><ent r="6" t="314" w="43" /></phr></stem><stem n="libchkp"><phr n="libchkp"><ent r="6" t="314" w="48" /></phr></stem><stem n="libchkpwrap"><phr n="libchkpwrap"><ent r="6" t="314" w="51" /></phr></stem><stem n="checker"><phr n="checker"><ent r="6" t="314" w="57" /></phr></stem><stem n="libiomp5mt"><phr n="libiomp5mt"><ent r="6" t="314" w="61" /></phr></stem><stem n=".lib,"><phr n=".lib,"><ent r="6" t="314" w="63" /><ent r="6" t="314" w="66" /><ent r="6" t="314" w="90" /></phr></stem><stem n="libiompprof5mt"><phr n="libiompprof5mt"><ent r="6" t="314" w="64" /></phr></stem><stem n="libiompstubs5mt"><phr n="libiompstubs5mt"><ent r="6" t="314" w="67" /></phr></stem><stem n="libipgo"><phr n="libipgo"><ent r="6" t="314" w="74" /></phr></stem><stem n="-guid"><phr n="-Guide"><ent r="6" t="314" w="79" /><ent r="6" t="314" w="79" /></phr></stem><stem n="profile-guid"><phr n="Profile-Guide"><ent r="6" t="314" w="79" /></phr></stem><stem n="pdbx"><phr n="pdbx"><ent r="6" t="314" w="88" /></phr></stem><stem n="pdbxinst"><phr n="pdbxinst"><ent r="6" t="314" w="91" /></phr></stem><stem n="libicaio"><phr n="libicaio"><ent r="6" t="314" w="103" /></phr></stem><stem n="libbfp754"><phr n="libbfp754"><ent r="6" t="314" w="120" /></phr></stem><stem n="libmatmul"><phr n="libmatmul"><ent r="6" t="314" w="137" /></phr></stem><stem n="matrix"><phr n="Matrix"><ent r="6" t="314" w="140" /></phr></stem><stem n="instrins"><phr n="instrinsic"><ent r="3" t="315" w="23" /><ent r="4" t="315" w="155" /></phr></stem><stem n="-secur"><phr n="-secure"><ent r="4" t="315" w="113" /><ent r="4" t="315" w="113" /><ent r="6" t="315" w="432" /><ent r="6" t="315" w="432" /></phr></stem><stem n="non-secur"><phr n="non-secure"><ent r="4" t="315" w="113" /><ent r="6" t="315" w="432" /></phr></stem><stem n="_intrin.h"><phr n="_intrin.h"><ent r="5" t="315" w="133" /></phr></stem><stem n="fs"><phr n="FS"><ent r="6" t="315" w="177" /></phr></stem><stem n="/g"><phr n="/GS"><ent r="6" t="315" w="178" /></phr></stem><stem n="gs"><phr n="GS"><ent r="6" t="315" w="178" /></phr></stem><stem n="__addgsbyt"><phr n="__addgsbyte"><ent r="5" t="315" w="181" /></phr></stem><stem n="addgsbyt"><phr n="addgsbyte"><ent r="5" t="315" w="181" /></phr></stem><stem n="__addgsword"><phr n="__addgsword"><ent r="5" t="315" w="183" /></phr></stem><stem n="addgsword"><phr n="addgsword"><ent r="5" t="315" w="183" /></phr></stem><stem n="__addgsdword"><phr n="__addgsdword"><ent r="5" t="315" w="185" /></phr></stem><stem n="addgsdword"><phr n="addgsdword"><ent r="5" t="315" w="185" /></phr></stem><stem n="__addgsqword"><phr n="__addgsqword"><ent r="5" t="315" w="187" /></phr></stem><stem n="addgsqword"><phr n="addgsqword"><ent r="5" t="315" w="187" /></phr></stem><stem n="__incgsbyt"><phr n="__incgsbyte"><ent r="5" t="315" w="189" /></phr></stem><stem n="incgsbyt"><phr n="incgsbyte"><ent r="5" t="315" w="189" /></phr></stem><stem n="__incgsword"><phr n="__incgsword"><ent r="5" t="315" w="191" /></phr></stem><stem n="incgsword"><phr n="incgsword"><ent r="5" t="315" w="191" /></phr></stem><stem n="__incgsdword"><phr n="__incgsdword"><ent r="5" t="315" w="193" /></phr></stem><stem n="incgsdword"><phr n="incgsdword"><ent r="5" t="315" w="193" /></phr></stem><stem n="__incgsqword"><phr n="__incgsqword"><ent r="5" t="315" w="195" /></phr></stem><stem n="incgsqword"><phr n="incgsqword"><ent r="5" t="315" w="195" /></phr></stem><stem n="__writegsbyt"><phr n="__writegsbyte"><ent r="5" t="315" w="197" /></phr></stem><stem n="writegsbyt"><phr n="writegsbyte"><ent r="5" t="315" w="197" /></phr></stem><stem n="__writegsword"><phr n="__writegsword"><ent r="5" t="315" w="199" /></phr></stem><stem n="writegsword"><phr n="writegsword"><ent r="5" t="315" w="199" /></phr></stem><stem n="__writegsdword"><phr n="__writegsdword"><ent r="5" t="315" w="201" /></phr></stem><stem n="writegsdword"><phr n="writegsdword"><ent r="5" t="315" w="201" /></phr></stem><stem n="__writegsqword"><phr n="__writegsqword"><ent r="5" t="315" w="203" /></phr></stem><stem n="writegsqword"><phr n="writegsqword"><ent r="5" t="315" w="203" /></phr></stem><stem n="__addfsbyt"><phr n="__addfsbyte"><ent r="5" t="315" w="205" /></phr></stem><stem n="addfsbyt"><phr n="addfsbyte"><ent r="5" t="315" w="205" /></phr></stem><stem n="__addfsword"><phr n="__addfsword"><ent r="5" t="315" w="207" /></phr></stem><stem n="addfsword"><phr n="addfsword"><ent r="5" t="315" w="207" /></phr></stem><stem n="__addfsdword"><phr n="__addfsdword"><ent r="5" t="315" w="209" /></phr></stem><stem n="addfsdword"><phr n="addfsdword"><ent r="5" t="315" w="209" /></phr></stem><stem n="__incfsbyt"><phr n="__incfsbyte"><ent r="5" t="315" w="212" /></phr></stem><stem n="incfsbyt"><phr n="incfsbyte"><ent r="5" t="315" w="212" /></phr></stem><stem n="__incfsword"><phr n="__incfsword"><ent r="5" t="315" w="214" /></phr></stem><stem n="incfsword"><phr n="incfsword"><ent r="5" t="315" w="214" /></phr></stem><stem n="__incfsdword"><phr n="__incfsdword"><ent r="5" t="315" w="216" /></phr></stem><stem n="incfsdword"><phr n="incfsdword"><ent r="5" t="315" w="216" /></phr></stem><stem n="__writefsbyt"><phr n="__writefsbyte"><ent r="5" t="315" w="219" /></phr></stem><stem n="writefsbyt"><phr n="writefsbyte"><ent r="5" t="315" w="219" /></phr></stem><stem n="__writefsword"><phr n="__writefsword"><ent r="5" t="315" w="221" /></phr></stem><stem n="writefsword"><phr n="writefsword"><ent r="5" t="315" w="221" /></phr></stem><stem n="__writefsdword"><phr n="__writefsdword"><ent r="5" t="315" w="223" /></phr></stem><stem n="writefsdword"><phr n="writefsdword"><ent r="5" t="315" w="223" /></phr></stem><stem n="__writefsqword"><phr n="__writefsqword"><ent r="5" t="315" w="225" /></phr></stem><stem n="writefsqword"><phr n="writefsqword"><ent r="5" t="315" w="225" /></phr></stem><stem n="interrupt"><phr n="Interrupt"><ent r="6" t="315" w="229" /></phr></stem><stem n="__halt"><phr n="__halt"><ent r="5" t="315" w="237" /></phr></stem><stem n="halt"><phr n="halt"><ent r="5" t="315" w="237" /></phr></stem><stem n="__int2c"><phr n="__int2c"><ent r="5" t="315" w="239" /></phr></stem><stem n="int2c"><phr n="int2c"><ent r="5" t="315" w="239" /></phr></stem><stem n="inp"><phr n="inp"><ent r="5" t="315" w="247" /><ent r="5" t="315" w="248" /></phr></stem><stem n="_inp,"><phr n="_inp,"><ent r="5" t="315" w="248" /></phr></stem><stem n="inpd"><phr n="inpd"><ent r="5" t="315" w="250" /><ent r="5" t="315" w="251" /></phr></stem><stem n="_inpd,"><phr n="_inpd,"><ent r="5" t="315" w="251" /></phr></stem><stem n="inpw"><phr n="inpw"><ent r="5" t="315" w="253" /><ent r="5" t="315" w="254" /></phr></stem><stem n="_inpw,"><phr n="_inpw,"><ent r="5" t="315" w="254" /></phr></stem><stem n="_out,"><phr n="_out,"><ent r="5" t="315" w="258" /></phr></stem><stem n="outp"><phr n="outp"><ent r="5" t="315" w="260" /></phr></stem><stem n="_outp,"><phr n="_outp,"><ent r="5" t="315" w="261" /></phr></stem><stem n="outd"><phr n="outd"><ent r="5" t="315" w="261" /></phr></stem><stem n="outw"><phr n="outw"><ent r="5" t="315" w="263" /><ent r="5" t="315" w="264" /></phr></stem><stem n="_outw,"><phr n="_outw,"><ent r="5" t="315" w="264" /></phr></stem><stem n="__inbyt"><phr n="__inbyte"><ent r="5" t="315" w="267" /></phr></stem><stem n="inbyt"><phr n="inbyte"><ent r="5" t="315" w="267" /></phr></stem><stem n="__inword"><phr n="__inword"><ent r="5" t="315" w="269" /></phr></stem><stem n="inword"><phr n="inword"><ent r="5" t="315" w="269" /></phr></stem><stem n="__indword"><phr n="__indword"><ent r="5" t="315" w="271" /></phr></stem><stem n="indword"><phr n="indword"><ent r="5" t="315" w="271" /></phr></stem><stem n="__outbyt"><phr n="__outbyte"><ent r="5" t="315" w="274" /></phr></stem><stem n="outbyt"><phr n="outbyte"><ent r="5" t="315" w="274" /></phr></stem><stem n="__outword"><phr n="__outword"><ent r="5" t="315" w="276" /></phr></stem><stem n="outword"><phr n="outword"><ent r="5" t="315" w="276" /></phr></stem><stem n="__outdword"><phr n="__outdword"><ent r="5" t="315" w="278" /></phr></stem><stem n="outdword"><phr n="outdword"><ent r="5" t="315" w="278" /></phr></stem><stem n="__inbytestr"><phr n="__inbytestring"><ent r="5" t="315" w="281" /></phr></stem><stem n="inbytestr"><phr n="inbytestring"><ent r="5" t="315" w="281" /></phr></stem><stem n="__inwordstr"><phr n="__inwordstring"><ent r="5" t="315" w="283" /></phr></stem><stem n="inwordstr"><phr n="inwordstring"><ent r="5" t="315" w="283" /></phr></stem><stem n="__indwordstr"><phr n="__indwordstring"><ent r="5" t="315" w="285" /></phr></stem><stem n="indwordstr"><phr n="indwordstring"><ent r="5" t="315" w="285" /></phr></stem><stem n="__outbytestr"><phr n="__outbytestring"><ent r="5" t="315" w="288" /></phr></stem><stem n="outbytestr"><phr n="outbytestring"><ent r="5" t="315" w="288" /></phr></stem><stem n="__outwordstr"><phr n="__outwordstring"><ent r="5" t="315" w="290" /></phr></stem><stem n="outwordstr"><phr n="outwordstring"><ent r="5" t="315" w="290" /></phr></stem><stem n="__outdwordstr"><phr n="__outdwordstring"><ent r="5" t="315" w="292" /></phr></stem><stem n="outdwordstr"><phr n="outdwordstring"><ent r="5" t="315" w="292" /></phr></stem><stem n="vmx"><phr n="VMX"><ent r="6" t="315" w="297" /><ent r="5" t="315" w="300" /><ent r="5" t="315" w="303" /><ent r="5" t="315" w="306" /><ent r="5" t="315" w="309" /><ent r="5" t="315" w="312" /><ent r="5" t="315" w="315" /><ent r="5" t="315" w="318" /><ent r="5" t="315" w="324" /></phr></stem><stem n="__vmx_off"><phr n="__vmx_off"><ent r="5" t="315" w="301" /></phr></stem><stem n="off"><phr n="off"><ent r="5" t="315" w="301" /><ent r="6" t="316" w="70" /><ent r="6" t="316" w="179" /></phr></stem><stem n="__vmx_on"><phr n="__vmx_on"><ent r="5" t="315" w="304" /></phr></stem><stem n="__vmx_vmclear"><phr n="__vmx_vmclear"><ent r="5" t="315" w="307" /></phr></stem><stem n="vmclear"><phr n="vmclear"><ent r="5" t="315" w="307" /></phr></stem><stem n="__vmx_vmlaunch"><phr n="__vmx_vmlaunch"><ent r="5" t="315" w="310" /></phr></stem><stem n="vmlaunch"><phr n="vmlaunch"><ent r="5" t="315" w="310" /></phr></stem><stem n="__vmx_vmptrld"><phr n="__vmx_vmptrld"><ent r="5" t="315" w="313" /></phr></stem><stem n="vmptrld"><phr n="vmptrld"><ent r="5" t="315" w="313" /></phr></stem><stem n="__vmx_vmptrst"><phr n="__vmx_vmptrst"><ent r="5" t="315" w="316" /></phr></stem><stem n="vmptrst"><phr n="vmptrst"><ent r="5" t="315" w="316" /></phr></stem><stem n="__vmx_vmread"><phr n="__vmx_vmread"><ent r="5" t="315" w="319" /></phr></stem><stem n="vmread"><phr n="vmread"><ent r="5" t="315" w="319" /></phr></stem><stem n="svm"><phr n="svm"><ent r="5" t="315" w="321" /><ent r="5" t="315" w="336" /><ent r="5" t="315" w="339" /><ent r="5" t="315" w="342" /><ent r="5" t="315" w="345" /><ent r="5" t="315" w="348" /><ent r="5" t="315" w="351" /><ent r="5" t="315" w="354" /></phr></stem><stem n="__svm_vmresum"><phr n="__svm_vmresume"><ent r="5" t="315" w="322" /></phr></stem><stem n="vmresum"><phr n="vmresume"><ent r="5" t="315" w="322" /></phr></stem><stem n="__vmx_wmwrite"><phr n="__vmx_wmwrite"><ent r="5" t="315" w="325" /></phr></stem><stem n="wmwrite"><phr n="wmwrite"><ent r="5" t="315" w="325" /></phr></stem><stem n="nvreg"><phr n="nvreg"><ent r="5" t="315" w="327" /><ent r="5" t="315" w="331" /></phr></stem><stem n="__nvreg_save_f"><phr n="__nvreg_save_fence"><ent r="5" t="315" w="329" /></phr></stem><stem n="__nvreg_restore_f"><phr n="__nvreg_restore_fence"><ent r="5" t="315" w="333" /></phr></stem><stem n="__svm_clgi"><phr n="__svm_clgi"><ent r="5" t="315" w="337" /></phr></stem><stem n="clgi"><phr n="clgi"><ent r="5" t="315" w="337" /></phr></stem><stem n="__svm_invlpga"><phr n="__svm_invlpga"><ent r="5" t="315" w="340" /></phr></stem><stem n="invlpga"><phr n="invlpga"><ent r="5" t="315" w="340" /></phr></stem><stem n="__svm_skinit"><phr n="__svm_skinit"><ent r="5" t="315" w="343" /></phr></stem><stem n="skinit"><phr n="skinit"><ent r="5" t="315" w="343" /></phr></stem><stem n="__svm_stgi"><phr n="__svm_stgi"><ent r="5" t="315" w="346" /></phr></stem><stem n="stgi"><phr n="stgi"><ent r="5" t="315" w="346" /></phr></stem><stem n="__svm_vmload"><phr n="__svm_vmload"><ent r="5" t="315" w="349" /></phr></stem><stem n="vmload"><phr n="vmload"><ent r="5" t="315" w="349" /></phr></stem><stem n="__svm_vmrun"><phr n="__svm_vmrun"><ent r="5" t="315" w="352" /></phr></stem><stem n="vmrun"><phr n="vmrun"><ent r="5" t="315" w="352" /></phr></stem><stem n="__svm_vmsave"><phr n="__svm_vmsave"><ent r="5" t="315" w="355" /></phr></stem><stem n="vmsave"><phr n="vmsave"><ent r="5" t="315" w="355" /></phr></stem><stem n="(mani"><phr n="(many"><ent r="6" t="315" w="363" /></phr></stem><stem n="__rdtsc"><phr n="__rdtsc"><ent r="5" t="315" w="369" /></phr></stem><stem n="rdtsc"><phr n="rdtsc"><ent r="5" t="315" w="369" /></phr></stem><stem n="__rdtscp"><phr n="__rdtscp"><ent r="5" t="315" w="371" /></phr></stem><stem n="rdtscp"><phr n="rdtscp"><ent r="5" t="315" w="371" /></phr></stem><stem n="__readpmc"><phr n="__readpmc"><ent r="5" t="315" w="373" /></phr></stem><stem n="readpmc"><phr n="readpmc"><ent r="5" t="315" w="373" /></phr></stem><stem n="__readcr0"><phr n="__readcr0"><ent r="5" t="315" w="376" /></phr></stem><stem n="readcr0"><phr n="readcr0"><ent r="5" t="315" w="376" /></phr></stem><stem n="__readcr2"><phr n="__readcr2"><ent r="5" t="315" w="378" /></phr></stem><stem n="readcr2"><phr n="readcr2"><ent r="5" t="315" w="378" /></phr></stem><stem n="__readcr3"><phr n="__readcr3"><ent r="5" t="315" w="380" /></phr></stem><stem n="readcr3"><phr n="readcr3"><ent r="5" t="315" w="380" /></phr></stem><stem n="__readcr4"><phr n="__readcr4"><ent r="5" t="315" w="382" /></phr></stem><stem n="readcr4"><phr n="readcr4"><ent r="5" t="315" w="382" /></phr></stem><stem n="__readcr8"><phr n="__readcr8"><ent r="5" t="315" w="384" /></phr></stem><stem n="readcr8"><phr n="readcr8"><ent r="5" t="315" w="384" /></phr></stem><stem n="__readdr"><phr n="__readdr"><ent r="5" t="315" w="386" /></phr></stem><stem n="readdr"><phr n="readdr"><ent r="5" t="315" w="386" /></phr></stem><stem n="__writedr"><phr n="__writedr"><ent r="5" t="315" w="388" /></phr></stem><stem n="writedr"><phr n="writedr"><ent r="5" t="315" w="388" /></phr></stem><stem n="_invpcid"><phr n="_invpcid"><ent r="5" t="315" w="390" /></phr></stem><stem n="invpcid"><phr n="invpcid"><ent r="5" t="315" w="390" /></phr></stem><stem n="__writecr0"><phr n="__writecr0"><ent r="5" t="315" w="392" /></phr></stem><stem n="writecr0"><phr n="writecr0"><ent r="5" t="315" w="392" /></phr></stem><stem n="__writecr3"><phr n="__writecr3"><ent r="5" t="315" w="394" /></phr></stem><stem n="writecr3"><phr n="writecr3"><ent r="5" t="315" w="394" /></phr></stem><stem n="__writecr4"><phr n="__writecr4"><ent r="5" t="315" w="396" /></phr></stem><stem n="writecr4"><phr n="writecr4"><ent r="5" t="315" w="396" /></phr></stem><stem n="__writecr8"><phr n="__writecr8"><ent r="5" t="315" w="398" /></phr></stem><stem n="writecr8"><phr n="writecr8"><ent r="5" t="315" w="398" /></phr></stem><stem n="__readeflag"><phr n="__readeflags"><ent r="5" t="315" w="400" /></phr></stem><stem n="readeflag"><phr n="readeflags"><ent r="5" t="315" w="400" /></phr></stem><stem n="__writeeflag"><phr n="__writeeflags"><ent r="5" t="315" w="402" /></phr></stem><stem n="writeeflag"><phr n="writeeflags"><ent r="5" t="315" w="402" /></phr></stem><stem n="_setjmp"><phr n="_setjmp"><ent r="5" t="315" w="404" /></phr></stem><stem n="setjmp"><phr n="setjmp"><ent r="5" t="315" w="404" /><ent r="6" t="316" w="251" /><ent r="6" t="316" w="259" /></phr></stem><stem n="_setjmpex"><phr n="_setjmpex"><ent r="5" t="315" w="406" /></phr></stem><stem n="setjmpex"><phr n="setjmpex"><ent r="5" t="315" w="406" /></phr></stem><stem n="__readmsr"><phr n="__readmsr"><ent r="5" t="315" w="408" /></phr></stem><stem n="readmsr"><phr n="readmsr"><ent r="5" t="315" w="408" /></phr></stem><stem n="__writemsr"><phr n="__writemsr"><ent r="5" t="315" w="410" /></phr></stem><stem n="writemsr"><phr n="writemsr"><ent r="5" t="315" w="410" /></phr></stem><stem n="__lidt"><phr n="__lidt"><ent r="5" t="315" w="412" /></phr></stem><stem n="lidt"><phr n="lidt"><ent r="5" t="315" w="412" /></phr></stem><stem n="__sidt"><phr n="__sidt"><ent r="5" t="315" w="414" /></phr></stem><stem n="sidt"><phr n="sidt"><ent r="5" t="315" w="414" /></phr></stem><stem n="__getcallerseflag"><phr n="__getcallerseflags"><ent r="5" t="315" w="416" /></phr></stem><stem n="getcallerseflag"><phr n="getcallerseflags"><ent r="5" t="315" w="416" /></phr></stem><stem n="__segmentlimit"><phr n="__segmentlimit"><ent r="5" t="315" w="418" /></phr></stem><stem n="segmentlimit"><phr n="segmentlimit"><ent r="5" t="315" w="418" /></phr></stem><stem n="__wbinvd"><phr n="__wbinvd"><ent r="5" t="315" w="420" /></phr></stem><stem n="wbinvd"><phr n="wbinvd"><ent r="5" t="315" w="420" /></phr></stem><stem n="__invlpg"><phr n="__invlpg"><ent r="5" t="315" w="422" /></phr></stem><stem n="invlpg"><phr n="invlpg"><ent r="5" t="315" w="422" /></phr></stem><stem n="_addressofreturnaddress"><phr n="_AddressOfReturnAddress"><ent r="5" t="315" w="424" /></phr></stem><stem n="addressofreturnaddress"><phr n="AddressOfReturnAddress"><ent r="5" t="315" w="424" /></phr></stem><stem n="_returnaddress"><phr n="_ReturnAddress"><ent r="5" t="315" w="426" /></phr></stem><stem n="returnaddress"><phr n="ReturnAddress"><ent r="5" t="315" w="426" /></phr></stem><stem n="_strset"><phr n="_strset"><ent r="5" t="315" w="438" /></phr></stem><stem n="strset"><phr n="strset"><ent r="5" t="315" w="438" /></phr></stem><stem n="_wcsset"><phr n="_wcsset"><ent r="5" t="315" w="445" /></phr></stem><stem n="wcsset"><phr n="wcsset"><ent r="5" t="315" w="445" /></phr></stem><stem n="wcscat"><phr n="wcscat"><ent r="5" t="315" w="447" /><ent r="6" t="316" w="438" /></phr></stem><stem n="wcscpy"><phr n="wcscpy"><ent r="5" t="315" w="449" /><ent r="6" t="316" w="437" /></phr></stem><stem n="?"><phr n="?"><ent r="6" t="316" w="42" /></phr></stem><stem n="/type"><phr n="/Types"><ent r="6" t="316" w="47" /></phr></stem><stem n="_complex_i,"><phr n="_complex_I,"><ent r="6" t="316" w="59" /></phr></stem><stem n="imaginari"><phr n="imaginary"><ent r="6" t="316" w="59" /><ent r="6" t="316" w="60" /></phr></stem><stem n="_imaginary_i,"><phr n="_imaginary_I,"><ent r="6" t="316" w="62" /></phr></stem><stem n="stdc"><phr n="STDC"><ent r="6" t="316" w="65" /><ent r="6" t="316" w="175" /></phr></stem><stem n="cx"><phr n="CX"><ent r="6" t="316" w="66" /></phr></stem><stem n="_limited_rang"><phr n="_LIMITED_RANGE"><ent r="6" t="316" w="68" /></phr></stem><stem n="-off-switch"><phr n="-off-switch"><ent r="6" t="316" w="69" /><ent r="6" t="316" w="70" /><ent r="6" t="316" w="178" /><ent r="6" t="316" w="179" /></phr></stem><stem n="on-off"><phr n="on-off"><ent r="6" t="316" w="69" /><ent r="6" t="316" w="178" /></phr></stem><stem n="on-off-switch"><phr n="on-off-switch"><ent r="6" t="316" w="69" /><ent r="6" t="316" w="178" /></phr></stem><stem n="off-switch"><phr n="off-switch"><ent r="6" t="316" w="70" /><ent r="6" t="316" w="179" /></phr></stem><stem n="switch"><phr n="switch"><ent r="6" t="316" w="71" /><ent r="6" t="316" w="180" /></phr></stem><stem n="caco"><phr n="cacos"><ent r="6" t="316" w="73" /></phr></stem><stem n="(),"><phr n="(),"><ent r="6" t="316" w="74" /><ent r="6" t="316" w="75" /><ent r="6" t="316" w="76" /><ent r="6" t="316" w="77" /><ent r="6" t="316" w="78" /><ent r="6" t="316" w="79" /><ent r="6" t="316" w="80" /><ent r="6" t="316" w="81" /><ent r="6" t="316" w="82" /><ent r="6" t="316" w="83" /><ent r="6" t="316" w="84" /><ent r="6" t="316" w="85" /><ent r="6" t="316" w="86" /><ent r="6" t="316" w="87" /><ent r="6" t="316" w="88" /><ent r="6" t="316" w="89" /><ent r="6" t="316" w="90" /><ent r="6" t="316" w="91" /><ent r="6" t="316" w="92" /><ent r="6" t="316" w="93" /><ent r="6" t="316" w="94" /><ent r="6" t="316" w="95" /><ent r="6" t="316" w="96" /><ent r="6" t="316" w="97" /><ent r="6" t="316" w="98" /><ent r="6" t="316" w="99" /><ent r="6" t="316" w="100" /><ent r="6" t="316" w="101" /><ent r="6" t="316" w="102" /><ent r="6" t="316" w="103" /><ent r="6" t="316" w="104" /><ent r="6" t="316" w="105" /><ent r="6" t="316" w="106" /><ent r="6" t="316" w="107" /><ent r="6" t="316" w="108" /><ent r="6" t="316" w="109" /><ent r="6" t="316" w="110" /><ent r="6" t="316" w="111" /><ent r="6" t="316" w="112" /><ent r="6" t="316" w="113" /><ent r="6" t="316" w="114" /><ent r="6" t="316" w="115" /><ent r="6" t="316" w="116" /><ent r="6" t="316" w="117" /><ent r="6" t="316" w="118" /><ent r="6" t="316" w="119" /><ent r="6" t="316" w="120" /><ent r="6" t="316" w="121" /><ent r="6" t="316" w="122" /><ent r="6" t="316" w="123" /><ent r="6" t="316" w="124" /><ent r="6" t="316" w="125" /><ent r="6" t="316" w="126" /><ent r="6" t="316" w="127" /><ent r="6" t="316" w="128" /><ent r="6" t="316" w="129" /><ent r="6" t="316" w="130" /><ent r="6" t="316" w="131" /><ent r="6" t="316" w="132" /><ent r="6" t="316" w="133" /><ent r="6" t="316" w="134" /><ent r="6" t="316" w="135" /><ent r="6" t="316" w="136" /><ent r="6" t="316" w="137" /><ent r="6" t="316" w="138" /><ent r="6" t="316" w="226" /><ent r="6" t="316" w="249" /><ent r="6" t="316" w="260" /><ent r="6" t="316" w="284" /><ent r="6" t="316" w="315" /><ent r="6" t="316" w="316" /><ent r="6" t="316" w="317" /><ent r="6" t="316" w="318" /><ent r="6" t="316" w="319" /><ent r="6" t="316" w="320" /><ent r="6" t="316" w="321" /><ent r="6" t="316" w="322" /><ent r="6" t="316" w="323" /><ent r="6" t="316" w="324" /><ent r="6" t="316" w="325" /><ent r="6" t="316" w="326" /><ent r="6" t="316" w="327" /><ent r="6" t="316" w="328" /><ent r="6" t="316" w="329" /><ent r="6" t="316" w="330" /><ent r="6" t="316" w="331" /><ent r="6" t="316" w="332" /><ent r="6" t="316" w="333" /><ent r="6" t="316" w="334" /><ent r="6" t="316" w="335" /><ent r="6" t="316" w="336" /><ent r="6" t="316" w="337" /><ent r="6" t="316" w="338" /><ent r="6" t="316" w="339" /><ent r="6" t="316" w="340" /><ent r="6" t="316" w="341" /><ent r="6" t="316" w="342" /><ent r="6" t="316" w="343" /><ent r="6" t="316" w="344" /><ent r="6" t="316" w="345" /><ent r="6" t="316" w="346" /><ent r="6" t="316" w="347" /><ent r="6" t="316" w="348" /><ent r="6" t="316" w="349" /><ent r="6" t="316" w="350" /><ent r="6" t="316" w="351" /><ent r="6" t="316" w="352" /><ent r="6" t="316" w="353" /><ent r="6" t="316" w="354" /><ent r="6" t="316" w="355" /><ent r="6" t="316" w="356" /><ent r="6" t="316" w="357" /><ent r="6" t="316" w="366" /><ent r="6" t="316" w="367" /><ent r="6" t="316" w="368" /><ent r="6" t="316" w="369" /><ent r="6" t="316" w="371" /><ent r="6" t="316" w="380" /><ent r="6" t="316" w="381" /><ent r="6" t="316" w="398" /><ent r="6" t="316" w="399" /><ent r="6" t="316" w="400" /><ent r="6" t="316" w="401" /><ent r="6" t="316" w="402" /><ent r="6" t="316" w="411" /><ent r="6" t="316" w="412" /><ent r="6" t="316" w="413" /><ent r="6" t="316" w="414" /><ent r="6" t="316" w="415" /><ent r="6" t="316" w="416" /><ent r="6" t="316" w="417" /><ent r="6" t="316" w="418" /><ent r="6" t="316" w="419" /><ent r="6" t="316" w="420" /><ent r="6" t="316" w="421" /><ent r="6" t="316" w="422" /><ent r="6" t="316" w="423" /><ent r="6" t="316" w="424" /><ent r="6" t="316" w="425" /><ent r="6" t="316" w="426" /><ent r="6" t="316" w="427" /><ent r="6" t="316" w="428" /><ent r="6" t="316" w="429" /><ent r="6" t="316" w="430" /><ent r="6" t="316" w="431" /><ent r="6" t="316" w="432" /><ent r="6" t="316" w="433" /><ent r="6" t="316" w="434" /><ent r="6" t="316" w="435" /><ent r="6" t="316" w="436" /><ent r="6" t="316" w="437" /><ent r="6" t="316" w="438" /><ent r="6" t="316" w="439" /><ent r="6" t="316" w="449" /><ent r="6" t="316" w="450" /><ent r="6" t="316" w="451" /><ent r="6" t="316" w="452" /><ent r="6" t="316" w="453" /><ent r="6" t="316" w="454" /><ent r="6" t="316" w="455" /><ent r="6" t="316" w="456" /><ent r="6" t="316" w="457" /><ent r="6" t="316" w="458" /><ent r="6" t="316" w="459" /><ent r="6" t="316" w="460" /><ent r="6" t="316" w="461" /><ent r="6" t="316" w="462" /><ent r="6" t="316" w="463" /><ent r="6" t="316" w="464" /></phr></stem><stem n="cacosf"><phr n="cacosf"><ent r="6" t="316" w="74" /></phr></stem><stem n="cacosl"><phr n="cacosl"><ent r="6" t="316" w="75" /></phr></stem><stem n="casin"><phr n="casin"><ent r="6" t="316" w="76" /></phr></stem><stem n="casinf"><phr n="casinf"><ent r="6" t="316" w="77" /></phr></stem><stem n="casinl"><phr n="casinl"><ent r="6" t="316" w="78" /></phr></stem></index>