<?xml version="1.0" encoding="utf-8"?><index><stem n="folder"><phr n="folder"><ent r="3" t="16" w="412" /><ent r="3" t="78" w="30" /><ent r="4" t="79" w="108" /><ent r="4" t="87" w="297" /><ent r="4" t="93" w="147" /><ent r="4" t="97" w="290" /><ent r="3" t="103" w="136" /><ent r="4" t="103" w="177" /><ent r="3" t="112" w="70" /><ent r="3" t="112" w="87" /><ent r="4" t="112" w="121" /><ent r="3" t="112" w="138" /><ent r="3" t="112" w="293" /><ent r="3" t="113" w="62" /></phr></stem><stem n="host"><phr n="Host"><ent r="1000" t="17" w="5" /><ent r="3" t="17" w="156" /><ent r="3" t="34" w="140" /><ent r="4" t="34" w="196" /><ent r="3" t="53" w="105" /><ent r="3" t="193" w="31" /><ent r="3" t="194" w="34" /><ent r="4" t="263" w="77" /><ent r="3" t="275" w="130" /><ent r="6" t="313" w="99" /></phr><phr n="hosted"><ent r="4" t="17" w="91" /></phr><phr n="hosting"><ent r="3" t="17" w="196" /></phr></stem><stem n="brows"><phr n="browsing"><ent r="4" t="17" w="67" /></phr></stem><stem n="/search"><phr n="/searching"><ent r="4" t="17" w="68" /></phr></stem><stem n="search"><phr n="searching"><ent r="4" t="17" w="68" /></phr><phr n="search"><ent r="3" t="17" w="357" /><ent r="3" t="17" w="366" /><ent r="4" t="17" w="371" /><ent r="6" t="24" w="196" /><ent r="6" t="24" w="202" /><ent r="4" t="254" w="61" /></phr><phr n="searches"><ent r="3" t="178" w="152" /><ent r="3" t="183" w="258" /></phr></stem><stem n="3rd"><phr n="3rd"><ent r="4" t="17" w="70" /><ent r="4" t="92" w="68" /></phr></stem><stem n="parti"><phr n="party"><ent r="4" t="17" w="71" /><ent r="3" t="97" w="81" /><ent r="4" t="97" w="150" /><ent r="4" t="97" w="159" /><ent r="3" t="127" w="161" /><ent r="3" t="127" w="192" /><ent r="4" t="127" w="243" /></phr><phr n="parties"><ent r="4" t="92" w="69" /><ent r="3" t="97" w="388" /></phr></stem><stem n="defin"><phr n="defined"><ent r="4" t="17" w="76" /><ent r="3" t="35" w="185" /><ent r="4" t="43" w="130" /><ent r="3" t="53" w="129" /><ent r="3" t="55" w="78" /><ent r="3" t="56" w="15" /><ent r="3" t="56" w="51" /><ent r="3" t="62" w="17" /><ent r="3" t="62" w="81" /><ent r="3" t="64" w="516" /><ent r="3" t="64" w="532" /><ent r="1000" t="65" w="2" /><ent r="72" t="65" w="7" /><ent r="3" t="65" w="18" /><ent r="3" t="65" w="24" /><ent r="3" t="65" w="41" /><ent r="3" t="65" w="81" /><ent r="3" t="65" w="109" /><ent r="3" t="65" w="124" /><ent r="3" t="65" w="142" /><ent r="3" t="65" w="157" /><ent r="3" t="66" w="115" /><ent r="3" t="67" w="55" /><ent r="3" t="67" w="170" /><ent r="3" t="69" w="55" /><ent r="3" t="74" w="21" /><ent r="3" t="74" w="112" /><ent r="55" t="75" w="248" /><ent r="4" t="75" w="272" /><ent r="4" t="75" w="387" /><ent r="4" t="75" w="393" /><ent r="4" t="75" w="425" /><ent r="4" t="75" w="442" /><ent r="3" t="123" w="86" /><ent r="3" t="142" w="26" /><ent r="3" t="142" w="124" /><ent r="3" t="149" w="58" /><ent r="3" t="176" w="73" /><ent r="3" t="181" w="70" /><ent r="3" t="212" w="531" /><ent r="3" t="213" w="556" /><ent r="3" t="224" w="665" /><ent r="3" t="238" w="37" /><ent r="3" t="239" w="363" /><ent r="3" t="252" w="47" /><ent r="3" t="252" w="51" /><ent r="3" t="308" w="72" /><ent r="3" t="315" w="40" /><ent r="6" t="320" w="232" /></phr><phr n="define"><ent r="5" t="35" w="314" /><ent r="4" t="38" w="95" /><ent r="3" t="53" w="11" /><ent r="3" t="53" w="155" /><ent r="3" t="62" w="208" /><ent r="3" t="62" w="298" /><ent r="3" t="68" w="62" /><ent r="3" t="68" w="93" /><ent r="3" t="76" w="179" /><ent r="3" t="257" w="70" /><ent r="3" t="266" w="48" /><ent r="3" t="267" w="45" /><ent r="3" t="270" w="25" /><ent r="3" t="272" w="48" /><ent r="3" t="289" w="21" /><ent r="3" t="289" w="30" /><ent r="3" t="300" w="27" /></phr><phr n="defines"><ent r="3" t="52" w="30" /><ent r="3" t="57" w="6" /><ent r="3" t="255" w="34" /></phr></stem><stem n="remov"><phr n="remove"><ent r="4" t="17" w="85" /><ent r="3" t="17" w="467" /><ent r="3" t="68" w="72" /><ent r="3" t="149" w="1272" /><ent r="6" t="316" w="314" /></phr><phr n="removes"><ent r="4" t="17" w="97" /><ent r="3" t="184" w="142" /><ent r="3" t="185" w="109" /><ent r="6" t="312" w="136" /></phr><phr n="removed"><ent r="4" t="17" w="120" /><ent r="3" t="17" w="494" /><ent r="3" t="77" w="44" /><ent r="4" t="77" w="266" /><ent r="3" t="87" w="17" /></phr><phr n="removal"><ent r="3" t="257" w="217" /><ent r="3" t="259" w="93" /></phr></stem><stem n="/remov"><phr n="/removes"><ent r="4" t="17" w="97" /></phr><phr n="/removed"><ent r="4" t="17" w="120" /></phr></stem><stem n="_u.h"><phr n="_u.h"><ent r="4" t="17" w="102" /><ent r="5" t="24" w="122" /></phr></stem><stem n="h"><phr n="h"><ent r="4" t="17" w="102" /><ent r="4" t="17" w="408" /><ent r="5" t="18" w="138" /><ent r="5" t="24" w="94" /><ent r="5" t="24" w="122" /><ent r="3" t="51" w="109" /><ent r="3" t="51" w="137" /><ent r="3" t="51" w="244" /><ent r="3" t="51" w="248" /><ent r="3" t="51" w="303" /><ent r="3" t="51" w="360" /><ent r="3" t="52" w="20" /><ent r="3" t="52" w="27" /><ent r="4" t="53" w="81" /><ent r="4" t="53" w="100" /><ent r="3" t="53" w="198" /><ent r="3" t="53" w="207" /><ent r="3" t="53" w="213" /><ent r="3" t="53" w="220" /><ent r="3" t="53" w="232" /><ent r="3" t="56" w="152" /><ent r="3" t="62" w="551" /><ent r="3" t="62" w="605" /><ent r="3" t="62" w="625" /><ent r="3" t="62" w="635" /><ent r="3" t="64" w="193" /><ent r="3" t="64" w="307" /><ent r="3" t="64" w="385" /><ent r="3" t="67" w="67" /><ent r="3" t="67" w="126" /><ent r="3" t="76" w="176" /><ent r="4" t="94" w="54" /><ent r="5" t="94" w="293" /><ent r="5" t="94" w="354" /><ent r="4" t="98" w="93" /><ent r="3" t="98" w="234" /><ent r="3" t="98" w="239" /><ent r="4" t="98" w="289" /><ent r="4" t="98" w="324" /><ent r="4" t="101" w="364" /><ent r="4" t="101" w="390" /><ent r="6" t="149" w="1341" /><ent r="6" t="150" w="217" /><ent r="6" t="151" w="150" /><ent r="6" t="152" w="341" /><ent r="6" t="153" w="175" /><ent r="6" t="154" w="600" /><ent r="6" t="155" w="513" /><ent r="6" t="156" w="762" /><ent r="6" t="157" w="507" /><ent r="6" t="158" w="202" /><ent r="6" t="159" w="188" /><ent r="6" t="160" w="206" /><ent r="6" t="161" w="339" /><ent r="6" t="162" w="398" /><ent r="6" t="163" w="298" /><ent r="6" t="164" w="212" /><ent r="6" t="165" w="201" /><ent r="6" t="166" w="198" /><ent r="6" t="167" w="162" /><ent r="6" t="168" w="214" /><ent r="6" t="169" w="383" /><ent r="6" t="170" w="159" /><ent r="6" t="171" w="76" /><ent r="6" t="172" w="62" /><ent r="6" t="173" w="84" /><ent r="6" t="174" w="117" /><ent r="6" t="175" w="111" /><ent r="6" t="176" w="238" /><ent r="6" t="177" w="188" /><ent r="6" t="178" w="296" /><ent r="6" t="179" w="214" /><ent r="6" t="180" w="192" /><ent r="6" t="181" w="206" /><ent r="6" t="182" w="187" /><ent r="6" t="183" w="407" /><ent r="6" t="184" w="194" /><ent r="6" t="185" w="140" /><ent r="6" t="186" w="107" /><ent r="6" t="187" w="265" /><ent r="6" t="188" w="152" /><ent r="6" t="189" w="127" /><ent r="6" t="190" w="222" /><ent r="6" t="191" w="331" /><ent r="6" t="192" w="207" /><ent r="6" t="193" w="335" /><ent r="6" t="194" w="351" /><ent r="6" t="195" w="420" /><ent r="6" t="196" w="500" /><ent r="6" t="197" w="195" /><ent r="6" t="198" w="245" /><ent r="6" t="199" w="188" /><ent r="6" t="200" w="174" /><ent r="6" t="201" w="661" /><ent r="6" t="202" w="801" /><ent r="6" t="203" w="734" /><ent r="6" t="204" w="474" /><ent r="6" t="205" w="647" /><ent r="6" t="206" w="456" /><ent r="6" t="207" w="295" /><ent r="6" t="208" w="292" /><ent r="6" t="209" w="322" /><ent r="6" t="210" w="239" /><ent r="6" t="211" w="159" /><ent r="6" t="212" w="643" /><ent r="6" t="213" w="647" /><ent r="6" t="214" w="327" /><ent r="6" t="215" w="321" /><ent r="6" t="216" w="382" /><ent r="6" t="217" w="292" /><ent r="6" t="218" w="161" /><ent r="6" t="219" w="380" /><ent r="6" t="220" w="380" /><ent r="6" t="221" w="538" /><ent r="6" t="222" w="194" /><ent r="6" t="223" w="468" /><ent r="6" t="224" w="683" /><ent r="6" t="225" w="306" /><ent r="6" t="226" w="420" /><ent r="6" t="227" w="431" /><ent r="6" t="228" w="243" /><ent r="6" t="229" w="127" /><ent r="6" t="230" w="171" /><ent r="6" t="231" w="370" /><ent r="6" t="232" w="635" /><ent r="6" t="233" w="542" /><ent r="6" t="234" w="407" /><ent r="6" t="235" w="422" /><ent r="6" t="236" w="324" /><ent r="6" t="237" w="281" /><ent r="6" t="238" w="361" /><ent r="6" t="239" w="495" /><ent r="6" t="240" w="129" /><ent r="6" t="241" w="183" /><ent r="6" t="242" w="235" /><ent r="6" t="243" w="292" /><ent r="6" t="244" w="554" /><ent r="6" t="245" w="477" /><ent r="6" t="248" w="49" /><ent r="6" t="249" w="71" /><ent r="6" t="250" w="159" /><ent r="6" t="251" w="86" /><ent r="6" t="252" w="271" /><ent r="6" t="253" w="142" /><ent r="6" t="254" w="114" /><ent r="6" t="255" w="49" /><ent r="6" t="256" w="72" /><ent r="6" t="257" w="228" /><ent r="6" t="258" w="58" /><ent r="6" t="259" w="104" /><ent r="6" t="260" w="58" /><ent r="6" t="261" w="48" /><ent r="6" t="262" w="38" /><ent r="3" t="263" w="271" /><ent r="6" t="264" w="75" /><ent r="6" t="265" w="47" /><ent r="6" t="266" w="80" /><ent r="6" t="267" w="77" /><ent r="6" t="268" w="41" /><ent r="6" t="269" w="457" /><ent r="6" t="270" w="55" /><ent r="6" t="271" w="32" /><ent r="6" t="272" w="82" /><ent r="6" t="273" w="38" /><ent r="6" t="274" w="168" /><ent r="6" t="275" w="293" /><ent r="6" t="276" w="119" /><ent r="6" t="277" w="186" /><ent r="6" t="278" w="201" /><ent r="6" t="279" w="38" /><ent r="6" t="280" w="57" /><ent r="6" t="281" w="204" /><ent r="6" t="282" w="49" /><ent r="6" t="283" w="50" /><ent r="6" t="284" w="58" /><ent r="6" t="285" w="42" /><ent r="6" t="286" w="31" /><ent r="6" t="287" w="81" /><ent r="6" t="288" w="61" /><ent r="6" t="289" w="98" /><ent r="6" t="290" w="40" /><ent r="6" t="291" w="42" /><ent r="6" t="292" w="275" /><ent r="6" t="293" w="64" /><ent r="6" t="294" w="104" /><ent r="6" t="295" w="470" /><ent r="6" t="296" w="542" /><ent r="6" t="297" w="88" /><ent r="6" t="298" w="95" /><ent r="6" t="299" w="88" /><ent r="6" t="300" w="70" /><ent r="6" t="301" w="94" /><ent r="6" t="302" w="112" /><ent r="6" t="303" w="296" /><ent r="6" t="304" w="195" /><ent r="6" t="305" w="171" /><ent r="6" t="306" w="194" /><ent r="6" t="307" w="89" /><ent r="6" t="308" w="83" /><ent r="6" t="309" w="152" /><ent r="5" t="315" w="133" /><ent r="6" t="316" w="52" /><ent r="6" t="316" w="141" /><ent r="6" t="316" w="195" /><ent r="6" t="316" w="229" /><ent r="6" t="316" w="252" /><ent r="6" t="316" w="263" /><ent r="6" t="316" w="287" /><ent r="6" t="316" w="360" /><ent r="6" t="316" w="374" /><ent r="6" t="316" w="385" /><ent r="6" t="316" w="392" /><ent r="6" t="316" w="405" /><ent r="6" t="316" w="443" /></phr></stem><stem n="_u.c"><phr n="_u.c"><ent r="4" t="17" w="105" /><ent r="5" t="24" w="136" /></phr></stem><stem n="/from"><phr n="/from"><ent r="4" t="17" w="108" /></phr></stem><stem n="_enclav"><phr n="_enclave"><ent r="4" t="17" w="192" /><ent r="4" t="18" w="42" /><ent r="4" t="274" w="102" /><ent r="4" t="275" w="185" /><ent r="4" t="306" w="134" /></phr></stem><stem n="win32"><phr n="Win32"><ent r="3" t="17" w="200" /><ent r="3" t="20" w="158" /><ent r="58" t="39" w="361" /></phr></stem><stem n="consol"><phr n="console"><ent r="3" t="17" w="201" /></phr></stem><stem n="dialogu"><phr n="dialogue"><ent r="3" t="17" w="223" /></phr></stem><stem n="definit"><phr n="Definition"><ent r="3" t="17" w="246" /><ent r="64" t="17" w="264" /><ent r="4" t="18" w="107" /><ent r="65" t="38" w="48" /><ent r="64" t="42" w="59" /><ent r="65" t="42" w="395" /><ent r="3" t="42" w="683" /><ent r="66" t="43" w="457" /><ent r="1000" t="51" w="2" /><ent r="92" t="51" w="8" /><ent r="3" t="51" w="13" /><ent r="3" t="53" w="142" /><ent r="3" t="53" w="148" /><ent r="3" t="54" w="21" /><ent r="3" t="56" w="110" /><ent r="3" t="62" w="338" /><ent r="3" t="62" w="489" /><ent r="3" t="65" w="13" /><ent r="3" t="67" w="7" /><ent r="3" t="67" w="21" /><ent r="3" t="68" w="12" /><ent r="1000" t="71" w="2" /><ent r="82" t="71" w="7" /><ent r="3" t="71" w="48" /><ent r="64" t="85" w="115" /><ent r="3" t="100" w="31" /><ent r="4" t="137" w="87" /><ent r="4" t="137" w="97" /><ent r="4" t="137" w="107" /><ent r="4" t="137" w="128" /><ent r="4" t="137" w="140" /><ent r="3" t="202" w="238" /><ent r="3" t="205" w="181" /><ent r="3" t="263" w="11" /><ent r="3" t="264" w="20" /><ent r="3" t="269" w="390" /><ent r="6" t="316" w="44" /></phr><phr n="definitions"><ent r="3" t="17" w="415" /><ent r="4" t="24" w="113" /><ent r="4" t="24" w="141" /><ent r="3" t="51" w="252" /><ent r="3" t="53" w="177" /><ent r="3" t="68" w="102" /><ent r="3" t="68" w="108" /><ent r="3" t="68" w="136" /><ent r="3" t="68" w="154" /><ent r="3" t="68" w="175" /><ent r="4" t="99" w="61" /><ent r="54" t="137" w="170" /><ent r="4" t="144" w="161" /><ent r="3" t="275" w="179" /></phr></stem><stem n="languag"><phr n="Language"><ent r="3" t="17" w="247" /><ent r="64" t="17" w="265" /><ent r="4" t="18" w="108" /><ent r="65" t="38" w="49" /><ent r="64" t="42" w="60" /><ent r="65" t="42" w="396" /><ent r="66" t="43" w="458" /><ent r="1000" t="51" w="3" /><ent r="92" t="51" w="9" /><ent r="3" t="51" w="14" /><ent r="3" t="53" w="143" /><ent r="3" t="53" w="149" /><ent r="3" t="54" w="22" /><ent r="3" t="59" w="87" /><ent r="3" t="65" w="14" /><ent r="3" t="66" w="12" /><ent r="3" t="66" w="44" /><ent r="3" t="66" w="104" /><ent r="3" t="67" w="8" /><ent r="3" t="68" w="9" /><ent r="3" t="68" w="56" /><ent r="1000" t="71" w="3" /><ent r="82" t="71" w="8" /><ent r="3" t="71" w="49" /><ent r="64" t="85" w="116" /><ent r="1000" t="144" w="2" /><ent r="82" t="144" w="6" /><ent r="3" t="145" w="134" /><ent r="6" t="312" w="49" /><ent r="6" t="312" w="283" /><ent r="6" t="313" w="347" /><ent r="6" t="318" w="61" /><ent r="6" t="319" w="42" /><ent r="6" t="320" w="42" /><ent r="6" t="320" w="204" /></phr><phr n="languages"><ent r="3" t="39" w="54" /><ent r="7" t="39" w="282" /><ent r="3" t="53" w="138" /></phr></stem><stem n="(edl)"><phr n="(EDL)"><ent r="3" t="17" w="249" /><ent r="4" t="18" w="110" /><ent r="3" t="51" w="16" /><ent r="3" t="65" w="16" /><ent r="3" t="67" w="10" /><ent r="3" t="71" w="51" /></phr></stem><stem n="idl"><phr n="IDL"><ent r="3" t="17" w="254" /><ent r="3" t="53" w="137" /><ent r="3" t="53" w="151" /></phr></stem><stem n="syntax"><phr n="Syntax"><ent r="64" t="17" w="266" /><ent r="4" t="18" w="124" /><ent r="3" t="24" w="158" /><ent r="1000" t="26" w="5" /><ent r="82" t="26" w="9" /><ent r="3" t="26" w="21" /><ent r="3" t="36" w="158" /><ent r="3" t="37" w="108" /><ent r="3" t="37" w="122" /><ent r="65" t="38" w="50" /><ent r="64" t="42" w="61" /><ent r="1000" t="51" w="5" /><ent r="92" t="51" w="10" /><ent r="3" t="53" w="194" /><ent r="3" t="56" w="37" /><ent r="3" t="56" w="144" /><ent r="3" t="59" w="270" /><ent r="4" t="62" w="543" /><ent r="4" t="64" w="298" /><ent r="3" t="67" w="118" /><ent r="3" t="69" w="323" /><ent r="3" t="71" w="150" /><ent r="3" t="72" w="72" /><ent r="3" t="85" w="95" /><ent r="64" t="85" w="117" /><ent r="3" t="85" w="120" /><ent r="3" t="85" w="133" /><ent r="6" t="85" w="135" /><ent r="3" t="148" w="14" /><ent r="3" t="149" w="63" /><ent r="3" t="150" w="25" /><ent r="3" t="151" w="28" /><ent r="3" t="152" w="32" /><ent r="3" t="153" w="25" /><ent r="3" t="154" w="21" /><ent r="3" t="155" w="78" /><ent r="3" t="156" w="144" /><ent r="3" t="157" w="215" /><ent r="3" t="158" w="54" /><ent r="3" t="159" w="25" /><ent r="3" t="160" w="87" /><ent r="3" t="161" w="47" /><ent r="3" t="162" w="52" /><ent r="3" t="163" w="44" /><ent r="3" t="164" w="26" /><ent r="3" t="165" w="25" /><ent r="3" t="166" w="48" /><ent r="3" t="167" w="48" /><ent r="3" t="168" w="27" /><ent r="3" t="169" w="49" /><ent r="3" t="170" w="25" /><ent r="3" t="171" w="19" /><ent r="3" t="172" w="17" /><ent r="3" t="173" w="54" /><ent r="3" t="174" w="24" /><ent r="3" t="175" w="24" /><ent r="3" t="176" w="28" /><ent r="3" t="177" w="28" /><ent r="3" t="178" w="28" /><ent r="3" t="179" w="30" /><ent r="3" t="180" w="28" /><ent r="3" t="181" w="28" /><ent r="3" t="182" w="28" /><ent r="3" t="183" w="28" /><ent r="3" t="184" w="29" /><ent r="3" t="185" w="29" /><ent r="3" t="186" w="22" /><ent r="3" t="187" w="24" /><ent r="3" t="188" w="25" /><ent r="3" t="189" w="37" /><ent r="3" t="190" w="38" /><ent r="3" t="191" w="42" /><ent r="3" t="192" w="26" /><ent r="3" t="193" w="53" /><ent r="3" t="194" w="56" /><ent r="3" t="195" w="37" /><ent r="3" t="196" w="49" /><ent r="3" t="197" w="35" /><ent r="3" t="198" w="51" /><ent r="3" t="199" w="62" /><ent r="3" t="200" w="56" /><ent r="3" t="201" w="62" /><ent r="3" t="202" w="77" /><ent r="3" t="203" w="70" /><ent r="3" t="204" w="22" /><ent r="3" t="205" w="38" /><ent r="3" t="206" w="47" /><ent r="3" t="207" w="27" /><ent r="3" t="208" w="68" /><ent r="3" t="209" w="50" /><ent r="3" t="210" w="36" /><ent r="3" t="211" w="31" /><ent r="3" t="212" w="36" /><ent r="3" t="213" w="36" /><ent r="3" t="214" w="31" /><ent r="3" t="215" w="69" /><ent r="3" t="216" w="52" /><ent r="3" t="217" w="33" /><ent r="3" t="218" w="33" /><ent r="3" t="219" w="41" /><ent r="3" t="220" w="41" /><ent r="3" t="221" w="98" /><ent r="3" t="222" w="51" /><ent r="3" t="223" w="70" /><ent r="3" t="224" w="47" /><ent r="3" t="225" w="56" /><ent r="3" t="226" w="27" /><ent r="3" t="227" w="28" /><ent r="3" t="228" w="23" /><ent r="3" t="229" w="28" /><ent r="3" t="230" w="32" /><ent r="3" t="231" w="24" /><ent r="3" t="232" w="24" /><ent r="3" t="233" w="30" /><ent r="3" t="234" w="37" /><ent r="3" t="235" w="26" /><ent r="3" t="236" w="24" /><ent r="3" t="237" w="28" /><ent r="3" t="238" w="43" /><ent r="3" t="239" w="63" /><ent r="3" t="240" w="39" /><ent r="3" t="241" w="25" /><ent r="3" t="242" w="32" /><ent r="3" t="243" w="41" /><ent r="3" t="244" w="31" /><ent r="3" t="245" w="34" /><ent r="3" t="248" w="32" /><ent r="3" t="249" w="53" /><ent r="3" t="250" w="51" /><ent r="3" t="251" w="53" /><ent r="3" t="252" w="44" /><ent r="3" t="253" w="36" /><ent r="3" t="254" w="21" /><ent r="3" t="255" w="17" /><ent r="3" t="256" w="18" /><ent r="3" t="257" w="19" /><ent r="3" t="258" w="18" /><ent r="3" t="259" w="19" /><ent r="3" t="260" w="18" /><ent r="3" t="261" w="26" /><ent r="3" t="263" w="97" /><ent r="3" t="264" w="23" /><ent r="3" t="266" w="46" /><ent r="3" t="267" w="43" /><ent r="3" t="269" w="49" /><ent r="3" t="270" w="23" /><ent r="3" t="272" w="46" /><ent r="3" t="274" w="57" /><ent r="3" t="275" w="31" /><ent r="3" t="276" w="46" /><ent r="3" t="277" w="26" /><ent r="3" t="278" w="87" /><ent r="3" t="279" w="19" /><ent r="3" t="280" w="19" /><ent r="3" t="281" w="17" /><ent r="3" t="282" w="23" /><ent r="3" t="283" w="16" /><ent r="3" t="284" w="19" /><ent r="3" t="285" w="23" /><ent r="3" t="286" w="14" /><ent r="3" t="287" w="18" /><ent r="3" t="288" w="27" /><ent r="3" t="289" w="19" /><ent r="3" t="290" w="22" /><ent r="3" t="291" w="23" /><ent r="3" t="292" w="60" /><ent r="3" t="293" w="23" /><ent r="3" t="294" w="29" /><ent r="3" t="295" w="30" /><ent r="3" t="296" w="29" /><ent r="3" t="297" w="28" /><ent r="3" t="298" w="28" /><ent r="3" t="299" w="28" /><ent r="3" t="300" w="25" /><ent r="3" t="301" w="30" /><ent r="3" t="302" w="21" /><ent r="3" t="303" w="21" /><ent r="3" t="304" w="21" /><ent r="3" t="305" w="28" /><ent r="3" t="306" w="30" /><ent r="3" t="307" w="29" /><ent r="3" t="308" w="21" /><ent r="3" t="309" w="26" /></phr></stem><stem n="embed"><phr n="embedded"><ent r="3" t="17" w="361" /><ent r="3" t="149" w="640" /></phr></stem><stem n="action"><phr n="actions"><ent r="3" t="17" w="379" /><ent r="3" t="17" w="460" /><ent r="4" t="157" w="116" /><ent r="4" t="157" w="174" /></phr><phr n="Action"><ent r="6" t="35" w="444" /><ent r="4" t="123" w="191" /><ent r="3" t="161" w="272" /><ent r="3" t="161" w="327" /><ent r="4" t="162" w="387" /></phr></stem><stem n="_enclave_u.c"><phr n="_enclave_u.c"><ent r="4" t="17" w="401" /></phr></stem><stem n="_enclave_u.h"><phr n="_enclave_u.h"><ent r="4" t="17" w="408" /></phr></stem><stem n="declar"><phr n="declarations"><ent r="3" t="17" w="413" /><ent r="4" t="24" w="99" /><ent r="4" t="24" w="127" /><ent r="3" t="51" w="76" /><ent r="6" t="320" w="88" /></phr><phr n="Declares"><ent r="4" t="18" w="111" /></phr><phr n="declared"><ent r="3" t="42" w="47" /><ent r="4" t="43" w="498" /><ent r="4" t="58" w="581" /><ent r="3" t="59" w="96" /><ent r="6" t="320" w="97" /></phr><phr n="declaration"><ent r="3" t="42" w="710" /><ent r="3" t="63" w="138" /><ent r="3" t="67" w="24" /><ent r="3" t="85" w="30" /></phr><phr n="declare"><ent r="3" t="64" w="643" /></phr></stem><stem n="wrapper"><phr n="wrapper"><ent r="3" t="17" w="419" /><ent r="4" t="18" w="89" /><ent r="4" t="18" w="145" /><ent r="4" t="42" w="129" /><ent r="4" t="42" w="275" /><ent r="4" t="42" w="629" /><ent r="4" t="42" w="662" /><ent r="3" t="42" w="731" /><ent r="3" t="42" w="745" /><ent r="3" t="51" w="44" /><ent r="3" t="59" w="820" /><ent r="3" t="59" w="830" /><ent r="6" t="59" w="918" /><ent r="6" t="59" w="954" /><ent r="3" t="125" w="50" /><ent r="65" t="130" w="55" /><ent r="1000" t="131" w="4" /><ent r="72" t="131" w="13" /><ent r="3" t="195" w="30" /><ent r="3" t="196" w="40" /><ent r="3" t="196" w="418" /></phr></stem><stem n="recreat"><phr n="recreate"><ent r="3" t="17" w="438" /></phr><phr n="recreates"><ent r="4" t="18" w="99" /><ent r="4" t="18" w="155" /></phr></stem><stem n="rebuilt"><phr n="rebuilt"><ent r="3" t="17" w="445" /></phr></stem><stem n="expect"><phr n="expected"><ent r="3" t="17" w="450" /><ent r="3" t="101" w="270" /><ent r="3" t="197" w="24" /><ent r="3" t="206" w="210" /></phr></stem><stem n="cancel"><phr n="cancel"><ent r="3" t="17" w="458" /><ent r="4" t="17" w="463" /><ent r="3" t="62" w="152" /></phr></stem><stem n="unselect"><phr n="unselect"><ent r="3" t="17" w="475" /><ent r="4" t="32" w="39" /></phr></stem><stem n="deriv"><phr n="derived"><ent r="3" t="18" w="28" /><ent r="3" t="226" w="296" /><ent r="3" t="238" w="204" /><ent r="3" t="239" w="173" /><ent r="3" t="244" w="252" /><ent r="3" t="245" w="196" /><ent r="3" t="268" w="22" /><ent r="4" t="269" w="296" /><ent r="3" t="292" w="41" /><ent r="3" t="295" w="254" /><ent r="3" t="296" w="90" /><ent r="3" t="296" w="353" /><ent r="3" t="303" w="188" /><ent r="3" t="304" w="77" /></phr><phr n="derivation"><ent r="3" t="37" w="22" /><ent r="1000" t="100" w="7" /><ent r="72" t="100" w="16" /><ent r="3" t="156" w="677" /><ent r="3" t="195" w="92" /><ent r="3" t="202" w="165" /><ent r="3" t="202" w="235" /><ent r="3" t="205" w="114" /><ent r="3" t="205" w="178" /><ent r="3" t="228" w="169" /><ent r="3" t="238" w="39" /><ent r="3" t="239" w="196" /><ent r="3" t="239" w="266" /><ent r="3" t="244" w="520" /><ent r="4" t="263" w="24" /><ent r="3" t="265" w="26" /><ent r="3" t="266" w="31" /><ent r="3" t="269" w="31" /><ent r="3" t="269" w="195" /><ent r="3" t="269" w="327" /><ent r="3" t="269" w="354" /><ent r="3" t="269" w="378" /><ent r="3" t="273" w="27" /><ent r="3" t="278" w="24" /><ent r="3" t="292" w="144" /><ent r="3" t="292" w="215" /><ent r="3" t="295" w="144" /><ent r="6" t="310" w="798" /></phr><phr n="Derive"><ent r="6" t="202" w="196" /><ent r="6" t="202" w="211" /><ent r="3" t="202" w="708" /><ent r="6" t="205" w="139" /><ent r="6" t="205" w="154" /><ent r="3" t="205" w="552" /><ent r="3" t="238" w="68" /><ent r="3" t="238" w="72" /><ent r="4" t="238" w="159" /><ent r="4" t="238" w="180" /><ent r="65" t="247" w="243" /><ent r="6" t="269" w="214" /><ent r="6" t="269" w="229" /><ent r="4" t="269" w="272" /><ent r="3" t="278" w="138" /><ent r="72" t="292" w="8" /><ent r="4" t="292" w="17" /><ent r="3" t="292" w="68" /></phr><phr n="derives"><ent r="3" t="244" w="22" /><ent r="3" t="245" w="22" /></phr></stem><stem n="assum"><phr n="Assuming"><ent r="3" t="18" w="34" /></phr><phr n="Assume"><ent r="3" t="36" w="276" /><ent r="3" t="40" w="45" /></phr><phr n="assumes"><ent r="3" t="58" w="226" /><ent r="4" t="90" w="95" /><ent r="3" t="112" w="305" /></phr><phr n="assumed"><ent r="4" t="60" w="73" /></phr></stem><stem n="_enclave.cpp"><phr n="_enclave.cpp"><ent r="5" t="18" w="60" /></phr></stem><stem n="cpp"><phr n="cpp"><ent r="5" t="18" w="60" /></phr></stem><stem n="fill"><phr n="filled"><ent r="4" t="18" w="67" /><ent r="3" t="195" w="382" /></phr><phr n="fills"><ent r="4" t="105" w="26" /><ent r="4" t="110" w="30" /></phr></stem><stem n="variabl"><phr n="variables"><ent r="4" t="18" w="72" /><ent r="7" t="39" w="541" /></phr><phr n="variable"><ent r="3" t="24" w="292" /><ent r="5" t="35" w="317" /><ent r="7" t="35" w="492" /><ent r="7" t="35" w="514" /><ent r="7" t="35" w="554" /><ent r="7" t="35" w="577" /><ent r="7" t="35" w="617" /><ent r="7" t="35" w="658" /><ent r="7" t="39" w="508" /><ent r="4" t="42" w="327" /><ent r="3" t="62" w="62" /><ent r="3" t="70" w="39" /><ent r="6" t="85" w="216" /><ent r="3" t="142" w="112" /><ent r="6" t="142" w="271" /><ent r="3" t="163" w="165" /><ent r="3" t="181" w="23" /><ent r="3" t="181" w="59" /><ent r="3" t="181" w="72" /><ent r="3" t="181" w="84" /><ent r="3" t="181" w="94" /><ent r="3" t="181" w="115" /><ent r="3" t="181" w="133" /><ent r="3" t="181" w="142" /><ent r="3" t="181" w="181" /><ent r="3" t="181" w="189" /><ent r="3" t="182" w="23" /><ent r="3" t="182" w="52" /><ent r="3" t="182" w="64" /><ent r="3" t="182" w="74" /><ent r="3" t="182" w="91" /><ent r="3" t="182" w="114" /><ent r="3" t="182" w="144" /><ent r="4" t="182" w="153" /><ent r="4" t="182" w="166" /><ent r="3" t="183" w="23" /><ent r="3" t="183" w="58" /><ent r="3" t="183" w="83" /><ent r="3" t="183" w="96" /><ent r="3" t="183" w="110" /><ent r="3" t="183" w="138" /><ent r="3" t="183" w="152" /><ent r="3" t="183" w="161" /><ent r="3" t="183" w="175" /><ent r="3" t="183" w="188" /><ent r="3" t="183" w="215" /><ent r="3" t="183" w="227" /><ent r="3" t="183" w="232" /><ent r="3" t="183" w="252" /><ent r="3" t="183" w="261" /><ent r="3" t="183" w="281" /><ent r="3" t="183" w="299" /><ent r="3" t="183" w="320" /><ent r="3" t="183" w="333" /><ent r="4" t="183" w="371" /><ent r="3" t="184" w="27" /><ent r="3" t="184" w="53" /><ent r="3" t="184" w="74" /><ent r="3" t="184" w="84" /><ent r="3" t="184" w="91" /><ent r="3" t="184" w="102" /><ent r="3" t="184" w="121" /><ent r="3" t="184" w="130" /><ent r="3" t="184" w="174" /><ent r="3" t="185" w="27" /><ent r="3" t="185" w="53" /><ent r="3" t="185" w="75" /><ent r="3" t="185" w="95" /><ent r="3" t="185" w="117" /><ent r="3" t="202" w="330" /><ent r="3" t="202" w="416" /><ent r="3" t="205" w="265" /><ent r="3" t="219" w="276" /><ent r="3" t="220" w="276" /><ent r="3" t="259" w="17" /><ent r="3" t="259" w="63" /><ent r="3" t="259" w="76" /><ent r="3" t="260" w="16" /><ent r="3" t="281" w="194" /><ent r="3" t="304" w="182" /><ent r="3" t="305" w="152" /></phr></stem></index>