<?xml version="1.0" encoding="utf-8"?><index><stem n="(in"><phr n="(in"><ent r="3" t="4" w="146" /><ent r="7" t="14" w="207" /><ent r="6" t="14" w="222" /><ent r="3" t="97" w="385" /><ent r="3" t="156" w="404" /><ent r="3" t="156" w="457" /><ent r="3" t="168" w="104" /></phr></stem><stem n="footprint"><phr n="footprint"><ent r="3" t="4" w="154" /><ent r="3" t="138" w="60" /></phr></stem><stem n="case"><phr n="cases"><ent r="3" t="4" w="159" /><ent r="3" t="42" w="15" /><ent r="4" t="64" w="174" /><ent r="3" t="64" w="642" /><ent r="1000" t="134" w="3" /><ent r="62" t="134" w="7" /><ent r="3" t="134" w="58" /><ent r="3" t="142" w="64" /></phr><phr n="case"><ent r="6" t="7" w="56" /><ent r="3" t="24" w="311" /><ent r="3" t="26" w="528" /><ent r="3" t="29" w="75" /><ent r="3" t="53" w="73" /><ent r="3" t="53" w="133" /><ent r="4" t="58" w="138" /><ent r="3" t="63" w="111" /><ent r="3" t="70" w="118" /><ent r="3" t="73" w="123" /><ent r="3" t="82" w="47" /><ent r="3" t="96" w="169" /><ent r="4" t="118" w="50" /><ent r="4" t="119" w="57" /><ent r="4" t="120" w="51" /><ent r="3" t="142" w="80" /><ent r="3" t="149" w="367" /><ent r="3" t="149" w="1020" /><ent r="3" t="154" w="237" /><ent r="3" t="161" w="193" /><ent r="3" t="161" w="304" /><ent r="3" t="162" w="190" /><ent r="4" t="162" w="361" /><ent r="3" t="166" w="174" /><ent r="3" t="179" w="171" /><ent r="3" t="180" w="118" /><ent r="3" t="191" w="161" /><ent r="3" t="201" w="190" /><ent r="3" t="202" w="358" /><ent r="4" t="216" w="255" /><ent r="4" t="217" w="209" /><ent r="3" t="226" w="316" /><ent r="6" t="310" w="117" /></phr></stem><stem n="suggest"><phr n="suggest"><ent r="3" t="4" w="160" /><ent r="3" t="149" w="826" /></phr><phr n="suggested"><ent r="3" t="6" w="107" /><ent r="3" t="78" w="48" /><ent r="3" t="152" w="308" /><ent r="3" t="154" w="567" /><ent r="3" t="155" w="480" /><ent r="3" t="156" w="729" /><ent r="3" t="228" w="210" /></phr></stem><stem n="-20"><phr n="-20"><ent r="3" t="4" w="162" /><ent r="3" t="4" w="162" /></phr></stem><stem n="5"><phr n="5"><ent r="3" t="4" w="162" /><ent r="6" t="28" w="168" /><ent r="6" t="28" w="179" /><ent r="3" t="224" w="525" /><ent r="3" t="250" w="94" /></phr></stem><stem n="5-20"><phr n="5-20"><ent r="3" t="4" w="162" /></phr></stem><stem n="20"><phr n="20"><ent r="3" t="4" w="163" /></phr></stem><stem n="simultan"><phr n="simultaneously"><ent r="3" t="4" w="169" /><ent r="3" t="142" w="16" /></phr></stem><stem n="attack"><phr n="attacks"><ent r="5" t="5" w="26" /><ent r="5" t="5" w="198" /><ent r="6" t="5" w="272" /><ent r="3" t="6" w="171" /><ent r="3" t="62" w="102" /><ent r="3" t="64" w="42" /><ent r="3" t="101" w="143" /><ent r="3" t="133" w="222" /><ent r="3" t="133" w="299" /><ent r="3" t="133" w="317" /><ent r="4" t="183" w="374" /><ent r="4" t="316" w="555" /></phr><phr n="attack"><ent r="6" t="5" w="295" /><ent r="3" t="6" w="183" /><ent r="6" t="7" w="307" /><ent r="3" t="68" w="82" /><ent r="3" t="221" w="468" /></phr><phr n="attacker"><ent r="3" t="50" w="56" /><ent r="4" t="108" w="82" /></phr></stem><stem n="cannot"><phr n="cannot"><ent r="6" t="5" w="31" /><ent r="6" t="5" w="100" /><ent r="6" t="5" w="112" /><ent r="3" t="14" w="310" /><ent r="3" t="14" w="397" /><ent r="3" t="15" w="138" /><ent r="3" t="15" w="279" /><ent r="5" t="32" w="44" /><ent r="3" t="34" w="309" /><ent r="4" t="35" w="257" /><ent r="7" t="35" w="545" /><ent r="7" t="35" w="649" /><ent r="4" t="42" w="145" /><ent r="4" t="42" w="666" /><ent r="3" t="44" w="141" /><ent r="3" t="53" w="22" /><ent r="4" t="59" w="617" /><ent r="3" t="62" w="182" /><ent r="3" t="62" w="207" /><ent r="3" t="62" w="585" /><ent r="3" t="62" w="608" /><ent r="4" t="64" w="145" /><ent r="3" t="64" w="209" /><ent r="3" t="64" w="342" /><ent r="3" t="64" w="388" /><ent r="3" t="64" w="545" /><ent r="3" t="64" w="598" /><ent r="3" t="72" w="37" /><ent r="3" t="73" w="107" /><ent r="6" t="74" w="248" /><ent r="4" t="79" w="115" /><ent r="4" t="87" w="304" /><ent r="4" t="93" w="154" /><ent r="3" t="96" w="114" /><ent r="4" t="97" w="297" /><ent r="4" t="103" w="184" /><ent r="4" t="112" w="128" /><ent r="4" t="126" w="158" /><ent r="3" t="141" w="112" /><ent r="3" t="149" w="203" /><ent r="3" t="149" w="717" /><ent r="3" t="149" w="953" /><ent r="3" t="149" w="1151" /><ent r="3" t="153" w="116" /><ent r="3" t="154" w="272" /><ent r="3" t="163" w="104" /><ent r="3" t="164" w="153" /><ent r="3" t="168" w="65" /><ent r="4" t="169" w="367" /><ent r="3" t="186" w="41" /><ent r="3" t="195" w="98" /><ent r="3" t="195" w="144" /><ent r="4" t="196" w="145" /><ent r="3" t="196" w="265" /><ent r="3" t="197" w="77" /><ent r="4" t="201" w="210" /><ent r="4" t="201" w="391" /><ent r="4" t="201" w="408" /><ent r="4" t="201" w="471" /><ent r="4" t="202" w="378" /><ent r="4" t="202" w="562" /><ent r="4" t="202" w="579" /><ent r="4" t="202" w="642" /><ent r="4" t="203" w="437" /><ent r="4" t="203" w="454" /><ent r="4" t="203" w="511" /><ent r="4" t="204" w="113" /><ent r="4" t="204" w="272" /><ent r="4" t="204" w="317" /><ent r="4" t="205" w="285" /><ent r="4" t="205" w="441" /><ent r="4" t="205" w="486" /><ent r="4" t="206" w="248" /><ent r="4" t="206" w="283" /><ent r="3" t="230" w="77" /><ent r="3" t="231" w="87" /><ent r="3" t="231" w="111" /><ent r="3" t="232" w="176" /><ent r="3" t="232" w="197" /><ent r="3" t="233" w="73" /><ent r="3" t="233" w="94" /><ent r="3" t="235" w="82" /><ent r="3" t="236" w="80" /><ent r="6" t="310" w="316" /><ent r="6" t="310" w="362" /><ent r="6" t="312" w="321" /><ent r="3" t="316" w="14" /></phr></stem><stem n="read"><phr n="read"><ent r="6" t="5" w="33" /><ent r="4" t="42" w="545" /><ent r="4" t="59" w="618" /><ent r="5" t="106" w="41" /><ent r="5" t="106" w="65" /><ent r="5" t="107" w="118" /><ent r="4" t="125" w="98" /><ent r="65" t="125" w="109" /><ent r="65" t="135" w="79" /><ent r="4" t="139" w="38" /><ent r="3" t="163" w="162" /><ent r="1000" t="168" w="2" /><ent r="72" t="168" w="6" /><ent r="4" t="168" w="12" /><ent r="3" t="168" w="33" /><ent r="4" t="168" w="148" /><ent r="1000" t="236" w="2" /><ent r="72" t="236" w="7" /><ent r="4" t="236" w="12" /><ent r="3" t="236" w="61" /><ent r="3" t="236" w="93" /><ent r="4" t="236" w="251" /><ent r="3" t="236" w="256" /><ent r="4" t="236" w="289" /></phr><phr n="reading"><ent r="3" t="24" w="29" /></phr><phr n="reads"><ent r="5" t="112" w="235" /></phr><phr n="readings"><ent r="3" t="231" w="307" /><ent r="3" t="231" w="322" /><ent r="3" t="231" w="331" /></phr></stem><stem n="written"><phr n="written"><ent r="6" t="5" w="35" /></phr></stem><stem n="outsid"><phr n="outside"><ent r="6" t="5" w="37" /><ent r="6" t="7" w="131" /><ent r="3" t="14" w="351" /><ent r="3" t="17" w="236" /><ent r="3" t="34" w="366" /><ent r="65" t="38" w="32" /><ent r="3" t="39" w="241" /><ent r="64" t="39" w="261" /><ent r="1000" t="42" w="3" /><ent r="92" t="42" w="9" /><ent r="4" t="43" w="169" /><ent r="5" t="43" w="403" /><ent r="3" t="48" w="73" /><ent r="3" t="58" w="395" /><ent r="4" t="58" w="569" /><ent r="3" t="58" w="607" /><ent r="3" t="58" w="649" /><ent r="3" t="58" w="742" /><ent r="4" t="59" w="512" /><ent r="4" t="59" w="573" /><ent r="4" t="59" w="612" /><ent r="4" t="59" w="684" /><ent r="4" t="59" w="745" /><ent r="4" t="59" w="804" /><ent r="4" t="68" w="241" /><ent r="3" t="85" w="63" /><ent r="3" t="87" w="165" /><ent r="3" t="87" w="215" /><ent r="4" t="91" w="145" /><ent r="4" t="92" w="70" /><ent r="3" t="103" w="24" /><ent r="3" t="115" w="20" /><ent r="3" t="125" w="32" /><ent r="65" t="125" w="43" /><ent r="3" t="133" w="116" /><ent r="3" t="142" w="93" /><ent r="3" t="142" w="145" /><ent r="64" t="142" w="185" /><ent r="3" t="149" w="235" /><ent r="3" t="149" w="1268" /><ent r="1000" t="167" w="3" /><ent r="72" t="167" w="8" /><ent r="4" t="167" w="15" /><ent r="3" t="167" w="43" /><ent r="3" t="167" w="53" /><ent r="3" t="167" w="96" /><ent r="3" t="167" w="114" /><ent r="4" t="167" w="128" /><ent r="3" t="168" w="76" /><ent r="3" t="176" w="104" /><ent r="3" t="177" w="82" /><ent r="3" t="178" w="189" /><ent r="3" t="181" w="103" /><ent r="3" t="182" w="83" /><ent r="3" t="183" w="282" /><ent r="3" t="184" w="164" /><ent r="3" t="185" w="126" /><ent r="3" t="193" w="130" /><ent r="3" t="194" w="148" /><ent r="4" t="201" w="206" /><ent r="4" t="201" w="404" /><ent r="4" t="202" w="374" /><ent r="4" t="202" w="575" /><ent r="4" t="203" w="450" /><ent r="4" t="204" w="109" /><ent r="4" t="204" w="268" /><ent r="4" t="205" w="281" /><ent r="4" t="205" w="437" /><ent r="4" t="206" w="244" /><ent r="3" t="212" w="613" /><ent r="3" t="213" w="636" /><ent r="3" t="278" w="60" /><ent r="6" t="320" w="50" /></phr></stem><stem n="regardless"><phr n="regardless"><ent r="6" t="5" w="40" /><ent r="3" t="70" w="79" /><ent r="3" t="175" w="82" /></phr></stem><stem n="privileg"><phr n="privilege"><ent r="6" t="5" w="43" /><ent r="4" t="79" w="97" /><ent r="4" t="87" w="286" /><ent r="4" t="93" w="136" /><ent r="4" t="97" w="279" /><ent r="4" t="103" w="166" /><ent r="4" t="112" w="110" /><ent r="4" t="129" w="73" /><ent r="3" t="149" w="626" /><ent r="4" t="149" w="923" /><ent r="4" t="162" w="222" /><ent r="3" t="163" w="37" /><ent r="4" t="163" w="151" /><ent r="3" t="163" w="160" /><ent r="3" t="163" w="171" /><ent r="6" t="310" w="622" /><ent r="6" t="310" w="828" /><ent r="4" t="315" w="95" /><ent r="4" t="315" w="99" /><ent r="6" t="315" w="367" /></phr><phr n="privileges"><ent r="4" t="39" w="175" /><ent r="4" t="129" w="69" /><ent r="3" t="162" w="231" /><ent r="3" t="162" w="242" /><ent r="3" t="162" w="350" /><ent r="6" t="310" w="835" /></phr><phr n="privileged"><ent r="3" t="149" w="937" /></phr></stem><stem n="cpu"><phr n="CPU"><ent r="6" t="5" w="46" /><ent r="6" t="5" w="158" /><ent r="6" t="5" w="172" /><ent r="6" t="5" w="253" /><ent r="3" t="37" w="17" /><ent r="4" t="39" w="174" /><ent r="3" t="77" w="21" /><ent r="3" t="97" w="70" /><ent r="4" t="137" w="93" /><ent r="3" t="193" w="102" /><ent r="3" t="194" w="108" /><ent r="3" t="194" w="120" /><ent r="65" t="247" w="43" /><ent r="65" t="247" w="112" /><ent r="1000" t="252" w="2" /><ent r="72" t="252" w="7" /><ent r="4" t="252" w="14" /><ent r="4" t="252" w="30" /><ent r="3" t="252" w="38" /><ent r="3" t="252" w="57" /><ent r="3" t="252" w="135" /><ent r="3" t="252" w="143" /><ent r="3" t="252" w="189" /><ent r="3" t="253" w="46" /><ent r="3" t="253" w="49" /><ent r="4" t="253" w="74" /><ent r="1000" t="266" w="2" /><ent r="72" t="266" w="7" /><ent r="4" t="266" w="12" /><ent r="3" t="266" w="23" /><ent r="3" t="266" w="57" /><ent r="3" t="266" w="69" /><ent r="3" t="269" w="79" /><ent r="3" t="269" w="82" /><ent r="4" t="269" w="339" /><ent r="3" t="275" w="41" /><ent r="3" t="275" w="44" /><ent r="4" t="275" w="121" /><ent r="3" t="275" w="133" /><ent r="3" t="306" w="43" /><ent r="3" t="306" w="46" /><ent r="4" t="306" w="109" /><ent r="3" t="306" w="116" /><ent r="6" t="310" w="516" /><ent r="6" t="310" w="521" /></phr></stem><stem n="mode"><phr n="mode"><ent r="6" t="5" w="47" /><ent r="6" t="5" w="50" /><ent r="6" t="5" w="53" /><ent r="6" t="5" w="159" /><ent r="4" t="13" w="83" /><ent r="3" t="14" w="315" /><ent r="3" t="14" w="342" /><ent r="3" t="14" w="372" /><ent r="3" t="14" w="385" /><ent r="3" t="16" w="18" /><ent r="3" t="16" w="27" /><ent r="4" t="16" w="242" /><ent r="5" t="27" w="117" /><ent r="3" t="32" w="14" /><ent r="5" t="32" w="49" /><ent r="4" t="32" w="70" /><ent r="4" t="32" w="78" /><ent r="3" t="34" w="396" /><ent r="3" t="34" w="404" /><ent r="3" t="35" w="209" /><ent r="4" t="35" w="245" /><ent r="5" t="36" w="446" /><ent r="5" t="36" w="453" /><ent r="3" t="37" w="82" /><ent r="4" t="39" w="167" /><ent r="6" t="47" w="70" /><ent r="6" t="47" w="82" /><ent r="6" t="47" w="90" /><ent r="6" t="47" w="147" /><ent r="6" t="47" w="164" /><ent r="6" t="47" w="171" /><ent r="3" t="48" w="21" /><ent r="6" t="49" w="62" /><ent r="5" t="49" w="86" /><ent r="5" t="49" w="106" /><ent r="5" t="49" w="114" /><ent r="6" t="49" w="141" /><ent r="5" t="49" w="169" /><ent r="5" t="49" w="192" /><ent r="5" t="49" w="200" /><ent r="3" t="69" w="259" /><ent r="3" t="70" w="167" /><ent r="55" t="75" w="36" /><ent r="55" t="75" w="45" /><ent r="55" t="75" w="109" /><ent r="4" t="75" w="139" /><ent r="4" t="75" w="185" /><ent r="55" t="75" w="221" /><ent r="4" t="75" w="239" /><ent r="55" t="75" w="262" /><ent r="4" t="75" w="293" /><ent r="55" t="75" w="349" /><ent r="55" t="75" w="360" /><ent r="4" t="75" w="436" /><ent r="4" t="75" w="461" /><ent r="3" t="123" w="62" /><ent r="4" t="126" w="145" /><ent r="4" t="126" w="155" /><ent r="3" t="133" w="321" /><ent r="3" t="133" w="325" /><ent r="54" t="133" w="419" /><ent r="3" t="149" w="195" /><ent r="3" t="149" w="202" /><ent r="3" t="149" w="215" /><ent r="3" t="149" w="226" /><ent r="3" t="149" w="258" /><ent r="3" t="149" w="267" /><ent r="3" t="149" w="287" /><ent r="4" t="149" w="834" /><ent r="3" t="149" w="840" /><ent r="3" t="149" w="845" /><ent r="3" t="149" w="1190" /><ent r="3" t="150" w="186" /><ent r="5" t="161" w="280" /><ent r="3" t="168" w="188" /><ent r="3" t="168" w="199" /><ent r="4" t="169" w="354" /><ent r="4" t="169" w="364" /><ent r="3" t="202" w="67" /><ent r="3" t="205" w="27" /><ent r="3" t="212" w="484" /><ent r="3" t="212" w="488" /><ent r="3" t="212" w="506" /><ent r="3" t="213" w="509" /><ent r="3" t="213" w="513" /><ent r="3" t="213" w="531" /><ent r="3" t="219" w="24" /><ent r="3" t="219" w="282" /><ent r="3" t="220" w="24" /><ent r="3" t="220" w="282" /><ent r="4" t="232" w="616" /><ent r="4" t="233" w="523" /><ent r="5" t="263" w="169" /><ent r="6" t="310" w="435" /><ent r="6" t="310" w="447" /><ent r="6" t="310" w="453" /></phr><phr n="modes"><ent r="6" t="5" w="173" /><ent r="4" t="38" w="162" /></phr></stem><stem n="ring3"><phr n="ring3"><ent r="6" t="5" w="48" /></phr></stem><stem n="user-mod"><phr n="user-mode"><ent r="6" t="5" w="49" /></phr></stem><stem n="(ring3/user-mode,"><phr n="(ring3/user-mode,"><ent r="6" t="5" w="51" /></phr></stem><stem n="ring0"><phr n="ring0"><ent r="6" t="5" w="51" /></phr></stem><stem n="kernel"><phr n="kernel"><ent r="6" t="5" w="52" /></phr></stem><stem n="kernel-mod"><phr n="kernel-mode"><ent r="6" t="5" w="52" /></phr></stem><stem n="/kernel-mode,"><phr n="/kernel-mode,"><ent r="6" t="5" w="54" /></phr></stem><stem n="smm"><phr n="SMM"><ent r="6" t="5" w="54" /></phr></stem><stem n="vmm"><phr n="VMM"><ent r="6" t="5" w="55" /><ent r="6" t="6" w="86" /></phr></stem><stem n="anoth"><phr n="another"><ent r="6" t="5" w="57" /><ent r="6" t="5" w="223" /><ent r="3" t="24" w="166" /><ent r="3" t="44" w="143" /><ent r="3" t="51" w="213" /><ent r="3" t="51" w="375" /><ent r="3" t="51" w="396" /><ent r="3" t="65" w="37" /><ent r="3" t="71" w="199" /><ent r="3" t="71" w="207" /><ent r="3" t="96" w="77" /><ent r="3" t="96" w="118" /><ent r="3" t="134" w="35" /><ent r="3" t="149" w="780" /><ent r="3" t="169" w="296" /><ent r="3" t="177" w="94" /><ent r="3" t="179" w="87" /><ent r="3" t="180" w="92" /><ent r="3" t="183" w="131" /><ent r="3" t="183" w="312" /><ent r="4" t="232" w="612" /><ent r="4" t="233" w="519" /><ent r="4" t="269" w="264" /></phr></stem><stem n="abort"><phr n="abort"><ent r="6" t="5" w="60" /><ent r="4" t="42" w="225" /><ent r="4" t="42" w="255" /><ent r="4" t="42" w="538" /><ent r="4" t="42" w="558" /><ent r="4" t="42" w="581" /><ent r="3" t="42" w="781" /><ent r="4" t="106" w="48" /><ent r="4" t="107" w="88" /><ent r="4" t="111" w="69" /><ent r="4" t="111" w="86" /><ent r="1000" t="141" w="1" /><ent r="72" t="141" w="4" /><ent r="4" t="141" w="9" /><ent r="3" t="141" w="26" /><ent r="3" t="141" w="106" /></phr><phr n="aborts"><ent r="5" t="99" w="388" /><ent r="6" t="99" w="422" /></phr><phr n="aborting"><ent r="3" t="141" w="55" /></phr></stem><stem n="page"><phr n="page"><ent r="6" t="5" w="61" /><ent r="5" t="11" w="101" /><ent r="4" t="42" w="226" /><ent r="4" t="42" w="256" /><ent r="4" t="42" w="539" /><ent r="4" t="42" w="559" /><ent r="6" t="310" w="374" /></phr><phr n="pages"><ent r="4" t="77" w="260" /></phr></stem><stem n="return"><phr n="returned"><ent r="6" t="5" w="63" /><ent r="4" t="57" w="60" /><ent r="4" t="57" w="69" /><ent r="4" t="58" w="90" /><ent r="3" t="62" w="137" /><ent r="3" t="83" w="40" /><ent r="3" t="88" w="29" /><ent r="5" t="99" w="352" /><ent r="3" t="100" w="106" /><ent r="3" t="101" w="191" /><ent r="4" t="105" w="51" /><ent r="4" t="106" w="61" /><ent r="4" t="107" w="99" /><ent r="4" t="107" w="114" /><ent r="4" t="110" w="50" /><ent r="4" t="111" w="47" /><ent r="3" t="127" w="117" /><ent r="3" t="149" w="1123" /><ent r="3" t="152" w="332" /><ent r="3" t="154" w="506" /><ent r="3" t="154" w="591" /><ent r="3" t="155" w="125" /><ent r="3" t="155" w="504" /><ent r="3" t="156" w="219" /><ent r="3" t="156" w="753" /><ent r="3" t="161" w="308" /><ent r="4" t="162" w="368" /><ent r="3" t="163" w="116" /><ent r="3" t="192" w="77" /><ent r="3" t="193" w="78" /><ent r="3" t="193" w="169" /><ent r="3" t="194" w="84" /><ent r="3" t="194" w="187" /><ent r="3" t="199" w="126" /><ent r="3" t="199" w="172" /><ent r="3" t="200" w="46" /><ent r="3" t="200" w="120" /><ent r="3" t="200" w="160" /><ent r="3" t="228" w="234" /><ent r="3" t="230" w="90" /><ent r="3" t="231" w="289" /><ent r="3" t="237" w="256" /><ent r="3" t="238" w="336" /><ent r="3" t="239" w="102" /><ent r="3" t="239" w="153" /><ent r="3" t="239" w="389" /><ent r="3" t="239" w="456" /><ent r="3" t="240" w="62" /><ent r="3" t="290" w="15" /><ent r="3" t="295" w="405" /><ent r="3" t="296" w="240" /><ent r="3" t="296" w="311" /><ent r="3" t="296" w="520" /></phr><phr n="returns"><ent r="3" t="26" w="542" /><ent r="3" t="26" w="553" /><ent r="4" t="42" w="553" /><ent r="3" t="58" w="450" /><ent r="3" t="58" w="503" /><ent r="3" t="58" w="711" /><ent r="3" t="58" w="764" /><ent r="3" t="58" w="799" /><ent r="3" t="58" w="828" /><ent r="4" t="59" w="501" /><ent r="4" t="59" w="742" /><ent r="4" t="68" w="228" /><ent r="3" t="70" w="68" /><ent r="4" t="99" w="318" /><ent r="4" t="99" w="330" /><ent r="4" t="99" w="494" /><ent r="4" t="99" w="628" /><ent r="4" t="99" w="667" /><ent r="3" t="102" w="90" /><ent r="3" t="141" w="89" /><ent r="3" t="152" w="13" /><ent r="3" t="153" w="16" /><ent r="3" t="156" w="708" /><ent r="3" t="159" w="16" /><ent r="3" t="164" w="16" /><ent r="3" t="165" w="14" /><ent r="3" t="174" w="61" /><ent r="3" t="175" w="61" /><ent r="3" t="176" w="183" /><ent r="3" t="179" w="151" /><ent r="3" t="179" w="161" /><ent r="3" t="181" w="168" /><ent r="3" t="184" w="132" /><ent r="3" t="186" w="16" /><ent r="3" t="190" w="126" /><ent r="3" t="191" w="131" /><ent r="3" t="191" w="150" /><ent r="3" t="191" w="229" /><ent r="4" t="192" w="125" /><ent r="5" t="192" w="159" /><ent r="5" t="192" w="183" /><ent r="3" t="203" w="250" /><ent r="3" t="203" w="355" /><ent r="3" t="208" w="13" /><ent r="3" t="208" w="229" /><ent r="3" t="210" w="179" /><ent r="3" t="215" w="13" /><ent r="3" t="215" w="259" /><ent r="3" t="217" w="229" /><ent r="3" t="221" w="16" /><ent r="3" t="221" w="276" /><ent r="3" t="232" w="543" /><ent r="3" t="233" w="450" /><ent r="3" t="236" w="16" /></phr><phr n="Return"><ent r="1000" t="41" w="2" /><ent r="82" t="41" w="7" /><ent r="3" t="41" w="16" /><ent r="3" t="41" w="34" /><ent r="3" t="42" w="770" /><ent r="4" t="58" w="554" /><ent r="3" t="58" w="867" /><ent r="6" t="59" w="931" /><ent r="3" t="76" w="261" /><ent r="3" t="76" w="295" /><ent r="3" t="76" w="299" /><ent r="4" t="77" w="297" /><ent r="4" t="94" w="257" /><ent r="4" t="94" w="266" /><ent r="4" t="94" w="377" /><ent r="4" t="94" w="386" /><ent r="4" t="118" w="65" /><ent r="4" t="119" w="72" /><ent r="4" t="120" w="66" /><ent r="3" t="121" w="36" /><ent r="3" t="127" w="137" /><ent r="3" t="127" w="147" /><ent r="3" t="148" w="16" /><ent r="3" t="149" w="543" /><ent r="3" t="149" w="1110" /><ent r="3" t="150" w="63" /><ent r="3" t="151" w="105" /><ent r="3" t="152" w="97" /><ent r="3" t="153" w="78" /><ent r="3" t="154" w="302" /><ent r="3" t="155" w="64" /><ent r="3" t="155" w="238" /><ent r="3" t="156" w="460" /><ent r="3" t="157" w="312" /><ent r="3" t="157" w="329" /><ent r="3" t="158" w="91" /><ent r="3" t="159" w="73" /><ent r="3" t="160" w="120" /><ent r="3" t="161" w="24" /><ent r="3" t="161" w="135" /><ent r="3" t="162" w="28" /><ent r="3" t="162" w="144" /><ent r="3" t="163" w="121" /><ent r="3" t="163" w="217" /><ent r="3" t="164" w="59" /><ent r="3" t="165" w="80" /><ent r="3" t="166" w="87" /><ent r="3" t="167" w="87" /><ent r="3" t="168" w="107" /><ent r="3" t="169" w="128" /><ent r="3" t="169" w="142" /><ent r="3" t="170" w="62" /><ent r="3" t="171" w="32" /><ent r="3" t="172" w="45" /><ent r="3" t="172" w="52" /><ent r="3" t="173" w="67" /><ent r="3" t="173" w="74" /><ent r="3" t="174" w="53" /><ent r="3" t="175" w="53" /><ent r="3" t="176" w="79" /><ent r="3" t="177" w="57" /><ent r="3" t="178" w="57" /><ent r="3" t="179" w="60" /><ent r="3" t="180" w="57" /><ent r="3" t="181" w="77" /><ent r="3" t="182" w="57" /><ent r="3" t="183" w="85" /><ent r="3" t="184" w="58" /><ent r="3" t="185" w="58" /><ent r="3" t="186" w="35" /><ent r="3" t="186" w="39" /><ent r="3" t="187" w="143" /><ent r="3" t="188" w="56" /><ent r="3" t="189" w="68" /><ent r="3" t="190" w="129" /><ent r="3" t="191" w="163" /><ent r="3" t="191" w="174" /><ent r="3" t="191" w="232" /><ent r="3" t="192" w="57" /><ent r="3" t="193" w="105" /><ent r="3" t="194" w="123" /><ent r="3" t="195" w="155" /><ent r="3" t="196" w="287" /><ent r="3" t="197" w="90" /><ent r="3" t="198" w="137" /><ent r="3" t="198" w="145" /><ent r="3" t="198" w="172" /><ent r="3" t="198" w="185" /><ent r="3" t="199" w="107" /><ent r="3" t="199" w="132" /><ent r="3" t="199" w="145" /><ent r="3" t="200" w="103" /><ent r="3" t="200" w="123" /><ent r="3" t="200" w="136" /><ent r="3" t="201" w="348" /><ent r="3" t="202" w="520" /><ent r="3" t="203" w="394" /><ent r="3" t="204" w="230" /><ent r="3" t="205" w="399" /><ent r="3" t="206" w="191" /><ent r="3" t="207" w="142" /><ent r="3" t="208" w="130" /><ent r="3" t="209" w="174" /><ent r="3" t="210" w="133" /><ent r="3" t="211" w="91" /><ent r="3" t="212" w="376" /><ent r="3" t="213" w="385" /><ent r="3" t="214" w="183" /><ent r="3" t="215" w="167" /><ent r="3" t="216" w="175" /><ent r="3" t="217" w="131" /><ent r="3" t="218" w="93" /><ent r="3" t="219" w="209" /><ent r="3" t="220" w="209" /><ent r="3" t="221" w="178" /><ent r="3" t="222" w="130" /><ent r="3" t="223" w="247" /><ent r="3" t="224" w="223" /><ent r="3" t="225" w="180" /><ent r="3" t="226" w="199" /><ent r="3" t="227" w="229" /><ent r="3" t="228" w="37" /><ent r="3" t="229" w="42" /><ent r="3" t="230" w="81" /><ent r="3" t="231" w="115" /><ent r="3" t="232" w="201" /><ent r="3" t="232" w="497" /><ent r="3" t="233" w="98" /><ent r="3" t="233" w="407" /><ent r="3" t="234" w="71" /><ent r="3" t="234" w="390" /><ent r="3" t="235" w="86" /><ent r="3" t="235" w="405" /><ent r="3" t="236" w="84" /><ent r="3" t="237" w="167" /><ent r="3" t="238" w="247" /><ent r="3" t="239" w="391" /><ent r="3" t="240" w="70" /><ent r="3" t="241" w="153" /><ent r="3" t="242" w="168" /><ent r="3" t="243" w="221" /><ent r="3" t="244" w="469" /><ent r="3" t="245" w="409" /><ent r="3" t="254" w="56" /><ent r="3" t="292" w="54" /><ent r="3" t="292" w="57" /><ent r="3" t="292" w="184" /></phr><phr n="returning"><ent r="4" t="59" w="562" /><ent r="4" t="59" w="801" /><ent r="3" t="77" w="67" /><ent r="4" t="178" w="264" /><ent r="4" t="179" w="182" /><ent r="3" t="183" w="327" /><ent r="3" t="183" w="343" /><ent r="3" t="184" w="178" /></phr></stem><stem n="condit"><phr n="conditions"><ent r="6" t="5" w="66" /><ent r="6" t="5" w="183" /><ent r="3" t="58" w="288" /><ent r="3" t="176" w="189" /><ent r="3" t="181" w="174" /><ent r="3" t="195" w="182" /><ent r="3" t="201" w="375" /><ent r="3" t="202" w="547" /><ent r="3" t="203" w="421" /><ent r="3" t="204" w="257" /><ent r="3" t="205" w="426" /><ent r="3" t="206" w="233" /></phr><phr n="condition"><ent r="7" t="39" w="507" /><ent r="7" t="39" w="540" /><ent r="4" t="42" w="326" /><ent r="6" t="85" w="215" /><ent r="4" t="118" w="32" /><ent r="4" t="119" w="40" /><ent r="4" t="120" w="33" /><ent r="6" t="142" w="270" /><ent r="3" t="149" w="772" /><ent r="3" t="169" w="228" /><ent r="3" t="181" w="22" /><ent r="3" t="181" w="58" /><ent r="3" t="181" w="71" /><ent r="3" t="181" w="83" /><ent r="3" t="181" w="93" /><ent r="3" t="181" w="114" /><ent r="3" t="181" w="132" /><ent r="3" t="181" w="141" /><ent r="3" t="181" w="180" /><ent r="3" t="181" w="188" /><ent r="3" t="182" w="22" /><ent r="3" t="182" w="51" /><ent r="3" t="182" w="63" /><ent r="3" t="182" w="73" /><ent r="3" t="182" w="90" /><ent r="3" t="182" w="113" /><ent r="3" t="182" w="143" /><ent r="4" t="182" w="152" /><ent r="4" t="182" w="165" /><ent r="3" t="183" w="22" /><ent r="3" t="183" w="57" /><ent r="3" t="183" w="82" /><ent r="3" t="183" w="95" /><ent r="3" t="183" w="109" /><ent r="3" t="183" w="137" /><ent r="3" t="183" w="151" /><ent r="3" t="183" w="160" /><ent r="3" t="183" w="174" /><ent r="3" t="183" w="187" /><ent r="3" t="183" w="214" /><ent r="3" t="183" w="226" /><ent r="3" t="183" w="231" /><ent r="3" t="183" w="251" /><ent r="3" t="183" w="260" /><ent r="3" t="183" w="280" /><ent r="3" t="183" w="298" /><ent r="3" t="183" w="319" /><ent r="3" t="183" w="332" /><ent r="4" t="183" w="370" /><ent r="3" t="184" w="26" /><ent r="3" t="184" w="52" /><ent r="3" t="184" w="73" /><ent r="3" t="184" w="83" /><ent r="3" t="184" w="90" /><ent r="3" t="184" w="101" /><ent r="3" t="184" w="120" /><ent r="3" t="184" w="129" /><ent r="3" t="184" w="173" /><ent r="3" t="185" w="26" /><ent r="3" t="185" w="52" /><ent r="3" t="185" w="74" /><ent r="3" t="185" w="94" /><ent r="3" t="185" w="116" /><ent r="3" t="259" w="16" /><ent r="3" t="259" w="62" /><ent r="3" t="259" w="75" /><ent r="3" t="260" w="15" /></phr><phr n="conditional"><ent r="3" t="68" w="14" /><ent r="3" t="68" w="67" /><ent r="3" t="68" w="177" /><ent r="4" t="68" w="207" /><ent r="3" t="142" w="111" /></phr></stem><stem n="creat"><phr n="created"><ent r="6" t="5" w="72" /><ent r="3" t="6" w="129" /><ent r="5" t="11" w="205" /><ent r="4" t="17" w="54" /><ent r="56" t="27" w="146" /><ent r="5" t="27" w="171" /><ent r="3" t="29" w="28" /><ent r="7" t="39" w="530" /><ent r="3" t="42" w="106" /><ent r="3" t="81" w="27" /><ent r="3" t="84" w="16" /><ent r="3" t="87" w="130" /><ent r="3" t="88" w="62" /><ent r="3" t="91" w="103" /><ent r="3" t="117" w="17" /><ent r="3" t="142" w="31" /><ent r="3" t="149" w="198" /><ent r="3" t="149" w="223" /><ent r="3" t="149" w="254" /><ent r="3" t="149" w="264" /><ent r="3" t="149" w="343" /><ent r="3" t="149" w="659" /><ent r="3" t="149" w="955" /><ent r="3" t="150" w="182" /><ent r="3" t="152" w="75" /><ent r="4" t="177" w="174" /><ent r="4" t="182" w="173" /><ent r="3" t="221" w="38" /><ent r="3" t="223" w="449" /><ent r="3" t="226" w="403" /><ent r="3" t="227" w="346" /><ent r="3" t="227" w="414" /><ent r="3" t="228" w="45" /><ent r="3" t="229" w="19" /><ent r="3" t="230" w="114" /><ent r="3" t="231" w="148" /><ent r="3" t="232" w="210" /><ent r="3" t="232" w="277" /><ent r="3" t="232" w="563" /><ent r="3" t="232" w="590" /><ent r="4" t="232" w="610" /><ent r="3" t="233" w="107" /><ent r="3" t="233" w="174" /><ent r="3" t="233" w="470" /><ent r="3" t="233" w="497" /><ent r="4" t="233" w="517" /><ent r="3" t="234" w="20" /><ent r="3" t="234" w="153" /><ent r="3" t="234" w="327" /><ent r="3" t="235" w="168" /><ent r="3" t="235" w="342" /><ent r="3" t="236" w="134" /><ent r="3" t="236" w="312" /><ent r="4" t="277" w="178" /><ent r="6" t="310" w="318" /></phr><phr n="create"><ent r="3" t="6" w="244" /><ent r="3" t="10" w="51" /><ent r="8" t="11" w="121" /><ent r="8" t="11" w="128" /><ent r="8" t="11" w="152" /><ent r="3" t="14" w="16" /><ent r="3" t="18" w="19" /><ent r="4" t="18" w="216" /><ent r="65" t="32" w="88" /><ent r="4" t="35" w="169" /><ent r="3" t="35" w="212" /><ent r="4" t="35" w="262" /><ent r="66" t="36" w="464" /><ent r="4" t="43" w="301" /><ent r="4" t="43" w="356" /><ent r="3" t="51" w="42" /><ent r="3" t="74" w="57" /><ent r="5" t="75" w="163" /><ent r="4" t="76" w="44" /><ent r="3" t="76" w="223" /><ent r="3" t="76" w="233" /><ent r="3" t="76" w="256" /><ent r="4" t="77" w="173" /><ent r="5" t="77" w="293" /><ent r="4" t="78" w="93" /><ent r="4" t="79" w="41" /><ent r="1000" t="83" w="1" /><ent r="72" t="83" w="5" /><ent r="3" t="83" w="19" /><ent r="64" t="83" w="27" /><ent r="64" t="83" w="61" /><ent r="64" t="84" w="37" /><ent r="64" t="90" w="40" /><ent r="3" t="90" w="57" /><ent r="3" t="98" w="27" /><ent r="5" t="99" w="201" /><ent r="4" t="104" w="121" /><ent r="5" t="105" w="19" /><ent r="5" t="105" w="55" /><ent r="6" t="112" w="231" /><ent r="3" t="113" w="71" /><ent r="3" t="113" w="91" /><ent r="3" t="116" w="17" /><ent r="65" t="116" w="23" /><ent r="65" t="131" w="48" /><ent r="4" t="132" w="32" /><ent r="65" t="135" w="37" /><ent r="65" t="135" w="58" /><ent r="65" t="135" w="64" /><ent r="67" t="142" w="334" /><ent r="65" t="146" w="129" /><ent r="1000" t="149" w="2" /><ent r="72" t="149" w="6" /><ent r="4" t="149" w="25" /><ent r="4" t="149" w="35" /><ent r="4" t="149" w="42" /><ent r="3" t="149" w="69" /><ent r="3" t="149" w="189" /><ent r="3" t="149" w="210" /><ent r="3" t="149" w="282" /><ent r="3" t="149" w="373" /><ent r="3" t="149" w="409" /><ent r="4" t="149" w="597" /><ent r="3" t="149" w="796" /><ent r="4" t="149" w="880" /><ent r="4" t="149" w="1047" /><ent r="4" t="149" w="1299" /><ent r="4" t="149" w="1314" /><ent r="3" t="150" w="60" /><ent r="3" t="152" w="77" /><ent r="3" t="155" w="54" /><ent r="1000" t="187" w="2" /><ent r="72" t="187" w="6" /><ent r="4" t="187" w="12" /><ent r="3" t="187" w="28" /><ent r="4" t="187" w="191" /><ent r="4" t="187" w="213" /><ent r="1000" t="196" w="2" /><ent r="72" t="196" w="6" /><ent r="4" t="196" w="12" /><ent r="3" t="196" w="29" /><ent r="3" t="196" w="55" /><ent r="5" t="196" w="131" /><ent r="4" t="196" w="358" /><ent r="3" t="196" w="362" /><ent r="4" t="196" w="434" /><ent r="4" t="196" w="469" /><ent r="3" t="197" w="31" /><ent r="4" t="221" w="45" /><ent r="3" t="221" w="493" /><ent r="1000" t="223" w="3" /><ent r="72" t="223" w="9" /><ent r="4" t="223" w="15" /><ent r="3" t="223" w="77" /><ent r="3" t="226" w="330" /><ent r="4" t="226" w="391" /><ent r="1000" t="228" w="2" /><ent r="72" t="228" w="7" /><ent r="4" t="228" w="12" /><ent r="3" t="228" w="29" /><ent r="4" t="228" w="196" /><ent r="4" t="229" w="23" /><ent r="4" t="230" w="146" /><ent r="4" t="231" w="345" /><ent r="1000" t="232" w="2" /><ent r="72" t="232" w="8" /><ent r="4" t="232" w="14" /><ent r="3" t="232" w="30" /><ent r="4" t="232" w="391" /><ent r="3" t="232" w="397" /><ent r="4" t="232" w="421" /><ent r="3" t="232" w="520" /><ent r="4" t="232" w="538" /><ent r="1000" t="233" w="2" /><ent r="72" t="233" w="7" /><ent r="4" t="233" w="12" /><ent r="3" t="233" w="36" /><ent r="4" t="233" w="287" /><ent r="3" t="233" w="292" /><ent r="4" t="233" w="331" /><ent r="3" t="233" w="428" /><ent r="4" t="233" w="446" /><ent r="4" t="234" w="24" /><ent r="4" t="234" w="31" /><ent r="4" t="234" w="285" /><ent r="4" t="235" w="300" /><ent r="4" t="236" w="270" /><ent r="4" t="237" w="113" /><ent r="4" t="238" w="139" /><ent r="64" t="249" w="24" /><ent r="4" t="265" w="37" /><ent r="4" t="266" w="42" /><ent r="4" t="272" w="41" /><ent r="4" t="274" w="25" /><ent r="4" t="276" w="28" /><ent r="6" t="312" w="313" /></phr><phr n="creating"><ent r="3" t="6" w="261" /><ent r="1000" t="11" w="1" /><ent r="82" t="11" w="5" /><ent r="7" t="39" w="515" /><ent r="65" t="42" w="398" /><ent r="66" t="43" w="460" /><ent r="82" t="71" w="10" /><ent r="3" t="71" w="210" /><ent r="3" t="80" w="48" /><ent r="4" t="109" w="53" /><ent r="3" t="131" w="30" /><ent r="3" t="149" w="705" /><ent r="3" t="149" w="816" /><ent r="3" t="149" w="827" /><ent r="3" t="221" w="403" /><ent r="3" t="232" w="439" /><ent r="3" t="233" w="349" /></phr><phr n="creates"><ent r="6" t="11" w="221" /><ent r="3" t="18" w="23" /><ent r="3" t="91" w="86" /><ent r="4" t="92" w="40" /><ent r="4" t="105" w="11" /><ent r="3" t="176" w="114" /><ent r="3" t="176" w="148" /><ent r="3" t="181" w="112" /><ent r="3" t="187" w="183" /><ent r="3" t="187" w="216" /><ent r="3" t="228" w="16" /><ent r="3" t="232" w="19" /><ent r="3" t="233" w="16" /><ent r="3" t="237" w="16" /><ent r="3" t="238" w="18" /></phr></stem></index>