<?xml version="1.0" encoding="utf-8"?><index><stem n="everi"><phr n="every"><ent r="6" t="5" w="238" /><ent r="4" t="18" w="97" /><ent r="4" t="18" w="153" /><ent r="3" t="51" w="179" /><ent r="3" t="77" w="25" /></phr></stem><stem n="power"><phr n="power"><ent r="6" t="5" w="239" /><ent r="1000" t="77" w="2" /><ent r="92" t="77" w="6" /><ent r="3" t="77" w="26" /><ent r="3" t="77" w="36" /><ent r="3" t="77" w="89" /><ent r="3" t="77" w="102" /><ent r="3" t="77" w="118" /><ent r="64" t="77" w="223" /><ent r="4" t="77" w="269" /><ent r="55" t="78" w="107" /><ent r="54" t="83" w="72" /><ent r="115" t="83" w="83" /><ent r="1000" t="87" w="1" /><ent r="92" t="87" w="4" /><ent r="3" t="87" w="9" /><ent r="3" t="87" w="63" /><ent r="3" t="87" w="80" /><ent r="3" t="87" w="106" /><ent r="3" t="87" w="188" /><ent r="3" t="88" w="15" /><ent r="3" t="88" w="37" /><ent r="3" t="88" w="74" /><ent r="3" t="89" w="14" /><ent r="3" t="90" w="62" /><ent r="3" t="90" w="79" /><ent r="4" t="90" w="92" /><ent r="3" t="91" w="34" /><ent r="3" t="91" w="95" /><ent r="4" t="91" w="163" /><ent r="6" t="310" w="76" /></phr></stem><stem n="cycl"><phr n="cycle"><ent r="6" t="5" w="240" /><ent r="3" t="27" w="26" /></phr></stem><stem n="randomli"><phr n="randomly"><ent r="6" t="5" w="241" /></phr></stem><stem n="(for"><phr n="(for"><ent r="6" t="5" w="242" /><ent r="58" t="39" w="359" /><ent r="3" t="97" w="315" /><ent r="3" t="99" w="113" /><ent r="3" t="123" w="63" /><ent r="3" t="176" w="171" /><ent r="3" t="181" w="156" /></phr></stem><stem n="exampl"><phr n="example"><ent r="6" t="5" w="243" /><ent r="3" t="16" w="44" /><ent r="3" t="17" w="184" /><ent r="3" t="24" w="78" /><ent r="58" t="39" w="360" /><ent r="3" t="40" w="44" /><ent r="3" t="42" w="680" /><ent r="3" t="52" w="14" /><ent r="3" t="53" w="201" /><ent r="3" t="59" w="169" /><ent r="3" t="59" w="328" /><ent r="4" t="60" w="82" /><ent r="3" t="62" w="50" /><ent r="3" t="62" w="386" /><ent r="3" t="64" w="185" /><ent r="3" t="64" w="421" /><ent r="3" t="64" w="655" /><ent r="3" t="67" w="59" /><ent r="3" t="68" w="91" /><ent r="3" t="69" w="200" /><ent r="3" t="70" w="132" /><ent r="3" t="71" w="170" /><ent r="3" t="72" w="85" /><ent r="3" t="73" w="76" /><ent r="3" t="74" w="68" /><ent r="3" t="82" w="59" /><ent r="3" t="83" w="48" /><ent r="3" t="93" w="163" /><ent r="3" t="93" w="184" /><ent r="3" t="97" w="316" /><ent r="3" t="99" w="114" /><ent r="3" t="104" w="32" /><ent r="4" t="107" w="35" /><ent r="3" t="123" w="64" /><ent r="3" t="126" w="71" /><ent r="3" t="129" w="37" /><ent r="1000" t="134" w="1" /><ent r="62" t="134" w="5" /><ent r="3" t="134" w="10" /><ent r="3" t="134" w="36" /><ent r="3" t="149" w="701" /><ent r="3" t="149" w="851" /><ent r="3" t="169" w="193" /><ent r="3" t="176" w="172" /><ent r="3" t="181" w="157" /><ent r="3" t="207" w="226" /><ent r="3" t="268" w="26" /></phr><phr n="Examples"><ent r="64" t="16" w="38" /><ent r="64" t="26" w="41" /><ent r="1000" t="30" w="3" /><ent r="82" t="30" w="7" /><ent r="3" t="30" w="13" /><ent r="1000" t="31" w="2" /><ent r="82" t="31" w="5" /><ent r="3" t="31" w="13" /><ent r="3" t="36" w="274" /><ent r="3" t="41" w="64" /><ent r="64" t="75" w="506" /><ent r="3" t="134" w="75" /><ent r="3" t="224" w="365" /><ent r="6" t="310" w="206" /></phr></stem><stem n="boot"><phr n="boot"><ent r="6" t="5" w="244" /></phr></stem><stem n="sleep"><phr n="sleep"><ent r="6" t="5" w="245" /><ent r="3" t="178" w="211" /><ent r="3" t="183" w="310" /></phr></stem><stem n="hibern"><phr n="hibernate"><ent r="6" t="5" w="246" /></phr><phr n="hibernation"><ent r="3" t="77" w="31" /></phr><phr n="hibernated"><ent r="4" t="133" w="73" /></phr></stem><stem n="/sleep/hibernate)."><phr n="/sleep/hibernate)."><ent r="6" t="5" w="247" /></phr></stem><stem n="store"><phr n="stored"><ent r="6" t="5" w="250" /><ent r="3" t="16" w="21" /><ent r="5" t="27" w="89" /><ent r="7" t="27" w="257" /><ent r="5" t="30" w="125" /><ent r="3" t="58" w="923" /><ent r="3" t="62" w="78" /><ent r="6" t="69" w="169" /><ent r="3" t="77" w="16" /><ent r="4" t="82" w="85" /><ent r="3" t="101" w="359" /><ent r="3" t="101" w="385" /><ent r="3" t="133" w="115" /><ent r="3" t="133" w="252" /><ent r="3" t="149" w="421" /><ent r="3" t="204" w="425" /><ent r="3" t="206" w="183" /></phr><phr n="store"><ent r="55" t="78" w="191" /><ent r="1000" t="84" w="1" /><ent r="72" t="84" w="6" /><ent r="4" t="90" w="120" /><ent r="3" t="103" w="22" /><ent r="3" t="112" w="319" /><ent r="3" t="112" w="337" /><ent r="4" t="144" w="179" /><ent r="3" t="149" w="384" /><ent r="3" t="149" w="392" /><ent r="3" t="151" w="93" /><ent r="3" t="201" w="304" /><ent r="3" t="204" w="168" /><ent r="3" t="211" w="146" /><ent r="3" t="268" w="20" /></phr><phr n="stores"><ent r="3" t="208" w="116" /><ent r="3" t="209" w="159" /><ent r="3" t="210" w="89" /><ent r="3" t="211" w="77" /><ent r="3" t="215" w="153" /><ent r="3" t="216" w="161" /><ent r="3" t="217" w="87" /><ent r="3" t="218" w="79" /><ent r="3" t="221" w="150" /><ent r="3" t="222" w="101" /><ent r="3" t="223" w="219" /><ent r="3" t="224" w="195" /><ent r="3" t="225" w="141" /><ent r="3" t="226" w="171" /><ent r="3" t="227" w="201" /></phr><phr n="storing"><ent r="3" t="218" w="147" /><ent r="3" t="222" w="174" /></phr></stem><stem n="handl"><phr n="handle"><ent r="6" t="5" w="269" /><ent r="6" t="7" w="213" /><ent r="7" t="39" w="631" /><ent r="4" t="42" w="657" /><ent r="3" t="77" w="100" /><ent r="3" t="77" w="116" /><ent r="55" t="78" w="105" /><ent r="54" t="83" w="71" /><ent r="3" t="87" w="78" /><ent r="3" t="87" w="105" /><ent r="3" t="88" w="35" /><ent r="3" t="90" w="78" /><ent r="3" t="112" w="331" /><ent r="3" t="126" w="29" /><ent r="3" t="127" w="180" /><ent r="3" t="149" w="499" /><ent r="3" t="149" w="1121" /><ent r="3" t="150" w="54" /><ent r="3" t="150" w="84" /><ent r="3" t="150" w="125" /><ent r="3" t="169" w="147" /><ent r="3" t="169" w="185" /><ent r="3" t="170" w="44" /><ent r="3" t="170" w="116" /><ent r="3" t="173" w="27" /><ent r="3" t="187" w="35" /><ent r="3" t="187" w="37" /><ent r="4" t="187" w="54" /><ent r="3" t="187" w="59" /><ent r="3" t="188" w="36" /><ent r="3" t="188" w="38" /><ent r="4" t="188" w="44" /><ent r="3" t="188" w="47" /><ent r="3" t="189" w="48" /><ent r="3" t="189" w="50" /><ent r="4" t="189" w="56" /><ent r="3" t="189" w="59" /><ent r="3" t="190" w="51" /><ent r="3" t="190" w="53" /><ent r="4" t="190" w="63" /><ent r="3" t="190" w="66" /><ent r="3" t="191" w="59" /><ent r="3" t="191" w="83" /><ent r="4" t="191" w="97" /><ent r="3" t="191" w="139" /><ent r="3" t="192" w="37" /><ent r="3" t="192" w="39" /><ent r="4" t="192" w="45" /><ent r="3" t="192" w="48" /><ent r="3" t="208" w="80" /><ent r="3" t="208" w="84" /><ent r="4" t="208" w="92" /><ent r="3" t="208" w="98" /><ent r="4" t="208" w="155" /><ent r="3" t="209" w="37" /><ent r="3" t="209" w="73" /><ent r="3" t="209" w="76" /><ent r="4" t="209" w="135" /><ent r="3" t="209" w="141" /><ent r="3" t="210" w="49" /><ent r="3" t="210" w="52" /><ent r="4" t="210" w="65" /><ent r="3" t="210" w="71" /><ent r="3" t="210" w="212" /><ent r="3" t="211" w="43" /><ent r="3" t="211" w="46" /><ent r="4" t="211" w="53" /><ent r="3" t="211" w="59" /><ent r="3" t="211" w="111" /><ent r="3" t="215" w="90" /><ent r="3" t="215" w="94" /><ent r="4" t="215" w="127" /><ent r="3" t="215" w="133" /><ent r="3" t="215" w="191" /><ent r="3" t="216" w="39" /><ent r="3" t="216" w="75" /><ent r="3" t="216" w="78" /><ent r="4" t="216" w="137" /><ent r="3" t="216" w="143" /><ent r="3" t="216" w="198" /><ent r="4" t="216" w="252" /><ent r="3" t="217" w="45" /><ent r="3" t="217" w="48" /><ent r="4" t="217" w="63" /><ent r="3" t="217" w="69" /><ent r="3" t="217" w="153" /><ent r="4" t="217" w="206" /><ent r="3" t="217" w="265" /><ent r="3" t="218" w="45" /><ent r="3" t="218" w="48" /><ent r="4" t="218" w="55" /><ent r="3" t="218" w="61" /><ent r="3" t="218" w="113" /><ent r="3" t="221" w="111" /><ent r="3" t="221" w="115" /><ent r="4" t="221" w="123" /><ent r="3" t="221" w="129" /><ent r="3" t="221" w="203" /><ent r="3" t="222" w="64" /><ent r="3" t="222" w="67" /><ent r="4" t="222" w="74" /><ent r="3" t="222" w="80" /><ent r="3" t="222" w="153" /><ent r="3" t="223" w="98" /><ent r="3" t="223" w="101" /><ent r="4" t="223" w="192" /><ent r="3" t="223" w="198" /><ent r="3" t="223" w="270" /><ent r="3" t="224" w="86" /><ent r="3" t="224" w="89" /><ent r="4" t="224" w="168" /><ent r="3" t="224" w="174" /><ent r="3" t="224" w="246" /><ent r="3" t="225" w="78" /><ent r="3" t="225" w="81" /><ent r="4" t="225" w="114" /><ent r="3" t="225" w="120" /><ent r="3" t="225" w="210" /><ent r="3" t="226" w="64" /><ent r="3" t="226" w="67" /><ent r="4" t="226" w="144" /><ent r="3" t="226" w="150" /><ent r="3" t="226" w="220" /><ent r="3" t="227" w="71" /><ent r="3" t="227" w="74" /><ent r="4" t="227" w="174" /><ent r="3" t="227" w="180" /><ent r="3" t="227" w="259" /><ent r="3" t="237" w="264" /><ent r="3" t="238" w="344" /><ent r="65" t="247" w="89" /><ent r="3" t="248" w="20" /><ent r="3" t="248" w="24" /><ent r="3" t="254" w="69" /><ent r="1000" t="261" w="5" /><ent r="72" t="261" w="12" /><ent r="4" t="261" w="24" /><ent r="3" t="261" w="39" /></phr><phr n="Handling"><ent r="68" t="39" w="642" /><ent r="3" t="41" w="68" /><ent r="6" t="54" w="88" /><ent r="1000" t="58" w="2" /><ent r="72" t="58" w="5" /><ent r="3" t="58" w="16" /><ent r="1000" t="77" w="1" /><ent r="92" t="77" w="5" /><ent r="3" t="88" w="76" /><ent r="3" t="89" w="12" /><ent r="3" t="90" w="64" /><ent r="4" t="90" w="90" /><ent r="3" t="91" w="36" /><ent r="65" t="124" w="58" /><ent r="1000" t="126" w="3" /><ent r="72" t="126" w="7" /><ent r="4" t="126" w="139" /><ent r="3" t="126" w="181" /><ent r="6" t="127" w="346" /><ent r="4" t="144" w="103" /><ent r="64" t="169" w="233" /><ent r="4" t="169" w="348" /><ent r="64" t="170" w="127" /><ent r="3" t="252" w="26" /><ent r="6" t="310" w="246" /><ent r="6" t="312" w="85" /><ent r="6" t="318" w="38" /></phr><phr n="handled"><ent r="3" t="83" w="46" /><ent r="3" t="126" w="67" /><ent r="4" t="126" w="162" /><ent r="4" t="169" w="371" /><ent r="3" t="254" w="93" /></phr><phr n="handles"><ent r="3" t="191" w="61" /><ent r="4" t="191" w="101" /><ent r="3" t="191" w="106" /><ent r="3" t="191" w="314" /><ent r="3" t="243" w="20" /><ent r="3" t="244" w="15" /><ent r="3" t="245" w="15" /></phr></stem><stem n="side"><phr n="side"><ent r="6" t="5" w="270" /><ent r="4" t="59" w="666" /><ent r="4" t="59" w="668" /><ent r="4" t="59" w="727" /><ent r="4" t="59" w="729" /><ent r="4" t="59" w="785" /><ent r="4" t="94" w="308" /><ent r="3" t="133" w="297" /><ent r="3" t="133" w="315" /><ent r="3" t="193" w="205" /><ent r="3" t="194" w="221" /></phr></stem><stem n="channel"><phr n="channel"><ent r="6" t="5" w="271" /><ent r="4" t="78" w="139" /><ent r="3" t="93" w="59" /><ent r="3" t="93" w="73" /><ent r="3" t="93" w="170" /><ent r="3" t="94" w="39" /><ent r="1000" t="95" w="2" /><ent r="72" t="95" w="6" /><ent r="3" t="95" w="105" /><ent r="3" t="96" w="30" /><ent r="3" t="99" w="93" /><ent r="3" t="133" w="298" /><ent r="3" t="133" w="316" /></phr><phr n="channels"><ent r="3" t="221" w="348" /></phr></stem><stem n="revers"><phr n="reverse"><ent r="6" t="5" w="274" /></phr></stem><stem n="engin"><phr n="engineering"><ent r="6" t="5" w="275" /></phr></stem><stem n="up"><phr n="up"><ent r="6" t="5" w="278" /><ent r="1000" t="9" w="2" /><ent r="102" t="9" w="9" /><ent r="4" t="17" w="126" /><ent r="3" t="25" w="104" /><ent r="4" t="34" w="80" /><ent r="4" t="91" w="138" /><ent r="3" t="121" w="92" /><ent r="3" t="133" w="340" /><ent r="3" t="160" w="59" /><ent r="3" t="183" w="183" /><ent r="3" t="183" w="386" /><ent r="3" t="184" w="158" /><ent r="3" t="185" w="121" /><ent r="3" t="211" w="14" /><ent r="3" t="212" w="519" /><ent r="3" t="213" w="544" /><ent r="3" t="218" w="14" /><ent r="3" t="222" w="17" /><ent r="3" t="226" w="384" /><ent r="3" t="232" w="260" /><ent r="4" t="233" w="157" /><ent r="6" t="310" w="768" /></phr></stem><stem n="build"><phr n="build"><ent r="6" t="5" w="286" /><ent r="3" t="5" w="325" /><ent r="1000" t="12" w="4" /><ent r="82" t="12" w="11" /><ent r="3" t="15" w="25" /><ent r="5" t="16" w="214" /><ent r="4" t="18" w="98" /><ent r="4" t="18" w="154" /><ent r="3" t="20" w="134" /><ent r="3" t="20" w="139" /><ent r="4" t="20" w="146" /><ent r="4" t="20" w="149" /><ent r="4" t="20" w="193" /><ent r="4" t="20" w="196" /><ent r="4" t="20" w="200" /><ent r="3" t="24" w="59" /><ent r="3" t="25" w="126" /><ent r="4" t="26" w="499" /><ent r="5" t="27" w="60" /><ent r="5" t="27" w="92" /><ent r="7" t="27" w="203" /><ent r="7" t="27" w="272" /><ent r="3" t="30" w="36" /><ent r="5" t="30" w="89" /><ent r="6" t="30" w="184" /><ent r="5" t="36" w="436" /><ent r="4" t="38" w="117" /><ent r="4" t="38" w="124" /><ent r="4" t="39" w="236" /><ent r="3" t="43" w="258" /><ent r="4" t="43" w="473" /><ent r="3" t="44" w="202" /><ent r="4" t="68" w="237" /><ent r="3" t="75" w="28" /><ent r="55" t="75" w="214" /><ent r="3" t="123" w="105" /><ent r="3" t="312" w="23" /><ent r="3" t="313" w="27" /></phr><phr n="building"><ent r="5" t="43" w="447" /><ent r="4" t="99" w="82" /></phr><phr n="builds"><ent r="3" t="69" w="186" /><ent r="3" t="69" w="190" /><ent r="4" t="99" w="486" /><ent r="4" t="99" w="608" /><ent r="3" t="149" w="290" /><ent r="3" t="149" w="306" /></phr></stem><stem n="type"><phr n="types"><ent r="6" t="5" w="293" /><ent r="1000" t="22" w="3" /><ent r="92" t="22" w="7" /><ent r="3" t="22" w="21" /><ent r="5" t="34" w="92" /><ent r="3" t="45" w="21" /><ent r="3" t="51" w="27" /><ent r="3" t="52" w="6" /><ent r="3" t="52" w="34" /><ent r="3" t="53" w="12" /><ent r="3" t="53" w="27" /><ent r="3" t="53" w="127" /><ent r="3" t="53" w="157" /><ent r="3" t="53" w="184" /><ent r="64" t="53" w="191" /><ent r="6" t="54" w="29" /><ent r="1000" t="55" w="2" /><ent r="82" t="55" w="5" /><ent r="3" t="55" w="12" /><ent r="3" t="55" w="62" /><ent r="3" t="55" w="75" /><ent r="3" t="56" w="12" /><ent r="3" t="56" w="17" /><ent r="3" t="56" w="151" /><ent r="3" t="62" w="550" /><ent r="3" t="64" w="192" /><ent r="3" t="64" w="306" /><ent r="3" t="64" w="649" /><ent r="1000" t="65" w="4" /><ent r="72" t="65" w="9" /><ent r="3" t="65" w="20" /><ent r="3" t="65" w="48" /><ent r="3" t="67" w="66" /><ent r="3" t="67" w="125" /><ent r="3" t="67" w="172" /><ent r="6" t="85" w="146" /><ent r="3" t="89" w="18" /><ent r="3" t="98" w="292" /><ent r="65" t="114" w="52" /><ent r="3" t="142" w="123" /><ent r="64" t="142" w="128" /><ent r="3" t="191" w="320" /><ent r="1000" t="246" w="1" /><ent r="92" t="246" w="5" /><ent r="3" t="246" w="13" /><ent r="3" t="247" w="14" /><ent r="3" t="293" w="17" /><ent r="6" t="316" w="47" /><ent r="6" t="320" w="112" /></phr><phr n="Type"><ent r="7" t="11" w="118" /><ent r="6" t="26" w="572" /><ent r="4" t="32" w="172" /><ent r="5" t="34" w="85" /><ent r="5" t="34" w="111" /><ent r="3" t="35" w="42" /><ent r="3" t="41" w="20" /><ent r="3" t="42" w="33" /><ent r="4" t="42" w="580" /><ent r="3" t="51" w="251" /><ent r="3" t="53" w="176" /><ent r="4" t="59" w="402" /><ent r="4" t="59" w="464" /><ent r="4" t="59" w="655" /><ent r="4" t="59" w="716" /><ent r="3" t="62" w="100" /><ent r="3" t="62" w="310" /><ent r="4" t="62" w="316" /><ent r="3" t="62" w="321" /><ent r="3" t="63" w="72" /><ent r="3" t="64" w="40" /><ent r="3" t="64" w="518" /><ent r="3" t="64" w="533" /><ent r="3" t="64" w="611" /><ent r="3" t="64" w="616" /><ent r="3" t="64" w="697" /><ent r="3" t="64" w="706" /><ent r="3" t="65" w="43" /><ent r="3" t="65" w="82" /><ent r="3" t="65" w="111" /><ent r="3" t="65" w="144" /><ent r="3" t="66" w="116" /><ent r="3" t="66" w="124" /><ent r="3" t="67" w="56" /><ent r="3" t="69" w="371" /><ent r="64" t="80" w="143" /><ent r="3" t="91" w="25" /><ent r="3" t="91" w="39" /><ent r="3" t="96" w="80" /><ent r="4" t="99" w="60" /><ent r="5" t="99" w="544" /><ent r="5" t="99" w="567" /><ent r="3" t="104" w="14" /><ent r="1000" t="114" w="11" /><ent r="102" t="114" w="17" /><ent r="3" t="114" w="32" /><ent r="3" t="126" w="104" /><ent r="4" t="144" w="97" /><ent r="3" t="149" w="980" /><ent r="3" t="151" w="79" /><ent r="3" t="151" w="100" /><ent r="3" t="154" w="40" /><ent r="3" t="154" w="43" /><ent r="4" t="154" w="110" /><ent r="4" t="154" w="268" /><ent r="3" t="193" w="165" /><ent r="3" t="194" w="185" /><ent r="3" t="195" w="402" /><ent r="3" t="239" w="82" /><ent r="3" t="239" w="84" /><ent r="4" t="239" w="110" /><ent r="3" t="239" w="114" /><ent r="65" t="246" w="22" /><ent r="1000" t="247" w="1" /><ent r="82" t="247" w="4" /><ent r="65" t="247" w="39" /><ent r="65" t="247" w="191" /><ent r="65" t="247" w="251" /><ent r="3" t="249" w="13" /><ent r="3" t="250" w="33" /><ent r="3" t="250" w="43" /><ent r="1000" t="251" w="3" /><ent r="72" t="251" w="8" /><ent r="4" t="251" w="15" /><ent r="3" t="251" w="25" /><ent r="3" t="251" w="35" /><ent r="3" t="251" w="45" /><ent r="3" t="251" w="59" /><ent r="3" t="251" w="75" /><ent r="3" t="253" w="15" /><ent r="3" t="253" w="61" /><ent r="3" t="253" w="64" /><ent r="4" t="253" w="109" /><ent r="3" t="253" w="113" /><ent r="3" t="255" w="10" /><ent r="3" t="256" w="10" /><ent r="3" t="256" w="37" /><ent r="3" t="256" w="47" /><ent r="3" t="257" w="12" /><ent r="3" t="259" w="12" /><ent r="4" t="261" w="16" /><ent r="3" t="271" w="10" /><ent r="3" t="279" w="13" /><ent r="3" t="280" w="9" /><ent r="3" t="281" w="9" /><ent r="3" t="281" w="32" /><ent r="4" t="281" w="101" /><ent r="3" t="281" w="109" /><ent r="1000" t="282" w="4" /><ent r="72" t="282" w="10" /><ent r="3" t="282" w="17" /><ent r="3" t="282" w="39" /><ent r="3" t="283" w="9" /><ent r="3" t="286" w="9" /><ent r="3" t="287" w="11" /><ent r="3" t="290" w="11" /><ent r="3" t="291" w="13" /><ent r="1000" t="293" w="4" /><ent r="72" t="293" w="10" /><ent r="3" t="293" w="30" /><ent r="3" t="293" w="53" /><ent r="3" t="295" w="55" /><ent r="4" t="295" w="123" /><ent r="3" t="295" w="130" /><ent r="3" t="295" w="234" /><ent r="3" t="301" w="12" /><ent r="3" t="302" w="11" /><ent r="3" t="303" w="11" /><ent r="3" t="304" w="11" /><ent r="3" t="305" w="13" /><ent r="3" t="306" w="15" /><ent r="3" t="307" w="13" /><ent r="3" t="308" w="11" /><ent r="3" t="309" w="12" /><ent r="6" t="313" w="260" /><ent r="6" t="313" w="268" /><ent r="6" t="313" w="273" /></phr><phr n="typed"><ent r="6" t="320" w="147" /></phr></stem><stem n="strong"><phr n="strong"><ent r="3" t="5" w="303" /><ent r="3" t="133" w="215" /></phr></stem><stem n="sign"><phr n="signing"><ent r="3" t="5" w="308" /><ent r="7" t="11" w="160" /><ent r="8" t="11" w="166" /><ent r="65" t="13" w="72" /><ent r="4" t="13" w="80" /><ent r="1000" t="16" w="2" /><ent r="82" t="16" w="5" /><ent r="3" t="16" w="14" /><ent r="3" t="16" w="33" /><ent r="64" t="16" w="37" /><ent r="3" t="16" w="49" /><ent r="4" t="16" w="53" /><ent r="3" t="16" w="66" /><ent r="3" t="16" w="79" /><ent r="4" t="16" w="103" /><ent r="4" t="16" w="108" /><ent r="3" t="16" w="123" /><ent r="3" t="16" w="132" /><ent r="3" t="16" w="144" /><ent r="4" t="16" w="160" /><ent r="3" t="16" w="167" /><ent r="3" t="16" w="180" /><ent r="3" t="16" w="187" /><ent r="3" t="16" w="194" /><ent r="4" t="16" w="220" /><ent r="4" t="16" w="245" /><ent r="3" t="16" w="273" /><ent r="3" t="16" w="326" /><ent r="3" t="16" w="343" /><ent r="65" t="18" w="252" /><ent r="4" t="20" w="207" /><ent r="66" t="23" w="50" /><ent r="1000" t="25" w="3" /><ent r="92" t="25" w="8" /><ent r="3" t="25" w="33" /><ent r="3" t="25" w="80" /><ent r="64" t="26" w="40" /><ent r="3" t="26" w="47" /><ent r="6" t="26" w="87" /><ent r="6" t="26" w="92" /><ent r="6" t="26" w="105" /><ent r="6" t="26" w="153" /><ent r="3" t="26" w="242" /><ent r="6" t="26" w="324" /><ent r="6" t="26" w="339" /><ent r="6" t="26" w="383" /><ent r="6" t="26" w="403" /><ent r="1000" t="27" w="2" /><ent r="82" t="27" w="7" /><ent r="3" t="27" w="16" /><ent r="5" t="27" w="40" /><ent r="5" t="27" w="46" /><ent r="5" t="27" w="54" /><ent r="5" t="27" w="72" /><ent r="5" t="27" w="125" /><ent r="5" t="27" w="162" /><ent r="4" t="27" w="192" /><ent r="7" t="27" w="206" /><ent r="7" t="27" w="211" /><ent r="58" t="27" w="221" /><ent r="7" t="27" w="243" /><ent r="7" t="27" w="249" /><ent r="7" t="27" w="260" /><ent r="59" t="27" w="285" /><ent r="5" t="27" w="317" /><ent r="5" t="27" w="321" /><ent r="5" t="27" w="332" /><ent r="5" t="27" w="351" /><ent r="3" t="28" w="27" /><ent r="6" t="28" w="129" /><ent r="6" t="28" w="159" /><ent r="1000" t="29" w="1" /><ent r="82" t="29" w="5" /><ent r="3" t="29" w="11" /><ent r="3" t="29" w="42" /><ent r="3" t="29" w="78" /><ent r="3" t="29" w="86" /><ent r="1000" t="30" w="2" /><ent r="82" t="30" w="6" /><ent r="3" t="30" w="15" /><ent r="3" t="30" w="30" /><ent r="3" t="30" w="44" /><ent r="3" t="30" w="61" /><ent r="3" t="30" w="69" /><ent r="4" t="30" w="76" /><ent r="5" t="30" w="79" /><ent r="4" t="30" w="115" /><ent r="5" t="30" w="118" /><ent r="6" t="30" w="135" /><ent r="6" t="30" w="156" /><ent r="6" t="30" w="164" /><ent r="3" t="30" w="244" /><ent r="3" t="30" w="255" /><ent r="3" t="30" w="261" /><ent r="3" t="30" w="278" /><ent r="4" t="31" w="73" /><ent r="65" t="38" w="141" /><ent r="4" t="39" w="223" /><ent r="4" t="46" w="86" /><ent r="5" t="49" w="244" /><ent r="4" t="75" w="68" /><ent r="4" t="75" w="173" /><ent r="4" t="75" w="180" /><ent r="4" t="75" w="301" /><ent r="4" t="75" w="314" /><ent r="4" t="75" w="468" /><ent r="3" t="75" w="493" /><ent r="64" t="75" w="499" /><ent r="64" t="75" w="505" /><ent r="3" t="101" w="177" /><ent r="3" t="121" w="54" /><ent r="3" t="121" w="62" /><ent r="3" t="121" w="70" /><ent r="3" t="121" w="96" /><ent r="54" t="121" w="134" /><ent r="4" t="123" w="197" /><ent r="3" t="149" w="662" /><ent r="3" t="149" w="974" /><ent r="3" t="160" w="25" /><ent r="3" t="160" w="33" /><ent r="3" t="160" w="41" /><ent r="3" t="160" w="63" /><ent r="3" t="160" w="177" /><ent r="4" t="232" w="81" /><ent r="4" t="232" w="110" /><ent r="3" t="233" w="309" /></phr><phr n="sign"><ent r="6" t="7" w="124" /><ent r="8" t="11" w="187" /><ent r="3" t="15" w="147" /><ent r="4" t="15" w="153" /><ent r="4" t="15" w="212" /><ent r="4" t="15" w="237" /><ent r="3" t="16" w="190" /><ent r="4" t="18" w="188" /><ent r="4" t="18" w="239" /><ent r="4" t="18" w="241" /><ent r="3" t="20" w="129" /><ent r="3" t="20" w="161" /><ent r="3" t="20" w="163" /><ent r="4" t="25" w="24" /><ent r="3" t="25" w="29" /><ent r="4" t="25" w="99" /><ent r="1000" t="26" w="2" /><ent r="4" t="26" w="15" /><ent r="4" t="26" w="24" /><ent r="6" t="26" w="57" /><ent r="6" t="26" w="59" /><ent r="6" t="26" w="310" /><ent r="6" t="26" w="355" /><ent r="4" t="26" w="483" /><ent r="3" t="26" w="524" /><ent r="4" t="26" w="535" /><ent r="7" t="28" w="60" /><ent r="3" t="30" w="47" /><ent r="5" t="30" w="93" /><ent r="5" t="30" w="94" /><ent r="7" t="30" w="139" /><ent r="6" t="30" w="158" /><ent r="6" t="30" w="187" /><ent r="7" t="30" w="199" /><ent r="4" t="30" w="275" /><ent r="4" t="31" w="67" /><ent r="3" t="31" w="82" /><ent r="64" t="74" w="48" /><ent r="4" t="75" w="74" /><ent r="54" t="76" w="58" /><ent r="3" t="113" w="100" /><ent r="65" t="146" w="146" /><ent r="3" t="154" w="39" /><ent r="3" t="158" w="37" /><ent r="1000" t="226" w="3" /><ent r="72" t="226" w="7" /><ent r="4" t="226" w="11" /><ent r="3" t="226" w="34" /><ent r="4" t="227" w="352" /><ent r="65" t="247" w="190" /><ent r="3" t="281" w="31" /><ent r="4" t="281" w="100" /><ent r="1000" t="282" w="3" /><ent r="72" t="282" w="9" /><ent r="3" t="282" w="38" /><ent r="3" t="295" w="66" /><ent r="4" t="295" w="148" /><ent r="4" t="295" w="241" /><ent r="7" t="310" w="419" /></phr><phr n="Signed"><ent r="3" t="16" w="262" /><ent r="3" t="16" w="286" /><ent r="3" t="16" w="293" /><ent r="4" t="16" w="306" /><ent r="3" t="16" w="317" /><ent r="4" t="16" w="398" /><ent r="3" t="16" w="404" /><ent r="4" t="18" w="219" /><ent r="3" t="20" w="182" /><ent r="3" t="25" w="58" /><ent r="6" t="26" w="96" /><ent r="6" t="26" w="157" /><ent r="6" t="26" w="259" /><ent r="6" t="26" w="313" /><ent r="6" t="26" w="330" /><ent r="5" t="27" w="101" /><ent r="6" t="28" w="52" /><ent r="6" t="28" w="64" /><ent r="6" t="28" w="134" /><ent r="5" t="30" w="105" /><ent r="7" t="30" w="211" /><ent r="3" t="36" w="331" /><ent r="3" t="36" w="334" /><ent r="4" t="75" w="479" /><ent r="3" t="76" w="54" /><ent r="54" t="76" w="185" /><ent r="3" t="102" w="30" /><ent r="3" t="113" w="51" /><ent r="4" t="118" w="37" /><ent r="4" t="119" w="44" /><ent r="4" t="120" w="38" /><ent r="3" t="149" w="947" /><ent r="3" t="226" w="99" /><ent r="3" t="227" w="88" /><ent r="6" t="310" w="311" /></phr><phr n="signs"><ent r="7" t="27" w="258" /></phr></stem><stem n="signatur"><phr n="signature"><ent r="3" t="5" w="311" /><ent r="3" t="5" w="339" /><ent r="6" t="7" w="243" /><ent r="3" t="16" w="200" /><ent r="3" t="16" w="280" /><ent r="4" t="16" w="377" /><ent r="3" t="16" w="384" /><ent r="5" t="23" w="61" /><ent r="3" t="25" w="43" /><ent r="3" t="25" w="72" /><ent r="3" t="25" w="133" /><ent r="6" t="26" w="118" /><ent r="6" t="26" w="124" /><ent r="6" t="26" w="162" /><ent r="6" t="26" w="168" /><ent r="6" t="26" w="190" /><ent r="6" t="26" w="197" /><ent r="6" t="26" w="211" /><ent r="6" t="26" w="217" /><ent r="6" t="26" w="378" /><ent r="3" t="26" w="557" /><ent r="6" t="26" w="590" /><ent r="6" t="26" w="596" /><ent r="7" t="27" w="267" /><ent r="7" t="27" w="306" /><ent r="6" t="28" w="70" /><ent r="6" t="28" w="141" /><ent r="6" t="28" w="153" /><ent r="6" t="28" w="162" /><ent r="6" t="28" w="172" /><ent r="6" t="30" w="175" /><ent r="7" t="30" w="178" /><ent r="6" t="30" w="192" /><ent r="7" t="30" w="219" /><ent r="3" t="31" w="80" /><ent r="4" t="38" w="148" /><ent r="3" t="74" w="59" /><ent r="3" t="97" w="307" /><ent r="4" t="149" w="677" /><ent r="3" t="149" w="680" /><ent r="4" t="154" w="115" /><ent r="4" t="154" w="124" /><ent r="4" t="156" w="649" /><ent r="3" t="156" w="652" /><ent r="3" t="226" w="16" /><ent r="3" t="226" w="56" /><ent r="3" t="226" w="59" /><ent r="3" t="226" w="85" /><ent r="3" t="226" w="109" /><ent r="4" t="226" w="123" /><ent r="3" t="226" w="130" /><ent r="3" t="226" w="207" /><ent r="3" t="226" w="225" /><ent r="3" t="226" w="257" /><ent r="3" t="226" w="276" /><ent r="3" t="226" w="332" /><ent r="3" t="226" w="336" /><ent r="3" t="226" w="363" /><ent r="3" t="227" w="17" /><ent r="3" t="227" w="58" /><ent r="3" t="227" w="61" /><ent r="3" t="227" w="105" /><ent r="3" t="227" w="126" /><ent r="4" t="227" w="136" /><ent r="3" t="227" w="143" /><ent r="3" t="227" w="237" /><ent r="3" t="227" w="265" /><ent r="3" t="227" w="314" /><ent r="3" t="227" w="329" /><ent r="3" t="227" w="361" /><ent r="3" t="227" w="381" /><ent r="3" t="227" w="394" /><ent r="3" t="227" w="402" /><ent r="3" t="281" w="77" /><ent r="3" t="281" w="82" /><ent r="3" t="281" w="108" /><ent r="4" t="281" w="175" /><ent r="3" t="281" w="185" /><ent r="4" t="281" w="187" /><ent r="3" t="281" w="196" /><ent r="3" t="282" w="30" /><ent r="3" t="282" w="34" /><ent r="3" t="295" w="64" /><ent r="3" t="295" w="155" /><ent r="3" t="295" w="441" /><ent r="6" t="310" w="294" /><ent r="6" t="310" w="297" /></phr><phr n="signatures"><ent r="3" t="153" w="61" /><ent r="3" t="154" w="172" /></phr></stem></index>