<?xml version="1.0" encoding="utf-8"?><index><stem n="guid"><phr n="Guides"><ent r="6" t="1" w="311" /></phr><phr n="guided"><ent r="6" t="313" w="224" /></phr><phr n="Guide"><ent r="6" t="314" w="80" /></phr></stem><stem n="regard"><phr n="regarding"><ent r="6" t="1" w="315" /></phr></stem><stem n="cover"><phr n="covered"><ent r="6" t="1" w="320" /><ent r="6" t="85" w="139" /><ent r="6" t="85" w="189" /></phr><phr n="covers"><ent r="3" t="3" w="39" /><ent r="3" t="201" w="55" /><ent r="3" t="201" w="581" /><ent r="3" t="202" w="57" /></phr><phr n="cover"><ent r="3" t="123" w="32" /></phr></stem><stem n="revis"><phr n="revision"><ent r="6" t="1" w="326" /><ent r="1000" t="2" w="1" /><ent r="102" t="2" w="4" /><ent r="6" t="2" w="7" /><ent r="6" t="2" w="12" /><ent r="3" t="123" w="103" /></phr></stem><stem n="#20110804"><phr n="#20110804"><ent r="6" t="1" w="327" /></phr></stem><stem n="20110804"><phr n="20110804"><ent r="6" t="1" w="327" /></phr></stem><stem n="name"><phr n="names"><ent r="3" t="1" w="330" /><ent r="3" t="18" w="27" /><ent r="3" t="36" w="229" /><ent r="3" t="44" w="89" /><ent r="3" t="44" w="105" /><ent r="3" t="44" w="120" /><ent r="4" t="44" w="248" /><ent r="4" t="44" w="314" /><ent r="3" t="71" w="145" /><ent r="4" t="99" w="473" /><ent r="3" t="155" w="470" /><ent r="3" t="224" w="355" /><ent r="6" t="320" w="227" /></phr><phr n="name"><ent r="5" t="11" w="49" /><ent r="5" t="11" w="53" /><ent r="4" t="12" w="19" /><ent r="7" t="14" w="167" /><ent r="3" t="16" w="137" /><ent r="3" t="16" w="152" /><ent r="3" t="17" w="188" /><ent r="3" t="18" w="32" /><ent r="3" t="18" w="38" /><ent r="3" t="19" w="52" /><ent r="4" t="20" w="223" /><ent r="6" t="24" w="186" /><ent r="3" t="24" w="296" /><ent r="3" t="24" w="301" /><ent r="3" t="26" w="459" /><ent r="6" t="26" w="562" /><ent r="4" t="34" w="223" /><ent r="3" t="36" w="171" /><ent r="3" t="36" w="258" /><ent r="3" t="36" w="280" /><ent r="3" t="42" w="83" /><ent r="5" t="43" w="382" /><ent r="1000" t="44" w="2" /><ent r="82" t="44" w="6" /><ent r="3" t="44" w="54" /><ent r="3" t="44" w="75" /><ent r="3" t="44" w="86" /><ent r="3" t="44" w="121" /><ent r="4" t="44" w="242" /><ent r="4" t="44" w="308" /><ent r="6" t="47" w="49" /><ent r="6" t="49" w="38" /><ent r="3" t="62" w="307" /><ent r="3" t="71" w="158" /><ent r="3" t="71" w="160" /><ent r="3" t="72" w="80" /><ent r="3" t="72" w="82" /><ent r="3" t="123" w="82" /><ent r="3" t="149" w="15" /><ent r="3" t="149" w="75" /><ent r="4" t="149" w="112" /><ent r="3" t="149" w="115" /><ent r="55" t="149" w="149" /><ent r="55" t="149" w="167" /><ent r="3" t="149" w="1061" /><ent r="4" t="195" w="319" /><ent r="3" t="202" w="179" /><ent r="6" t="202" w="185" /><ent r="6" t="205" w="128" /><ent r="3" t="269" w="60" /><ent r="4" t="269" w="119" /><ent r="3" t="269" w="122" /><ent r="6" t="269" w="133" /><ent r="6" t="269" w="203" /><ent r="3" t="280" w="12" /><ent r="3" t="280" w="29" /><ent r="4" t="280" w="39" /><ent r="3" t="280" w="43" /><ent r="3" t="281" w="158" /><ent r="6" t="310" w="13" /><ent r="6" t="310" w="558" /></phr><phr n="named"><ent r="3" t="25" w="21" /><ent r="3" t="36" w="295" /><ent r="3" t="42" w="38" /><ent r="3" t="74" w="45" /><ent r="3" t="74" w="373" /><ent r="3" t="87" w="89" /><ent r="3" t="130" w="24" /><ent r="3" t="137" w="28" /><ent r="3" t="146" w="19" /></phr><phr n="namely"><ent r="3" t="95" w="18" /></phr></stem><stem n="brand"><phr n="brands"><ent r="3" t="1" w="332" /></phr></stem><stem n="claim"><phr n="claimed"><ent r="3" t="1" w="335" /></phr></stem><stem n="other"><phr n="others"><ent r="3" t="1" w="340" /><ent r="4" t="42" w="583" /><ent r="6" t="54" w="113" /><ent r="3" t="69" w="219" /><ent r="3" t="91" w="99" /><ent r="3" t="157" w="293" /></phr></stem><stem n="©"><phr n="©"><ent r="3" t="1" w="342" /></phr></stem><stem n="2016"><phr n="2016"><ent r="3" t="1" w="343" /><ent r="6" t="2" w="37" /><ent r="6" t="2" w="51" /><ent r="3" t="35" w="22" /></phr></stem><stem n="histori"><phr n="History"><ent r="1000" t="2" w="2" /><ent r="102" t="2" w="5" /></phr></stem><stem n="descript"><phr n="Description"><ent r="6" t="2" w="10" /><ent r="7" t="14" w="169" /><ent r="3" t="17" w="271" /><ent r="4" t="18" w="258" /><ent r="3" t="24" w="152" /><ent r="6" t="26" w="53" /><ent r="6" t="26" w="308" /><ent r="6" t="26" w="349" /><ent r="6" t="26" w="353" /><ent r="6" t="28" w="36" /><ent r="6" t="37" w="146" /><ent r="6" t="47" w="51" /><ent r="6" t="49" w="40" /><ent r="6" t="74" w="151" /><ent r="3" t="149" w="1042" /><ent r="3" t="150" w="102" /><ent r="3" t="151" w="126" /><ent r="3" t="152" w="251" /><ent r="3" t="153" w="113" /><ent r="3" t="154" w="483" /><ent r="3" t="155" w="434" /><ent r="3" t="156" w="693" /><ent r="3" t="157" w="479" /><ent r="3" t="158" w="172" /><ent r="3" t="159" w="148" /><ent r="3" t="160" w="167" /><ent r="3" t="161" w="215" /><ent r="3" t="162" w="260" /><ent r="3" t="163" w="190" /><ent r="3" t="164" w="150" /><ent r="3" t="165" w="179" /><ent r="3" t="166" w="124" /><ent r="3" t="167" w="124" /><ent r="3" t="168" w="143" /><ent r="3" t="169" w="163" /><ent r="3" t="170" w="92" /><ent r="3" t="174" w="69" /><ent r="3" t="175" w="69" /><ent r="3" t="176" w="109" /><ent r="3" t="177" w="105" /><ent r="3" t="178" w="77" /><ent r="3" t="179" w="98" /><ent r="3" t="180" w="95" /><ent r="3" t="181" w="107" /><ent r="3" t="182" w="99" /><ent r="3" t="183" w="134" /><ent r="3" t="184" w="78" /><ent r="3" t="185" w="86" /><ent r="3" t="186" w="61" /><ent r="3" t="187" w="178" /><ent r="3" t="188" w="80" /><ent r="3" t="189" w="92" /><ent r="3" t="190" w="175" /><ent r="3" t="191" w="276" /><ent r="3" t="192" w="84" /><ent r="3" t="193" w="134" /><ent r="3" t="193" w="238" /><ent r="3" t="193" w="254" /><ent r="3" t="194" w="152" /><ent r="3" t="194" w="254" /><ent r="3" t="194" w="270" /><ent r="3" t="195" w="341" /><ent r="3" t="196" w="351" /><ent r="3" t="197" w="135" /><ent r="3" t="198" w="194" /><ent r="3" t="199" w="154" /><ent r="3" t="200" w="145" /><ent r="3" t="201" w="510" /><ent r="3" t="202" w="181" /><ent r="6" t="202" w="189" /><ent r="3" t="202" w="680" /><ent r="3" t="203" w="626" /><ent r="3" t="204" w="356" /><ent r="6" t="205" w="132" /><ent r="3" t="205" w="524" /><ent r="3" t="206" w="384" /><ent r="3" t="207" w="193" /><ent r="3" t="208" w="196" /><ent r="3" t="209" w="217" /><ent r="3" t="210" w="175" /><ent r="3" t="211" w="116" /><ent r="3" t="212" w="479" /><ent r="3" t="213" w="504" /><ent r="3" t="214" w="238" /><ent r="3" t="215" w="224" /><ent r="3" t="216" w="272" /><ent r="3" t="217" w="225" /><ent r="3" t="218" w="117" /><ent r="3" t="219" w="265" /><ent r="3" t="220" w="265" /><ent r="3" t="221" w="243" /><ent r="3" t="222" w="157" /><ent r="3" t="223" w="312" /><ent r="3" t="224" w="291" /><ent r="3" t="225" w="246" /><ent r="3" t="226" w="269" /><ent r="3" t="227" w="308" /><ent r="3" t="228" w="185" /><ent r="3" t="229" w="96" /><ent r="3" t="230" w="124" /><ent r="3" t="231" w="256" /><ent r="3" t="232" w="386" /><ent r="3" t="233" w="282" /><ent r="3" t="234" w="261" /><ent r="3" t="235" w="276" /><ent r="3" t="236" w="246" /><ent r="3" t="237" w="239" /><ent r="3" t="238" w="319" /><ent r="3" t="239" w="458" /><ent r="3" t="240" w="90" /><ent r="3" t="253" w="22" /><ent r="6" t="263" w="134" /><ent r="6" t="263" w="242" /><ent r="6" t="269" w="137" /><ent r="6" t="269" w="207" /><ent r="3" t="292" w="253" /><ent r="6" t="310" w="15" /><ent r="6" t="312" w="33" /><ent r="6" t="313" w="38" /><ent r="6" t="314" w="36" /></phr><phr n="Descriptions"><ent r="6" t="24" w="174" /><ent r="6" t="26" w="248" /><ent r="65" t="114" w="50" /><ent r="1000" t="148" w="2" /><ent r="92" t="148" w="5" /><ent r="65" t="246" w="23" /><ent r="1000" t="247" w="2" /><ent r="82" t="247" w="5" /></phr></stem><stem n="date"><phr n="Date"><ent r="6" t="2" w="13" /><ent r="6" t="26" w="576" /><ent r="3" t="121" w="94" /><ent r="3" t="160" w="61" /><ent r="3" t="160" w="175" /></phr></stem><stem n=".1"><phr n=".1"><ent r="6" t="2" w="16" /><ent r="6" t="2" w="21" /></phr></stem><stem n="win"><phr n="Win"><ent r="6" t="2" w="19" /><ent r="6" t="2" w="31" /><ent r="6" t="2" w="44" /></phr></stem><stem n="releas"><phr n="release"><ent r="6" t="2" w="22" /><ent r="6" t="2" w="34" /><ent r="6" t="2" w="48" /><ent r="3" t="8" w="42" /><ent r="4" t="13" w="82" /><ent r="3" t="16" w="17" /><ent r="3" t="16" w="26" /><ent r="4" t="16" w="241" /><ent r="3" t="20" w="159" /><ent r="6" t="27" w="340" /><ent r="4" t="35" w="207" /><ent r="5" t="35" w="243" /><ent r="5" t="35" w="267" /><ent r="4" t="38" w="178" /><ent r="56" t="75" w="219" /><ent r="4" t="75" w="325" /><ent r="106" t="75" w="329" /><ent r="56" t="75" w="347" /><ent r="56" t="75" w="358" /><ent r="4" t="75" w="435" /><ent r="5" t="75" w="459" /><ent r="4" t="75" w="472" /><ent r="3" t="86" w="10" /><ent r="3" t="94" w="121" /><ent r="4" t="118" w="79" /><ent r="4" t="119" w="85" /><ent r="4" t="120" w="79" /><ent r="3" t="123" w="73" /><ent r="3" t="123" w="121" /><ent r="3" t="123" w="172" /><ent r="54" t="145" w="69" /><ent r="3" t="149" w="289" /><ent r="3" t="149" w="305" /><ent r="3" t="156" w="92" /><ent r="3" t="178" w="241" /><ent r="3" t="240" w="18" /></phr><phr n="releases"><ent r="4" t="106" w="86" /><ent r="4" t="107" w="157" /><ent r="4" t="111" w="92" /><ent r="3" t="150" w="115" /><ent r="3" t="175" w="16" /><ent r="3" t="179" w="146" /><ent r="3" t="179" w="156" /><ent r="3" t="180" w="100" /><ent r="3" t="183" w="202" /><ent r="3" t="183" w="296" /><ent r="3" t="183" w="330" /><ent r="3" t="184" w="127" /><ent r="3" t="184" w="171" /><ent r="3" t="192" w="21" /><ent r="3" t="192" w="95" /><ent r="3" t="257" w="183" /></phr><phr n="releasing"><ent r="4" t="108" w="34" /><ent r="4" t="108" w="90" /><ent r="4" t="109" w="77" /><ent r="3" t="177" w="131" /><ent r="3" t="180" w="160" /><ent r="4" t="182" w="150" /><ent r="3" t="183" w="229" /></phr><phr n="released"><ent r="3" t="175" w="51" /><ent r="3" t="175" w="67" /><ent r="3" t="175" w="103" /><ent r="3" t="183" w="192" /><ent r="3" t="188" w="112" /><ent r="3" t="188" w="144" /><ent r="3" t="257" w="109" /></phr></stem><stem n="septemb"><phr n="September"><ent r="6" t="2" w="24" /></phr></stem><stem n="2015"><phr n="2015"><ent r="6" t="2" w="25" /><ent r="3" t="319" w="35" /><ent r="3" t="320" w="35" /></phr></stem><stem n=".6"><phr n=".6"><ent r="6" t="2" w="28" /><ent r="6" t="2" w="33" /></phr></stem><stem n="6"><phr n="6"><ent r="6" t="2" w="28" /><ent r="6" t="2" w="33" /><ent r="6" t="2" w="40" /><ent r="6" t="2" w="46" /><ent r="3" t="56" w="99" /><ent r="3" t="224" w="564" /><ent r="3" t="250" w="102" /><ent r="3" t="251" w="71" /><ent r="4" t="253" w="128" /><ent r="5" t="263" w="223" /></phr></stem><stem n=".6.1"><phr n=".6.1"><ent r="6" t="2" w="41" /><ent r="6" t="2" w="47" /></phr></stem><stem n="june"><phr n="June"><ent r="6" t="2" w="50" /></phr></stem><stem n="introduct"><phr n="Introduction"><ent r="1000" t="3" w="1" /><ent r="102" t="3" w="3" /><ent r="1000" t="133" w="3" /><ent r="62" t="133" w="6" /></phr></stem><stem n="wish"><phr n="wish"><ent r="3" t="3" w="23" /><ent r="3" t="17" w="335" /></phr><phr n="wishing"><ent r="3" t="101" w="323" /></phr></stem><stem n="harden"><phr n="harden"><ent r="3" t="3" w="25" /></phr></stem><stem n="’s"><phr n="’s"><ent r="3" t="3" w="28" /><ent r="3" t="5" w="330" /><ent r="3" t="15" w="67" /><ent r="3" t="15" w="100" /><ent r="3" t="15" w="117" /><ent r="3" t="15" w="172" /><ent r="5" t="27" w="34" /><ent r="5" t="27" w="85" /><ent r="7" t="27" w="310" /><ent r="6" t="28" w="158" /><ent r="3" t="42" w="740" /><ent r="3" t="64" w="637" /><ent r="3" t="96" w="181" /><ent r="3" t="97" w="48" /><ent r="4" t="97" w="232" /><ent r="3" t="97" w="361" /><ent r="3" t="98" w="281" /><ent r="3" t="99" w="143" /><ent r="4" t="99" w="226" /><ent r="3" t="99" w="715" /><ent r="3" t="99" w="722" /><ent r="3" t="100" w="141" /><ent r="3" t="113" w="38" /><ent r="3" t="119" w="19" /><ent r="3" t="142" w="75" /><ent r="4" t="144" w="183" /><ent r="3" t="152" w="92" /><ent r="4" t="157" w="195" /><ent r="4" t="157" w="202" /><ent r="3" t="195" w="306" /><ent r="6" t="202" w="201" /><ent r="6" t="202" w="216" /><ent r="6" t="205" w="144" /><ent r="6" t="205" w="159" /><ent r="3" t="224" w="305" /><ent r="3" t="224" w="313" /><ent r="3" t="241" w="19" /><ent r="3" t="242" w="99" /><ent r="4" t="242" w="157" /><ent r="3" t="243" w="32" /><ent r="3" t="245" w="30" /><ent r="6" t="269" w="219" /><ent r="6" t="269" w="234" /><ent r="3" t="285" w="18" /><ent r="3" t="288" w="22" /><ent r="3" t="295" w="164" /><ent r="6" t="312" w="69" /></phr></stem><stem n="secur"><phr n="security"><ent r="3" t="3" w="29" /><ent r="1000" t="5" w="3" /><ent r="92" t="5" w="11" /><ent r="3" t="6" w="130" /><ent r="5" t="7" w="90" /><ent r="6" t="7" w="255" /><ent r="6" t="7" w="261" /><ent r="3" t="22" w="67" /><ent r="3" t="25" w="95" /><ent r="5" t="27" w="80" /><ent r="3" t="37" w="12" /><ent r="5" t="99" w="623" /><ent r="4" t="99" w="632" /><ent r="3" t="99" w="701" /><ent r="3" t="99" w="716" /><ent r="3" t="100" w="142" /><ent r="3" t="104" w="92" /><ent r="3" t="127" w="228" /><ent r="3" t="135" w="33" /><ent r="3" t="230" w="25" /><ent r="3" t="230" w="49" /><ent r="4" t="230" w="56" /><ent r="3" t="230" w="68" /><ent r="3" t="230" w="87" /><ent r="3" t="230" w="133" /><ent r="3" t="265" w="12" /><ent r="3" t="266" w="24" /><ent r="3" t="269" w="317" /><ent r="3" t="269" w="344" /><ent r="3" t="275" w="125" /><ent r="3" t="275" w="250" /><ent r="3" t="288" w="15" /><ent r="3" t="296" w="271" /><ent r="3" t="296" w="287" /><ent r="3" t="306" w="112" /><ent r="3" t="306" w="181" /></phr><phr n="secure"><ent r="3" t="71" w="175" /><ent r="3" t="71" w="187" /><ent r="3" t="95" w="104" /><ent r="3" t="97" w="99" /><ent r="4" t="97" w="163" /><ent r="3" t="98" w="42" /><ent r="3" t="99" w="694" /><ent r="3" t="104" w="70" /><ent r="3" t="104" w="84" /><ent r="3" t="104" w="87" /><ent r="3" t="104" w="106" /><ent r="3" t="130" w="30" /><ent r="3" t="136" w="20" /><ent r="3" t="241" w="13" /><ent r="3" t="241" w="63" /><ent r="3" t="242" w="20" /><ent r="3" t="243" w="17" /><ent r="3" t="302" w="17" /><ent r="3" t="302" w="102" /><ent r="3" t="303" w="17" /><ent r="3" t="304" w="17" /><ent r="3" t="305" w="24" /><ent r="3" t="306" w="26" /><ent r="3" t="307" w="20" /><ent r="3" t="307" w="25" /><ent r="3" t="308" w="17" /><ent r="4" t="315" w="114" /><ent r="4" t="315" w="117" /><ent r="6" t="315" w="433" /><ent r="6" t="315" w="435" /></phr><phr n="securely"><ent r="3" t="97" w="86" /><ent r="3" t="97" w="93" /><ent r="3" t="99" w="734" /></phr></stem><stem n="us"><phr n="using"><ent r="3" t="3" w="30" /><ent r="6" t="5" w="205" /><ent r="3" t="8" w="51" /><ent r="65" t="9" w="35" /><ent r="65" t="9" w="46" /><ent r="1000" t="10" w="1" /><ent r="92" t="10" w="9" /><ent r="1000" t="13" w="1" /><ent r="92" t="13" w="10" /><ent r="1000" t="23" w="1" /><ent r="102" t="23" w="7" /><ent r="66" t="23" w="82" /><ent r="6" t="26" w="62" /><ent r="5" t="27" w="31" /><ent r="5" t="27" w="152" /><ent r="4" t="27" w="189" /><ent r="6" t="28" w="176" /><ent r="3" t="29" w="38" /><ent r="3" t="30" w="18" /><ent r="5" t="30" w="82" /><ent r="5" t="30" w="121" /><ent r="6" t="30" w="190" /><ent r="3" t="31" w="14" /><ent r="3" t="34" w="413" /><ent r="1000" t="35" w="3" /><ent r="92" t="35" w="8" /><ent r="4" t="35" w="283" /><ent r="65" t="38" w="80" /><ent r="3" t="39" w="25" /><ent r="4" t="39" w="170" /><ent r="3" t="39" w="246" /><ent r="4" t="42" w="210" /><ent r="6" t="47" w="145" /><ent r="6" t="47" w="169" /><ent r="3" t="53" w="108" /><ent r="3" t="55" w="66" /><ent r="3" t="58" w="908" /><ent r="3" t="59" w="824" /><ent r="3" t="59" w="834" /><ent r="3" t="60" w="17" /><ent r="4" t="60" w="112" /><ent r="4" t="62" w="369" /><ent r="3" t="64" w="217" /><ent r="3" t="64" w="392" /><ent r="3" t="69" w="122" /><ent r="3" t="69" w="221" /><ent r="3" t="72" w="65" /><ent r="3" t="74" w="350" /><ent r="64" t="74" w="390" /><ent r="3" t="78" w="73" /><ent r="3" t="85" w="104" /><ent r="3" t="87" w="264" /><ent r="3" t="93" w="21" /><ent r="3" t="93" w="176" /><ent r="4" t="94" w="277" /><ent r="3" t="95" w="98" /><ent r="3" t="96" w="210" /><ent r="3" t="98" w="126" /><ent r="1000" t="102" w="1" /><ent r="72" t="102" w="11" /><ent r="3" t="102" w="112" /><ent r="4" t="105" w="16" /><ent r="4" t="105" w="69" /><ent r="4" t="106" w="19" /><ent r="4" t="106" w="38" /><ent r="4" t="107" w="78" /><ent r="4" t="107" w="148" /><ent r="4" t="108" w="69" /><ent r="4" t="110" w="20" /><ent r="4" t="110" w="68" /><ent r="4" t="111" w="19" /><ent r="4" t="111" w="32" /><ent r="4" t="113" w="199" /><ent r="3" t="117" w="21" /><ent r="3" t="133" w="347" /><ent r="3" t="136" w="25" /><ent r="3" t="139" w="48" /><ent r="3" t="149" w="12" /><ent r="3" t="149" w="19" /><ent r="54" t="149" w="143" /><ent r="54" t="149" w="160" /><ent r="3" t="149" w="1057" /><ent r="3" t="150" w="160" /><ent r="3" t="159" w="151" /><ent r="3" t="163" w="30" /><ent r="3" t="170" w="52" /><ent r="3" t="174" w="83" /><ent r="3" t="176" w="156" /><ent r="3" t="181" w="139" /><ent r="3" t="187" w="244" /><ent r="3" t="195" w="22" /><ent r="3" t="197" w="161" /><ent r="6" t="202" w="198" /><ent r="6" t="202" w="213" /><ent r="3" t="202" w="774" /><ent r="3" t="204" w="422" /><ent r="6" t="205" w="141" /><ent r="6" t="205" w="156" /><ent r="3" t="205" w="620" /><ent r="3" t="206" w="24" /><ent r="3" t="210" w="192" /><ent r="3" t="212" w="526" /><ent r="3" t="213" w="551" /><ent r="3" t="217" w="245" /><ent r="3" t="221" w="157" /><ent r="3" t="221" w="303" /><ent r="3" t="221" w="459" /><ent r="3" t="221" w="480" /><ent r="3" t="222" w="108" /><ent r="3" t="223" w="226" /><ent r="3" t="223" w="451" /><ent r="3" t="224" w="202" /><ent r="3" t="224" w="450" /><ent r="3" t="224" w="492" /><ent r="3" t="225" w="148" /><ent r="3" t="226" w="178" /><ent r="3" t="227" w="208" /><ent r="4" t="232" w="623" /><ent r="4" t="233" w="530" /><ent r="3" t="237" w="110" /><ent r="3" t="238" w="136" /><ent r="3" t="239" w="192" /><ent r="6" t="269" w="216" /><ent r="6" t="269" w="231" /><ent r="3" t="276" w="109" /><ent r="3" t="295" w="160" /><ent r="3" t="295" w="245" /><ent r="3" t="296" w="86" /><ent r="3" t="303" w="179" /><ent r="3" t="304" w="68" /><ent r="4" t="316" w="640" /></phr><phr n="used"><ent r="4" t="4" w="107" /><ent r="6" t="7" w="120" /><ent r="6" t="7" w="258" /><ent r="3" t="10" w="49" /><ent r="3" t="17" w="255" /><ent r="3" t="17" w="421" /><ent r="3" t="18" w="17" /><ent r="4" t="18" w="186" /><ent r="4" t="18" w="211" /><ent r="3" t="34" w="135" /><ent r="3" t="34" w="297" /><ent r="3" t="34" w="311" /><ent r="3" t="34" w="401" /><ent r="3" t="35" w="51" /><ent r="3" t="35" w="404" /><ent r="3" t="35" w="425" /><ent r="3" t="39" w="98" /><ent r="7" t="39" w="352" /><ent r="7" t="39" w="391" /><ent r="7" t="39" w="545" /><ent r="3" t="40" w="96" /><ent r="3" t="40" w="167" /><ent r="3" t="40" w="186" /><ent r="4" t="42" w="435" /><ent r="3" t="43" w="16" /><ent r="4" t="43" w="81" /><ent r="5" t="43" w="589" /><ent r="5" t="49" w="83" /><ent r="5" t="49" w="166" /><ent r="3" t="51" w="28" /><ent r="3" t="51" w="50" /><ent r="3" t="51" w="55" /><ent r="3" t="51" w="79" /><ent r="3" t="51" w="156" /><ent r="3" t="56" w="20" /><ent r="3" t="57" w="12" /><ent r="3" t="58" w="14" /><ent r="6" t="59" w="907" /><ent r="6" t="59" w="926" /><ent r="3" t="61" w="13" /><ent r="3" t="61" w="21" /><ent r="3" t="61" w="120" /><ent r="3" t="62" w="58" /><ent r="3" t="62" w="184" /><ent r="3" t="62" w="260" /><ent r="3" t="62" w="563" /><ent r="3" t="63" w="10" /><ent r="3" t="63" w="26" /><ent r="4" t="64" w="147" /><ent r="3" t="64" w="323" /><ent r="3" t="64" w="344" /><ent r="3" t="64" w="365" /><ent r="3" t="64" w="429" /><ent r="3" t="64" w="442" /><ent r="3" t="64" w="481" /><ent r="3" t="64" w="524" /><ent r="3" t="65" w="118" /><ent r="3" t="65" w="151" /><ent r="3" t="66" w="49" /><ent r="3" t="67" w="17" /><ent r="3" t="67" w="45" /><ent r="3" t="69" w="97" /><ent r="3" t="71" w="124" /><ent r="3" t="74" w="142" /><ent r="4" t="75" w="182" /><ent r="4" t="78" w="208" /><ent r="3" t="82" w="26" /><ent r="3" t="82" w="51" /><ent r="3" t="85" w="96" /><ent r="3" t="86" w="40" /><ent r="3" t="92" w="96" /><ent r="3" t="96" w="34" /><ent r="3" t="97" w="105" /><ent r="3" t="97" w="181" /><ent r="3" t="97" w="362" /><ent r="3" t="100" w="50" /><ent r="3" t="100" w="70" /><ent r="3" t="100" w="99" /><ent r="3" t="101" w="115" /><ent r="3" t="101" w="165" /><ent r="3" t="103" w="52" /><ent r="3" t="103" w="64" /><ent r="4" t="104" w="155" /><ent r="4" t="113" w="152" /><ent r="3" t="116" w="14" /><ent r="3" t="119" w="25" /><ent r="3" t="123" w="51" /><ent r="3" t="124" w="43" /><ent r="3" t="133" w="264" /><ent r="3" t="137" w="40" /><ent r="4" t="144" w="87" /><ent r="3" t="145" w="131" /><ent r="3" t="146" w="29" /><ent r="3" t="147" w="27" /><ent r="3" t="149" w="336" /><ent r="3" t="149" w="1153" /><ent r="3" t="154" w="501" /><ent r="3" t="155" w="17" /><ent r="3" t="155" w="228" /><ent r="3" t="156" w="17" /><ent r="3" t="158" w="35" /><ent r="3" t="165" w="18" /><ent r="3" t="165" w="187" /><ent r="3" t="168" w="17" /><ent r="3" t="170" w="17" /><ent r="3" t="176" w="77" /><ent r="4" t="177" w="179" /><ent r="3" t="181" w="75" /><ent r="4" t="182" w="178" /><ent r="3" t="183" w="141" /><ent r="3" t="195" w="79" /><ent r="3" t="196" w="207" /><ent r="3" t="198" w="33" /><ent r="3" t="199" w="36" /><ent r="3" t="200" w="33" /><ent r="3" t="201" w="12" /><ent r="3" t="202" w="14" /><ent r="3" t="203" w="12" /><ent r="3" t="204" w="12" /><ent r="3" t="205" w="14" /><ent r="3" t="206" w="13" /><ent r="3" t="207" w="241" /><ent r="3" t="207" w="259" /><ent r="3" t="208" w="103" /><ent r="3" t="209" w="146" /><ent r="3" t="209" w="223" /><ent r="3" t="209" w="252" /><ent r="3" t="209" w="299" /><ent r="3" t="210" w="76" /><ent r="3" t="210" w="216" /><ent r="3" t="211" w="64" /><ent r="3" t="211" w="144" /><ent r="3" t="212" w="116" /><ent r="3" t="212" w="233" /><ent r="3" t="212" w="287" /><ent r="3" t="213" w="118" /><ent r="3" t="213" w="235" /><ent r="3" t="214" w="83" /><ent r="3" t="214" w="274" /><ent r="3" t="214" w="292" /><ent r="3" t="215" w="110" /><ent r="3" t="215" w="138" /><ent r="3" t="216" w="148" /><ent r="3" t="216" w="278" /><ent r="3" t="216" w="311" /><ent r="3" t="216" w="359" /><ent r="3" t="217" w="74" /><ent r="3" t="217" w="269" /><ent r="3" t="218" w="66" /><ent r="3" t="218" w="145" /><ent r="3" t="219" w="104" /><ent r="3" t="219" w="163" /><ent r="3" t="219" w="320" /><ent r="3" t="220" w="104" /><ent r="3" t="220" w="163" /><ent r="3" t="220" w="320" /><ent r="3" t="221" w="140" /><ent r="3" t="222" w="91" /><ent r="3" t="222" w="165" /><ent r="3" t="222" w="172" /><ent r="3" t="222" w="181" /><ent r="3" t="223" w="209" /><ent r="3" t="224" w="185" /><ent r="3" t="224" w="363" /><ent r="3" t="225" w="131" /><ent r="3" t="226" w="161" /><ent r="3" t="226" w="328" /><ent r="3" t="226" w="358" /><ent r="3" t="227" w="120" /><ent r="3" t="227" w="191" /><ent r="3" t="227" w="356" /><ent r="3" t="232" w="259" /><ent r="3" t="232" w="265" /><ent r="4" t="233" w="156" /><ent r="3" t="233" w="162" /><ent r="3" t="237" w="151" /><ent r="3" t="237" w="261" /><ent r="3" t="238" w="231" /><ent r="3" t="238" w="341" /><ent r="3" t="239" w="20" /><ent r="3" t="239" w="246" /><ent r="3" t="239" w="262" /><ent r="3" t="239" w="285" /><ent r="3" t="239" w="341" /><ent r="3" t="239" w="470" /><ent r="3" t="243" w="182" /><ent r="3" t="244" w="194" /><ent r="3" t="244" w="276" /><ent r="3" t="244" w="292" /><ent r="3" t="244" w="319" /><ent r="3" t="245" w="138" /><ent r="3" t="245" w="220" /><ent r="3" t="245" w="236" /><ent r="3" t="245" w="263" /><ent r="3" t="248" w="21" /><ent r="3" t="249" w="14" /><ent r="3" t="249" w="20" /><ent r="3" t="257" w="133" /><ent r="3" t="257" w="168" /><ent r="3" t="258" w="50" /><ent r="3" t="259" w="55" /><ent r="3" t="260" w="50" /><ent r="4" t="263" w="21" /><ent r="5" t="263" w="208" /><ent r="3" t="267" w="21" /><ent r="3" t="268" w="18" /><ent r="3" t="269" w="18" /><ent r="3" t="269" w="191" /><ent r="4" t="269" w="244" /><ent r="4" t="269" w="262" /><ent r="4" t="269" w="299" /><ent r="3" t="269" w="323" /><ent r="3" t="269" w="350" /><ent r="3" t="269" w="362" /><ent r="3" t="269" w="420" /><ent r="3" t="272" w="21" /><ent r="3" t="273" w="24" /><ent r="3" t="274" w="36" /><ent r="3" t="275" w="276" /><ent r="3" t="278" w="20" /><ent r="3" t="278" w="136" /><ent r="3" t="280" w="13" /><ent r="3" t="280" w="44" /><ent r="3" t="281" w="12" /><ent r="3" t="281" w="159" /><ent r="3" t="284" w="48" /><ent r="3" t="291" w="18" /><ent r="3" t="293" w="18" /><ent r="3" t="294" w="20" /><ent r="3" t="295" w="20" /><ent r="3" t="295" w="279" /><ent r="3" t="295" w="295" /><ent r="3" t="295" w="322" /><ent r="3" t="295" w="369" /><ent r="3" t="295" w="398" /><ent r="3" t="296" w="19" /><ent r="3" t="296" w="114" /><ent r="3" t="296" w="130" /><ent r="3" t="296" w="157" /><ent r="3" t="296" w="204" /><ent r="3" t="296" w="233" /><ent r="3" t="296" w="394" /><ent r="3" t="296" w="410" /><ent r="3" t="296" w="437" /><ent r="3" t="296" w="484" /><ent r="3" t="296" w="513" /><ent r="3" t="302" w="14" /><ent r="3" t="302" w="83" /><ent r="3" t="303" w="14" /><ent r="3" t="303" w="213" /><ent r="3" t="303" w="229" /><ent r="3" t="303" w="256" /><ent r="3" t="304" w="14" /><ent r="3" t="304" w="102" /><ent r="3" t="304" w="118" /><ent r="3" t="304" w="145" /><ent r="3" t="305" w="21" /><ent r="3" t="306" w="23" /><ent r="3" t="307" w="22" /><ent r="3" t="308" w="14" /><ent r="6" t="310" w="767" /><ent r="6" t="312" w="216" /><ent r="3" t="315" w="55" /><ent r="4" t="315" w="157" /><ent r="3" t="315" w="165" /><ent r="4" t="316" w="723" /></phr><phr n="uses"><ent r="3" t="5" w="302" /><ent r="3" t="30" w="246" /><ent r="4" t="43" w="180" /><ent r="3" t="43" w="262" /><ent r="55" t="44" w="255" /><ent r="3" t="51" w="38" /><ent r="3" t="68" w="27" /><ent r="4" t="68" w="198" /><ent r="3" t="74" w="50" /><ent r="3" t="93" w="75" /><ent r="3" t="94" w="27" /><ent r="4" t="94" w="393" /><ent r="3" t="96" w="143" /><ent r="3" t="97" w="304" /><ent r="3" t="97" w="354" /><ent r="3" t="97" w="375" /><ent r="3" t="97" w="383" /><ent r="3" t="98" w="18" /><ent r="3" t="98" w="35" /><ent r="3" t="98" w="188" /><ent r="3" t="98" w="316" /><ent r="4" t="99" w="179" /><ent r="4" t="99" w="291" /><ent r="4" t="99" w="641" /><ent r="3" t="99" w="696" /><ent r="3" t="100" w="25" /><ent r="4" t="108" w="31" /><ent r="3" t="123" w="79" /><ent r="3" t="127" w="158" /><ent r="3" t="133" w="164" /><ent r="3" t="158" w="30" /><ent r="3" t="158" w="176" /><ent r="3" t="201" w="527" /><ent r="3" t="202" w="172" /><ent r="3" t="202" w="256" /><ent r="3" t="204" w="373" /><ent r="3" t="205" w="121" /><ent r="3" t="205" w="201" /><ent r="3" t="211" w="138" /><ent r="3" t="212" w="500" /><ent r="3" t="213" w="525" /><ent r="3" t="218" w="139" /><ent r="3" t="224" w="541" /><ent r="3" t="224" w="580" /><ent r="3" t="252" w="27" /></phr><phr n="us"><ent r="3" t="34" w="284" /><ent r="3" t="69" w="41" /><ent r="3" t="82" w="116" /></phr><phr n="useful"><ent r="4" t="269" w="279" /></phr></stem></index>