<?xml version="1.0" encoding="utf-8"?><index><stem n="attribut"><phr n="attribute"><ent r="6" t="5" w="76" /><ent r="3" t="58" w="149" /><ent r="3" t="58" w="194" /><ent r="3" t="58" w="368" /><ent r="3" t="58" w="411" /><ent r="4" t="58" w="585" /><ent r="3" t="58" w="633" /><ent r="3" t="58" w="678" /><ent r="3" t="58" w="821" /><ent r="3" t="58" w="850" /><ent r="3" t="58" w="879" /><ent r="3" t="58" w="894" /><ent r="3" t="58" w="930" /><ent r="1000" t="59" w="1" /><ent r="62" t="59" w="5" /><ent r="3" t="59" w="18" /><ent r="3" t="59" w="94" /><ent r="3" t="59" w="103" /><ent r="3" t="59" w="145" /><ent r="4" t="60" w="59" /><ent r="1000" t="61" w="1" /><ent r="62" t="61" w="4" /><ent r="3" t="61" w="11" /><ent r="3" t="61" w="28" /><ent r="3" t="61" w="42" /><ent r="3" t="61" w="45" /><ent r="3" t="61" w="97" /><ent r="3" t="61" w="117" /><ent r="1000" t="62" w="1" /><ent r="62" t="62" w="4" /><ent r="3" t="62" w="11" /><ent r="3" t="62" w="178" /><ent r="3" t="62" w="266" /><ent r="3" t="62" w="331" /><ent r="3" t="62" w="574" /><ent r="1000" t="63" w="1" /><ent r="62" t="63" w="4" /><ent r="3" t="63" w="8" /><ent r="3" t="63" w="33" /><ent r="3" t="63" w="42" /><ent r="3" t="63" w="103" /><ent r="3" t="64" w="348" /><ent r="3" t="64" w="394" /><ent r="3" t="64" w="427" /><ent r="3" t="64" w="551" /><ent r="3" t="64" w="556" /><ent r="4" t="64" w="581" /><ent r="4" t="64" w="594" /><ent r="1000" t="66" w="2" /><ent r="62" t="66" w="8" /><ent r="3" t="66" w="84" /><ent r="3" t="66" w="135" /><ent r="3" t="67" w="40" /><ent r="3" t="69" w="101" /><ent r="3" t="70" w="19" /><ent r="3" t="70" w="24" /><ent r="3" t="149" w="102" /><ent r="64" t="149" w="517" /><ent r="4" t="195" w="248" /><ent r="3" t="202" w="97" /><ent r="4" t="202" w="221" /><ent r="3" t="202" w="751" /><ent r="4" t="202" w="780" /><ent r="3" t="205" w="58" /><ent r="4" t="205" w="164" /><ent r="3" t="205" w="595" /><ent r="4" t="205" w="626" /><ent r="3" t="232" w="45" /><ent r="4" t="232" w="141" /><ent r="3" t="232" w="148" /><ent r="4" t="232" w="411" /><ent r="3" t="233" w="27" /><ent r="4" t="233" w="320" /><ent r="65" t="247" w="103" /><ent r="3" t="258" w="11" /><ent r="3" t="260" w="11" /><ent r="1000" t="264" w="3" /><ent r="72" t="264" w="10" /><ent r="3" t="264" w="48" /><ent r="3" t="269" w="88" /><ent r="4" t="269" w="356" /><ent r="6" t="310" w="500" /></phr><phr n="ATTRIBUTES"><ent r="6" t="26" w="606" /><ent r="4" t="42" w="291" /><ent r="4" t="42" w="623" /><ent r="3" t="57" w="8" /><ent r="4" t="57" w="43" /><ent r="3" t="58" w="25" /><ent r="4" t="58" w="132" /><ent r="3" t="58" w="473" /><ent r="3" t="58" w="734" /><ent r="3" t="59" w="120" /><ent r="3" t="59" w="283" /><ent r="3" t="59" w="828" /><ent r="3" t="59" w="838" /><ent r="3" t="60" w="19" /><ent r="3" t="62" w="560" /><ent r="3" t="64" w="6" /><ent r="4" t="64" w="117" /><ent r="3" t="64" w="320" /><ent r="3" t="64" w="341" /><ent r="3" t="65" w="56" /><ent r="3" t="65" w="75" /><ent r="3" t="67" w="199" /><ent r="3" t="69" w="18" /><ent r="6" t="85" w="138" /><ent r="3" t="149" w="527" /><ent r="3" t="149" w="930" /><ent r="3" t="176" w="75" /><ent r="3" t="181" w="73" /><ent r="3" t="202" w="95" /><ent r="3" t="202" w="229" /><ent r="64" t="202" w="242" /><ent r="3" t="202" w="248" /><ent r="4" t="202" w="716" /><ent r="3" t="205" w="56" /><ent r="3" t="205" w="172" /><ent r="64" t="205" w="185" /><ent r="3" t="205" w="191" /><ent r="4" t="205" w="560" /><ent r="3" t="232" w="42" /><ent r="4" t="232" w="155" /><ent r="3" t="234" w="321" /><ent r="3" t="235" w="336" /><ent r="3" t="236" w="306" /><ent r="3" t="244" w="410" /><ent r="3" t="245" w="339" /><ent r="65" t="247" w="98" /><ent r="6" t="262" w="37" /><ent r="1000" t="263" w="2" /><ent r="72" t="263" w="6" /><ent r="3" t="263" w="10" /><ent r="4" t="263" w="19" /><ent r="4" t="263" w="68" /><ent r="4" t="263" w="83" /><ent r="3" t="263" w="102" /><ent r="3" t="263" w="115" /><ent r="3" t="263" w="270" /><ent r="3" t="264" w="19" /><ent r="3" t="264" w="29" /><ent r="3" t="264" w="34" /><ent r="3" t="264" w="58" /><ent r="6" t="264" w="74" /><ent r="3" t="269" w="86" /><ent r="3" t="269" w="360" /><ent r="3" t="269" w="367" /><ent r="64" t="269" w="394" /><ent r="3" t="274" w="44" /><ent r="3" t="274" w="73" /><ent r="3" t="274" w="75" /><ent r="4" t="274" w="112" /><ent r="3" t="274" w="115" /><ent r="3" t="275" w="60" /><ent r="3" t="275" w="62" /><ent r="4" t="275" w="164" /><ent r="3" t="275" w="167" /><ent r="64" t="275" w="174" /><ent r="3" t="306" w="56" /><ent r="3" t="306" w="58" /><ent r="4" t="306" w="126" /><ent r="3" t="306" w="129" /><ent r="6" t="320" w="207" /></phr></stem><stem n="allow"><phr n="allows"><ent r="6" t="5" w="78" /><ent r="3" t="14" w="118" /><ent r="4" t="17" w="45" /><ent r="3" t="30" w="260" /><ent r="4" t="75" w="127" /><ent r="3" t="123" w="129" /><ent r="3" t="133" w="138" /><ent r="3" t="141" w="43" /><ent r="3" t="152" w="66" /><ent r="3" t="169" w="16" /><ent r="3" t="169" w="246" /><ent r="3" t="170" w="140" /><ent r="3" t="173" w="16" /><ent r="3" t="190" w="183" /><ent r="3" t="191" w="284" /><ent r="3" t="221" w="335" /><ent r="3" t="221" w="484" /><ent r="3" t="238" w="31" /></phr><phr n="allowed"><ent r="6" t="5" w="156" /><ent r="7" t="39" w="422" /><ent r="3" t="51" w="372" /><ent r="3" t="56" w="64" /><ent r="3" t="56" w="87" /><ent r="3" t="56" w="112" /><ent r="3" t="59" w="290" /><ent r="3" t="59" w="309" /><ent r="3" t="70" w="122" /><ent r="4" t="108" w="32" /><ent r="3" t="121" w="81" /><ent r="4" t="126" w="172" /><ent r="3" t="137" w="76" /><ent r="3" t="168" w="83" /><ent r="3" t="196" w="216" /><ent r="6" t="310" w="196" /><ent r="6" t="310" w="201" /><ent r="7" t="310" w="227" /><ent r="6" t="310" w="238" /><ent r="6" t="310" w="243" /><ent r="6" t="312" w="73" /></phr><phr n="allow"><ent r="7" t="39" w="622" /><ent r="3" t="51" w="403" /><ent r="6" t="54" w="129" /><ent r="4" t="72" w="68" /><ent r="3" t="72" w="78" /><ent r="3" t="72" w="127" /><ent r="6" t="85" w="166" /><ent r="4" t="108" w="89" /><ent r="3" t="118" w="9" /><ent r="3" t="119" w="13" /><ent r="3" t="126" w="20" /><ent r="3" t="135" w="22" /><ent r="3" t="136" w="15" /><ent r="3" t="147" w="13" /><ent r="3" t="238" w="196" /><ent r="3" t="277" w="107" /><ent r="3" t="278" w="171" /><ent r="3" t="292" w="33" /><ent r="6" t="320" w="48" /></phr><phr n="Allowing"><ent r="1000" t="72" w="1" /><ent r="82" t="72" w="9" /></phr></stem><stem n="debugg"><phr n="debugger"><ent r="6" t="5" w="81" /><ent r="6" t="5" w="87" /><ent r="6" t="5" w="95" /><ent r="3" t="14" w="347" /><ent r="66" t="23" w="72" /><ent r="92" t="32" w="9" /><ent r="3" t="32" w="24" /><ent r="4" t="32" w="80" /><ent r="3" t="32" w="103" /><ent r="6" t="32" w="149" /><ent r="5" t="32" w="163" /><ent r="3" t="32" w="181" /><ent r="3" t="33" w="25" /><ent r="3" t="34" w="133" /><ent r="3" t="34" w="138" /><ent r="3" t="34" w="152" /><ent r="3" t="34" w="162" /><ent r="3" t="34" w="168" /><ent r="3" t="34" w="294" /><ent r="3" t="34" w="338" /><ent r="3" t="34" w="376" /><ent r="3" t="34" w="415" /><ent r="116" t="38" w="166" /><ent r="4" t="42" w="215" /><ent r="3" t="149" w="231" /><ent r="3" t="171" w="17" /><ent r="3" t="171" w="50" /><ent r="3" t="171" w="68" /><ent r="3" t="172" w="13" /><ent r="3" t="173" w="25" /><ent r="4" t="173" w="44" /><ent r="6" t="314" w="97" /></phr><phr n="debuggers"><ent r="6" t="5" w="107" /></phr><phr n="debuggable"><ent r="4" t="32" w="32" /><ent r="5" t="36" w="389" /><ent r="3" t="149" w="958" /><ent r="6" t="310" w="321" /></phr></stem><stem n="view"><phr n="view"><ent r="6" t="5" w="89" /></phr><phr n="viewed"><ent r="3" t="104" w="45" /></phr><phr n="viewing"><ent r="3" t="104" w="72" /><ent r="3" t="104" w="108" /></phr></stem><stem n="content"><phr n="content"><ent r="6" t="5" w="91" /><ent r="3" t="5" w="317" /><ent r="3" t="5" w="331" /><ent r="4" t="59" w="412" /><ent r="4" t="59" w="476" /><ent r="4" t="59" w="545" /><ent r="4" t="59" w="669" /><ent r="4" t="59" w="732" /><ent r="4" t="59" w="787" /><ent r="3" t="152" w="282" /><ent r="3" t="152" w="295" /><ent r="3" t="189" w="18" /><ent r="4" t="252" w="15" /></phr><phr n="contents"><ent r="3" t="58" w="174" /><ent r="3" t="58" w="429" /><ent r="3" t="58" w="456" /><ent r="3" t="58" w="509" /><ent r="3" t="58" w="717" /><ent r="3" t="58" w="770" /><ent r="3" t="58" w="950" /><ent r="3" t="61" w="79" /><ent r="3" t="98" w="202" /><ent r="3" t="196" w="374" /><ent r="3" t="256" w="60" /></phr></stem><stem n="like"><phr n="like"><ent r="6" t="5" w="92" /><ent r="5" t="11" w="58" /><ent r="4" t="34" w="63" /><ent r="3" t="40" w="61" /><ent r="3" t="42" w="754" /><ent r="3" t="44" w="41" /><ent r="3" t="53" w="139" /><ent r="3" t="69" w="215" /><ent r="4" t="75" w="308" /><ent r="3" t="97" w="326" /><ent r="3" t="113" w="68" /><ent r="3" t="123" w="152" /><ent r="4" t="145" w="107" /><ent r="4" t="269" w="290" /></phr><phr n="likely"><ent r="3" t="210" w="165" /><ent r="3" t="217" w="183" /></phr></stem><stem n="standard"><phr n="standard"><ent r="6" t="5" w="94" /><ent r="6" t="5" w="207" /><ent r="3" t="5" w="305" /><ent r="6" t="28" w="47" /><ent r="7" t="39" w="327" /><ent r="4" t="43" w="358" /><ent r="6" t="47" w="96" /><ent r="6" t="47" w="112" /><ent r="3" t="56" w="30" /><ent r="3" t="66" w="32" /><ent r="3" t="66" w="97" /><ent r="3" t="69" w="59" /><ent r="3" t="69" w="213" /><ent r="3" t="70" w="49" /><ent r="6" t="85" w="191" /><ent r="6" t="85" w="200" /><ent r="3" t="123" w="36" /><ent r="4" t="123" w="188" /><ent r="3" t="125" w="66" /><ent r="3" t="129" w="27" /><ent r="4" t="129" w="98" /><ent r="7" t="129" w="121" /><ent r="3" t="133" w="282" /><ent r="1000" t="137" w="2" /><ent r="82" t="137" w="6" /><ent r="3" t="137" w="23" /><ent r="3" t="137" w="34" /><ent r="3" t="137" w="44" /><ent r="4" t="137" w="137" /><ent r="4" t="137" w="146" /><ent r="115" t="137" w="161" /><ent r="3" t="144" w="45" /><ent r="3" t="144" w="63" /><ent r="1000" t="145" w="2" /><ent r="72" t="145" w="6" /><ent r="3" t="145" w="23" /><ent r="3" t="145" w="32" /><ent r="54" t="145" w="59" /><ent r="3" t="145" w="74" /><ent r="3" t="168" w="158" /><ent r="3" t="168" w="169" /><ent r="3" t="207" w="18" /><ent r="3" t="207" w="204" /><ent r="3" t="214" w="21" /><ent r="3" t="214" w="250" /><ent r="3" t="221" w="146" /><ent r="3" t="222" w="97" /><ent r="3" t="223" w="215" /><ent r="3" t="224" w="191" /><ent r="3" t="225" w="137" /><ent r="3" t="226" w="167" /><ent r="3" t="227" w="197" /><ent r="65" t="311" w="38" /><ent r="65" t="311" w="43" /><ent r="3" t="315" w="22" /><ent r="1000" t="316" w="3" /><ent r="92" t="316" w="10" /><ent r="3" t="316" w="18" /><ent r="3" t="316" w="32" /><ent r="3" t="316" w="469" /><ent r="3" t="316" w="485" /><ent r="3" t="316" w="506" /><ent r="1000" t="317" w="3" /><ent r="92" t="317" w="12" /><ent r="64" t="317" w="42" /><ent r="3" t="317" w="51" /></phr></stem><stem n="non-debug"><phr n="non-debug"><ent r="6" t="5" w="98" /><ent r="3" t="14" w="370" /><ent r="3" t="149" w="193" /><ent r="3" t="149" w="200" /><ent r="3" t="149" w="256" /></phr></stem><stem n="(non-debug)"><phr n="(non-debug)"><ent r="6" t="5" w="100" /></phr></stem><stem n="environ"><phr n="environment"><ent r="6" t="5" w="111" /><ent r="4" t="18" w="247" /><ent r="3" t="24" w="291" /><ent r="4" t="24" w="327" /><ent r="5" t="35" w="316" /><ent r="7" t="35" w="491" /><ent r="7" t="35" w="513" /><ent r="7" t="35" w="553" /><ent r="7" t="35" w="576" /><ent r="7" t="35" w="616" /><ent r="7" t="35" w="657" /><ent r="3" t="36" w="18" /><ent r="3" t="82" w="56" /><ent r="3" t="118" w="25" /><ent r="3" t="139" w="59" /></phr><phr n="Environments"><ent r="1000" t="8" w="2" /><ent r="92" t="8" w="5" /><ent r="3" t="8" w="49" /><ent r="3" t="8" w="58" /></phr></stem><stem n="enter"><phr n="entered"><ent r="6" t="5" w="114" /></phr><phr n="enters"><ent r="6" t="7" w="75" /></phr><phr n="Enter"><ent r="5" t="11" w="48" /><ent r="3" t="142" w="13" /><ent r="3" t="190" w="114" /><ent r="3" t="191" w="216" /></phr><phr n="entering"><ent r="4" t="99" w="155" /><ent r="3" t="99" w="785" /></phr></stem><stem n="classic"><phr n="classic"><ent r="6" t="5" w="116" /><ent r="6" t="5" w="143" /></phr></stem><stem n="jump"><phr n="jumps"><ent r="6" t="5" w="119" /></phr></stem><stem n="regist"><phr n="register"><ent r="6" t="5" w="120" /><ent r="7" t="39" w="625" /><ent r="5" t="49" w="242" /><ent r="4" t="121" w="114" /><ent r="65" t="121" w="152" /><ent r="3" t="126" w="23" /><ent r="4" t="126" w="95" /><ent r="3" t="126" w="100" /><ent r="65" t="126" w="188" /><ent r="1000" t="160" w="2" /><ent r="72" t="160" w="8" /><ent r="4" t="160" w="14" /><ent r="4" t="160" w="81" /><ent r="3" t="160" w="93" /><ent r="4" t="160" w="189" /><ent r="1000" t="169" w="2" /><ent r="72" t="169" w="7" /><ent r="4" t="169" w="12" /><ent r="3" t="169" w="19" /><ent r="3" t="169" w="53" /><ent r="4" t="169" w="242" /><ent r="3" t="169" w="249" /><ent r="4" t="169" w="279" /><ent r="4" t="170" w="56" /><ent r="6" t="202" w="204" /><ent r="6" t="202" w="219" /><ent r="6" t="205" w="147" /><ent r="6" t="205" w="162" /><ent r="3" t="252" w="22" /><ent r="3" t="252" w="223" /><ent r="3" t="252" w="255" /><ent r="4" t="263" w="52" /><ent r="6" t="269" w="222" /><ent r="6" t="269" w="237" /></phr><phr n="registers"><ent r="6" t="69" w="171" /><ent r="3" t="127" w="194" /><ent r="4" t="127" w="290" /><ent r="6" t="127" w="332" /><ent r="3" t="193" w="187" /><ent r="3" t="194" w="205" /><ent r="3" t="252" w="213" /><ent r="3" t="252" w="245" /></phr><phr n="registered"><ent r="3" t="126" w="49" /><ent r="4" t="126" w="152" /><ent r="3" t="169" w="139" /><ent r="3" t="169" w="161" /><ent r="3" t="169" w="342" /><ent r="4" t="169" w="361" /><ent r="3" t="170" w="51" /><ent r="3" t="170" w="149" /></phr></stem><stem n="manipul"><phr n="manipulation"><ent r="6" t="5" w="121" /><ent r="6" t="5" w="124" /><ent r="3" t="130" w="32" /></phr><phr n="manipulate"><ent r="3" t="87" w="153" /><ent r="4" t="89" w="31" /></phr></stem><stem n="stack"><phr n="stack"><ent r="6" t="5" w="123" /><ent r="3" t="8" w="14" /><ent r="7" t="14" w="198" /><ent r="7" t="14" w="202" /><ent r="3" t="22" w="86" /><ent r="3" t="36" w="63" /><ent r="3" t="36" w="87" /><ent r="4" t="42" w="160" /><ent r="4" t="42" w="172" /><ent r="4" t="42" w="239" /><ent r="4" t="42" w="269" /><ent r="3" t="58" w="337" /><ent r="3" t="58" w="608" /><ent r="3" t="58" w="695" /><ent r="3" t="58" w="834" /><ent r="6" t="69" w="133" /><ent r="6" t="69" w="147" /><ent r="6" t="69" w="160" /><ent r="6" t="69" w="175" /><ent r="6" t="74" w="218" /><ent r="3" t="149" w="1228" /><ent r="6" t="313" w="319" /></phr></stem><stem n="wai"><phr n="way"><ent r="6" t="5" w="127" /><ent r="3" t="34" w="407" /><ent r="3" t="46" w="24" /><ent r="55" t="75" w="41" /><ent r="4" t="99" w="80" /><ent r="3" t="101" w="33" /><ent r="3" t="221" w="401" /></phr><phr n="ways"><ent r="3" t="56" w="34" /></phr></stem><stem n="new"><phr n="new"><ent r="6" t="5" w="136" /><ent r="6" t="11" w="28" /><ent r="5" t="11" w="70" /><ent r="6" t="12" w="53" /><ent r="4" t="12" w="60" /><ent r="3" t="17" w="307" /><ent r="3" t="35" w="40" /><ent r="4" t="44" w="311" /><ent r="4" t="59" w="427" /><ent r="3" t="72" w="118" /><ent r="4" t="105" w="13" /><ent r="4" t="108" w="55" /><ent r="4" t="144" w="79" /><ent r="3" t="149" w="1076" /><ent r="3" t="219" w="334" /><ent r="3" t="219" w="352" /><ent r="3" t="220" w="334" /><ent r="3" t="220" w="352" /></phr></stem><stem n="check"><phr n="checks"><ent r="6" t="5" w="142" /><ent r="3" t="58" w="320" /><ent r="3" t="58" w="347" /><ent r="3" t="58" w="615" /><ent r="3" t="59" w="110" /><ent r="5" t="99" w="371" /><ent r="3" t="101" w="317" /><ent r="4" t="107" w="17" /><ent r="3" t="166" w="19" /><ent r="3" t="167" w="19" /><ent r="3" t="178" w="101" /><ent r="3" t="225" w="16" /><ent r="6" t="312" w="210" /><ent r="6" t="312" w="225" /><ent r="6" t="312" w="232" /></phr><phr n="Check"><ent r="3" t="14" w="299" /><ent r="3" t="16" w="334" /><ent r="4" t="34" w="95" /><ent r="7" t="35" w="483" /><ent r="7" t="35" w="568" /><ent r="4" t="39" w="140" /><ent r="3" t="42" w="768" /><ent r="5" t="49" w="262" /><ent r="6" t="54" w="95" /><ent r="3" t="57" w="19" /><ent r="3" t="58" w="12" /><ent r="4" t="58" w="552" /><ent r="4" t="58" w="892" /><ent r="1000" t="59" w="3" /><ent r="62" t="59" w="7" /><ent r="4" t="59" w="92" /><ent r="4" t="59" w="101" /><ent r="4" t="59" w="143" /><ent r="3" t="59" w="182" /><ent r="3" t="59" w="184" /><ent r="3" t="59" w="230" /><ent r="3" t="59" w="232" /><ent r="3" t="59" w="287" /><ent r="4" t="59" w="336" /><ent r="5" t="59" w="344" /><ent r="4" t="59" w="580" /><ent r="5" t="59" w="588" /><ent r="6" t="59" w="846" /><ent r="6" t="59" w="856" /><ent r="6" t="59" w="869" /><ent r="3" t="62" w="96" /><ent r="3" t="64" w="36" /><ent r="5" t="64" w="592" /><ent r="4" t="67" w="209" /><ent r="3" t="69" w="267" /><ent r="3" t="69" w="296" /><ent r="3" t="69" w="357" /><ent r="3" t="70" w="178" /><ent r="3" t="70" w="210" /><ent r="6" t="85" w="171" /><ent r="3" t="122" w="24" /><ent r="3" t="126" w="117" /><ent r="65" t="146" w="141" /><ent r="3" t="166" w="149" /><ent r="3" t="167" w="149" /><ent r="3" t="179" w="103" /><ent r="4" t="183" w="358" /><ent r="3" t="190" w="202" /><ent r="3" t="191" w="303" /><ent r="3" t="198" w="183" /><ent r="3" t="199" w="143" /><ent r="3" t="200" w="134" /><ent r="1000" t="225" w="3" /><ent r="72" t="225" w="8" /><ent r="4" t="225" w="13" /><ent r="3" t="225" w="63" /><ent r="3" t="225" w="103" /><ent r="3" t="225" w="192" /><ent r="4" t="225" w="250" /><ent r="3" t="227" w="167" /><ent r="3" t="227" w="242" /><ent r="3" t="244" w="425" /><ent r="3" t="245" w="354" /><ent r="6" t="313" w="65" /><ent r="6" t="313" w="101" /><ent r="6" t="313" w="342" /></phr><phr n="checked"><ent r="3" t="14" w="390" /><ent r="3" t="25" w="135" /><ent r="4" t="57" w="78" /><ent r="6" t="59" w="851" /><ent r="6" t="59" w="864" /><ent r="4" t="62" w="380" /><ent r="3" t="177" w="128" /><ent r="3" t="202" w="251" /><ent r="3" t="205" w="194" /></phr><phr n="Checking"><ent r="1000" t="41" w="1" /><ent r="82" t="41" w="5" /><ent r="3" t="59" w="156" /><ent r="3" t="91" w="114" /><ent r="3" t="127" w="144" /><ent r="3" t="257" w="171" /></phr></stem><stem n="initi"><phr n="initiated"><ent r="6" t="5" w="146" /></phr><phr n="initialized"><ent r="3" t="5" w="347" /><ent r="3" t="5" w="358" /><ent r="4" t="59" w="494" /><ent r="4" t="59" w="735" /><ent r="3" t="81" w="29" /><ent r="3" t="84" w="18" /><ent r="3" t="87" w="132" /><ent r="3" t="88" w="64" /><ent r="3" t="149" w="554" /><ent r="3" t="176" w="62" /><ent r="3" t="176" w="87" /><ent r="3" t="176" w="170" /><ent r="3" t="181" w="86" /><ent r="3" t="181" w="155" /><ent r="3" t="187" w="152" /><ent r="3" t="187" w="255" /><ent r="3" t="195" w="395" /><ent r="3" t="208" w="17" /><ent r="3" t="208" w="142" /><ent r="3" t="208" w="185" /><ent r="3" t="215" w="17" /><ent r="3" t="215" w="181" /><ent r="3" t="221" w="20" /><ent r="3" t="221" w="139" /><ent r="3" t="221" w="192" /><ent r="3" t="221" w="233" /><ent r="3" t="222" w="90" /><ent r="3" t="223" w="208" /><ent r="3" t="224" w="184" /><ent r="3" t="225" w="130" /><ent r="3" t="226" w="160" /><ent r="3" t="227" w="190" /><ent r="3" t="241" w="161" /><ent r="5" t="263" w="144" /><ent r="3" t="269" w="408" /></phr><phr n="initializes"><ent r="3" t="35" w="176" /><ent r="3" t="91" w="89" /><ent r="3" t="149" w="17" /><ent r="3" t="176" w="19" /><ent r="3" t="176" w="127" /><ent r="3" t="181" w="19" /><ent r="3" t="181" w="121" /><ent r="3" t="187" w="16" /><ent r="3" t="187" w="195" /></phr><phr n="initiate"><ent r="3" t="40" w="223" /><ent r="4" t="94" w="165" /><ent r="4" t="94" w="214" /></phr><phr n="Initialize"><ent r="4" t="79" w="35" /><ent r="1000" t="81" w="1" /><ent r="82" t="81" w="5" /><ent r="3" t="149" w="338" /><ent r="3" t="149" w="1054" /><ent r="3" t="209" w="275" /><ent r="3" t="216" w="336" /><ent r="3" t="219" w="347" /><ent r="3" t="220" w="347" /><ent r="3" t="221" w="255" /><ent r="3" t="223" w="60" /><ent r="3" t="225" w="46" /><ent r="3" t="241" w="11" /><ent r="3" t="249" w="28" /><ent r="4" t="316" w="589" /></phr><phr n="initializations"><ent r="3" t="82" w="30" /></phr><phr n="initialization"><ent r="54" t="83" w="76" /><ent r="4" t="89" w="22" /><ent r="1000" t="90" w="1" /><ent r="72" t="90" w="7" /><ent r="3" t="90" w="17" /><ent r="3" t="90" w="31" /><ent r="3" t="91" w="51" /><ent r="4" t="127" w="255" /><ent r="4" t="127" w="288" /><ent r="3" t="149" w="1306" /><ent r="3" t="176" w="192" /><ent r="3" t="181" w="177" /><ent r="3" t="187" w="127" /><ent r="3" t="187" w="141" /><ent r="3" t="212" w="229" /><ent r="3" t="212" w="260" /><ent r="3" t="213" w="231" /><ent r="3" t="213" w="262" /><ent r="3" t="219" w="159" /><ent r="3" t="220" w="159" /><ent r="7" t="310" w="230" /><ent r="6" t="320" w="100" /></phr><phr n="initiator"><ent r="4" t="94" w="170" /><ent r="65" t="136" w="46" /><ent r="65" t="136" w="58" /><ent r="3" t="241" w="73" /><ent r="4" t="241" w="84" /><ent r="1000" t="243" w="3" /><ent r="72" t="243" w="9" /><ent r="3" t="243" w="14" /><ent r="3" t="243" w="31" /><ent r="3" t="243" w="48" /><ent r="3" t="244" w="19" /><ent r="3" t="244" w="74" /><ent r="3" t="244" w="93" /><ent r="4" t="244" w="379" /><ent r="3" t="244" w="401" /><ent r="1000" t="245" w="3" /><ent r="72" t="245" w="9" /><ent r="3" t="245" w="14" /><ent r="3" t="245" w="41" /><ent r="3" t="303" w="68" /><ent r="3" t="303" w="90" /><ent r="3" t="303" w="141" /><ent r="3" t="305" w="119" /><ent r="3" t="306" w="20" /><ent r="3" t="307" w="43" /><ent r="4" t="307" w="62" /><ent r="3" t="307" w="64" /></phr><phr n="initiates"><ent r="3" t="95" w="32" /></phr><phr n="Initializing"><ent r="4" t="104" w="115" /><ent r="1000" t="105" w="1" /><ent r="72" t="105" w="5" /><ent r="1000" t="110" w="1" /><ent r="72" t="110" w="5" /><ent r="3" t="176" w="201" /><ent r="3" t="181" w="186" /><ent r="3" t="195" w="120" /></phr><phr n="initializers"><ent r="4" t="144" w="83" /><ent r="6" t="320" w="121" /></phr><phr n="INITIALIZER"><ent r="4" t="176" w="211" /><ent r="4" t="176" w="219" /><ent r="4" t="176" w="228" /><ent r="4" t="181" w="197" /></phr><phr n="initial"><ent r="3" t="177" w="120" /><ent r="3" t="180" w="174" /><ent r="3" t="187" w="107" /></phr></stem><stem n="insid"><phr n="inside"><ent r="6" t="5" w="152" /><ent r="3" t="14" w="336" /><ent r="1000" t="34" w="7" /><ent r="82" t="34" w="18" /><ent r="3" t="34" w="34" /><ent r="3" t="34" w="332" /><ent r="65" t="38" w="26" /><ent r="3" t="39" w="99" /><ent r="4" t="39" w="146" /><ent r="7" t="39" w="517" /><ent r="7" t="39" w="526" /><ent r="1000" t="40" w="3" /><ent r="92" t="40" w="9" /><ent r="3" t="40" w="53" /><ent r="3" t="40" w="219" /><ent r="3" t="40" w="255" /><ent r="3" t="48" w="100" /><ent r="3" t="53" w="158" /><ent r="3" t="56" w="21" /><ent r="3" t="58" w="382" /><ent r="3" t="58" w="481" /><ent r="3" t="58" w="661" /><ent r="4" t="59" w="380" /><ent r="4" t="59" w="409" /><ent r="4" t="59" w="430" /><ent r="4" t="59" w="434" /><ent r="4" t="59" w="471" /><ent r="4" t="59" w="504" /><ent r="4" t="59" w="541" /><ent r="4" t="59" w="565" /><ent r="4" t="59" w="694" /><ent r="4" t="59" w="812" /><ent r="6" t="59" w="891" /><ent r="3" t="62" w="83" /><ent r="3" t="62" w="299" /><ent r="3" t="70" w="40" /><ent r="4" t="79" w="50" /><ent r="3" t="85" w="45" /><ent r="3" t="85" w="107" /><ent r="3" t="87" w="205" /><ent r="3" t="101" w="68" /><ent r="4" t="107" w="24" /><ent r="4" t="108" w="97" /><ent r="65" t="124" w="62" /><ent r="3" t="126" w="76" /><ent r="4" t="127" w="267" /><ent r="1000" t="128" w="3" /><ent r="82" t="128" w="9" /><ent r="3" t="128" w="20" /><ent r="3" t="129" w="17" /><ent r="3" t="129" w="47" /><ent r="4" t="132" w="50" /><ent r="3" t="137" w="41" /><ent r="3" t="137" w="79" /><ent r="4" t="137" w="114" /><ent r="1000" t="143" w="3" /><ent r="72" t="143" w="8" /><ent r="3" t="143" w="31" /><ent r="3" t="144" w="23" /><ent r="3" t="144" w="69" /><ent r="4" t="144" w="104" /><ent r="3" t="145" w="97" /><ent r="3" t="149" w="220" /><ent r="3" t="150" w="137" /><ent r="3" t="155" w="141" /><ent r="3" t="168" w="23" /><ent r="3" t="168" w="164" /><ent r="3" t="169" w="197" /><ent r="3" t="186" w="57" /><ent r="3" t="255" w="39" /><ent r="6" t="312" w="101" /><ent r="6" t="312" w="139" /><ent r="4" t="315" w="461" /><ent r="3" t="317" w="26" /></phr></stem><stem n="32"><phr n="32"><ent r="6" t="5" w="163" /><ent r="3" t="30" w="262" /><ent r="4" t="39" w="133" /><ent r="3" t="69" w="184" /><ent r="3" t="149" w="860" /><ent r="64" t="193" w="229" /><ent r="64" t="194" w="245" /><ent r="3" t="252" w="241" /><ent r="3" t="252" w="249" /><ent r="3" t="252" w="259" /><ent r="3" t="267" w="49" /><ent r="3" t="270" w="29" /><ent r="3" t="275" w="73" /><ent r="3" t="280" w="30" /><ent r="3" t="285" w="33" /><ent r="3" t="296" w="320" /><ent r="3" t="296" w="344" /><ent r="3" t="303" w="98" /><ent r="3" t="303" w="145" /><ent r="3" t="305" w="76" /><ent r="3" t="305" w="123" /><ent r="3" t="306" w="53" /><ent r="3" t="306" w="70" /><ent r="4" t="306" w="120" /><ent r="3" t="306" w="123" /><ent r="3" t="306" w="142" /><ent r="3" t="306" w="145" /><ent r="6" t="310" w="441" /></phr></stem><stem n="bit"><phr n="bit"><ent r="6" t="5" w="166" /><ent r="1000" t="12" w="3" /><ent r="82" t="12" w="10" /><ent r="6" t="28" w="106" /><ent r="3" t="30" w="263" /><ent r="3" t="30" w="266" /><ent r="4" t="31" w="20" /><ent r="7" t="35" w="464" /><ent r="7" t="35" w="504" /><ent r="7" t="35" w="530" /><ent r="7" t="35" w="589" /><ent r="7" t="35" w="633" /><ent r="7" t="35" w="681" /><ent r="4" t="39" w="134" /><ent r="4" t="39" w="137" /><ent r="3" t="56" w="80" /><ent r="3" t="69" w="185" /><ent r="3" t="69" w="189" /><ent r="3" t="149" w="854" /><ent r="3" t="149" w="861" /><ent r="3" t="157" w="241" /><ent r="3" t="195" w="19" /><ent r="3" t="195" w="353" /><ent r="3" t="207" w="215" /><ent r="3" t="207" w="264" /><ent r="3" t="210" w="113" /><ent r="3" t="214" w="160" /><ent r="3" t="214" w="261" /><ent r="3" t="215" w="149" /><ent r="3" t="215" w="241" /><ent r="3" t="216" w="17" /><ent r="3" t="216" w="285" /><ent r="3" t="217" w="17" /><ent r="3" t="217" w="112" /><ent r="3" t="217" w="237" /><ent r="4" t="221" w="172" /><ent r="3" t="221" w="258" /><ent r="4" t="222" w="123" /><ent r="4" t="223" w="241" /><ent r="4" t="224" w="217" /><ent r="4" t="225" w="163" /><ent r="4" t="226" w="193" /><ent r="4" t="227" w="223" /><ent r="4" t="239" w="318" /><ent r="4" t="244" w="347" /><ent r="4" t="245" w="291" /><ent r="65" t="247" w="298" /><ent r="3" t="252" w="210" /><ent r="3" t="252" w="218" /><ent r="3" t="252" w="228" /><ent r="3" t="252" w="242" /><ent r="3" t="252" w="250" /><ent r="3" t="252" w="260" /><ent r="5" t="263" w="168" /><ent r="5" t="263" w="219" /><ent r="3" t="266" w="19" /><ent r="3" t="267" w="19" /><ent r="3" t="268" w="13" /><ent r="3" t="270" w="16" /><ent r="3" t="271" w="18" /><ent r="3" t="272" w="19" /><ent r="3" t="273" w="13" /><ent r="3" t="287" w="49" /><ent r="3" t="287" w="55" /><ent r="3" t="287" w="61" /><ent r="3" t="287" w="69" /><ent r="3" t="291" w="16" /><ent r="4" t="295" w="350" /><ent r="4" t="296" w="185" /><ent r="4" t="296" w="465" /><ent r="72" t="301" w="9" /><ent r="3" t="301" w="36" /><ent r="3" t="301" w="51" /><ent r="4" t="303" w="284" /><ent r="4" t="304" w="173" /><ent r="6" t="310" w="443" /></phr><phr n="bits"><ent r="3" t="14" w="405" /><ent r="5" t="74" w="271" /><ent r="3" t="195" w="225" /><ent r="3" t="202" w="271" /><ent r="3" t="202" w="760" /><ent r="3" t="205" w="219" /><ent r="3" t="205" w="604" /><ent r="3" t="212" w="130" /><ent r="3" t="212" w="247" /><ent r="3" t="213" w="132" /><ent r="3" t="213" w="249" /><ent r="3" t="214" w="96" /><ent r="3" t="215" w="123" /><ent r="3" t="219" w="83" /><ent r="3" t="219" w="118" /><ent r="4" t="219" w="172" /><ent r="3" t="219" w="179" /><ent r="3" t="220" w="83" /><ent r="3" t="220" w="118" /><ent r="4" t="220" w="172" /><ent r="3" t="220" w="179" /><ent r="4" t="221" w="94" /><ent r="4" t="222" w="47" /><ent r="3" t="226" w="348" /><ent r="3" t="227" w="341" /><ent r="4" t="232" w="125" /><ent r="4" t="232" w="128" /><ent r="3" t="262" w="14" /><ent r="3" t="262" w="25" /><ent r="4" t="263" w="39" /><ent r="4" t="263" w="90" /><ent r="5" t="263" w="213" /><ent r="5" t="263" w="217" /><ent r="5" t="263" w="222" /><ent r="3" t="274" w="139" /><ent r="3" t="275" w="141" /></phr></stem></index>