<?xml version="1.0" encoding="utf-8"?><index><stem n="_tstdc.lib;"><phr n="_tstdc.lib;"><ent r="4" t="20" w="81" /><ent r="4" t="20" w="102" /></phr></stem><stem n="tstdcxx"><phr n="tstdcxx"><ent r="4" t="20" w="82" /><ent r="4" t="20" w="103" /><ent r="57" t="47" w="109" /><ent r="7" t="172" w="80" /></phr></stem><stem n="_tstdcxx.lib;"><phr n="_tstdcxx.lib;"><ent r="4" t="20" w="84" /><ent r="4" t="20" w="105" /></phr></stem><stem n="tcrypto"><phr n="tcrypto"><ent r="4" t="20" w="85" /><ent r="4" t="20" w="106" /><ent r="57" t="47" w="174" /><ent r="4" t="146" w="22" /><ent r="4" t="146" w="182" /><ent r="6" t="207" w="294" /><ent r="7" t="207" w="300" /><ent r="6" t="208" w="291" /><ent r="7" t="208" w="297" /><ent r="6" t="209" w="321" /><ent r="7" t="209" w="327" /><ent r="6" t="210" w="238" /><ent r="7" t="210" w="244" /><ent r="6" t="211" w="158" /><ent r="7" t="211" w="164" /><ent r="6" t="212" w="642" /><ent r="7" t="212" w="648" /><ent r="6" t="213" w="646" /><ent r="7" t="213" w="652" /><ent r="6" t="214" w="326" /><ent r="7" t="214" w="332" /><ent r="6" t="215" w="320" /><ent r="7" t="215" w="326" /><ent r="6" t="216" w="381" /><ent r="7" t="216" w="387" /><ent r="6" t="217" w="291" /><ent r="7" t="217" w="297" /><ent r="6" t="218" w="160" /><ent r="7" t="218" w="166" /><ent r="6" t="219" w="379" /><ent r="7" t="219" w="385" /><ent r="6" t="220" w="379" /><ent r="7" t="220" w="385" /><ent r="6" t="221" w="537" /><ent r="7" t="221" w="543" /><ent r="6" t="222" w="193" /><ent r="7" t="222" w="199" /><ent r="6" t="223" w="467" /><ent r="7" t="223" w="473" /><ent r="6" t="224" w="682" /><ent r="7" t="224" w="688" /><ent r="6" t="225" w="305" /><ent r="7" t="225" w="311" /><ent r="6" t="226" w="419" /><ent r="7" t="226" w="425" /><ent r="6" t="227" w="430" /><ent r="7" t="227" w="436" /></phr></stem><stem n="_tcrypto.lib"><phr n="_tcrypto.lib"><ent r="4" t="20" w="86" /><ent r="4" t="20" w="107" /><ent r="57" t="47" w="175" /><ent r="4" t="146" w="183" /><ent r="7" t="207" w="301" /><ent r="7" t="208" w="298" /><ent r="7" t="209" w="328" /><ent r="7" t="210" w="245" /><ent r="7" t="211" w="165" /><ent r="7" t="212" w="649" /><ent r="7" t="213" w="653" /><ent r="7" t="214" w="333" /><ent r="7" t="215" w="327" /><ent r="7" t="216" w="388" /><ent r="7" t="217" w="298" /><ent r="7" t="218" w="167" /><ent r="7" t="219" w="386" /><ent r="7" t="220" w="386" /><ent r="7" t="221" w="544" /><ent r="7" t="222" w="200" /><ent r="7" t="223" w="474" /><ent r="7" t="224" w="689" /><ent r="7" t="225" w="312" /><ent r="7" t="226" w="426" /><ent r="7" t="227" w="437" /></phr></stem><stem n="simul"><phr n="Simulation"><ent r="3" t="20" w="88" /><ent r="3" t="21" w="72" /><ent r="3" t="37" w="81" /><ent r="4" t="38" w="159" /><ent r="4" t="45" w="31" /><ent r="6" t="47" w="81" /><ent r="6" t="47" w="89" /><ent r="6" t="47" w="163" /><ent r="6" t="47" w="170" /><ent r="1000" t="48" w="1" /><ent r="82" t="48" w="4" /><ent r="3" t="48" w="13" /><ent r="3" t="48" w="20" /><ent r="3" t="48" w="33" /><ent r="3" t="48" w="38" /><ent r="3" t="48" w="42" /><ent r="3" t="48" w="61" /><ent r="3" t="48" w="65" /><ent r="3" t="48" w="85" /><ent r="5" t="49" w="85" /><ent r="5" t="49" w="105" /><ent r="5" t="49" w="113" /><ent r="5" t="49" w="168" /><ent r="5" t="49" w="191" /><ent r="5" t="49" w="199" /><ent r="4" t="75" w="32" /><ent r="55" t="75" w="35" /><ent r="4" t="75" w="76" /><ent r="3" t="123" w="67" /><ent r="4" t="126" w="154" /><ent r="3" t="139" w="58" /><ent r="3" t="149" w="865" /><ent r="3" t="149" w="1161" /><ent r="3" t="149" w="1168" /><ent r="3" t="149" w="1185" /><ent r="3" t="149" w="1189" /><ent r="6" t="149" w="1356" /><ent r="5" t="149" w="1371" /><ent r="6" t="150" w="232" /><ent r="6" t="152" w="358" /><ent r="6" t="153" w="192" /><ent r="6" t="154" w="617" /><ent r="6" t="157" w="524" /><ent r="6" t="158" w="219" /><ent r="6" t="159" w="205" /><ent r="6" t="164" w="229" /><ent r="6" t="165" w="218" /><ent r="6" t="166" w="213" /><ent r="6" t="167" w="177" /><ent r="3" t="168" w="198" /><ent r="6" t="168" w="229" /><ent r="4" t="169" w="363" /><ent r="6" t="169" w="398" /><ent r="6" t="170" w="174" /><ent r="6" t="171" w="91" /><ent r="6" t="172" w="77" /><ent r="6" t="173" w="99" /><ent r="6" t="195" w="435" /><ent r="6" t="196" w="515" /><ent r="6" t="197" w="210" /><ent r="6" t="198" w="260" /><ent r="6" t="199" w="203" /><ent r="6" t="200" w="189" /><ent r="6" t="201" w="676" /><ent r="6" t="202" w="816" /><ent r="6" t="203" w="749" /><ent r="6" t="204" w="489" /><ent r="6" t="205" w="662" /><ent r="6" t="206" w="471" /><ent r="6" t="228" w="262" /><ent r="6" t="229" w="146" /><ent r="6" t="230" w="190" /><ent r="6" t="231" w="389" /><ent r="4" t="232" w="615" /><ent r="6" t="232" w="654" /><ent r="4" t="233" w="522" /><ent r="6" t="233" w="561" /><ent r="6" t="234" w="426" /><ent r="6" t="235" w="441" /><ent r="6" t="236" w="343" /><ent r="6" t="241" w="198" /><ent r="6" t="242" w="250" /><ent r="6" t="243" w="307" /><ent r="6" t="244" w="569" /><ent r="6" t="245" w="492" /></phr><phr n="simulate"><ent r="5" t="23" w="124" /><ent r="3" t="37" w="45" /><ent r="6" t="37" w="150" /><ent r="6" t="37" w="157" /><ent r="3" t="37" w="198" /></phr><phr n="simulating"><ent r="3" t="48" w="91" /></phr><phr n="simulated"><ent r="55" t="75" w="62" /></phr><phr n="simulative"><ent r="3" t="150" w="196" /></phr></stem><stem n="sim"><phr n="sim"><ent r="4" t="20" w="93" /><ent r="4" t="20" w="97" /><ent r="4" t="21" w="78" /><ent r="4" t="21" w="82" /><ent r="57" t="47" w="74" /><ent r="57" t="47" w="151" /><ent r="57" t="49" w="78" /><ent r="6" t="49" w="93" /><ent r="57" t="49" w="159" /><ent r="6" t="49" w="177" /><ent r="55" t="149" w="1173" /><ent r="7" t="149" w="1353" /><ent r="6" t="149" w="1368" /><ent r="4" t="150" w="191" /><ent r="7" t="150" w="229" /><ent r="7" t="152" w="355" /><ent r="7" t="153" w="189" /><ent r="7" t="154" w="614" /><ent r="7" t="157" w="521" /><ent r="7" t="158" w="216" /><ent r="7" t="159" w="202" /><ent r="7" t="164" w="226" /><ent r="7" t="165" w="215" /><ent r="7" t="166" w="210" /><ent r="7" t="167" w="174" /><ent r="7" t="168" w="226" /><ent r="7" t="169" w="395" /><ent r="7" t="170" w="171" /><ent r="7" t="171" w="88" /><ent r="7" t="172" w="74" /><ent r="7" t="173" w="96" /><ent r="7" t="195" w="432" /><ent r="7" t="196" w="512" /><ent r="7" t="197" w="207" /><ent r="7" t="198" w="257" /><ent r="7" t="199" w="200" /><ent r="7" t="200" w="186" /><ent r="7" t="201" w="673" /><ent r="7" t="202" w="813" /><ent r="7" t="203" w="746" /><ent r="7" t="204" w="486" /><ent r="7" t="205" w="659" /><ent r="7" t="206" w="468" /><ent r="7" t="228" w="259" /><ent r="7" t="229" w="143" /><ent r="7" t="230" w="187" /><ent r="7" t="231" w="386" /><ent r="7" t="232" w="651" /><ent r="7" t="233" w="558" /><ent r="7" t="234" w="423" /><ent r="7" t="235" w="438" /><ent r="7" t="236" w="340" /><ent r="7" t="241" w="195" /><ent r="7" t="242" w="247" /><ent r="7" t="243" w="304" /><ent r="7" t="244" w="566" /><ent r="7" t="245" w="489" /><ent r="6" t="310" w="446" /></phr></stem><stem n="_trts_sim.lib;"><phr n="_trts_sim.lib;"><ent r="4" t="20" w="95" /></phr></stem><stem n="_tservice_sim.lib;"><phr n="_tservice_sim.lib;"><ent r="4" t="20" w="99" /></phr></stem><stem n="-&gt;input-&gt;ignor"><phr n="-&gt;Input-&gt;Ignore"><ent r="4" t="20" w="110" /><ent r="4" t="20" w="111" /></phr></stem><stem n="linker-&gt;input-&gt;ignor"><phr n="Linker-&gt;Input-&gt;Ignore"><ent r="4" t="20" w="110" /></phr></stem><stem n="&gt;input-&gt;ignor"><phr n="&gt;Input-&gt;Ignore"><ent r="4" t="20" w="111" /></phr></stem><stem n="&gt;ignor"><phr n="&gt;Ignore"><ent r="4" t="20" w="112" /></phr></stem><stem n="ye"><phr n="Yes"><ent r="4" t="20" w="117" /><ent r="4" t="20" w="126" /><ent r="4" t="20" w="202" /><ent r="7" t="39" w="398" /><ent r="7" t="39" w="576" /><ent r="7" t="39" w="596" /><ent r="6" t="316" w="197" /><ent r="6" t="316" w="289" /><ent r="6" t="316" w="362" /><ent r="6" t="316" w="376" /><ent r="6" t="316" w="394" /><ent r="6" t="316" w="407" /><ent r="6" t="316" w="445" /></phr></stem><stem n="nodefaultlib"><phr n="NODEFAULTLIB"><ent r="4" t="20" w="118" /></phr></stem><stem n="(/nodefaultlib)"><phr n="(/NODEFAULTLIB)"><ent r="4" t="20" w="119" /></phr></stem><stem n="-&gt;advanced-&gt;no"><phr n="-&gt;Advanced-&gt;No"><ent r="4" t="20" w="120" /><ent r="4" t="20" w="121" /></phr></stem><stem n="linker-&gt;advanc"><phr n="Linker-&gt;Advanced"><ent r="4" t="20" w="120" /></phr></stem><stem n="linker-&gt;advanced-&gt;no"><phr n="Linker-&gt;Advanced-&gt;No"><ent r="4" t="20" w="120" /></phr></stem><stem n="&gt;advanc"><phr n="&gt;Advanced"><ent r="4" t="20" w="121" /></phr></stem><stem n="&gt;advanced-&gt;no"><phr n="&gt;Advanced-&gt;No"><ent r="4" t="20" w="121" /></phr></stem><stem n="&gt;no"><phr n="&gt;No"><ent r="4" t="20" w="122" /></phr></stem><stem n="entri"><phr n="Entry"><ent r="4" t="20" w="123" /><ent r="3" t="82" w="45" /><ent r="4" t="82" w="93" /><ent r="3" t="85" w="13" /><ent r="3" t="124" w="33" /><ent r="7" t="310" w="219" /></phr></stem><stem n="point"><phr n="Point"><ent r="4" t="20" w="124" /><ent r="3" t="34" w="365" /><ent r="3" t="58" w="271" /><ent r="3" t="58" w="282" /><ent r="3" t="85" w="14" /><ent r="3" t="85" w="54" /><ent r="3" t="91" w="112" /><ent r="3" t="99" w="677" /><ent r="3" t="124" w="34" /><ent r="65" t="146" w="142" /><ent r="3" t="223" w="140" /><ent r="3" t="223" w="164" /><ent r="3" t="223" w="178" /><ent r="3" t="223" w="397" /><ent r="3" t="223" w="410" /><ent r="3" t="223" w="427" /><ent r="3" t="223" w="437" /><ent r="3" t="223" w="446" /><ent r="3" t="224" w="154" /><ent r="3" t="224" w="391" /><ent r="3" t="224" w="468" /><ent r="3" t="224" w="510" /><ent r="3" t="224" w="536" /><ent r="3" t="224" w="575" /><ent r="3" t="224" w="635" /><ent r="3" t="224" w="652" /><ent r="1000" t="225" w="4" /><ent r="72" t="225" w="9" /><ent r="4" t="225" w="14" /><ent r="3" t="225" w="20" /><ent r="3" t="225" w="24" /><ent r="3" t="225" w="64" /><ent r="3" t="225" w="72" /><ent r="4" t="225" w="92" /><ent r="3" t="225" w="99" /><ent r="3" t="225" w="212" /><ent r="4" t="225" w="251" /><ent r="3" t="225" w="257" /><ent r="3" t="225" w="261" /><ent r="3" t="225" w="287" /><ent r="3" t="225" w="295" /><ent r="3" t="231" w="66" /><ent r="3" t="231" w="69" /><ent r="3" t="243" w="79" /><ent r="3" t="243" w="128" /><ent r="3" t="243" w="175" /><ent r="3" t="244" w="84" /><ent r="3" t="244" w="133" /><ent r="3" t="244" w="187" /><ent r="3" t="245" w="81" /><ent r="3" t="245" w="131" /><ent r="3" t="250" w="117" /><ent r="3" t="250" w="143" /><ent r="5" t="312" w="115" /><ent r="6" t="314" w="125" /></phr><phr n="pointed"><ent r="3" t="58" w="164" /><ent r="3" t="58" w="389" /><ent r="3" t="58" w="656" /><ent r="4" t="59" w="370" /><ent r="4" t="59" w="413" /><ent r="4" t="59" w="477" /><ent r="4" t="59" w="514" /><ent r="4" t="59" w="546" /><ent r="4" t="59" w="601" /><ent r="4" t="59" w="622" /><ent r="4" t="59" w="670" /><ent r="4" t="59" w="755" /><ent r="4" t="59" w="788" /><ent r="5" t="60" w="125" /><ent r="3" t="63" w="20" /></phr><phr n="points"><ent r="3" t="58" w="915" /><ent r="4" t="59" w="632" /><ent r="6" t="59" w="910" /><ent r="3" t="63" w="77" /><ent r="3" t="221" w="418" /><ent r="3" t="221" w="435" /><ent r="3" t="242" w="116" /><ent r="3" t="244" w="239" /><ent r="3" t="244" w="386" /><ent r="3" t="245" w="183" /><ent r="6" t="320" w="140" /></phr></stem><stem n="custom"><phr n="custom"><ent r="3" t="20" w="138" /><ent r="68" t="39" w="640" /><ent r="3" t="52" w="32" /><ent r="1000" t="100" w="5" /><ent r="72" t="100" w="14" /><ent r="65" t="124" w="56" /><ent r="1000" t="126" w="1" /><ent r="72" t="126" w="5" /><ent r="4" t="126" w="137" /><ent r="3" t="126" w="179" /><ent r="1000" t="127" w="1" /><ent r="62" t="127" w="8" /><ent r="3" t="127" w="176" /><ent r="4" t="127" w="292" /><ent r="4" t="127" w="297" /><ent r="3" t="169" w="150" /><ent r="3" t="169" w="174" /><ent r="64" t="169" w="231" /><ent r="4" t="169" w="346" /><ent r="3" t="170" w="21" /><ent r="3" t="170" w="47" /><ent r="3" t="170" w="69" /><ent r="3" t="170" w="103" /><ent r="64" t="170" w="125" /><ent r="3" t="238" w="36" /><ent r="3" t="252" w="24" /><ent r="3" t="254" w="17" /></phr></stem><stem n="-&gt;post-build"><phr n="-&gt;Post-Build"><ent r="4" t="20" w="147" /><ent r="4" t="20" w="148" /><ent r="4" t="20" w="194" /><ent r="4" t="20" w="195" /></phr></stem><stem n="events-&gt;post"><phr n="Events-&gt;Post"><ent r="4" t="20" w="147" /><ent r="4" t="20" w="194" /></phr></stem><stem n="events-&gt;post-build"><phr n="Events-&gt;Post-Build"><ent r="4" t="20" w="147" /><ent r="4" t="20" w="194" /></phr></stem><stem n="&gt;post"><phr n="&gt;Post"><ent r="4" t="20" w="148" /><ent r="4" t="20" w="195" /></phr></stem><stem n="&gt;post-build"><phr n="&gt;Post-Build"><ent r="4" t="20" w="148" /><ent r="4" t="20" w="195" /></phr></stem><stem n="-&gt;command"><phr n="-&gt;Command"><ent r="4" t="20" w="150" /><ent r="4" t="20" w="150" /></phr></stem><stem n="event-&gt;command"><phr n="Event-&gt;Command"><ent r="4" t="20" w="150" /></phr></stem><stem n="&gt;command"><phr n="&gt;Command"><ent r="4" t="20" w="151" /></phr></stem><stem n="&quot;$(sgxsdkinstallpath)bin\win32\release\sgx_sign.exe&quot;"><phr n="&quot;$(SGXSDKInstallPath)bin\win32\release\sgx_sign.exe&quot;"><ent r="3" t="20" w="163" /></phr></stem><stem n="-kei"><phr n="-key"><ent r="3" t="20" w="164" /><ent r="3" t="20" w="164" /><ent r="6" t="26" w="334" /><ent r="6" t="26" w="334" /></phr></stem><stem n="projectdir"><phr n="ProjectDir"><ent r="3" t="20" w="166" /><ent r="3" t="20" w="186" /></phr></stem><stem n="&quot;$(projectdir)sample_enclave_private.pem&quot;"><phr n="&quot;$(ProjectDir)sample_enclave_private.pem&quot;"><ent r="3" t="20" w="171" /></phr></stem><stem n="-enclav"><phr n="-enclave"><ent r="3" t="20" w="171" /><ent r="3" t="20" w="171" /><ent r="6" t="26" w="250" /><ent r="6" t="26" w="250" /><ent r="3" t="196" w="367" /><ent r="3" t="196" w="367" /><ent r="3" t="196" w="490" /><ent r="3" t="196" w="490" /></phr></stem><stem n="outdir"><phr n="OutDir"><ent r="3" t="20" w="173" /><ent r="3" t="20" w="179" /><ent r="5" t="32" w="175" /></phr></stem><stem n="&quot;$(outdir)sample_enclave.dll&quot;"><phr n="&quot;$(OutDir)sample_enclave.dll&quot;"><ent r="3" t="20" w="177" /></phr></stem><stem n="-out"><phr n="-out"><ent r="3" t="20" w="177" /><ent r="3" t="20" w="177" /><ent r="6" t="26" w="290" /><ent r="6" t="26" w="290" /><ent r="7" t="30" w="149" /><ent r="7" t="30" w="149" /><ent r="3" t="31" w="36" /><ent r="3" t="31" w="36" /><ent r="3" t="31" w="61" /><ent r="3" t="31" w="61" /><ent r="3" t="31" w="79" /><ent r="3" t="31" w="79" /><ent r="3" t="156" w="127" /><ent r="3" t="156" w="127" /><ent r="3" t="267" w="39" /><ent r="3" t="267" w="39" /><ent r="3" t="269" w="404" /><ent r="3" t="269" w="404" /><ent r="3" t="276" w="96" /><ent r="3" t="276" w="96" /></phr></stem><stem n="out"><phr n="out"><ent r="3" t="20" w="177" /><ent r="6" t="26" w="73" /><ent r="6" t="26" w="139" /><ent r="6" t="26" w="226" /><ent r="6" t="26" w="290" /><ent r="3" t="29" w="119" /><ent r="5" t="30" w="103" /><ent r="7" t="30" w="149" /><ent r="7" t="30" w="209" /><ent r="3" t="31" w="36" /><ent r="3" t="31" w="61" /><ent r="3" t="31" w="79" /><ent r="4" t="34" w="351" /><ent r="3" t="40" w="76" /><ent r="3" t="40" w="279" /><ent r="6" t="43" w="567" /><ent r="6" t="54" w="92" /><ent r="3" t="56" w="120" /><ent r="3" t="56" w="124" /><ent r="3" t="57" w="17" /><ent r="3" t="58" w="9" /><ent r="3" t="58" w="21" /><ent r="4" t="58" w="78" /><ent r="4" t="58" w="80" /><ent r="5" t="58" w="105" /><ent r="4" t="58" w="131" /><ent r="4" t="58" w="409" /><ent r="4" t="58" w="471" /><ent r="3" t="58" w="522" /><ent r="4" t="58" w="584" /><ent r="4" t="58" w="676" /><ent r="4" t="58" w="732" /><ent r="3" t="58" w="783" /><ent r="4" t="59" w="118" /><ent r="3" t="59" w="134" /><ent r="3" t="59" w="203" /><ent r="3" t="59" w="204" /><ent r="3" t="59" w="214" /><ent r="3" t="59" w="216" /><ent r="3" t="59" w="249" /><ent r="3" t="59" w="250" /><ent r="3" t="59" w="259" /><ent r="3" t="59" w="261" /><ent r="4" t="59" w="446" /><ent r="5" t="59" w="453" /><ent r="4" t="59" w="522" /><ent r="5" t="59" w="530" /><ent r="4" t="59" w="698" /><ent r="5" t="59" w="705" /><ent r="4" t="59" w="763" /><ent r="5" t="59" w="771" /><ent r="3" t="59" w="827" /><ent r="3" t="59" w="837" /><ent r="6" t="59" w="915" /><ent r="6" t="59" w="961" /><ent r="7" t="59" w="969" /><ent r="4" t="61" w="33" /><ent r="4" t="62" w="187" /><ent r="4" t="62" w="201" /><ent r="3" t="62" w="569" /><ent r="5" t="64" w="150" /><ent r="5" t="64" w="168" /><ent r="3" t="64" w="211" /><ent r="3" t="64" w="221" /><ent r="3" t="64" w="231" /><ent r="3" t="64" w="242" /><ent r="3" t="64" w="283" /><ent r="3" t="64" w="347" /><ent r="3" t="64" w="354" /><ent r="3" t="64" w="355" /><ent r="3" t="64" w="390" /><ent r="3" t="64" w="404" /><ent r="3" t="64" w="452" /><ent r="3" t="64" w="491" /><ent r="4" t="64" w="549" /><ent r="5" t="64" w="586" /><ent r="4" t="66" w="82" /><ent r="4" t="67" w="204" /><ent r="3" t="72" w="95" /><ent r="3" t="72" w="121" /><ent r="3" t="76" w="83" /><ent r="5" t="77" w="304" /><ent r="6" t="85" w="173" /><ent r="3" t="98" w="255" /><ent r="4" t="118" w="45" /><ent r="4" t="119" w="52" /><ent r="4" t="120" w="46" /><ent r="3" t="133" w="221" /><ent r="4" t="149" w="323" /><ent r="4" t="149" w="453" /><ent r="4" t="149" w="481" /><ent r="4" t="149" w="507" /><ent r="4" t="149" w="585" /><ent r="4" t="149" w="690" /><ent r="3" t="149" w="699" /><ent r="3" t="149" w="917" /><ent r="4" t="151" w="51" /><ent r="4" t="151" w="85" /><ent r="4" t="152" w="64" /><ent r="4" t="152" w="87" /><ent r="4" t="152" w="149" /><ent r="3" t="152" w="187" /><ent r="4" t="152" w="205" /><ent r="4" t="153" w="69" /><ent r="4" t="154" w="213" /><ent r="4" t="154" w="248" /><ent r="4" t="154" w="382" /><ent r="3" t="154" w="419" /><ent r="4" t="154" w="437" /><ent r="4" t="155" w="224" /><ent r="4" t="155" w="331" /><ent r="4" t="155" w="347" /><ent r="3" t="155" w="393" /><ent r="3" t="156" w="128" /><ent r="4" t="156" w="409" /><ent r="4" t="156" w="450" /><ent r="4" t="156" w="553" /><ent r="4" t="156" w="569" /><ent r="3" t="156" w="615" /><ent r="4" t="157" w="298" /><ent r="4" t="157" w="381" /><ent r="3" t="157" w="418" /><ent r="4" t="157" w="446" /><ent r="4" t="158" w="83" /><ent r="4" t="158" w="123" /><ent r="3" t="158" w="160" /><ent r="4" t="159" w="52" /><ent r="3" t="159" w="122" /><ent r="4" t="161" w="71" /><ent r="4" t="162" w="77" /><ent r="4" t="163" w="63" /><ent r="4" t="164" w="49" /><ent r="4" t="164" w="101" /><ent r="3" t="164" w="138" /><ent r="4" t="165" w="50" /><ent r="4" t="165" w="130" /><ent r="3" t="165" w="167" /><ent r="4" t="168" w="51" /><ent r="4" t="187" w="55" /><ent r="4" t="193" w="74" /><ent r="4" t="194" w="80" /><ent r="4" t="195" w="129" /><ent r="4" t="195" w="230" /><ent r="3" t="195" w="241" /><ent r="4" t="196" w="248" /><ent r="4" t="196" w="338" /><ent r="3" t="196" w="347" /><ent r="4" t="201" w="297" /><ent r="4" t="201" w="479" /><ent r="3" t="201" w="486" /><ent r="4" t="202" w="468" /><ent r="4" t="202" w="650" /><ent r="3" t="202" w="657" /><ent r="4" t="203" w="143" /><ent r="4" t="203" w="207" /><ent r="4" t="203" w="263" /><ent r="4" t="203" w="316" /><ent r="4" t="203" w="605" /><ent r="3" t="203" w="612" /><ent r="4" t="204" w="161" /><ent r="4" t="204" w="325" /><ent r="3" t="204" w="332" /><ent r="4" t="205" w="333" /><ent r="4" t="205" w="494" /><ent r="3" t="205" w="501" /><ent r="4" t="206" w="108" /><ent r="4" t="206" w="150" /><ent r="4" t="206" w="363" /><ent r="3" t="206" w="370" /><ent r="4" t="207" w="112" /><ent r="4" t="207" w="168" /><ent r="4" t="208" w="93" /><ent r="4" t="208" w="162" /><ent r="4" t="210" w="104" /><ent r="3" t="212" w="100" /><ent r="4" t="212" w="201" /><ent r="4" t="212" w="337" /><ent r="4" t="212" w="339" /><ent r="4" t="212" w="454" /><ent r="4" t="213" w="203" /><ent r="4" t="213" w="478" /><ent r="4" t="214" w="152" /><ent r="4" t="214" w="213" /><ent r="4" t="215" w="128" /><ent r="4" t="215" w="198" /><ent r="4" t="216" w="204" /><ent r="4" t="217" w="103" /><ent r="4" t="217" w="159" /><ent r="4" t="219" w="189" /><ent r="4" t="219" w="239" /><ent r="4" t="220" w="189" /><ent r="4" t="220" w="239" /><ent r="4" t="221" w="124" /><ent r="4" t="221" w="209" /><ent r="4" t="223" w="109" /><ent r="4" t="223" w="151" /><ent r="4" t="223" w="281" /><ent r="4" t="224" w="138" /><ent r="4" t="224" w="260" /><ent r="4" t="225" w="171" /><ent r="4" t="225" w="221" /><ent r="4" t="226" w="124" /><ent r="4" t="226" w="238" /><ent r="4" t="227" w="157" /><ent r="4" t="227" w="278" /><ent r="3" t="228" w="79" /><ent r="4" t="228" w="95" /><ent r="4" t="228" w="125" /><ent r="3" t="229" w="84" /><ent r="4" t="230" w="58" /><ent r="4" t="231" w="55" /><ent r="3" t="231" w="94" /><ent r="3" t="231" w="189" /><ent r="4" t="231" w="207" /><ent r="4" t="231" w="223" /><ent r="3" t="232" w="161" /><ent r="3" t="232" w="182" /><ent r="3" t="232" w="266" /><ent r="3" t="232" w="319" /><ent r="4" t="232" w="337" /><ent r="4" t="232" w="353" /><ent r="3" t="232" w="464" /><ent r="4" t="233" w="58" /><ent r="3" t="233" w="79" /><ent r="3" t="233" w="163" /><ent r="3" t="233" w="215" /><ent r="4" t="233" w="233" /><ent r="4" t="233" w="249" /><ent r="3" t="233" w="374" /><ent r="3" t="234" w="194" /><ent r="4" t="234" w="212" /><ent r="4" t="234" w="228" /><ent r="3" t="234" w="357" /><ent r="4" t="235" w="67" /><ent r="3" t="235" w="209" /><ent r="4" t="235" w="227" /><ent r="4" t="235" w="243" /><ent r="3" t="235" w="372" /><ent r="4" t="236" w="65" /><ent r="3" t="236" w="179" /><ent r="4" t="236" w="197" /><ent r="4" t="236" w="213" /><ent r="4" t="237" w="135" /><ent r="4" t="237" w="193" /><ent r="4" t="238" w="215" /><ent r="4" t="238" w="273" /><ent r="4" t="239" w="385" /><ent r="4" t="241" w="108" /><ent r="4" t="242" w="61" /><ent r="4" t="242" w="111" /><ent r="4" t="242" w="209" /><ent r="3" t="242" w="216" /><ent r="4" t="243" w="126" /><ent r="4" t="243" w="173" /><ent r="4" t="243" w="266" /><ent r="3" t="243" w="273" /><ent r="4" t="244" w="131" /><ent r="4" t="244" w="185" /><ent r="4" t="244" w="234" /><ent r="4" t="244" w="381" /><ent r="4" t="244" w="528" /><ent r="3" t="244" w="535" /><ent r="4" t="245" w="178" /><ent r="4" t="245" w="325" /><ent r="4" t="245" w="451" /><ent r="3" t="245" w="458" /><ent r="3" t="267" w="40" /><ent r="3" t="269" w="405" /><ent r="3" t="276" w="97" /><ent r="3" t="278" w="31" /><ent r="4" t="292" w="151" /><ent r="4" t="292" w="160" /><ent r="4" t="292" w="169" /><ent r="4" t="292" w="178" /><ent r="4" t="292" w="223" /><ent r="6" t="310" w="49" /><ent r="6" t="310" w="167" /><ent r="6" t="310" w="174" /><ent r="6" t="310" w="328" /><ent r="6" t="310" w="594" /><ent r="5" t="315" w="257" /><ent r="5" t="315" w="258" /><ent r="4" t="316" w="653" /></phr></stem><stem n="&quot;$(outdir)sample_enclave.signed.dll&quot;"><phr n="&quot;$(OutDir)sample_enclave.signed.dll&quot;"><ent r="3" t="20" w="184" /></phr></stem><stem n="-config"><phr n="-config"><ent r="3" t="20" w="184" /><ent r="3" t="20" w="184" /><ent r="6" t="26" w="271" /><ent r="6" t="26" w="271" /></phr></stem><stem n="&quot;$(projectdir)sample_enclave.config.xml&quot;"><phr n="&quot;$(ProjectDir)sample_enclave.config.xml&quot;"><ent r="3" t="20" w="191" /></phr></stem><stem n="-&gt;use"><phr n="-&gt;Use"><ent r="4" t="20" w="197" /><ent r="4" t="20" w="197" /></phr></stem><stem n="event-&gt;us"><phr n="Event-&gt;Use"><ent r="4" t="20" w="197" /></phr></stem><stem n="&gt;use"><phr n="&gt;Use"><ent r="4" t="20" w="198" /></phr></stem><stem n="few"><phr n="few"><ent r="4" t="20" w="228" /><ent r="3" t="129" w="34" /><ent r="4" t="129" w="93" /></phr></stem><stem n="unsupport"><phr n="Unsupported"><ent r="65" t="20" w="242" /><ent r="65" t="20" w="250" /><ent r="3" t="129" w="46" /><ent r="3" t="129" w="51" /><ent r="3" t="129" w="151" /><ent r="115" t="137" w="159" /><ent r="54" t="137" w="168" /><ent r="3" t="195" w="323" /><ent r="6" t="310" w="556" /><ent r="65" t="311" w="13" /><ent r="65" t="311" w="19" /><ent r="65" t="311" w="27" /><ent r="65" t="311" w="33" /><ent r="65" t="311" w="36" /><ent r="65" t="311" w="41" /><ent r="65" t="311" w="48" /><ent r="1000" t="312" w="1" /><ent r="92" t="312" w="8" /><ent r="3" t="312" w="26" /><ent r="1000" t="313" w="1" /><ent r="92" t="313" w="9" /><ent r="3" t="313" w="30" /><ent r="1000" t="314" w="1" /><ent r="92" t="314" w="9" /><ent r="3" t="314" w="29" /><ent r="1000" t="315" w="1" /><ent r="92" t="315" w="7" /><ent r="4" t="315" w="154" /><ent r="3" t="315" w="170" /><ent r="1000" t="316" w="1" /><ent r="92" t="316" w="8" /><ent r="3" t="316" w="30" /><ent r="6" t="316" w="43" /><ent r="1000" t="317" w="1" /><ent r="92" t="317" w="10" /><ent r="3" t="317" w="21" /><ent r="3" t="317" w="35" /><ent r="64" t="317" w="40" /><ent r="3" t="317" w="49" /><ent r="6" t="317" w="62" /><ent r="1000" t="318" w="1" /><ent r="92" t="318" w="9" /><ent r="3" t="318" w="25" /><ent r="6" t="318" w="33" /></phr></stem><stem n="msvc"><phr n="MSVC"><ent r="65" t="20" w="243" /><ent r="4" t="129" w="137" /><ent r="65" t="311" w="14" /><ent r="1000" t="312" w="2" /><ent r="92" t="312" w="9" /><ent r="3" t="312" w="16" /><ent r="3" t="312" w="27" /><ent r="3" t="315" w="171" /></phr></stem><stem n="(sgxsdkinstallpath)include;"><phr n="(SGXSDKInstallPath)include;"><ent r="4" t="21" w="41" /></phr></stem><stem n="uae"><phr n="uae"><ent r="4" t="21" w="65" /><ent r="4" t="21" w="76" /><ent r="57" t="49" w="117" /><ent r="7" t="49" w="144" /><ent r="57" t="49" w="157" /><ent r="6" t="49" w="175" /><ent r="6" t="49" w="186" /><ent r="4" t="50" w="26" /><ent r="4" t="50" w="134" /><ent r="6" t="152" w="339" /><ent r="7" t="152" w="346" /><ent r="7" t="152" w="353" /><ent r="6" t="153" w="173" /><ent r="7" t="153" w="180" /><ent r="7" t="153" w="187" /><ent r="6" t="154" w="598" /><ent r="7" t="154" w="605" /><ent r="7" t="154" w="612" /><ent r="6" t="157" w="505" /><ent r="7" t="157" w="512" /><ent r="7" t="157" w="519" /><ent r="6" t="158" w="200" /><ent r="7" t="158" w="207" /><ent r="7" t="158" w="214" /><ent r="6" t="159" w="186" /><ent r="7" t="159" w="193" /><ent r="7" t="159" w="200" /><ent r="6" t="161" w="337" /><ent r="7" t="161" w="344" /><ent r="6" t="164" w="210" /><ent r="7" t="164" w="217" /><ent r="7" t="164" w="224" /><ent r="6" t="165" w="199" /><ent r="7" t="165" w="206" /><ent r="7" t="165" w="213" /><ent r="6" t="287" w="79" /></phr></stem><stem n="_uae_service.lib;"><phr n="_uae_service.lib;"><ent r="4" t="21" w="68" /></phr></stem><stem n="_urts.lib"><phr n="_urts.lib"><ent r="4" t="21" w="70" /><ent r="57" t="49" w="46" /><ent r="6" t="49" w="102" /><ent r="4" t="149" w="1135" /><ent r="7" t="149" w="1347" /><ent r="55" t="150" w="173" /><ent r="7" t="150" w="223" /><ent r="7" t="151" w="156" /></phr></stem></index>