<?xml version="1.0" encoding="utf-8"?><index><stem n="order"><phr n="order"><ent r="3" t="1" w="168" /><ent r="3" t="26" w="430" /><ent r="3" t="50" w="131" /><ent r="3" t="58" w="169" /><ent r="3" t="101" w="127" /><ent r="3" t="126" w="58" /><ent r="3" t="133" w="125" /><ent r="3" t="155" w="420" /><ent r="3" t="156" w="642" /><ent r="3" t="169" w="80" /><ent r="3" t="169" w="308" /><ent r="3" t="169" w="336" /><ent r="3" t="183" w="197" /><ent r="3" t="223" w="134" /><ent r="3" t="223" w="391" /><ent r="3" t="239" w="427" /><ent r="3" t="242" w="203" /><ent r="3" t="243" w="260" /><ent r="3" t="244" w="508" /><ent r="3" t="245" w="445" /><ent r="6" t="310" w="93" /><ent r="6" t="313" w="148" /><ent r="6" t="313" w="160" /></phr><phr n="Ordered"><ent r="3" t="257" w="189" /><ent r="3" t="259" w="68" /></phr><phr n="ordering"><ent r="6" t="320" w="211" /></phr></stem><stem n="number"><phr n="number"><ent r="3" t="1" w="169" /><ent r="6" t="2" w="8" /><ent r="3" t="4" w="142" /><ent r="6" t="7" w="119" /><ent r="6" t="7" w="257" /><ent r="3" t="8" w="37" /><ent r="7" t="14" w="228" /><ent r="7" t="14" w="231" /><ent r="3" t="22" w="18" /><ent r="3" t="37" w="14" /><ent r="4" t="42" w="164" /><ent r="3" t="60" w="22" /><ent r="4" t="60" w="89" /><ent r="3" t="62" w="30" /><ent r="3" t="63" w="49" /><ent r="3" t="63" w="119" /><ent r="3" t="64" w="559" /><ent r="6" t="74" w="176" /><ent r="3" t="101" w="184" /><ent r="3" t="101" w="186" /><ent r="4" t="108" w="29" /><ent r="3" t="123" w="74" /><ent r="3" t="123" w="101" /><ent r="3" t="123" w="104" /><ent r="3" t="123" w="106" /><ent r="3" t="123" w="127" /><ent r="3" t="125" w="60" /><ent r="4" t="134" w="99" /><ent r="1000" t="139" w="2" /><ent r="72" t="139" w="7" /><ent r="3" t="144" w="111" /><ent r="3" t="151" w="88" /><ent r="3" t="168" w="22" /><ent r="3" t="168" w="62" /><ent r="3" t="168" w="139" /><ent r="3" t="191" w="78" /><ent r="3" t="191" w="90" /><ent r="3" t="198" w="150" /><ent r="3" t="198" w="200" /><ent r="3" t="199" w="115" /><ent r="3" t="199" w="161" /><ent r="3" t="200" w="38" /><ent r="3" t="200" w="111" /><ent r="3" t="200" w="152" /><ent r="3" t="201" w="262" /><ent r="3" t="201" w="508" /><ent r="3" t="201" w="626" /><ent r="3" t="202" w="433" /><ent r="3" t="202" w="678" /><ent r="3" t="203" w="292" /><ent r="3" t="203" w="375" /><ent r="3" t="204" w="124" /><ent r="3" t="204" w="354" /><ent r="3" t="204" w="442" /><ent r="3" t="205" w="296" /><ent r="3" t="205" w="522" /><ent r="3" t="219" w="177" /><ent r="3" t="220" w="177" /><ent r="3" t="223" w="120" /><ent r="3" t="223" w="375" /><ent r="3" t="224" w="337" /><ent r="3" t="226" w="295" /><ent r="3" t="232" w="512" /><ent r="3" t="233" w="422" /><ent r="3" t="269" w="319" /><ent r="3" t="269" w="346" /><ent r="3" t="269" w="412" /><ent r="3" t="275" w="127" /><ent r="3" t="275" w="252" /><ent r="3" t="284" w="47" /><ent r="3" t="289" w="76" /><ent r="3" t="306" w="114" /><ent r="3" t="306" w="183" /></phr><phr n="numbers"><ent r="3" t="125" w="89" /><ent r="3" t="125" w="106" /><ent r="3" t="139" w="66" /><ent r="3" t="195" w="385" /><ent r="3" t="226" w="346" /><ent r="3" t="227" w="339" /></phr></stem><stem n="referenc"><phr n="referenced"><ent r="3" t="1" w="172" /><ent r="4" t="42" w="281" /><ent r="3" t="53" w="29" /><ent r="3" t="96" w="128" /><ent r="3" t="242" w="83" /><ent r="3" t="242" w="136" /></phr></stem><stem n="call"><phr n="calling"><ent r="3" t="1" w="180" /><ent r="5" t="36" w="461" /><ent r="65" t="38" w="24" /><ent r="65" t="38" w="30" /><ent r="3" t="39" w="239" /><ent r="64" t="39" w="259" /><ent r="1000" t="40" w="1" /><ent r="92" t="40" w="7" /><ent r="1000" t="42" w="1" /><ent r="92" t="42" w="7" /><ent r="3" t="42" w="109" /><ent r="6" t="54" w="140" /><ent r="4" t="58" w="42" /><ent r="4" t="58" w="97" /><ent r="3" t="58" w="494" /><ent r="3" t="58" w="755" /><ent r="1000" t="69" w="2" /><ent r="82" t="69" w="8" /><ent r="3" t="69" w="22" /><ent r="3" t="69" w="33" /><ent r="3" t="69" w="49" /><ent r="3" t="69" w="118" /><ent r="3" t="69" w="127" /><ent r="3" t="69" w="181" /><ent r="3" t="69" w="194" /><ent r="4" t="69" w="207" /><ent r="3" t="69" w="234" /><ent r="3" t="76" w="39" /><ent r="3" t="83" w="24" /><ent r="3" t="96" w="73" /><ent r="3" t="99" w="755" /><ent r="3" t="99" w="790" /><ent r="64" t="142" w="183" /><ent r="3" t="152" w="253" /><ent r="3" t="154" w="226" /><ent r="3" t="162" w="338" /><ent r="3" t="169" w="239" /><ent r="3" t="169" w="276" /><ent r="3" t="170" w="133" /><ent r="3" t="171" w="8" /><ent r="3" t="173" w="18" /><ent r="3" t="183" w="208" /><ent r="3" t="188" w="128" /><ent r="3" t="195" w="124" /><ent r="4" t="196" w="139" /><ent r="3" t="196" w="379" /><ent r="3" t="196" w="466" /><ent r="3" t="201" w="274" /><ent r="4" t="201" w="312" /><ent r="3" t="202" w="445" /><ent r="4" t="202" w="484" /><ent r="3" t="203" w="166" /><ent r="3" t="203" w="222" /><ent r="3" t="203" w="278" /><ent r="3" t="203" w="673" /><ent r="3" t="204" w="137" /><ent r="4" t="204" w="180" /><ent r="3" t="205" w="309" /><ent r="4" t="205" w="349" /><ent r="3" t="208" w="198" /><ent r="3" t="209" w="256" /><ent r="3" t="210" w="129" /><ent r="3" t="210" w="209" /><ent r="3" t="211" w="118" /><ent r="3" t="212" w="218" /><ent r="3" t="212" w="369" /><ent r="3" t="213" w="220" /><ent r="3" t="215" w="226" /><ent r="3" t="216" w="315" /><ent r="3" t="217" w="128" /><ent r="3" t="217" w="262" /><ent r="3" t="218" w="119" /><ent r="3" t="219" w="206" /><ent r="3" t="220" w="206" /><ent r="3" t="221" w="41" /><ent r="3" t="221" w="59" /><ent r="3" t="222" w="167" /><ent r="3" t="223" w="35" /><ent r="3" t="223" w="322" /><ent r="3" t="224" w="31" /><ent r="3" t="224" w="318" /><ent r="3" t="230" w="160" /><ent r="3" t="231" w="359" /><ent r="3" t="232" w="435" /><ent r="3" t="233" w="345" /><ent r="3" t="234" w="263" /><ent r="3" t="234" w="299" /><ent r="3" t="234" w="311" /><ent r="3" t="235" w="314" /><ent r="3" t="235" w="326" /><ent r="3" t="236" w="284" /><ent r="3" t="236" w="296" /></phr><phr n="called"><ent r="3" t="4" w="51" /><ent r="4" t="6" w="51" /><ent r="3" t="35" w="43" /><ent r="3" t="36" w="29" /><ent r="4" t="39" w="192" /><ent r="3" t="39" w="249" /><ent r="5" t="43" w="401" /><ent r="5" t="43" w="412" /><ent r="4" t="58" w="46" /><ent r="4" t="58" w="93" /><ent r="3" t="62" w="22" /><ent r="3" t="62" w="107" /><ent r="4" t="62" w="375" /><ent r="3" t="73" w="51" /><ent r="3" t="73" w="53" /><ent r="3" t="73" w="65" /><ent r="3" t="73" w="84" /><ent r="3" t="73" w="109" /><ent r="3" t="94" w="109" /><ent r="3" t="98" w="152" /><ent r="3" t="98" w="349" /><ent r="3" t="115" w="16" /><ent r="3" t="126" w="54" /><ent r="3" t="129" w="16" /><ent r="54" t="133" w="409" /><ent r="3" t="149" w="1321" /><ent r="3" t="150" w="154" /><ent r="3" t="169" w="87" /><ent r="3" t="169" w="101" /><ent r="3" t="169" w="115" /><ent r="3" t="169" w="126" /><ent r="3" t="169" w="314" /><ent r="3" t="208" w="275" /><ent r="3" t="209" w="270" /><ent r="3" t="215" w="304" /><ent r="3" t="216" w="331" /><ent r="3" t="221" w="76" /><ent r="3" t="221" w="321" /><ent r="3" t="223" w="56" /><ent r="3" t="224" w="396" /><ent r="3" t="225" w="42" /><ent r="3" t="239" w="39" /><ent r="3" t="239" w="431" /><ent r="3" t="239" w="452" /></phr><phr n="calls"><ent r="6" t="5" w="118" /><ent r="6" t="5" w="145" /><ent r="6" t="7" w="137" /><ent r="4" t="39" w="184" /><ent r="7" t="39" w="301" /><ent r="7" t="39" w="315" /><ent r="7" t="39" w="320" /><ent r="7" t="39" w="357" /><ent r="7" t="39" w="371" /><ent r="3" t="62" w="144" /><ent r="3" t="76" w="270" /><ent r="3" t="76" w="284" /><ent r="3" t="85" w="69" /><ent r="4" t="94" w="157" /><ent r="4" t="94" w="207" /><ent r="4" t="94" w="224" /><ent r="4" t="94" w="336" /><ent r="3" t="96" w="198" /><ent r="4" t="99" w="216" /><ent r="4" t="99" w="307" /><ent r="5" t="99" w="339" /><ent r="4" t="99" w="428" /><ent r="4" t="99" w="585" /><ent r="3" t="101" w="120" /><ent r="3" t="141" w="24" /><ent r="3" t="141" w="86" /><ent r="3" t="141" w="105" /><ent r="3" t="142" w="144" /><ent r="4" t="145" w="124" /><ent r="3" t="149" w="407" /><ent r="3" t="157" w="483" /><ent r="4" t="173" w="36" /><ent r="3" t="196" w="431" /><ent r="3" t="210" w="28" /><ent r="3" t="210" w="224" /><ent r="3" t="217" w="27" /><ent r="3" t="217" w="277" /><ent r="3" t="219" w="306" /><ent r="3" t="219" w="323" /><ent r="3" t="220" w="306" /><ent r="3" t="220" w="323" /><ent r="3" t="228" w="193" /><ent r="3" t="229" w="103" /><ent r="4" t="315" w="479" /></phr><phr n="call"><ent r="6" t="5" w="129" /><ent r="3" t="6" w="147" /><ent r="6" t="7" w="70" /><ent r="6" t="7" w="73" /><ent r="6" t="7" w="132" /><ent r="6" t="7" w="135" /><ent r="3" t="17" w="423" /><ent r="3" t="39" w="16" /><ent r="3" t="39" w="23" /><ent r="7" t="39" w="393" /><ent r="3" t="40" w="200" /><ent r="3" t="40" w="232" /><ent r="3" t="40" w="278" /><ent r="3" t="42" w="23" /><ent r="3" t="42" w="36" /><ent r="3" t="42" w="99" /><ent r="3" t="42" w="807" /><ent r="3" t="62" w="112" /><ent r="3" t="69" w="305" /><ent r="3" t="69" w="315" /><ent r="3" t="69" w="377" /><ent r="1000" t="72" w="5" /><ent r="82" t="72" w="13" /><ent r="3" t="72" w="38" /><ent r="3" t="76" w="136" /><ent r="4" t="77" w="245" /><ent r="4" t="79" w="47" /><ent r="3" t="80" w="45" /><ent r="3" t="80" w="83" /><ent r="3" t="93" w="181" /><ent r="72" t="96" w="12" /><ent r="3" t="96" w="79" /><ent r="3" t="96" w="175" /><ent r="3" t="96" w="207" /><ent r="4" t="99" w="193" /><ent r="4" t="99" w="518" /><ent r="3" t="126" w="92" /><ent r="3" t="127" w="84" /><ent r="3" t="133" w="242" /><ent r="54" t="133" w="431" /><ent r="4" t="134" w="126" /><ent r="4" t="134" w="190" /><ent r="3" t="149" w="1295" /><ent r="3" t="153" w="140" /><ent r="3" t="153" w="146" /><ent r="3" t="154" w="293" /><ent r="3" t="157" w="43" /><ent r="3" t="159" w="165" /><ent r="3" t="160" w="186" /><ent r="3" t="161" w="220" /><ent r="3" t="162" w="266" /><ent r="3" t="163" w="115" /><ent r="3" t="164" w="177" /><ent r="3" t="164" w="183" /><ent r="3" t="165" w="71" /><ent r="3" t="169" w="290" /><ent r="3" t="176" w="175" /><ent r="3" t="180" w="175" /><ent r="3" t="181" w="160" /><ent r="3" t="183" w="347" /><ent r="3" t="183" w="399" /><ent r="3" t="193" w="20" /><ent r="3" t="194" w="23" /><ent r="3" t="203" w="169" /><ent r="3" t="203" w="225" /><ent r="3" t="206" w="124" /><ent r="3" t="208" w="52" /><ent r="3" t="208" w="66" /><ent r="3" t="213" w="376" /><ent r="3" t="215" w="52" /><ent r="3" t="215" w="67" /><ent r="4" t="216" w="256" /><ent r="4" t="217" w="211" /><ent r="3" t="223" w="68" /><ent r="3" t="225" w="54" /><ent r="3" t="230" w="143" /><ent r="3" t="231" w="293" /><ent r="3" t="231" w="342" /><ent r="3" t="232" w="388" /><ent r="3" t="232" w="418" /><ent r="3" t="233" w="284" /><ent r="3" t="233" w="328" /><ent r="3" t="234" w="282" /><ent r="3" t="234" w="325" /><ent r="3" t="235" w="278" /><ent r="3" t="235" w="297" /><ent r="3" t="235" w="340" /><ent r="3" t="236" w="248" /><ent r="3" t="236" w="267" /><ent r="3" t="236" w="310" /><ent r="3" t="237" w="248" /><ent r="3" t="238" w="169" /><ent r="3" t="238" w="328" /><ent r="3" t="239" w="369" /><ent r="3" t="240" w="9" /><ent r="3" t="254" w="76" /><ent r="3" t="292" w="259" /></phr></stem><stem n="-800-548-4725"><phr n="-800-548-4725"><ent r="3" t="1" w="181" /><ent r="3" t="1" w="183" /></phr></stem><stem n="1"><phr n="1"><ent r="3" t="1" w="181" /><ent r="6" t="2" w="15" /><ent r="6" t="2" w="16" /><ent r="6" t="2" w="20" /><ent r="6" t="2" w="21" /><ent r="6" t="2" w="27" /><ent r="6" t="2" w="32" /><ent r="6" t="2" w="39" /><ent r="6" t="2" w="41" /><ent r="6" t="2" w="45" /><ent r="6" t="2" w="47" /><ent r="6" t="6" w="76" /><ent r="3" t="16" w="76" /><ent r="3" t="16" w="173" /><ent r="3" t="26" w="554" /><ent r="4" t="35" w="159" /><ent r="3" t="35" w="197" /><ent r="5" t="35" w="255" /><ent r="3" t="36" w="60" /><ent r="3" t="36" w="306" /><ent r="5" t="36" w="459" /><ent r="3" t="42" w="681" /><ent r="3" t="42" w="707" /><ent r="3" t="51" w="274" /><ent r="3" t="56" w="41" /><ent r="3" t="56" w="175" /><ent r="3" t="56" w="191" /><ent r="3" t="56" w="192" /><ent r="3" t="56" w="211" /><ent r="3" t="59" w="278" /><ent r="5" t="60" w="79" /><ent r="5" t="60" w="85" /><ent r="6" t="74" w="185" /><ent r="6" t="74" w="202" /><ent r="6" t="74" w="212" /><ent r="3" t="76" w="262" /><ent r="3" t="76" w="296" /><ent r="4" t="94" w="156" /><ent r="4" t="94" w="175" /><ent r="4" t="94" w="188" /><ent r="4" t="94" w="233" /><ent r="4" t="94" w="244" /><ent r="4" t="94" w="253" /><ent r="4" t="94" w="269" /><ent r="4" t="94" w="272" /><ent r="4" t="94" w="276" /><ent r="5" t="94" w="292" /><ent r="4" t="94" w="389" /><ent r="4" t="101" w="284" /><ent r="4" t="123" w="157" /><ent r="3" t="149" w="184" /><ent r="3" t="149" w="207" /><ent r="3" t="149" w="316" /><ent r="3" t="149" w="460" /><ent r="3" t="149" w="470" /><ent r="3" t="155" w="28" /><ent r="3" t="155" w="227" /><ent r="4" t="163" w="77" /><ent r="3" t="163" w="220" /><ent r="4" t="166" w="90" /><ent r="3" t="166" w="190" /><ent r="4" t="167" w="90" /><ent r="4" t="169" w="38" /><ent r="3" t="180" w="125" /><ent r="3" t="187" w="77" /><ent r="3" t="187" w="120" /><ent r="3" t="191" w="123" /><ent r="3" t="223" w="127" /><ent r="3" t="223" w="129" /><ent r="4" t="223" w="383" /><ent r="4" t="223" w="385" /><ent r="3" t="224" w="441" /><ent r="4" t="225" w="283" /><ent r="4" t="232" w="131" /><ent r="4" t="235" w="23" /><ent r="3" t="235" w="292" /><ent r="3" t="243" w="83" /><ent r="3" t="250" w="75" /><ent r="4" t="254" w="88" /><ent r="3" t="257" w="93" /><ent r="3" t="257" w="104" /><ent r="3" t="287" w="56" /><ent r="3" t="293" w="38" /><ent r="3" t="294" w="17" /><ent r="3" t="295" w="132" /><ent r="3" t="295" w="223" /><ent r="3" t="295" w="461" /><ent r="3" t="306" w="52" /><ent r="4" t="306" w="119" /></phr></stem><stem n="1-800"><phr n="1-800"><ent r="3" t="1" w="181" /></phr></stem><stem n="1-800-548"><phr n="1-800-548"><ent r="3" t="1" w="181" /></phr></stem><stem n="1-800-548-4725"><phr n="1-800-548-4725"><ent r="3" t="1" w="181" /></phr></stem><stem n="800"><phr n="800"><ent r="3" t="1" w="182" /><ent r="3" t="212" w="498" /><ent r="3" t="213" w="523" /><ent r="3" t="219" w="288" /><ent r="3" t="220" w="288" /></phr></stem><stem n="800-548"><phr n="800-548"><ent r="3" t="1" w="182" /></phr></stem><stem n="800-548-4725"><phr n="800-548-4725"><ent r="3" t="1" w="182" /></phr></stem><stem n="548"><phr n="548"><ent r="3" t="1" w="183" /></phr></stem><stem n="548-4725"><phr n="548-4725"><ent r="3" t="1" w="183" /></phr></stem><stem n="4725"><phr n="4725"><ent r="3" t="1" w="184" /></phr></stem><stem n="visit"><phr n="visiting"><ent r="3" t="1" w="187" /></phr></stem><stem n="www"><phr n="www"><ent r="64" t="1" w="189" /></phr></stem><stem n="design"><phr n="design"><ent r="64" t="1" w="192" /><ent r="1000" t="6" w="2" /><ent r="92" t="6" w="6" /><ent r="3" t="6" w="16" /><ent r="3" t="6" w="176" /></phr><phr n="designs"><ent r="5" t="5" w="15" /><ent r="5" t="5" w="186" /></phr><phr n="designed"><ent r="6" t="5" w="267" /><ent r="3" t="39" w="95" /><ent r="3" t="43" w="23" /><ent r="3" t="44" w="13" /><ent r="3" t="46" w="31" /><ent r="3" t="79" w="13" /></phr><phr n="designer"><ent r="3" t="6" w="190" /></phr><phr n="designate"><ent r="3" t="67" w="47" /></phr></stem><stem n="literatur"><phr n="literature"><ent r="64" t="1" w="193" /></phr></stem><stem n=".intel.com/design/literature.htm"><phr n=".intel.com/design/literature.htm"><ent r="64" t="1" w="194" /></phr></stem><stem n="htm"><phr n="htm"><ent r="64" t="1" w="194" /></phr></stem><stem n="logo"><phr n="logo"><ent r="3" t="1" w="200" /></phr></stem><stem n="xeon"><phr n="Xeon"><ent r="3" t="1" w="201" /><ent r="3" t="1" w="203" /></phr></stem><stem n="phi"><phr n="Phi"><ent r="3" t="1" w="204" /></phr></stem><stem n="trademark"><phr n="trademarks"><ent r="3" t="1" w="206" /></phr></stem><stem n="corpor"><phr n="Corporation"><ent r="3" t="1" w="209" /><ent r="3" t="1" w="345" /></phr></stem><stem n="u"><phr n="U"><ent r="3" t="1" w="212" /><ent r="4" t="17" w="101" /><ent r="4" t="17" w="104" /><ent r="4" t="17" w="400" /><ent r="4" t="17" w="407" /><ent r="5" t="24" w="121" /><ent r="5" t="24" w="135" /><ent r="3" t="51" w="136" /></phr></stem><stem n="s"><phr n="S"><ent r="3" t="1" w="213" /><ent r="6" t="1" w="223" /><ent r="3" t="3" w="28" /><ent r="3" t="5" w="330" /><ent r="3" t="6" w="224" /><ent r="6" t="12" w="52" /><ent r="4" t="12" w="59" /><ent r="3" t="15" w="67" /><ent r="3" t="15" w="100" /><ent r="3" t="15" w="117" /><ent r="3" t="15" w="172" /><ent r="4" t="17" w="100" /><ent r="5" t="27" w="34" /><ent r="5" t="27" w="85" /><ent r="7" t="27" w="310" /><ent r="6" t="28" w="158" /><ent r="3" t="42" w="740" /><ent r="3" t="64" w="637" /><ent r="3" t="96" w="42" /><ent r="3" t="96" w="181" /><ent r="3" t="97" w="48" /><ent r="4" t="97" w="232" /><ent r="3" t="97" w="361" /><ent r="3" t="98" w="281" /><ent r="3" t="99" w="143" /><ent r="4" t="99" w="226" /><ent r="4" t="99" w="439" /><ent r="3" t="99" w="715" /><ent r="3" t="99" w="722" /><ent r="3" t="100" w="141" /><ent r="3" t="113" w="38" /><ent r="3" t="119" w="19" /><ent r="3" t="121" w="72" /><ent r="3" t="121" w="80" /><ent r="3" t="127" w="156" /><ent r="3" t="142" w="75" /><ent r="4" t="144" w="183" /><ent r="4" t="148" w="45" /><ent r="3" t="152" w="92" /><ent r="3" t="152" w="307" /><ent r="3" t="154" w="566" /><ent r="3" t="155" w="479" /><ent r="3" t="156" w="728" /><ent r="4" t="157" w="195" /><ent r="4" t="157" w="202" /><ent r="3" t="160" w="43" /><ent r="3" t="160" w="51" /><ent r="4" t="161" w="351" /><ent r="4" t="162" w="362" /><ent r="4" t="162" w="409" /><ent r="3" t="163" w="284" /><ent r="64" t="193" w="233" /><ent r="64" t="194" w="249" /><ent r="3" t="195" w="306" /><ent r="6" t="202" w="201" /><ent r="6" t="202" w="216" /><ent r="6" t="205" w="144" /><ent r="6" t="205" w="159" /><ent r="3" t="209" w="195" /><ent r="3" t="224" w="305" /><ent r="3" t="224" w="313" /><ent r="3" t="224" w="529" /><ent r="3" t="224" w="548" /><ent r="3" t="224" w="568" /><ent r="3" t="224" w="587" /><ent r="3" t="226" w="320" /><ent r="3" t="228" w="209" /><ent r="3" t="241" w="19" /><ent r="3" t="242" w="99" /><ent r="4" t="242" w="157" /><ent r="3" t="243" w="32" /><ent r="3" t="245" w="30" /><ent r="6" t="269" w="219" /><ent r="6" t="269" w="234" /><ent r="3" t="285" w="18" /><ent r="3" t="288" w="22" /><ent r="3" t="295" w="164" /><ent r="6" t="312" w="69" /><ent r="5" t="312" w="167" /><ent r="4" t="316" w="523" /><ent r="4" t="316" w="541" /><ent r="5" t="316" w="633" /><ent r="5" t="316" w="687" /><ent r="5" t="316" w="718" /><ent r="5" t="316" w="736" /></phr></stem><stem n=".s."><phr n=".S."><ent r="3" t="1" w="214" /></phr></stem><stem n="countri"><phr n="countries"><ent r="3" t="1" w="217" /></phr></stem><stem n="optim"><phr n="Optimization"><ent r="6" t="1" w="219" /><ent r="6" t="1" w="270" /><ent r="6" t="313" w="137" /><ent r="6" t="313" w="242" /><ent r="6" t="314" w="81" /></phr><phr n="optimize"><ent r="6" t="1" w="229" /><ent r="6" t="43" w="564" /><ent r="4" t="316" w="652" /><ent r="4" t="316" w="696" /></phr><phr n="optimizations"><ent r="6" t="1" w="239" /><ent r="6" t="1" w="248" /><ent r="6" t="1" w="258" /><ent r="6" t="1" w="279" /><ent r="6" t="1" w="291" /><ent r="55" t="75" w="224" /><ent r="6" t="313" w="225" /></phr><phr n="optimized"><ent r="4" t="316" w="741" /></phr></stem><stem n="'s"><phr n="'s"><ent r="6" t="1" w="223" /><ent r="6" t="12" w="52" /><ent r="4" t="12" w="59" /><ent r="4" t="17" w="100" /><ent r="4" t="99" w="439" /><ent r="3" t="127" w="156" /><ent r="4" t="148" w="45" /><ent r="3" t="152" w="307" /><ent r="3" t="154" w="566" /><ent r="3" t="155" w="479" /><ent r="3" t="156" w="728" /><ent r="4" t="161" w="351" /><ent r="4" t="162" w="409" /><ent r="3" t="163" w="284" /><ent r="64" t="193" w="233" /><ent r="64" t="194" w="249" /><ent r="3" t="224" w="529" /><ent r="3" t="224" w="548" /><ent r="3" t="224" w="568" /><ent r="3" t="224" w="587" /><ent r="3" t="226" w="320" /><ent r="3" t="228" w="209" /><ent r="5" t="312" w="167" /></phr></stem><stem n="compil"><phr n="compilers"><ent r="6" t="1" w="224" /></phr><phr n="compile"><ent r="4" t="16" w="252" /><ent r="3" t="78" w="59" /><ent r="54" t="93" w="110" /><ent r="54" t="103" w="139" /><ent r="3" t="112" w="94" /><ent r="3" t="129" w="148" /><ent r="3" t="153" w="123" /><ent r="3" t="164" w="160" /></phr><phr n="Compiler"><ent r="1000" t="19" w="6" /><ent r="4" t="20" w="229" /><ent r="65" t="20" w="253" /><ent r="3" t="53" w="106" /><ent r="3" t="65" w="88" /><ent r="3" t="68" w="29" /><ent r="3" t="68" w="165" /><ent r="4" t="68" w="202" /><ent r="4" t="68" w="219" /><ent r="4" t="68" w="250" /><ent r="3" t="69" w="330" /><ent r="3" t="69" w="362" /><ent r="55" t="75" w="223" /><ent r="3" t="78" w="54" /><ent r="3" t="78" w="77" /><ent r="4" t="137" w="130" /><ent r="4" t="137" w="155" /><ent r="3" t="144" w="114" /><ent r="54" t="145" w="42" /><ent r="3" t="149" w="49" /><ent r="3" t="174" w="84" /><ent r="65" t="311" w="22" /><ent r="65" t="311" w="30" /><ent r="3" t="312" w="17" /><ent r="3" t="312" w="28" /><ent r="5" t="312" w="166" /><ent r="6" t="312" w="240" /><ent r="6" t="312" w="347" /><ent r="1000" t="313" w="4" /><ent r="92" t="313" w="12" /><ent r="3" t="313" w="21" /><ent r="3" t="313" w="33" /><ent r="6" t="313" w="91" /><ent r="1000" t="314" w="4" /><ent r="92" t="314" w="12" /><ent r="3" t="314" w="18" /><ent r="3" t="314" w="31" /><ent r="6" t="314" w="135" /><ent r="4" t="315" w="150" /><ent r="3" t="315" w="172" /><ent r="4" t="316" w="650" /><ent r="4" t="316" w="670" /><ent r="4" t="316" w="691" /><ent r="3" t="319" w="26" /><ent r="3" t="320" w="26" /><ent r="6" t="320" w="131" /><ent r="3" t="320" w="172" /><ent r="3" t="320" w="190" /></phr><phr n="compiled"><ent r="4" t="20" w="238" /><ent r="3" t="53" w="24" /><ent r="55" t="75" w="103" /><ent r="6" t="313" w="84" /></phr><phr n="compilation"><ent r="3" t="44" w="29" /><ent r="3" t="65" w="92" /><ent r="3" t="68" w="15" /><ent r="3" t="68" w="68" /><ent r="3" t="68" w="178" /><ent r="4" t="68" w="208" /><ent r="3" t="69" w="114" /><ent r="3" t="316" w="26" /></phr><phr n="compiles"><ent r="55" t="75" w="341" /></phr></stem><stem n="same"><phr n="same"><ent r="6" t="1" w="232" /><ent r="3" t="14" w="361" /><ent r="3" t="15" w="261" /><ent r="3" t="16" w="411" /><ent r="4" t="17" w="63" /><ent r="3" t="24" w="286" /><ent r="3" t="39" w="117" /><ent r="7" t="39" w="440" /><ent r="3" t="44" w="153" /><ent r="3" t="44" w="215" /><ent r="3" t="53" w="59" /><ent r="3" t="58" w="525" /><ent r="3" t="58" w="786" /><ent r="4" t="59" w="397" /><ent r="4" t="59" w="459" /><ent r="4" t="59" w="536" /><ent r="4" t="59" w="650" /><ent r="4" t="59" w="711" /><ent r="4" t="59" w="777" /><ent r="6" t="59" w="979" /><ent r="3" t="63" w="46" /><ent r="3" t="66" w="21" /><ent r="55" t="75" w="40" /><ent r="4" t="78" w="146" /><ent r="4" t="90" w="107" /><ent r="4" t="92" w="50" /><ent r="3" t="93" w="15" /><ent r="3" t="101" w="236" /><ent r="4" t="106" w="71" /><ent r="4" t="111" w="57" /><ent r="3" t="123" w="125" /><ent r="3" t="141" w="92" /><ent r="3" t="149" w="247" /><ent r="3" t="149" w="411" /><ent r="5" t="193" w="312" /><ent r="5" t="194" w="328" /><ent r="3" t="196" w="402" /><ent r="3" t="196" w="412" /><ent r="3" t="219" w="340" /><ent r="3" t="220" w="340" /><ent r="3" t="221" w="497" /><ent r="3" t="224" w="624" /><ent r="4" t="232" w="80" /><ent r="4" t="232" w="93" /><ent r="4" t="232" w="105" /><ent r="4" t="232" w="625" /><ent r="3" t="233" w="308" /><ent r="4" t="233" w="532" /><ent r="4" t="269" w="268" /><ent r="6" t="312" w="202" /></phr></stem><stem n="degre"><phr n="degree"><ent r="6" t="1" w="233" /></phr></stem><stem n="-intel"><phr n="-Intel"><ent r="6" t="1" w="235" /><ent r="6" t="1" w="235" /></phr></stem><stem n="non-intel"><phr n="non-Intel"><ent r="6" t="1" w="235" /></phr></stem><stem n="microprocessor"><phr n="microprocessors"><ent r="6" t="1" w="237" /><ent r="6" t="1" w="246" /><ent r="6" t="1" w="272" /><ent r="6" t="1" w="289" /><ent r="6" t="1" w="301" /></phr><phr n="Microprocessor"><ent r="6" t="1" w="277" /></phr></stem><stem n="uniqu"><phr n="unique"><ent r="6" t="1" w="243" /><ent r="3" t="44" w="50" /><ent r="3" t="44" w="117" /><ent r="3" t="133" w="145" /><ent r="3" t="133" w="224" /><ent r="3" t="186" w="18" /><ent r="3" t="186" w="84" /><ent r="3" t="201" w="522" /><ent r="3" t="204" w="368" /><ent r="3" t="257" w="155" /></phr><phr n="uniqueness"><ent r="3" t="44" w="100" /></phr><phr n="uniquely"><ent r="3" t="256" w="12" /></phr></stem><stem n="sse2"><phr n="SSE2"><ent r="6" t="1" w="250" /><ent r="3" t="250" w="140" /></phr></stem><stem n="sse3"><phr n="SSE3"><ent r="6" t="1" w="251" /><ent r="3" t="250" w="141" /></phr></stem><stem n="ssse3"><phr n="SSSE3"><ent r="6" t="1" w="253" /></phr></stem><stem n="set"><phr n="sets"><ent r="6" t="1" w="255" /><ent r="6" t="1" w="319" /><ent r="4" t="17" w="125" /><ent r="3" t="44" w="197" /><ent r="3" t="188" w="16" /><ent r="3" t="189" w="27" /><ent r="3" t="201" w="23" /><ent r="3" t="202" w="25" /><ent r="3" t="203" w="25" /><ent r="3" t="206" w="173" /><ent r="3" t="207" w="270" /><ent r="3" t="208" w="127" /><ent r="3" t="209" w="171" /><ent r="3" t="211" w="88" /><ent r="3" t="214" w="302" /><ent r="3" t="215" w="164" /><ent r="3" t="216" w="173" /><ent r="3" t="217" w="99" /><ent r="3" t="218" w="91" /><ent r="4" t="263" w="53" /></phr><phr n="Setting"><ent r="1000" t="9" w="1" /><ent r="102" t="9" w="8" /><ent r="3" t="14" w="317" /><ent r="3" t="33" w="33" /><ent r="3" t="78" w="67" /><ent r="3" t="121" w="111" /><ent r="3" t="141" w="34" /><ent r="3" t="152" w="198" /><ent r="3" t="154" w="430" /><ent r="3" t="155" w="404" /><ent r="3" t="156" w="626" /><ent r="3" t="157" w="439" /><ent r="3" t="159" w="133" /><ent r="3" t="160" w="78" /><ent r="3" t="228" w="118" /><ent r="3" t="231" w="200" /><ent r="3" t="232" w="330" /><ent r="3" t="233" w="226" /><ent r="3" t="234" w="205" /><ent r="3" t="235" w="220" /><ent r="3" t="236" w="190" /><ent r="6" t="310" w="685" /></phr><phr n="Settings"><ent r="65" t="9" w="66" /><ent r="3" t="10" w="60" /><ent r="5" t="11" w="100" /><ent r="5" t="11" w="108" /><ent r="5" t="11" w="115" /><ent r="5" t="11" w="215" /><ent r="65" t="13" w="61" /><ent r="4" t="13" w="69" /><ent r="82" t="14" w="8" /><ent r="4" t="14" w="11" /><ent r="4" t="14" w="51" /><ent r="3" t="14" w="63" /><ent r="3" t="14" w="87" /><ent r="4" t="14" w="110" /><ent r="3" t="14" w="124" /><ent r="3" t="14" w="138" /><ent r="4" t="14" w="143" /><ent r="3" t="14" w="155" /><ent r="3" t="14" w="248" /><ent r="4" t="14" w="258" /><ent r="3" t="14" w="297" /><ent r="4" t="14" w="418" /><ent r="3" t="14" w="422" /><ent r="3" t="14" w="477" /><ent r="1000" t="17" w="6" /><ent r="4" t="17" w="129" /><ent r="4" t="17" w="373" /><ent r="3" t="17" w="488" /><ent r="1000" t="19" w="5" /><ent r="92" t="19" w="13" /><ent r="3" t="19" w="21" /><ent r="65" t="19" w="25" /><ent r="65" t="19" w="33" /><ent r="3" t="19" w="43" /><ent r="1000" t="20" w="3" /><ent r="82" t="20" w="9" /><ent r="3" t="20" w="20" /><ent r="3" t="20" w="144" /><ent r="1000" t="21" w="3" /><ent r="82" t="21" w="10" /><ent r="3" t="21" w="20" /><ent r="3" t="21" w="29" /><ent r="65" t="32" w="36" /><ent r="3" t="35" w="63" /><ent r="4" t="43" w="328" /><ent r="55" t="75" w="252" /><ent r="3" t="138" w="87" /><ent r="3" t="149" w="997" /><ent r="6" t="310" w="479" /></phr><phr n="set"><ent r="3" t="14" w="403" /><ent r="3" t="14" w="465" /><ent r="3" t="15" w="73" /><ent r="3" t="15" w="113" /><ent r="3" t="15" w="132" /><ent r="3" t="15" w="167" /><ent r="3" t="15" w="200" /><ent r="3" t="20" w="136" /><ent r="3" t="25" w="103" /><ent r="3" t="26" w="518" /><ent r="4" t="34" w="216" /><ent r="7" t="35" w="461" /><ent r="7" t="35" w="494" /><ent r="7" t="35" w="501" /><ent r="7" t="35" w="517" /><ent r="7" t="35" w="527" /><ent r="7" t="35" w="551" /><ent r="7" t="35" w="579" /><ent r="7" t="35" w="586" /><ent r="7" t="35" w="620" /><ent r="7" t="35" w="630" /><ent r="7" t="35" w="655" /><ent r="7" t="35" w="678" /><ent r="5" t="36" w="407" /><ent r="5" t="36" w="454" /><ent r="7" t="39" w="588" /><ent r="7" t="39" w="634" /><ent r="5" t="42" w="477" /><ent r="4" t="42" w="531" /><ent r="3" t="44" w="161" /><ent r="3" t="51" w="313" /><ent r="3" t="70" w="103" /><ent r="3" t="72" w="101" /><ent r="3" t="72" w="128" /><ent r="4" t="73" w="78" /><ent r="4" t="108" w="22" /><ent r="3" t="126" w="32" /><ent r="6" t="129" w="118" /><ent r="6" t="142" w="265" /><ent r="6" t="142" w="312" /><ent r="6" t="142" w="324" /><ent r="67" t="142" w="339" /><ent r="6" t="142" w="351" /><ent r="6" t="142" w="358" /><ent r="6" t="142" w="365" /><ent r="6" t="142" w="384" /><ent r="6" t="142" w="402" /><ent r="6" t="142" w="422" /><ent r="6" t="142" w="456" /><ent r="54" t="149" w="146" /><ent r="54" t="149" w="164" /><ent r="3" t="169" w="188" /><ent r="3" t="170" w="119" /><ent r="3" t="187" w="114" /><ent r="1000" t="188" w="2" /><ent r="72" t="188" w="6" /><ent r="4" t="188" w="12" /><ent r="3" t="188" w="29" /><ent r="4" t="188" w="83" /><ent r="3" t="195" w="226" /><ent r="3" t="196" w="204" /><ent r="3" t="196" w="332" /><ent r="3" t="208" w="207" /><ent r="3" t="209" w="243" /><ent r="3" t="215" w="235" /><ent r="3" t="216" w="301" /><ent r="3" t="219" w="354" /><ent r="3" t="220" w="354" /><ent r="3" t="221" w="64" /><ent r="4" t="221" w="165" /><ent r="4" t="222" w="116" /><ent r="4" t="223" w="234" /><ent r="4" t="224" w="210" /><ent r="4" t="225" w="156" /><ent r="4" t="226" w="186" /><ent r="3" t="226" w="383" /><ent r="4" t="227" w="216" /><ent r="3" t="227" w="319" /><ent r="4" t="232" w="126" /><ent r="4" t="263" w="33" /><ent r="4" t="263" w="93" /><ent r="3" t="269" w="447" /><ent r="3" t="274" w="129" /><ent r="3" t="274" w="158" /><ent r="3" t="275" w="160" /><ent r="3" t="275" w="202" /><ent r="3" t="275" w="229" /><ent r="3" t="275" w="265" /><ent r="3" t="275" w="273" /><ent r="3" t="296" w="332" /><ent r="3" t="296" w="347" /><ent r="3" t="303" w="109" /><ent r="3" t="303" w="153" /><ent r="3" t="305" w="87" /><ent r="3" t="305" w="131" /><ent r="3" t="315" w="51" /><ent r="6" t="316" w="307" /></phr></stem></index>