<?xml version="1.0" encoding="utf-8"?><index><stem n="known"><phr n="known"><ent r="3" t="1" w="114" /><ent r="5" t="5" w="196" /><ent r="4" t="137" w="99" /></phr></stem><stem n="errata"><phr n="errata"><ent r="3" t="1" w="116" /><ent r="3" t="1" w="126" /></phr></stem><stem n="caus"><phr n="cause"><ent r="3" t="1" w="119" /><ent r="4" t="36" w="501" /><ent r="4" t="39" w="177" /><ent r="4" t="42" w="170" /><ent r="4" t="123" w="200" /><ent r="4" t="157" w="123" /><ent r="4" t="232" w="133" /><ent r="3" t="232" w="459" /><ent r="3" t="233" w="369" /><ent r="3" t="234" w="352" /><ent r="3" t="235" w="367" /><ent r="4" t="315" w="148" /></phr><phr n="caused"><ent r="4" t="42" w="428" /><ent r="4" t="127" w="313" /><ent r="3" t="149" w="617" /><ent r="3" t="149" w="744" /><ent r="3" t="191" w="170" /><ent r="3" t="203" w="575" /><ent r="3" t="206" w="343" /></phr><phr n="Causes"><ent r="3" t="173" w="5" /><ent r="3" t="183" w="206" /><ent r="6" t="312" w="238" /><ent r="6" t="312" w="346" /></phr><phr n="causing"><ent r="3" t="210" w="167" /><ent r="3" t="217" w="185" /></phr></stem><stem n="deviat"><phr n="deviations"><ent r="3" t="1" w="120" /></phr></stem><stem n="publish"><phr n="published"><ent r="3" t="1" w="122" /></phr></stem><stem n="current"><phr n="Current"><ent r="3" t="1" w="124" /><ent r="6" t="5" w="42" /><ent r="4" t="36" w="552" /><ent r="3" t="68" w="127" /><ent r="5" t="82" w="88" /><ent r="3" t="88" w="32" /><ent r="4" t="106" w="29" /><ent r="4" t="111" w="30" /><ent r="3" t="112" w="313" /><ent r="54" t="121" w="132" /><ent r="54" t="145" w="68" /><ent r="3" t="149" w="848" /><ent r="3" t="152" w="93" /><ent r="3" t="165" w="184" /><ent r="3" t="171" w="39" /><ent r="3" t="171" w="56" /><ent r="3" t="173" w="13" /><ent r="3" t="175" w="85" /><ent r="3" t="191" w="86" /><ent r="3" t="231" w="37" /><ent r="4" t="231" w="53" /><ent r="4" t="231" w="258" /><ent r="4" t="242" w="165" /><ent r="6" t="310" w="428" /></phr><phr n="currently"><ent r="4" t="3" w="105" /><ent r="3" t="14" w="457" /><ent r="3" t="36" w="48" /><ent r="4" t="42" w="318" /><ent r="3" t="74" w="312" /><ent r="4" t="82" w="103" /><ent r="6" t="99" w="394" /><ent r="3" t="102" w="102" /><ent r="3" t="117" w="20" /><ent r="3" t="144" w="130" /><ent r="3" t="161" w="99" /><ent r="3" t="161" w="259" /><ent r="3" t="162" w="106" /><ent r="3" t="257" w="149" /><ent r="3" t="262" w="22" /></phr></stem><stem n="character"><phr n="characterized"><ent r="3" t="1" w="125" /></phr><phr n="characterizes"><ent r="3" t="5" w="315" /></phr></stem><stem n="request"><phr n="request"><ent r="3" t="1" w="130" /><ent r="3" t="102" w="69" /><ent r="3" t="149" w="911" /><ent r="3" t="149" w="926" /><ent r="3" t="152" w="181" /><ent r="3" t="154" w="414" /><ent r="3" t="155" w="388" /><ent r="3" t="156" w="610" /><ent r="4" t="157" w="186" /><ent r="3" t="157" w="413" /><ent r="3" t="158" w="155" /><ent r="3" t="159" w="116" /><ent r="3" t="164" w="133" /><ent r="3" t="165" w="162" /><ent r="3" t="195" w="49" /><ent r="3" t="195" w="52" /><ent r="4" t="195" w="65" /><ent r="64" t="195" w="75" /><ent r="64" t="195" w="115" /><ent r="4" t="195" w="185" /><ent r="4" t="195" w="211" /><ent r="4" t="195" w="216" /><ent r="4" t="195" w="254" /><ent r="4" t="195" w="279" /><ent r="4" t="195" w="297" /><ent r="4" t="195" w="317" /><ent r="4" t="195" w="366" /><ent r="4" t="195" w="389" /><ent r="64" t="195" w="407" /><ent r="3" t="228" w="73" /><ent r="3" t="228" w="204" /><ent r="3" t="229" w="78" /><ent r="3" t="229" w="116" /><ent r="3" t="231" w="183" /><ent r="3" t="232" w="313" /><ent r="3" t="233" w="209" /><ent r="3" t="234" w="188" /><ent r="3" t="235" w="203" /><ent r="3" t="236" w="173" /><ent r="65" t="247" w="128" /><ent r="3" t="267" w="25" /><ent r="1000" t="269" w="3" /><ent r="72" t="269" w="8" /><ent r="3" t="269" w="15" /><ent r="3" t="269" w="54" /><ent r="3" t="269" w="112" /><ent r="3" t="278" w="18" /><ent r="3" t="278" w="98" /><ent r="3" t="278" w="101" /><ent r="4" t="278" w="131" /><ent r="3" t="278" w="135" /><ent r="6" t="310" w="589" /></phr><phr n="requesting"><ent r="4" t="94" w="183" /><ent r="4" t="94" w="329" /><ent r="3" t="99" w="111" /><ent r="4" t="157" w="132" /></phr><phr n="requests"><ent r="3" t="101" w="181" /><ent r="3" t="195" w="256" /></phr><phr n="requested"><ent r="3" t="152" w="140" /><ent r="3" t="154" w="373" /><ent r="3" t="155" w="309" /><ent r="3" t="156" w="531" /><ent r="3" t="164" w="92" /><ent r="3" t="165" w="121" /><ent r="3" t="195" w="400" /><ent r="3" t="228" w="61" /><ent r="3" t="228" w="86" /><ent r="3" t="229" w="66" /><ent r="3" t="231" w="171" /><ent r="3" t="232" w="230" /><ent r="3" t="232" w="301" /><ent r="3" t="233" w="127" /><ent r="3" t="233" w="197" /><ent r="3" t="234" w="100" /><ent r="3" t="234" w="176" /><ent r="3" t="235" w="115" /><ent r="3" t="235" w="191" /><ent r="3" t="236" w="161" /><ent r="3" t="269" w="126" /><ent r="6" t="310" w="353" /><ent r="6" t="310" w="575" /><ent r="6" t="310" w="714" /></phr></stem><stem n="featur"><phr n="features"><ent r="3" t="1" w="134" /><ent r="3" t="9" w="26" /><ent r="3" t="13" w="58" /><ent r="3" t="14" w="268" /><ent r="3" t="14" w="278" /><ent r="3" t="43" w="35" /><ent r="3" t="79" w="33" /><ent r="3" t="144" w="32" /><ent r="3" t="144" w="65" /><ent r="3" t="144" w="115" /><ent r="54" t="145" w="43" /><ent r="3" t="145" w="93" /><ent r="3" t="193" w="38" /><ent r="3" t="194" w="41" /><ent r="6" t="312" w="45" /><ent r="3" t="319" w="16" /><ent r="3" t="320" w="16" /><ent r="3" t="320" w="179" /></phr><phr n="feature"><ent r="3" t="34" w="417" /><ent r="6" t="39" w="276" /><ent r="5" t="74" w="263" /><ent r="5" t="74" w="275" /><ent r="4" t="151" w="110" /><ent r="3" t="193" w="163" /><ent r="3" t="194" w="183" /><ent r="6" t="310" w="133" /><ent r="6" t="310" w="138" /><ent r="5" t="312" w="170" /><ent r="6" t="312" w="226" /><ent r="6" t="319" w="43" /><ent r="6" t="320" w="43" /><ent r="6" t="320" w="132" /><ent r="6" t="320" w="205" /></phr></stem><stem n="benefit"><phr n="benefits"><ent r="3" t="1" w="136" /></phr><phr n="benefit"><ent r="3" t="46" w="76" /></phr></stem><stem n="depend"><phr n="depend"><ent r="3" t="1" w="137" /><ent r="3" t="46" w="16" /><ent r="4" t="99" w="54" /><ent r="4" t="145" w="113" /><ent r="3" t="169" w="318" /></phr><phr n="dependent"><ent r="6" t="1" w="278" /><ent r="3" t="46" w="47" /><ent r="3" t="149" w="1217" /><ent r="3" t="162" w="320" /><ent r="4" t="263" w="74" /></phr><phr n="Depending"><ent r="3" t="4" w="150" /><ent r="3" t="29" w="124" /><ent r="4" t="42" w="161" /><ent r="3" t="61" w="24" /><ent r="3" t="61" w="93" /><ent r="3" t="63" w="29" /><ent r="3" t="75" w="9" /><ent r="3" t="104" w="33" /><ent r="3" t="123" w="168" /><ent r="3" t="138" w="69" /><ent r="3" t="154" w="264" /></phr><phr n="dependency"><ent r="3" t="6" w="160" /><ent r="6" t="320" w="210" /></phr><phr n="Dependencies"><ent r="4" t="20" w="67" /><ent r="4" t="21" w="59" /><ent r="4" t="39" w="234" /><ent r="4" t="46" w="97" /><ent r="3" t="47" w="22" /></phr><phr n="depends"><ent r="54" t="37" w="100" /><ent r="3" t="62" w="13" /><ent r="3" t="99" w="698" /><ent r="3" t="169" w="333" /><ent r="3" t="224" w="425" /><ent r="6" t="314" w="145" /></phr></stem><stem n="system"><phr n="system"><ent r="3" t="1" w="139" /><ent r="6" t="5" w="224" /><ent r="6" t="6" w="84" /><ent r="6" t="7" w="293" /><ent r="3" t="8" w="85" /><ent r="3" t="22" w="61" /><ent r="3" t="26" w="487" /><ent r="5" t="27" w="61" /><ent r="5" t="30" w="90" /><ent r="7" t="39" w="322" /><ent r="3" t="50" w="34" /><ent r="3" t="50" w="101" /><ent r="3" t="50" w="118" /><ent r="3" t="77" w="60" /><ent r="4" t="79" w="94" /><ent r="4" t="82" w="78" /><ent r="3" t="85" w="61" /><ent r="3" t="85" w="68" /><ent r="3" t="87" w="29" /><ent r="3" t="87" w="184" /><ent r="4" t="87" w="283" /><ent r="4" t="93" w="133" /><ent r="4" t="97" w="276" /><ent r="3" t="101" w="245" /><ent r="4" t="103" w="163" /><ent r="4" t="112" w="107" /><ent r="3" t="121" w="87" /><ent r="3" t="121" w="109" /><ent r="1000" t="124" w="3" /><ent r="82" t="124" w="7" /><ent r="3" t="124" w="15" /><ent r="3" t="127" w="124" /><ent r="4" t="129" w="78" /><ent r="64" t="144" w="127" /><ent r="115" t="145" w="53" /><ent r="4" t="145" w="123" /><ent r="3" t="149" w="812" /><ent r="3" t="149" w="1221" /><ent r="3" t="149" w="1263" /><ent r="3" t="160" w="54" /><ent r="3" t="160" w="76" /><ent r="3" t="161" w="117" /><ent r="3" t="162" w="124" /><ent r="3" t="162" w="210" /><ent r="4" t="221" w="176" /><ent r="3" t="221" w="262" /><ent r="3" t="221" w="306" /><ent r="4" t="222" w="127" /><ent r="3" t="223" w="33" /><ent r="4" t="223" w="245" /><ent r="4" t="224" w="221" /><ent r="3" t="225" w="33" /><ent r="4" t="225" w="167" /><ent r="3" t="225" w="270" /><ent r="4" t="226" w="197" /><ent r="4" t="227" w="227" /><ent r="3" t="232" w="596" /><ent r="3" t="233" w="503" /><ent r="4" t="263" w="78" /><ent r="4" t="263" w="81" /><ent r="3" t="275" w="131" /><ent r="3" t="309" w="100" /><ent r="3" t="309" w="104" /><ent r="6" t="310" w="817" /><ent r="65" t="311" w="59" /><ent r="65" t="311" w="66" /><ent r="6" t="314" w="45" /><ent r="4" t="315" w="103" /><ent r="4" t="315" w="105" /><ent r="6" t="316" w="371" /><ent r="92" t="319" w="11" /><ent r="92" t="320" w="11" /></phr><phr n="systems"><ent r="3" t="80" w="17" /><ent r="3" t="221" w="454" /></phr></stem><stem n="configur"><phr n="configuration"><ent r="3" t="1" w="140" /><ent r="3" t="8" w="89" /><ent r="5" t="12" w="23" /><ent r="6" t="12" w="54" /><ent r="4" t="12" w="61" /><ent r="4" t="13" w="68" /><ent r="1000" t="14" w="5" /><ent r="3" t="14" w="21" /><ent r="3" t="14" w="25" /><ent r="64" t="14" w="44" /><ent r="4" t="14" w="107" /><ent r="3" t="14" w="136" /><ent r="3" t="14" w="164" /><ent r="7" t="14" w="175" /><ent r="3" t="14" w="252" /><ent r="3" t="14" w="294" /><ent r="64" t="14" w="329" /><ent r="3" t="14" w="396" /><ent r="64" t="14" w="439" /><ent r="4" t="16" w="100" /><ent r="3" t="16" w="129" /><ent r="3" t="16" w="314" /><ent r="4" t="17" w="170" /><ent r="3" t="17" w="207" /><ent r="3" t="17" w="345" /><ent r="4" t="18" w="169" /><ent r="3" t="20" w="61" /><ent r="3" t="20" w="70" /><ent r="3" t="20" w="89" /><ent r="4" t="21" w="54" /><ent r="3" t="21" w="62" /><ent r="3" t="21" w="73" /><ent r="66" t="23" w="119" /><ent r="3" t="25" w="109" /><ent r="6" t="26" w="277" /><ent r="6" t="28" w="76" /><ent r="67" t="28" w="84" /><ent r="3" t="30" w="227" /><ent r="3" t="30" w="241" /><ent r="3" t="30" w="249" /><ent r="5" t="32" w="56" /><ent r="4" t="35" w="269" /><ent r="6" t="35" w="437" /><ent r="3" t="36" w="100" /><ent r="64" t="36" w="117" /><ent r="5" t="36" w="398" /><ent r="5" t="36" w="403" /><ent r="1000" t="37" w="2" /><ent r="92" t="37" w="6" /><ent r="3" t="37" w="64" /><ent r="3" t="37" w="74" /><ent r="3" t="37" w="117" /><ent r="3" t="37" w="140" /><ent r="3" t="37" w="211" /><ent r="1000" t="74" w="2" /><ent r="92" t="74" w="6" /><ent r="3" t="74" w="11" /><ent r="3" t="74" w="71" /><ent r="3" t="74" w="115" /><ent r="3" t="74" w="124" /><ent r="3" t="74" w="135" /><ent r="3" t="74" w="145" /><ent r="4" t="74" w="376" /><ent r="3" t="74" w="385" /><ent r="64" t="74" w="392" /><ent r="1000" t="75" w="3" /><ent r="55" t="75" w="86" /><ent r="4" t="75" w="125" /><ent r="4" t="75" w="178" /><ent r="55" t="75" w="203" /><ent r="4" t="75" w="229" /><ent r="4" t="75" w="307" /><ent r="4" t="75" w="312" /><ent r="55" t="75" w="331" /><ent r="4" t="75" w="397" /><ent r="4" t="75" w="415" /><ent r="4" t="75" w="437" /><ent r="4" t="75" w="473" /><ent r="3" t="80" w="19" /><ent r="3" t="80" w="92" /><ent r="3" t="149" w="415" /><ent r="3" t="161" w="311" /><ent r="4" t="162" w="371" /><ent r="3" t="264" w="67" /></phr><phr n="configurations"><ent r="3" t="8" w="39" /><ent r="92" t="75" w="7" /><ent r="3" t="75" w="26" /></phr><phr n="Configure"><ent r="5" t="11" w="110" /><ent r="3" t="14" w="85" /><ent r="3" t="19" w="40" /><ent r="3" t="37" w="69" /><ent r="1000" t="80" w="1" /><ent r="82" t="80" w="8" /><ent r="3" t="122" w="42" /><ent r="3" t="162" w="294" /><ent r="3" t="162" w="313" /><ent r="3" t="163" w="94" /></phr><phr n="configuring"><ent r="3" t="13" w="39" /></phr><phr n="configured"><ent r="4" t="34" w="263" /><ent r="3" t="102" w="103" /><ent r="3" t="162" w="306" /><ent r="3" t="189" w="114" /></phr><phr n="configures"><ent r="3" t="80" w="58" /><ent r="3" t="80" w="76" /></phr></stem><stem n="requir"><phr n="require"><ent r="3" t="1" w="143" /><ent r="3" t="17" w="355" /><ent r="4" t="43" w="195" /><ent r="3" t="59" w="66" /><ent r="3" t="97" w="395" /><ent r="3" t="144" w="34" /><ent r="4" t="145" w="122" /><ent r="3" t="149" w="1193" /><ent r="6" t="315" w="364" /></phr><phr n="requires"><ent r="3" t="6" w="28" /><ent r="5" t="27" w="49" /><ent r="5" t="36" w="413" /><ent r="3" t="48" w="52" /><ent r="3" t="65" w="84" /><ent r="3" t="97" w="97" /><ent r="3" t="99" w="784" /><ent r="4" t="107" w="59" /><ent r="3" t="149" w="711" /><ent r="3" t="149" w="927" /><ent r="3" t="221" w="525" /></phr><phr n="requirements"><ent r="3" t="15" w="233" /><ent r="4" t="36" w="382" /><ent r="4" t="129" w="94" /><ent r="3" t="148" w="19" /><ent r="4" t="148" w="32" /><ent r="3" t="149" w="1335" /><ent r="3" t="150" w="211" /><ent r="3" t="151" w="144" /><ent r="3" t="152" w="334" /><ent r="3" t="153" w="168" /><ent r="3" t="154" w="593" /><ent r="3" t="155" w="506" /><ent r="3" t="156" w="755" /><ent r="3" t="157" w="500" /><ent r="3" t="158" w="195" /><ent r="3" t="159" w="181" /><ent r="3" t="160" w="200" /><ent r="3" t="161" w="332" /><ent r="3" t="162" w="392" /><ent r="3" t="163" w="292" /><ent r="3" t="164" w="205" /><ent r="3" t="165" w="194" /><ent r="3" t="166" w="192" /><ent r="3" t="167" w="156" /><ent r="3" t="168" w="208" /><ent r="3" t="169" w="376" /><ent r="3" t="170" w="152" /><ent r="3" t="171" w="70" /><ent r="3" t="172" w="56" /><ent r="3" t="173" w="78" /><ent r="3" t="174" w="111" /><ent r="3" t="175" w="105" /><ent r="3" t="176" w="232" /><ent r="3" t="177" w="182" /><ent r="3" t="178" w="290" /><ent r="3" t="179" w="208" /><ent r="3" t="180" w="186" /><ent r="3" t="181" w="200" /><ent r="3" t="182" w="181" /><ent r="3" t="183" w="401" /><ent r="3" t="184" w="188" /><ent r="3" t="185" w="134" /><ent r="3" t="186" w="101" /><ent r="3" t="187" w="259" /><ent r="3" t="188" w="146" /><ent r="3" t="189" w="121" /><ent r="3" t="190" w="216" /><ent r="3" t="191" w="325" /><ent r="3" t="192" w="201" /><ent r="3" t="193" w="329" /><ent r="3" t="194" w="345" /><ent r="3" t="195" w="414" /><ent r="3" t="196" w="494" /><ent r="3" t="197" w="189" /><ent r="3" t="198" w="239" /><ent r="3" t="199" w="182" /><ent r="3" t="200" w="168" /><ent r="3" t="201" w="655" /><ent r="3" t="203" w="728" /><ent r="3" t="204" w="468" /><ent r="3" t="206" w="450" /><ent r="3" t="207" w="289" /><ent r="3" t="208" w="286" /><ent r="3" t="209" w="316" /><ent r="3" t="210" w="233" /><ent r="3" t="211" w="153" /><ent r="3" t="212" w="637" /><ent r="3" t="213" w="641" /><ent r="3" t="214" w="321" /><ent r="3" t="215" w="315" /><ent r="3" t="216" w="376" /><ent r="3" t="217" w="286" /><ent r="3" t="218" w="155" /><ent r="3" t="219" w="374" /><ent r="3" t="220" w="374" /><ent r="3" t="221" w="532" /><ent r="3" t="222" w="188" /><ent r="3" t="223" w="462" /><ent r="3" t="224" w="677" /><ent r="3" t="225" w="300" /><ent r="3" t="226" w="414" /><ent r="3" t="227" w="425" /><ent r="3" t="228" w="236" /><ent r="3" t="229" w="120" /><ent r="3" t="230" w="164" /><ent r="3" t="231" w="363" /><ent r="3" t="232" w="628" /><ent r="3" t="233" w="535" /><ent r="3" t="234" w="400" /><ent r="3" t="235" w="415" /><ent r="3" t="236" w="317" /><ent r="3" t="237" w="274" /><ent r="3" t="238" w="354" /><ent r="3" t="239" w="488" /><ent r="3" t="240" w="122" /><ent r="3" t="241" w="177" /><ent r="3" t="242" w="229" /><ent r="3" t="243" w="286" /><ent r="3" t="244" w="548" /><ent r="3" t="245" w="471" /><ent r="3" t="248" w="43" /><ent r="3" t="249" w="65" /><ent r="3" t="250" w="152" /><ent r="3" t="251" w="79" /><ent r="3" t="252" w="264" /><ent r="3" t="253" w="135" /><ent r="3" t="254" w="107" /><ent r="3" t="255" w="43" /><ent r="3" t="256" w="66" /><ent r="3" t="257" w="222" /><ent r="3" t="258" w="52" /><ent r="3" t="259" w="98" /><ent r="3" t="260" w="52" /><ent r="3" t="261" w="42" /><ent r="3" t="262" w="32" /><ent r="3" t="263" w="266" /><ent r="3" t="264" w="69" /><ent r="3" t="265" w="41" /><ent r="3" t="266" w="74" /><ent r="3" t="267" w="71" /><ent r="3" t="268" w="35" /><ent r="3" t="269" w="451" /><ent r="3" t="270" w="49" /><ent r="3" t="271" w="26" /><ent r="3" t="272" w="76" /><ent r="3" t="273" w="32" /><ent r="3" t="274" w="162" /><ent r="3" t="275" w="287" /><ent r="3" t="276" w="113" /><ent r="3" t="277" w="180" /><ent r="3" t="278" w="195" /><ent r="3" t="279" w="32" /><ent r="3" t="280" w="51" /><ent r="3" t="281" w="198" /><ent r="3" t="282" w="43" /><ent r="3" t="283" w="44" /><ent r="3" t="284" w="52" /><ent r="3" t="285" w="35" /><ent r="3" t="286" w="24" /><ent r="3" t="287" w="74" /><ent r="3" t="288" w="54" /><ent r="3" t="289" w="91" /><ent r="3" t="290" w="33" /><ent r="3" t="291" w="35" /><ent r="3" t="292" w="268" /><ent r="3" t="293" w="57" /><ent r="3" t="294" w="97" /><ent r="3" t="295" w="463" /><ent r="3" t="296" w="535" /><ent r="3" t="297" w="81" /><ent r="3" t="298" w="88" /><ent r="3" t="299" w="81" /><ent r="3" t="300" w="64" /><ent r="3" t="301" w="88" /><ent r="3" t="302" w="106" /><ent r="3" t="303" w="290" /><ent r="3" t="304" w="189" /><ent r="3" t="305" w="165" /><ent r="3" t="306" w="188" /><ent r="3" t="307" w="83" /><ent r="3" t="308" w="77" /><ent r="3" t="309" w="146" /></phr><phr n="Required"><ent r="6" t="26" w="70" /><ent r="6" t="26" w="137" /><ent r="6" t="26" w="223" /><ent r="6" t="26" w="264" /><ent r="6" t="26" w="300" /><ent r="3" t="36" w="251" /><ent r="4" t="43" w="368" /><ent r="3" t="48" w="28" /><ent r="4" t="79" w="99" /><ent r="3" t="80" w="88" /><ent r="4" t="87" w="288" /><ent r="3" t="91" w="74" /><ent r="4" t="93" w="138" /><ent r="3" t="95" w="93" /><ent r="4" t="97" w="281" /><ent r="4" t="99" w="77" /><ent r="4" t="103" w="168" /><ent r="4" t="112" w="112" /><ent r="4" t="127" w="248" /><ent r="4" t="127" w="264" /><ent r="3" t="151" w="91" /><ent r="3" t="153" w="18" /><ent r="3" t="157" w="37" /><ent r="3" t="161" w="31" /><ent r="4" t="161" w="93" /><ent r="3" t="161" w="105" /><ent r="5" t="161" w="294" /><ent r="3" t="161" w="317" /><ent r="3" t="162" w="35" /><ent r="4" t="162" w="100" /><ent r="3" t="162" w="112" /><ent r="3" t="162" w="230" /><ent r="4" t="162" w="377" /><ent r="3" t="163" w="159" /><ent r="3" t="164" w="18" /><ent r="3" t="195" w="89" /><ent r="3" t="201" w="290" /><ent r="4" t="201" w="336" /><ent r="4" t="201" w="441" /><ent r="3" t="202" w="461" /><ent r="4" t="202" w="508" /><ent r="4" t="202" w="612" /><ent r="3" t="203" w="183" /><ent r="3" t="203" w="240" /><ent r="3" t="204" w="154" /><ent r="4" t="204" w="214" /><ent r="4" t="204" w="287" /><ent r="3" t="205" w="326" /><ent r="4" t="205" w="383" /><ent r="4" t="205" w="456" /><ent r="3" t="206" w="139" /><ent r="3" t="269" w="28" /><ent r="3" t="269" w="188" /><ent r="3" t="296" w="292" /><ent r="3" t="309" w="42" /><ent r="4" t="309" w="77" /><ent r="3" t="309" w="88" /></phr><phr n="requirement"><ent r="5" t="27" w="66" /><ent r="4" t="99" w="284" /><ent r="3" t="103" w="81" /><ent r="3" t="161" w="43" /><ent r="3" t="162" w="48" /><ent r="3" t="202" w="795" /><ent r="3" t="205" w="641" /></phr><phr n="requiring"><ent r="4" t="39" w="172" /><ent r="4" t="129" w="66" /><ent r="4" t="315" w="92" /></phr></stem><stem n="enabl"><phr n="enabled"><ent r="3" t="1" w="144" /><ent r="5" t="49" w="268" /><ent r="4" t="75" w="380" /><ent r="4" t="75" w="411" /><ent r="3" t="77" w="20" /><ent r="3" t="80" w="72" /><ent r="3" t="97" w="69" /><ent r="3" t="122" w="30" /><ent r="4" t="149" w="1005" /><ent r="4" t="161" w="81" /><ent r="3" t="161" w="88" /><ent r="4" t="161" w="178" /><ent r="3" t="161" w="260" /><ent r="4" t="162" w="88" /><ent r="3" t="162" w="95" /><ent r="4" t="162" w="175" /><ent r="3" t="163" w="82" /><ent r="3" t="309" w="37" /><ent r="4" t="309" w="66" /><ent r="3" t="309" w="72" /><ent r="6" t="310" w="102" /><ent r="6" t="313" w="88" /></phr><phr n="enables"><ent r="3" t="3" w="75" /><ent r="4" t="75" w="274" /><ent r="4" t="75" w="427" /><ent r="3" t="80" w="60" /><ent r="3" t="85" w="56" /><ent r="6" t="312" w="39" /><ent r="5" t="312" w="164" /></phr><phr n="enable"><ent r="3" t="4" w="27" /><ent r="4" t="36" w="529" /><ent r="5" t="49" w="274" /><ent r="1000" t="80" w="3" /><ent r="82" t="80" w="10" /><ent r="4" t="80" w="55" /><ent r="4" t="80" w="133" /><ent r="4" t="97" w="227" /><ent r="3" t="121" w="29" /><ent r="65" t="121" w="41" /><ent r="65" t="121" w="46" /><ent r="4" t="129" w="136" /><ent r="1000" t="161" w="2" /><ent r="72" t="161" w="6" /><ent r="4" t="161" w="10" /><ent r="3" t="161" w="17" /><ent r="3" t="161" w="53" /><ent r="3" t="161" w="107" /><ent r="4" t="161" w="223" /><ent r="3" t="161" w="227" /><ent r="3" t="161" w="248" /><ent r="5" t="161" w="358" /><ent r="5" t="161" w="368" /><ent r="1000" t="162" w="3" /><ent r="72" t="162" w="8" /><ent r="4" t="162" w="13" /><ent r="3" t="162" w="21" /><ent r="3" t="162" w="59" /><ent r="3" t="162" w="114" /><ent r="3" t="162" w="233" /><ent r="3" t="162" w="244" /><ent r="4" t="162" w="270" /><ent r="3" t="162" w="274" /><ent r="3" t="162" w="312" /><ent r="4" t="162" w="342" /><ent r="3" t="162" w="352" /><ent r="5" t="162" w="416" /><ent r="5" t="162" w="426" /><ent r="3" t="309" w="90" /><ent r="3" t="309" w="142" /><ent r="6" t="312" w="218" /><ent r="6" t="312" w="306" /><ent r="5" t="315" w="233" /><ent r="3" t="320" w="185" /></phr><phr n="Enabling"><ent r="3" t="32" w="182" /><ent r="4" t="75" w="144" /><ent r="3" t="80" w="21" /><ent r="1000" t="121" w="4" /><ent r="82" t="121" w="13" /><ent r="3" t="121" w="21" /><ent r="3" t="161" w="121" /><ent r="3" t="162" w="128" /><ent r="3" t="221" w="343" /><ent r="3" t="309" w="24" /><ent r="3" t="309" w="109" /></phr></stem><stem n="hardwar"><phr n="hardware"><ent r="3" t="1" w="145" /><ent r="3" t="4" w="38" /><ent r="6" t="5" w="106" /><ent r="5" t="5" w="197" /><ent r="5" t="7" w="89" /><ent r="6" t="7" w="265" /><ent r="6" t="7" w="283" /><ent r="3" t="8" w="86" /><ent r="5" t="23" w="133" /><ent r="5" t="27" w="79" /><ent r="3" t="37" w="41" /><ent r="3" t="37" w="53" /><ent r="4" t="38" w="161" /><ent r="7" t="39" w="636" /><ent r="3" t="48" w="25" /><ent r="55" t="75" w="51" /><ent r="3" t="125" w="62" /><ent r="3" t="126" w="34" /><ent r="3" t="126" w="42" /><ent r="3" t="139" w="75" /><ent r="3" t="149" w="871" /><ent r="3" t="149" w="1148" /><ent r="3" t="149" w="1197" /><ent r="3" t="149" w="1204" /><ent r="3" t="150" w="185" /><ent r="3" t="169" w="190" /><ent r="4" t="169" w="353" /><ent r="3" t="170" w="121" /><ent r="3" t="221" w="523" /><ent r="4" t="250" w="48" /><ent r="4" t="251" w="50" /><ent r="3" t="251" w="65" /><ent r="3" t="253" w="105" /><ent r="4" t="253" w="117" /></phr></stem><stem n="activ"><phr n="activation"><ent r="3" t="1" w="149" /></phr><phr n="active"><ent r="3" t="4" w="144" /><ent r="5" t="12" w="30" /></phr><phr n="activated"><ent r="4" t="97" w="216" /></phr><phr n="activity"><ent r="3" t="104" w="18" /><ent r="3" t="104" w="52" /><ent r="4" t="104" w="124" /><ent r="4" t="104" w="148" /><ent r="4" t="104" w="169" /><ent r="4" t="105" w="28" /><ent r="4" t="105" w="64" /><ent r="4" t="106" w="81" /><ent r="4" t="107" w="12" /><ent r="4" t="107" w="26" /><ent r="4" t="107" w="43" /><ent r="4" t="107" w="129" /><ent r="4" t="107" w="143" /><ent r="4" t="108" w="19" /><ent r="4" t="108" w="50" /><ent r="4" t="108" w="62" /><ent r="4" t="108" w="85" /><ent r="4" t="108" w="99" /></phr></stem><stem n="learn"><phr n="Learn"><ent r="3" t="1" w="150" /></phr></stem><stem n="com"><phr n="com"><ent r="3" t="1" w="154" /><ent r="64" t="1" w="191" /><ent r="3" t="34" w="282" /><ent r="3" t="69" w="39" /><ent r="3" t="82" w="114" /></phr></stem><stem n=".com,"><phr n=".com,"><ent r="3" t="1" w="155" /></phr></stem><stem n="oem"><phr n="OEM"><ent r="3" t="1" w="158" /><ent r="3" t="80" w="16" /></phr></stem><stem n="retail"><phr n="retailer"><ent r="3" t="1" w="160" /></phr></stem><stem n="copi"><phr n="Copies"><ent r="3" t="1" w="162" /><ent r="3" t="58" w="386" /><ent r="3" t="58" w="454" /><ent r="3" t="58" w="507" /><ent r="3" t="58" w="653" /><ent r="3" t="58" w="715" /><ent r="3" t="58" w="768" /><ent r="3" t="62" w="394" /><ent r="3" t="62" w="413" /><ent r="3" t="62" w="432" /><ent r="3" t="62" w="452" /><ent r="3" t="62" w="478" /><ent r="3" t="62" w="515" /></phr><phr n="copy"><ent r="4" t="42" w="131" /><ent r="4" t="42" w="278" /><ent r="4" t="42" w="634" /><ent r="3" t="50" w="71" /><ent r="3" t="50" w="90" /><ent r="3" t="58" w="161" /><ent r="3" t="58" w="171" /><ent r="3" t="58" w="341" /><ent r="3" t="58" w="486" /><ent r="4" t="58" w="566" /><ent r="3" t="58" w="747" /><ent r="3" t="58" w="947" /><ent r="6" t="59" w="859" /><ent r="6" t="59" w="872" /><ent r="3" t="61" w="23" /><ent r="3" t="61" w="77" /><ent r="3" t="63" w="28" /><ent r="3" t="63" w="117" /><ent r="3" t="64" w="634" /><ent r="3" t="64" w="707" /><ent r="4" t="79" w="105" /><ent r="4" t="87" w="294" /><ent r="4" t="93" w="144" /><ent r="4" t="97" w="287" /><ent r="4" t="103" w="174" /><ent r="4" t="112" w="118" /><ent r="6" t="312" w="184" /></phr><phr n="copied"><ent r="4" t="42" w="156" /><ent r="3" t="58" w="188" /><ent r="3" t="58" w="238" /><ent r="3" t="58" w="521" /><ent r="3" t="58" w="531" /><ent r="3" t="58" w="782" /><ent r="3" t="58" w="792" /><ent r="4" t="59" w="378" /><ent r="4" t="59" w="424" /><ent r="4" t="59" w="489" /><ent r="4" t="59" w="509" /><ent r="4" t="59" w="557" /><ent r="4" t="59" w="570" /><ent r="4" t="59" w="609" /><ent r="4" t="59" w="678" /><ent r="4" t="59" w="750" /><ent r="4" t="59" w="796" /><ent r="4" t="59" w="809" /><ent r="6" t="59" w="877" /><ent r="6" t="59" w="898" /><ent r="6" t="59" w="936" /><ent r="6" t="59" w="947" /><ent r="6" t="59" w="974" /><ent r="3" t="62" w="35" /><ent r="3" t="62" w="130" /><ent r="3" t="63" w="52" /><ent r="3" t="64" w="64" /><ent r="3" t="64" w="564" /><ent r="3" t="154" w="230" /><ent r="3" t="278" w="59" /><ent r="3" t="278" w="79" /></phr><phr n="copying"><ent r="3" t="59" w="159" /><ent r="3" t="64" w="447" /><ent r="3" t="64" w="486" /></phr></stem></index>