<?xml version="1.0" encoding="utf-8"?><index><stem n="carefulli"><phr n="carefully"><ent r="4" t="62" w="366" /></phr></stem><stem n="realli"><phr n="really"><ent r="4" t="62" w="368" /></phr></stem><stem n="100"><phr n="100"><ent r="3" t="62" w="395" /><ent r="3" t="62" w="405" /><ent r="3" t="62" w="600" /></phr></stem><stem n="'100'"><phr n="'100'"><ent r="3" t="62" w="396" /></phr></stem><stem n="size1"><phr n="size1"><ent r="3" t="62" w="402" /></phr></stem><stem n="_size1([in,"><phr n="_size1([in,"><ent r="3" t="62" w="404" /></phr></stem><stem n="=100]"><phr n="=100]"><ent r="3" t="62" w="406" /></phr></stem><stem n="len"><phr n="len"><ent r="3" t="62" w="410" /><ent r="3" t="62" w="414" /><ent r="3" t="62" w="424" /><ent r="3" t="62" w="429" /><ent r="3" t="62" w="454" /><ent r="3" t="62" w="467" /><ent r="3" t="62" w="475" /><ent r="3" t="62" w="577" /><ent r="3" t="62" w="582" /><ent r="3" t="62" w="603" /><ent r="3" t="64" w="268" /><ent r="3" t="64" w="273" /><ent r="3" t="64" w="287" /><ent r="3" t="64" w="292" /><ent r="3" t="64" w="383" /><ent r="3" t="64" w="408" /><ent r="3" t="64" w="413" /><ent r="3" t="67" w="108" /><ent r="3" t="67" w="183" /><ent r="3" t="67" w="189" /><ent r="65" t="132" w="136" /><ent r="65" t="132" w="142" /><ent r="5" t="134" w="154" /><ent r="5" t="134" w="163" /><ent r="1000" t="199" w="6" /><ent r="72" t="199" w="13" /><ent r="4" t="199" w="22" /><ent r="3" t="199" w="71" /><ent r="1000" t="200" w="5" /><ent r="72" t="200" w="11" /><ent r="4" t="200" w="19" /><ent r="3" t="200" w="64" /><ent r="4" t="203" w="178" /><ent r="4" t="203" w="234" /><ent r="4" t="203" w="286" /><ent r="4" t="203" w="370" /><ent r="4" t="203" w="705" /><ent r="4" t="203" w="713" /><ent r="4" t="206" w="134" /><ent r="4" t="206" w="447" /><ent r="3" t="207" w="45" /><ent r="4" t="207" w="88" /><ent r="3" t="209" w="68" /><ent r="4" t="209" w="112" /><ent r="3" t="212" w="64" /><ent r="3" t="212" w="80" /><ent r="3" t="212" w="91" /><ent r="4" t="212" w="157" /><ent r="4" t="212" w="191" /><ent r="4" t="212" w="252" /><ent r="4" t="212" w="312" /><ent r="3" t="213" w="64" /><ent r="3" t="213" w="80" /><ent r="3" t="213" w="91" /><ent r="4" t="213" w="159" /><ent r="4" t="213" w="193" /><ent r="4" t="213" w="254" /><ent r="4" t="213" w="315" /><ent r="3" t="214" w="59" /><ent r="4" t="214" w="128" /><ent r="3" t="216" w="70" /><ent r="4" t="216" w="114" /><ent r="3" t="219" w="71" /><ent r="4" t="219" w="136" /><ent r="3" t="220" w="71" /><ent r="4" t="220" w="136" /><ent r="3" t="281" w="78" /><ent r="4" t="281" w="176" /></phr></stem><stem n="‘len’"><phr n="‘len’"><ent r="3" t="62" w="415" /></phr></stem><stem n="size2"><phr n="size2"><ent r="3" t="62" w="421" /></phr></stem><stem n="_size2([in,"><phr n="_size2([in,"><ent r="3" t="62" w="423" /></phr></stem><stem n="=len]"><phr n="=len]"><ent r="3" t="62" w="425" /><ent r="3" t="62" w="468" /><ent r="3" t="64" w="269" /><ent r="3" t="64" w="288" /><ent r="3" t="64" w="409" /><ent r="3" t="67" w="109" /><ent r="3" t="67" w="184" /></phr></stem><stem n="cnt"><phr n="cnt"><ent r="3" t="62" w="433" /><ent r="3" t="62" w="445" /><ent r="3" t="62" w="449" /><ent r="3" t="62" w="453" /><ent r="3" t="62" w="465" /><ent r="3" t="62" w="472" /><ent r="3" t="62" w="519" /><ent r="3" t="62" w="533" /><ent r="3" t="62" w="538" /></phr></stem><stem n="_count([in,"><phr n="_count([in,"><ent r="3" t="62" w="444" /></phr></stem><stem n="=cnt]"><phr n="=cnt]"><ent r="3" t="62" w="446" /><ent r="3" t="62" w="534" /></phr></stem><stem n="_count_size([in,"><phr n="_count_size([in,"><ent r="3" t="62" w="464" /></phr></stem><stem n="=cnt,"><phr n="=cnt,"><ent r="3" t="62" w="466" /></phr></stem><stem n="packet"><phr n="packet"><ent r="3" t="62" w="480" /><ent r="3" t="62" w="496" /><ent r="3" t="62" w="509" /><ent r="3" t="62" w="517" /><ent r="3" t="62" w="530" /><ent r="3" t="62" w="602" /><ent r="3" t="64" w="382" /></phr></stem><stem n="_packet_s"><phr n="_packet_size"><ent r="3" t="62" w="481" /></phr></stem><stem n="_packet_size(const"><phr n="_packet_size(const"><ent r="3" t="62" w="498" /></phr></stem><stem n="_sizefunc([in,"><phr n="_sizefunc([in,"><ent r="3" t="62" w="507" /></phr></stem><stem n="=get_packet_size]"><phr n="=get_packet_size]"><ent r="3" t="62" w="511" /></phr></stem><stem n="(get_packet_s"><phr n="(get_packet_size"><ent r="3" t="62" w="518" /></phr></stem><stem n="sizefunc2"><phr n="sizefunc2"><ent r="3" t="62" w="525" /></phr></stem><stem n="_sizefunc2("><phr n="_sizefunc2("><ent r="3" t="62" w="526" /></phr></stem><stem n="=get_packet_size,"><phr n="=get_packet_size,"><ent r="3" t="62" w="532" /></phr></stem><stem n="/count/sizefunc"><phr n="/count/sizefunc"><ent r="3" t="62" w="559" /></phr></stem><stem n="([in,"><phr n="([in,"><ent r="3" t="62" w="569" /><ent r="3" t="64" w="660" /><ent r="3" t="64" w="676" /><ent r="3" t="64" w="685" /><ent r="3" t="68" w="117" /><ent r="3" t="69" w="340" /></phr></stem><stem n="])"><phr n="])"><ent r="3" t="62" w="570" /></phr></stem><stem n="cant"><phr n="cant"><ent r="3" t="62" w="575" /><ent r="3" t="64" w="333" /><ent r="3" t="64" w="377" /><ent r="3" t="64" w="401" /></phr></stem><stem n="_attribute_cant([size=len]"><phr n="_attribute_cant([size=len]"><ent r="3" t="62" w="578" /></phr></stem><stem n="_sizefunc_size("><phr n="_sizefunc_size("><ent r="3" t="62" w="597" /></phr></stem><stem n="=100,"><phr n="=100,"><ent r="3" t="62" w="601" /></phr></stem><stem n="=packet_len]"><phr n="=packet_len]"><ent r="3" t="62" w="604" /><ent r="3" t="64" w="384" /></phr></stem><stem n="_sizefunc_strlen([in,"><phr n="_sizefunc_strlen([in,"><ent r="3" t="62" w="622" /></phr></stem><stem n="=strlen]"><phr n="=strlen]"><ent r="3" t="62" w="624" /></phr></stem><stem n="_sizefunc_wcslen([in,"><phr n="_sizefunc_wcslen([in,"><ent r="3" t="62" w="632" /></phr></stem><stem n="=wcslen]"><phr n="=wcslen]"><ent r="3" t="62" w="634" /></phr></stem><stem n="(size*count)"><phr n="(size*count)"><ent r="3" t="63" w="134" /></phr></stem><stem n="termin"><phr n="terminated"><ent r="3" t="64" w="21" /><ent r="3" t="64" w="27" /><ent r="3" t="172" w="39" /></phr><phr n="terminates"><ent r="3" t="64" w="74" /></phr><phr n="termination"><ent r="3" t="64" w="104" /><ent r="3" t="64" w="462" /></phr><phr n="terminate"><ent r="3" t="102" w="151" /><ent r="3" t="156" w="131" /></phr></stem><stem n="&quot;check"><phr n="&quot;check"><ent r="3" t="64" w="36" /></phr></stem><stem n="&quot;"><phr n="&quot;"><ent r="3" t="64" w="40" /></phr></stem><stem n="determin"><phr n="determine"><ent r="3" t="64" w="53" /><ent r="3" t="120" w="15" /><ent r="3" t="125" w="24" /><ent r="4" t="134" w="166" /><ent r="3" t="161" w="322" /><ent r="4" t="162" w="382" /><ent r="3" t="163" w="16" /><ent r="3" t="163" w="204" /><ent r="3" t="163" w="265" /><ent r="5" t="193" w="284" /><ent r="5" t="194" w="300" /><ent r="3" t="197" w="180" /><ent r="3" t="198" w="35" /><ent r="3" t="199" w="38" /><ent r="3" t="201" w="288" /><ent r="4" t="201" w="334" /><ent r="3" t="202" w="246" /><ent r="3" t="202" w="459" /><ent r="4" t="202" w="506" /><ent r="3" t="203" w="181" /><ent r="3" t="203" w="237" /><ent r="3" t="203" w="688" /><ent r="3" t="204" w="152" /><ent r="4" t="204" w="212" /><ent r="3" t="205" w="189" /><ent r="3" t="205" w="324" /><ent r="4" t="205" w="381" /><ent r="3" t="206" w="137" /><ent r="3" t="206" w="427" /><ent r="4" t="263" w="50" /><ent r="3" t="269" w="364" /><ent r="3" t="269" w="422" /></phr><phr n="determined"><ent r="3" t="64" w="91" /></phr><phr n="determines"><ent r="3" t="161" w="267" /><ent r="3" t="171" w="5" /></phr></stem><stem n="pbuf"><phr n="pBuf"><ent r="3" t="64" w="197" /></phr></stem><stem n="pbuf2"><phr n="pBuf2"><ent r="3" t="64" w="203" /><ent r="3" t="64" w="312" /><ent r="4" t="64" w="505" /><ent r="4" t="64" w="511" /></phr></stem><stem n="&quot;string/wstring&quot;"><phr n="&quot;string/wstring&quot;"><ent r="3" t="64" w="215" /></phr></stem><stem n="_string([in,"><phr n="_string([in,"><ent r="3" t="64" w="231" /></phr></stem><stem n="str"><phr n="str"><ent r="3" t="64" w="234" /><ent r="3" t="64" w="257" /><ent r="3" t="64" w="358" /><ent r="4" t="64" w="438" /><ent r="4" t="64" w="473" /><ent r="3" t="68" w="120" /></phr></stem><stem n="_wstring([in,"><phr n="_wstring([in,"><ent r="3" t="64" w="242" /></phr></stem><stem n="wstr"><phr n="wstr"><ent r="3" t="64" w="245" /></phr></stem><stem n="_const_string([in,"><phr n="_const_string([in,"><ent r="3" t="64" w="254" /></phr></stem><stem n="_isptr("><phr n="_isptr("><ent r="3" t="64" w="264" /></phr></stem><stem n="pbufptr"><phr n="pBufptr"><ent r="3" t="64" w="269" /></phr></stem><stem n="_isptr_readonly("><phr n="_isptr_readonly("><ent r="3" t="64" w="281" /></phr></stem><stem n="pbuf2ptr"><phr n="pBuf2ptr"><ent r="3" t="64" w="288" /><ent r="3" t="64" w="409" /></phr></stem><stem n="/wstring"><phr n="/wstring"><ent r="3" t="64" w="319" /><ent r="3" t="64" w="340" /></phr></stem><stem n="_string_cant([string]"><phr n="_string_cant([string]"><ent r="3" t="64" w="335" /></phr></stem><stem n="_string_out([out,"><phr n="_string_out([out,"><ent r="3" t="64" w="356" /></phr></stem><stem n="[string/wstring]"><phr n="[string/wstring]"><ent r="3" t="64" w="371" /></phr></stem><stem n="_string_sizefunc_cant("><phr n="_string_sizefunc_cant("><ent r="3" t="64" w="378" /></phr></stem><stem n="[readonly]"><phr n="[readonly]"><ent r="3" t="64" w="394" /></phr></stem><stem n="_isptr_readonly_cant("><phr n="_isptr_readonly_cant("><ent r="3" t="64" w="402" /></phr></stem><stem n="_string"><phr n="_string"><ent r="4" t="64" w="434" /><ent r="3" t="172" w="27" /></phr></stem><stem n="(str)+1"><phr n="(str)+1"><ent r="4" t="64" w="439" /><ent r="4" t="64" w="474" /></phr></stem><stem n="+1"><phr n="+1"><ent r="4" t="64" w="439" /><ent r="4" t="64" w="474" /></phr></stem><stem n="extra"><phr n="extra"><ent r="3" t="64" w="457" /></phr></stem><stem n="_wstring"><phr n="_wstring"><ent r="4" t="64" w="469" /></phr></stem><stem n="(two-byt"><phr n="(two-byte"><ent r="3" t="64" w="476" /></phr></stem><stem n="two-byt"><phr n="two-byte"><ent r="3" t="64" w="476" /></phr></stem><stem n="_isptr_readonli"><phr n="_isptr_readonly"><ent r="4" t="64" w="502" /></phr></stem><stem n="decor"><phr n="decorated"><ent r="4" t="64" w="575" /><ent r="3" t="73" w="26" /></phr></stem><stem n="analyz"><phr n="analyze"><ent r="3" t="64" w="599" /><ent r="6" t="312" w="304" /></phr><phr n="analyzing"><ent r="3" t="127" w="207" /></phr><phr n="analyzes"><ent r="4" t="127" w="240" /></phr></stem><stem n="alias"><phr n="aliased"><ent r="3" t="64" w="613" /></phr></stem><stem n="/macro"><phr n="/macro"><ent r="3" t="64" w="617" /></phr></stem><stem n="asterisk"><phr n="asterisk"><ent r="3" t="64" w="623" /><ent r="3" t="64" w="653" /><ent r="3" t="71" w="121" /></phr></stem><stem n="(*),"><phr n="(*),"><ent r="3" t="64" w="624" /></phr></stem><stem n="parser"><phr n="parser"><ent r="3" t="64" w="626" /></phr></stem><stem n="properli"><phr n="properly"><ent r="3" t="64" w="633" /><ent r="3" t="74" w="339" /><ent r="4" t="90" w="124" /><ent r="3" t="112" w="341" /><ent r="3" t="195" w="396" /><ent r="3" t="208" w="143" /><ent r="3" t="208" w="186" /><ent r="3" t="221" w="193" /><ent r="3" t="221" w="234" /></phr></stem><stem n="4"><phr n="4"><ent r="3" t="64" w="661" /><ent r="3" t="64" w="677" /><ent r="3" t="64" w="687" /><ent r="3" t="67" w="86" /><ent r="3" t="67" w="97" /><ent r="3" t="67" w="98" /><ent r="3" t="67" w="150" /><ent r="3" t="193" w="63" /><ent r="3" t="193" w="175" /><ent r="3" t="194" w="66" /><ent r="3" t="194" w="193" /><ent r="3" t="224" w="516" /><ent r="3" t="262" w="18" /><ent r="3" t="274" w="80" /><ent r="3" t="279" w="29" /></phr></stem><stem n="=4]"><phr n="=4]"><ent r="3" t="64" w="662" /><ent r="3" t="64" w="678" /><ent r="3" t="64" w="688" /></phr></stem><stem n="pvoid"><phr n="PVOID"><ent r="3" t="64" w="662" /><ent r="3" t="64" w="665" /><ent r="3" t="64" w="688" /><ent r="3" t="64" w="694" /></phr></stem><stem n="“isptr”"><phr n="“isptr”"><ent r="3" t="64" w="693" /></phr></stem><stem n="“pvoid”"><phr n="“PVOID”"><ent r="3" t="64" w="695" /></phr></stem><stem n="(hwnd"><phr n="(HWND"><ent r="3" t="64" w="701" /></phr></stem><stem n="hwnd"><phr n="HWND"><ent r="3" t="64" w="701" /><ent r="3" t="64" w="702" /></phr></stem><stem n="opaqu"><phr n="opaque"><ent r="3" t="64" w="705" /><ent r="3" t="157" w="258" /><ent r="3" t="249" w="12" /><ent r="3" t="256" w="35" /><ent r="3" t="285" w="19" /><ent r="3" t="288" w="23" /><ent r="3" t="300" w="12" /></phr></stem><stem n="datatyp"><phr n="datatype"><ent r="3" t="65" w="31" /></phr></stem><stem n="’ed"><phr n="’ed"><ent r="3" t="65" w="35" /><ent r="3" t="202" w="294" /><ent r="3" t="202" w="328" /><ent r="3" t="205" w="244" /><ent r="3" t="205" w="263" /></phr></stem><stem n="ed"><phr n="ed"><ent r="3" t="65" w="35" /><ent r="3" t="202" w="294" /><ent r="3" t="202" w="328" /><ent r="3" t="205" w="244" /><ent r="3" t="205" w="263" /></phr></stem><stem n="becom"><phr n="becomes"><ent r="3" t="65" w="38" /></phr><phr n="become"><ent r="3" t="178" w="126" /></phr></stem><stem n="user-defin"><phr n="user-defined"><ent r="3" t="65" w="80" /><ent r="3" t="67" w="169" /><ent r="6" t="320" w="231" /></phr></stem><stem n="arrai"><phr n="arrays"><ent r="3" t="65" w="146" /><ent r="64" t="65" w="164" /><ent r="1000" t="67" w="1" /><ent r="82" t="67" w="3" /><ent r="3" t="67" w="14" /><ent r="3" t="67" w="196" /></phr><phr n="array"><ent r="3" t="65" w="161" /><ent r="3" t="67" w="27" /><ent r="3" t="67" w="30" /><ent r="3" t="67" w="57" /><ent r="3" t="67" w="82" /><ent r="3" t="67" w="92" /><ent r="3" t="67" w="139" /><ent r="3" t="67" w="155" /><ent r="3" t="67" w="171" /><ent r="6" t="85" w="141" /><ent r="3" t="151" w="56" /><ent r="3" t="151" w="75" /><ent r="3" t="151" w="96" /><ent r="3" t="191" w="84" /><ent r="3" t="191" w="104" /><ent r="3" t="191" w="140" /><ent r="3" t="193" w="81" /><ent r="3" t="193" w="86" /><ent r="3" t="193" w="173" /><ent r="3" t="194" w="87" /><ent r="3" t="194" w="92" /><ent r="3" t="194" w="191" /><ent r="3" t="277" w="93" /><ent r="3" t="308" w="60" /><ent r="6" t="318" w="66" /></phr></stem><stem n="outermost"><phr n="outermost"><ent r="3" t="66" w="55" /></phr></stem><stem n="conflict"><phr n="conflicts"><ent r="3" t="66" w="71" /></phr><phr n="CONFLICT"><ent r="4" t="149" w="763" /><ent r="6" t="310" w="372" /></phr></stem><stem n="(pointer"><phr n="(pointers"><ent r="3" t="66" w="75" /></phr></stem><stem n="multidimension"><phr n="multidimensional"><ent r="3" t="67" w="11" /></phr></stem><stem n="-size"><phr n="-size"><ent r="3" t="67" w="12" /><ent r="3" t="67" w="12" /></phr></stem><stem n="fixed-s"><phr n="fixed-size"><ent r="3" t="67" w="12" /></phr></stem><stem n="zero-length"><phr n="Zero-length"><ent r="3" t="67" w="25" /><ent r="3" t="67" w="153" /><ent r="3" t="207" w="273" /><ent r="3" t="214" w="305" /></phr></stem><stem n="flexibl"><phr n="flexible"><ent r="3" t="67" w="29" /><ent r="3" t="67" w="138" /><ent r="3" t="67" w="147" /></phr></stem><stem n="uarrai"><phr n="uArray"><ent r="3" t="67" w="69" /><ent r="3" t="67" w="72" /><ent r="3" t="67" w="109" /><ent r="3" t="67" w="128" /><ent r="3" t="67" w="131" /><ent r="3" t="67" w="184" /></phr></stem><stem n="10"><phr n="10"><ent r="3" t="67" w="73" /><ent r="3" t="67" w="132" /><ent r="4" t="77" w="240" /><ent r="3" t="149" w="1011" /><ent r="3" t="161" w="185" /><ent r="3" t="162" w="182" /><ent r="6" t="310" w="108" /></phr></stem><stem n="[10];"><phr n="[10];"><ent r="3" t="67" w="74" /><ent r="3" t="67" w="133" /></phr></stem><stem n="_array([in]"><phr n="_array([in]"><ent r="3" t="67" w="84" /></phr></stem><stem n="arr"><phr n="arr"><ent r="3" t="67" w="85" /><ent r="3" t="67" w="96" /><ent r="3" t="67" w="110" /><ent r="3" t="67" w="149" /><ent r="3" t="67" w="165" /><ent r="3" t="67" w="185" /></phr></stem><stem n="[4]);"><phr n="[4]);"><ent r="3" t="67" w="87" /></phr></stem><stem n="multi"><phr n="multi"><ent r="3" t="67" w="93" /><ent r="3" t="82" w="54" /><ent r="54" t="149" w="161" /></phr></stem><stem n="_array_multi([in]"><phr n="_array_multi([in]"><ent r="3" t="67" w="95" /></phr></stem><stem n="[4][4]);"><phr n="[4][4]);"><ent r="3" t="67" w="99" /></phr></stem><stem n="_isary([in,"><phr n="_isary([in,"><ent r="3" t="67" w="106" /></phr></stem><stem n="tlen"><phr n="tlen"><ent r="3" t="67" w="113" /></phr></stem><stem n="_tlen);"><phr n="_tlen);"><ent r="3" t="67" w="114" /></phr></stem><stem n="_flexible(int"><phr n="_flexible(int"><ent r="3" t="67" w="148" /></phr></stem><stem n="[][4]);"><phr n="[][4]);"><ent r="3" t="67" w="151" /></phr></stem><stem n="_zero(int"><phr n="_zero(int"><ent r="3" t="67" w="164" /></phr></stem><stem n="[0]);"><phr n="[0]);"><ent r="3" t="67" w="167" /></phr></stem><stem n="&quot;isary&quot;"><phr n="&quot;isary&quot;"><ent r="3" t="67" w="175" /></phr></stem><stem n="_miss_isary([in,"><phr n="_miss_isary([in,"><ent r="3" t="67" w="182" /></phr></stem><stem n="preprocessor"><phr n="Preprocessor"><ent r="1000" t="68" w="1" /><ent r="82" t="68" w="4" /><ent r="3" t="68" w="30" /><ent r="3" t="68" w="38" /><ent r="55" t="75" w="242" /><ent r="55" t="75" w="251" /><ent r="4" t="75" w="269" /><ent r="6" t="320" w="55" /></phr></stem><stem n="translat"><phr n="translated"><ent r="3" t="68" w="42" /></phr></stem><stem n="#defin"><phr n="#define"><ent r="3" t="68" w="93" /><ent r="3" t="76" w="179" /><ent r="3" t="266" w="48" /><ent r="3" t="267" w="45" /><ent r="3" t="270" w="25" /><ent r="3" t="272" w="48" /><ent r="3" t="289" w="21" /><ent r="3" t="289" w="30" /><ent r="3" t="300" w="27" /></phr></stem><stem n="_debug"><phr n="_DEBUG"><ent r="3" t="68" w="95" /><ent r="3" t="68" w="112" /></phr></stem><stem n="#ifdef"><phr n="#ifdef"><ent r="3" t="68" w="110" /></phr></stem><stem n="ifdef"><phr n="ifdef"><ent r="3" t="68" w="110" /></phr></stem><stem n="#endif"><phr n="#endif"><ent r="3" t="68" w="122" /><ent r="3" t="252" w="193" /></phr></stem><stem n="endif"><phr n="endif"><ent r="3" t="68" w="122" /><ent r="3" t="252" w="193" /></phr></stem><stem n="duplic"><phr n="duplicate"><ent r="3" t="68" w="152" /></phr></stem><stem n="find"><phr n="find"><ent r="3" t="69" w="29" /><ent r="3" t="87" w="240" /><ent r="3" t="93" w="87" /><ent r="3" t="97" w="190" /><ent r="3" t="112" w="44" /><ent r="3" t="112" w="276" /></phr></stem><stem n="://msdn.microsoft.com/en-us/library/984x0h58"><phr n="://msdn.microsoft.com/en-us/library/984x0h58"><ent r="3" t="69" w="43" /></phr></stem><stem n="984x0h58"><phr n="984x0h58"><ent r="3" t="69" w="43" /></phr></stem><stem n="improp"><phr n="Improper"><ent r="3" t="69" w="61" /><ent r="3" t="69" w="102" /></phr></stem><stem n="cleanup"><phr n="Cleanup"><ent r="6" t="69" w="134" /><ent r="3" t="99" w="806" /><ent r="3" t="221" w="78" /></phr></stem><stem n="caller"><phr n="Caller"><ent r="6" t="69" w="141" /><ent r="3" t="96" w="103" /><ent r="3" t="149" w="349" /><ent r="3" t="149" w="390" /><ent r="3" t="152" w="311" /><ent r="3" t="154" w="570" /><ent r="3" t="155" w="483" /><ent r="3" t="156" w="439" /><ent r="3" t="156" w="720" /><ent r="3" t="156" w="732" /><ent r="3" t="207" w="134" /><ent r="3" t="208" w="217" /><ent r="3" t="211" w="137" /><ent r="3" t="214" w="175" /><ent r="3" t="215" w="247" /><ent r="3" t="218" w="138" /><ent r="3" t="221" w="264" /><ent r="3" t="228" w="213" /><ent r="3" t="230" w="141" /><ent r="3" t="231" w="278" /><ent r="3" t="231" w="340" /><ent r="3" t="232" w="416" /><ent r="3" t="233" w="326" /><ent r="3" t="234" w="280" /><ent r="3" t="235" w="295" /><ent r="3" t="236" w="265" /><ent r="3" t="237" w="100" /><ent r="3" t="238" w="126" /><ent r="3" t="240" w="101" /><ent r="3" t="241" w="18" /><ent r="3" t="241" w="59" /><ent r="3" t="244" w="423" /><ent r="3" t="245" w="352" /><ent r="6" t="310" w="750" /></phr><phr n="callers"><ent r="3" t="202" w="720" /><ent r="3" t="205" w="564" /></phr></stem><stem n="push"><phr n="Pushes"><ent r="6" t="69" w="143" /><ent r="6" t="69" w="156" /></phr><phr n="pushed"><ent r="6" t="69" w="173" /></phr></stem><stem n="(right"><phr n="(right"><ent r="6" t="69" w="148" /><ent r="6" t="69" w="161" /><ent r="6" t="69" w="176" /></phr></stem><stem n="left"><phr n="left"><ent r="6" t="69" w="150" /><ent r="6" t="69" w="163" /><ent r="6" t="69" w="178" /></phr></stem><stem n="calle"><phr n="Callee"><ent r="6" t="69" w="154" /><ent r="6" t="69" w="167" /><ent r="3" t="96" w="108" /></phr></stem><stem n="conv"><phr n="convs"><ent r="4" t="69" w="208" /><ent r="3" t="69" w="235" /></phr></stem><stem n="_calling_convs()"><phr n="_calling_convs()"><ent r="4" t="69" w="209" /></phr></stem><stem n="_calling_convs(void);"><phr n="_calling_convs(void);"><ent r="3" t="69" w="237" /></phr></stem><stem n="[cdecl,"><phr n="[cdecl,"><ent r="3" t="69" w="245" /><ent r="3" t="69" w="263" /><ent r="3" t="69" w="273" /><ent r="54" t="70" w="152" /><ent r="54" t="70" w="173" /><ent r="54" t="70" w="186" /></phr></stem><stem n="fopen"><phr n="fopen"><ent r="3" t="69" w="247" /><ent r="3" t="70" w="155" /><ent r="6" t="316" w="298" /><ent r="6" t="316" w="320" /></phr></stem><stem n="[in,string]"><phr n="[in,string]"><ent r="3" t="69" w="251" /><ent r="3" t="69" w="257" /><ent r="3" t="70" w="159" /><ent r="3" t="70" w="165" /></phr></stem><stem n="fclose"><phr n="fclose"><ent r="3" t="69" w="265" /><ent r="3" t="70" w="176" /><ent r="6" t="316" w="318" /></phr></stem><stem n="([user_check]"><phr n="([user_check]"><ent r="3" t="69" w="268" /><ent r="3" t="70" w="179" /></phr></stem><stem n="stream"><phr n="stream"><ent r="3" t="69" w="269" /><ent r="3" t="69" w="298" /><ent r="3" t="69" w="359" /><ent r="3" t="70" w="180" /><ent r="3" t="70" w="212" /><ent r="3" t="198" w="92" /><ent r="3" t="198" w="120" /><ent r="3" t="201" w="224" /><ent r="3" t="201" w="243" /><ent r="3" t="202" w="392" /><ent r="3" t="202" w="411" /><ent r="3" t="203" w="258" /><ent r="3" t="203" w="363" /><ent r="3" t="205" w="240" /><ent r="3" t="205" w="259" /><ent r="3" t="206" w="116" /><ent r="3" t="206" w="161" /><ent r="3" t="207" w="68" /><ent r="3" t="207" w="98" /><ent r="3" t="207" w="247" /><ent r="3" t="209" w="92" /><ent r="3" t="209" w="122" /><ent r="3" t="212" w="142" /><ent r="3" t="212" w="167" /><ent r="3" t="213" w="144" /><ent r="3" t="213" w="169" /><ent r="3" t="214" w="108" /><ent r="3" t="214" w="138" /><ent r="3" t="214" w="280" /><ent r="3" t="216" w="94" /><ent r="3" t="216" w="124" /><ent r="3" t="219" w="130" /><ent r="3" t="219" w="146" /><ent r="3" t="219" w="273" /><ent r="3" t="219" w="313" /><ent r="3" t="219" w="331" /><ent r="3" t="220" w="130" /><ent r="3" t="220" w="146" /><ent r="3" t="220" w="273" /><ent r="3" t="220" w="313" /><ent r="3" t="220" w="331" /><ent r="6" t="317" w="65" /></phr><phr n="streaming"><ent r="3" t="99" w="116" /></phr><phr n="streams"><ent r="3" t="198" w="230" /><ent r="3" t="219" w="338" /><ent r="3" t="220" w="338" /></phr></stem><stem n="fwrite"><phr n="fwrite"><ent r="3" t="69" w="276" /><ent r="3" t="69" w="338" /><ent r="3" t="70" w="190" /><ent r="6" t="316" w="348" /></phr></stem><stem n="=size,"><phr n="=size,"><ent r="3" t="69" w="281" /><ent r="3" t="69" w="342" /><ent r="3" t="70" w="195" /></phr></stem><stem n="=count]"><phr n="=count]"><ent r="3" t="69" w="283" /><ent r="3" t="69" w="344" /><ent r="3" t="70" w="197" /></phr></stem><stem n="[user_check]fil"><phr n="[user_check]FILE"><ent r="3" t="69" w="297" /><ent r="3" t="70" w="211" /></phr></stem><stem n="[fastcall]"><phr n="[fastcall]"><ent r="3" t="69" w="302" /></phr></stem><stem n="fast"><phr n="fast"><ent r="3" t="69" w="304" /></phr></stem><stem n="_fast_call([in]void*"><phr n="_fast_call([in]void*"><ent r="3" t="69" w="308" /></phr></stem><stem n="[stdcall]"><phr n="[stdcall]"><ent r="3" t="69" w="312" /><ent r="3" t="69" w="366" /></phr></stem><stem n="std"><phr n="std"><ent r="3" t="69" w="314" /><ent r="3" t="69" w="376" /></phr></stem><stem n="_std_call(void);"><phr n="_std_call(void);"><ent r="3" t="69" w="317" /><ent r="3" t="69" w="379" /></phr></stem><stem n="[cdecl,dllimport]"><phr n="[cdecl,dllimport]"><ent r="3" t="69" w="335" /></phr></stem><stem n="redefinit"><phr n="Redefinition"><ent r="3" t="69" w="367" /><ent r="6" t="319" w="49" /></phr></stem><stem n="slightli"><phr n="slightly"><ent r="3" t="70" w="31" /><ent r="3" t="98" w="129" /><ent r="3" t="112" w="142" /></phr></stem><stem n="overwritten"><phr n="overwritten"><ent r="3" t="70" w="53" /></phr></stem><stem n="fundament"><phr n="fundamental"><ent r="3" t="70" w="92" /></phr></stem><stem n="went"><phr n="went"><ent r="3" t="70" w="110" /></phr></stem><stem n="wrong"><phr n="wrong"><ent r="3" t="70" w="111" /></phr></stem><stem n="succe"><phr n="succeeds"><ent r="3" t="70" w="115" /><ent r="3" t="157" w="276" /><ent r="3" t="157" w="281" /><ent r="3" t="191" w="240" /><ent r="3" t="198" w="143" /><ent r="3" t="199" w="113" /><ent r="3" t="200" w="109" /></phr><phr n="succeed"><ent r="3" t="178" w="184" /></phr></stem><stem n="io"><phr n="io"><ent r="3" t="70" w="143" /></phr></stem><stem n="_file_io(void);"><phr n="_file_io(void);"><ent r="3" t="70" w="145" /></phr></stem><stem n="_errno;"><phr n="_errno;"><ent r="3" t="70" w="170" /><ent r="3" t="70" w="183" /><ent r="3" t="70" w="215" /></phr></stem><stem n="akin"><phr n="akin"><ent r="3" t="71" w="30" /></phr></stem><stem n="edlfil"><phr n="EDLfile"><ent r="3" t="71" w="70" /></phr></stem><stem n="(*)"><phr n="(*)"><ent r="3" t="71" w="122" /><ent r="3" t="316" w="467" /></phr></stem><stem n="“lib_filename.edl”"><phr n="“lib_filename.edl”"><ent r="3" t="71" w="156" /><ent r="3" t="71" w="168" /></phr></stem><stem n="_name,"><phr n="_name,"><ent r="3" t="71" w="159" /><ent r="3" t="72" w="83" /></phr></stem><stem n="func2"><phr n="func2"><ent r="3" t="71" w="159" /><ent r="3" t="72" w="81" /></phr></stem><stem n="_name;"><phr n="_name;"><ent r="3" t="71" w="161" /><ent r="3" t="269" w="61" /></phr></stem><stem n="comm"><phr n="comms"><ent r="3" t="71" w="176" /><ent r="3" t="71" w="188" /></phr></stem><stem n="“secure_comms.edl”"><phr n="“secure_comms.edl”"><ent r="3" t="71" w="178" /></phr></stem><stem n="send"><phr n="send"><ent r="3" t="71" w="179" /><ent r="3" t="71" w="181" /><ent r="5" t="99" w="513" /><ent r="5" t="99" w="656" /><ent r="3" t="101" w="216" /><ent r="3" t="155" w="30" /><ent r="3" t="156" w="38" /></phr><phr n="sends"><ent r="5" t="99" w="349" /><ent r="4" t="99" w="502" /><ent r="4" t="99" w="646" /><ent r="3" t="172" w="5" /></phr><phr n="sending"><ent r="3" t="102" w="116" /><ent r="3" t="154" w="536" /></phr></stem><stem n="email"><phr n="email"><ent r="3" t="71" w="180" /></phr></stem><stem n="_email,"><phr n="_email,"><ent r="3" t="71" w="181" /></phr></stem><stem n="sm"><phr n="sms"><ent r="3" t="71" w="182" /></phr></stem><stem n="_sms;"><phr n="_sms;"><ent r="3" t="71" w="183" /></phr></stem><stem n="sy"><phr n="sys"><ent r="3" t="71" w="185" /></phr></stem><stem n="&quot;../../sys/other_secure_comms.edl&quot;"><phr n="&quot;../../sys/other_secure_comms.edl&quot;"><ent r="3" t="71" w="190" /></phr></stem><stem n="l1"><phr n="L1"><ent r="3" t="71" w="226" /><ent r="3" t="71" w="238" /></phr></stem><stem n="“other/file_l1.edl”"><phr n="“other/file_L1.edl”"><ent r="3" t="71" w="228" /></phr></stem><stem n="_l1.edl"><phr n="_L1.edl"><ent r="3" t="71" w="239" /></phr></stem><stem n="l2"><phr n="L2"><ent r="3" t="71" w="245" /><ent r="3" t="71" w="265" /></phr></stem></index>