<?xml version="1.0" encoding="utf-8"?><index><stem n="alloc"><phr n="allocating"><ent r="3" t="4" w="37" /><ent r="3" t="223" w="40" /></phr><phr n="allocation"><ent r="58" t="39" w="568" /><ent r="7" t="39" w="574" /><ent r="6" t="85" w="196" /><ent r="3" t="185" w="83" /><ent r="3" t="208" w="243" /><ent r="3" t="215" w="274" /><ent r="3" t="221" w="291" /></phr><phr n="allocates"><ent r="3" t="58" w="332" /><ent r="3" t="58" w="380" /><ent r="3" t="58" w="420" /><ent r="3" t="58" w="479" /><ent r="3" t="58" w="603" /><ent r="3" t="58" w="647" /><ent r="3" t="58" w="689" /><ent r="3" t="58" w="740" /><ent r="3" t="207" w="135" /><ent r="3" t="214" w="176" /><ent r="3" t="223" w="324" /><ent r="3" t="224" w="320" /></phr><phr n="allocated"><ent r="3" t="58" w="807" /><ent r="3" t="58" w="836" /><ent r="3" t="58" w="856" /><ent r="4" t="59" w="408" /><ent r="4" t="59" w="428" /><ent r="4" t="59" w="470" /><ent r="4" t="59" w="540" /><ent r="4" t="59" w="663" /><ent r="4" t="59" w="682" /><ent r="4" t="59" w="724" /><ent r="4" t="59" w="781" /><ent r="3" t="64" w="82" /><ent r="3" t="151" w="72" /><ent r="3" t="156" w="429" /><ent r="3" t="156" w="714" /><ent r="3" t="198" w="157" /><ent r="3" t="201" w="265" /><ent r="3" t="201" w="650" /><ent r="3" t="202" w="436" /><ent r="3" t="203" w="275" /><ent r="3" t="203" w="723" /><ent r="3" t="204" w="127" /><ent r="3" t="204" w="463" /><ent r="3" t="205" w="299" /><ent r="3" t="208" w="15" /><ent r="3" t="208" w="140" /><ent r="3" t="208" w="280" /><ent r="3" t="210" w="126" /><ent r="3" t="210" w="206" /><ent r="3" t="211" w="22" /><ent r="3" t="212" w="215" /><ent r="3" t="212" w="601" /><ent r="3" t="212" w="610" /><ent r="3" t="213" w="217" /><ent r="3" t="213" w="624" /><ent r="3" t="213" w="633" /><ent r="3" t="215" w="15" /><ent r="3" t="215" w="179" /><ent r="3" t="215" w="309" /><ent r="3" t="217" w="125" /><ent r="3" t="217" w="259" /><ent r="3" t="218" w="24" /><ent r="3" t="219" w="203" /><ent r="3" t="219" w="368" /><ent r="3" t="220" w="203" /><ent r="3" t="220" w="368" /><ent r="3" t="221" w="18" /><ent r="3" t="221" w="137" /><ent r="3" t="221" w="190" /><ent r="3" t="221" w="326" /><ent r="3" t="222" w="28" /><ent r="3" t="222" w="88" /><ent r="3" t="223" w="206" /><ent r="3" t="224" w="182" /><ent r="3" t="225" w="128" /><ent r="3" t="226" w="158" /><ent r="3" t="227" w="188" /><ent r="3" t="278" w="41" /></phr><phr n="allocate"><ent r="6" t="59" w="921" /><ent r="4" t="134" w="103" /><ent r="4" t="134" w="114" /><ent r="4" t="134" w="173" /><ent r="4" t="134" w="179" /><ent r="3" t="153" w="117" /><ent r="3" t="153" w="161" /><ent r="3" t="164" w="154" /><ent r="3" t="164" w="198" /><ent r="3" t="187" w="174" /><ent r="3" t="198" w="40" /><ent r="3" t="198" w="191" /><ent r="3" t="198" w="204" /><ent r="3" t="199" w="43" /><ent r="3" t="199" w="151" /><ent r="3" t="199" w="165" /><ent r="3" t="200" w="42" /><ent r="3" t="200" w="142" /><ent r="3" t="200" w="156" /><ent r="4" t="201" w="315" /><ent r="3" t="201" w="630" /><ent r="4" t="202" w="487" /><ent r="3" t="203" w="187" /><ent r="3" t="203" w="296" /><ent r="3" t="203" w="379" /><ent r="3" t="203" w="677" /><ent r="3" t="203" w="693" /><ent r="4" t="204" w="183" /><ent r="3" t="204" w="446" /><ent r="4" t="205" w="352" /><ent r="3" t="206" w="143" /><ent r="3" t="206" w="422" /><ent r="3" t="206" w="432" /><ent r="3" t="208" w="220" /><ent r="3" t="209" w="273" /><ent r="3" t="212" w="372" /><ent r="3" t="215" w="250" /><ent r="3" t="216" w="334" /><ent r="3" t="221" w="253" /><ent r="3" t="221" w="267" /><ent r="3" t="223" w="58" /><ent r="3" t="224" w="34" /><ent r="3" t="225" w="44" /></phr><phr n="alloc"><ent r="4" t="319" w="57" /></phr></stem><stem n="-protect"><phr n="-protected"><ent r="3" t="4" w="38" /><ent r="3" t="4" w="38" /><ent r="3" t="103" w="55" /><ent r="3" t="103" w="55" /><ent r="3" t="103" w="83" /><ent r="3" t="103" w="83" /><ent r="4" t="108" w="17" /><ent r="4" t="108" w="17" /></phr><phr n="-protect"><ent r="55" t="78" w="186" /><ent r="55" t="78" w="186" /><ent r="3" t="103" w="17" /><ent r="3" t="103" w="17" /><ent r="3" t="133" w="288" /><ent r="3" t="133" w="288" /></phr></stem><stem n="hardware-protect"><phr n="hardware-protected"><ent r="3" t="4" w="38" /></phr></stem><stem n="memori"><phr n="memory"><ent r="3" t="4" w="40" /><ent r="3" t="4" w="48" /><ent r="3" t="4" w="58" /><ent r="3" t="4" w="72" /><ent r="3" t="4" w="130" /><ent r="3" t="4" w="147" /><ent r="3" t="4" w="153" /><ent r="3" t="4" w="168" /><ent r="6" t="5" w="30" /><ent r="6" t="5" w="202" /><ent r="6" t="5" w="216" /><ent r="6" t="5" w="234" /><ent r="3" t="6" w="144" /><ent r="3" t="14" w="335" /><ent r="3" t="14" w="362" /><ent r="66" t="23" w="100" /><ent r="5" t="23" w="111" /><ent r="1000" t="36" w="2" /><ent r="92" t="36" w="9" /><ent r="3" t="36" w="41" /><ent r="3" t="36" w="51" /><ent r="3" t="36" w="113" /><ent r="3" t="36" w="136" /><ent r="3" t="36" w="210" /><ent r="4" t="36" w="347" /><ent r="7" t="39" w="573" /><ent r="7" t="39" w="579" /><ent r="3" t="42" w="31" /><ent r="4" t="42" w="137" /><ent r="4" t="42" w="140" /><ent r="4" t="42" w="148" /><ent r="4" t="42" w="218" /><ent r="4" t="42" w="221" /><ent r="4" t="42" w="236" /><ent r="4" t="42" w="248" /><ent r="4" t="42" w="251" /><ent r="4" t="42" w="266" /><ent r="4" t="42" w="280" /><ent r="3" t="58" w="246" /><ent r="3" t="58" w="274" /><ent r="3" t="58" w="285" /><ent r="3" t="58" w="329" /><ent r="3" t="58" w="360" /><ent r="3" t="58" w="366" /><ent r="3" t="58" w="381" /><ent r="3" t="58" w="388" /><ent r="3" t="58" w="399" /><ent r="3" t="58" w="405" /><ent r="3" t="58" w="425" /><ent r="3" t="58" w="463" /><ent r="3" t="58" w="480" /><ent r="3" t="58" w="492" /><ent r="3" t="58" w="516" /><ent r="3" t="58" w="604" /><ent r="3" t="58" w="631" /><ent r="3" t="58" w="648" /><ent r="3" t="58" w="655" /><ent r="3" t="58" w="666" /><ent r="3" t="58" w="672" /><ent r="3" t="58" w="724" /><ent r="3" t="58" w="741" /><ent r="3" t="58" w="753" /><ent r="3" t="58" w="777" /><ent r="3" t="58" w="806" /><ent r="3" t="58" w="835" /><ent r="3" t="58" w="904" /><ent r="3" t="58" w="912" /><ent r="3" t="58" w="926" /><ent r="3" t="59" w="44" /><ent r="3" t="59" w="72" /><ent r="4" t="59" w="429" /><ent r="4" t="59" w="621" /><ent r="4" t="59" w="635" /><ent r="4" t="59" w="683" /><ent r="3" t="61" w="74" /><ent r="3" t="61" w="85" /><ent r="3" t="61" w="88" /><ent r="3" t="62" w="119" /><ent r="3" t="62" w="133" /><ent r="3" t="64" w="51" /><ent r="3" t="64" w="85" /><ent r="3" t="64" w="568" /><ent r="3" t="64" w="717" /><ent r="3" t="74" w="335" /><ent r="64" t="74" w="361" /><ent r="3" t="76" w="37" /><ent r="3" t="77" w="11" /><ent r="3" t="77" w="41" /><ent r="3" t="77" w="114" /><ent r="4" t="77" w="257" /><ent r="4" t="77" w="279" /><ent r="6" t="85" w="195" /><ent r="3" t="86" w="13" /><ent r="3" t="86" w="36" /><ent r="3" t="87" w="14" /><ent r="3" t="96" w="116" /><ent r="3" t="125" w="34" /><ent r="4" t="134" w="115" /><ent r="4" t="134" w="180" /><ent r="4" t="144" w="76" /><ent r="3" t="144" w="142" /><ent r="3" t="149" w="219" /><ent r="3" t="149" w="248" /><ent r="4" t="149" w="587" /><ent r="3" t="149" w="591" /><ent r="3" t="149" w="696" /><ent r="3" t="149" w="714" /><ent r="4" t="149" w="761" /><ent r="3" t="149" w="775" /><ent r="4" t="152" w="151" /><ent r="3" t="152" w="155" /><ent r="3" t="152" w="214" /><ent r="3" t="153" w="121" /><ent r="3" t="153" w="163" /><ent r="4" t="154" w="384" /><ent r="3" t="154" w="388" /><ent r="3" t="154" w="446" /><ent r="4" t="155" w="333" /><ent r="3" t="155" w="337" /><ent r="3" t="155" w="356" /><ent r="4" t="156" w="555" /><ent r="3" t="156" w="559" /><ent r="3" t="156" w="578" /><ent r="4" t="157" w="383" /><ent r="3" t="157" w="387" /><ent r="3" t="157" w="455" /><ent r="4" t="158" w="125" /><ent r="3" t="158" w="129" /><ent r="4" t="164" w="103" /><ent r="3" t="164" w="107" /><ent r="3" t="164" w="158" /><ent r="3" t="164" w="200" /><ent r="4" t="165" w="132" /><ent r="3" t="165" w="136" /><ent r="3" t="176" w="107" /><ent r="3" t="177" w="85" /><ent r="3" t="181" w="105" /><ent r="3" t="182" w="85" /><ent r="3" t="185" w="82" /><ent r="3" t="187" w="172" /><ent r="3" t="195" w="153" /><ent r="4" t="195" w="232" /><ent r="3" t="195" w="243" /><ent r="3" t="196" w="316" /><ent r="4" t="196" w="340" /><ent r="3" t="196" w="349" /><ent r="3" t="198" w="38" /><ent r="3" t="198" w="192" /><ent r="3" t="199" w="41" /><ent r="3" t="199" w="152" /><ent r="3" t="200" w="143" /><ent r="4" t="201" w="317" /><ent r="4" t="201" w="481" /><ent r="3" t="201" w="488" /><ent r="4" t="202" w="489" /><ent r="4" t="202" w="652" /><ent r="3" t="202" w="659" /><ent r="4" t="203" w="607" /><ent r="3" t="203" w="614" /><ent r="3" t="203" w="691" /><ent r="4" t="204" w="185" /><ent r="4" t="204" w="327" /><ent r="3" t="204" w="334" /><ent r="4" t="205" w="354" /><ent r="4" t="205" w="496" /><ent r="3" t="205" w="503" /><ent r="4" t="206" w="365" /><ent r="3" t="206" w="372" /><ent r="3" t="206" w="430" /><ent r="3" t="207" w="136" /><ent r="4" t="207" w="170" /><ent r="3" t="207" w="174" /><ent r="4" t="208" w="164" /><ent r="3" t="208" w="168" /><ent r="3" t="208" w="221" /><ent r="3" t="210" w="120" /><ent r="3" t="210" w="200" /><ent r="3" t="211" w="143" /><ent r="4" t="212" w="456" /><ent r="3" t="212" w="460" /><ent r="3" t="212" w="615" /><ent r="4" t="213" w="480" /><ent r="3" t="213" w="484" /><ent r="3" t="213" w="638" /><ent r="3" t="214" w="177" /><ent r="4" t="214" w="215" /><ent r="3" t="214" w="219" /><ent r="4" t="215" w="200" /><ent r="3" t="215" w="204" /><ent r="3" t="215" w="251" /><ent r="4" t="216" w="206" /><ent r="3" t="216" w="210" /><ent r="4" t="216" w="269" /><ent r="3" t="217" w="119" /><ent r="4" t="217" w="161" /><ent r="3" t="217" w="165" /><ent r="4" t="217" w="222" /><ent r="3" t="217" w="253" /><ent r="3" t="218" w="144" /><ent r="4" t="219" w="241" /><ent r="3" t="219" w="245" /><ent r="4" t="220" w="241" /><ent r="3" t="220" w="245" /><ent r="4" t="221" w="211" /><ent r="3" t="221" w="215" /><ent r="3" t="221" w="268" /><ent r="3" t="222" w="171" /><ent r="3" t="223" w="41" /><ent r="4" t="223" w="283" /><ent r="3" t="223" w="287" /><ent r="3" t="223" w="325" /><ent r="3" t="224" w="35" /><ent r="4" t="224" w="262" /><ent r="3" t="224" w="266" /><ent r="3" t="224" w="321" /><ent r="4" t="225" w="223" /><ent r="3" t="225" w="227" /><ent r="4" t="226" w="240" /><ent r="3" t="226" w="244" /><ent r="4" t="227" w="280" /><ent r="3" t="227" w="284" /><ent r="4" t="228" w="97" /><ent r="3" t="228" w="101" /><ent r="3" t="228" w="134" /><ent r="4" t="231" w="209" /><ent r="3" t="231" w="213" /><ent r="3" t="231" w="232" /><ent r="4" t="232" w="339" /><ent r="3" t="232" w="343" /><ent r="3" t="232" w="362" /><ent r="3" t="232" w="450" /><ent r="3" t="232" w="461" /><ent r="4" t="233" w="235" /><ent r="3" t="233" w="239" /><ent r="3" t="233" w="258" /><ent r="3" t="233" w="360" /><ent r="3" t="233" w="371" /><ent r="4" t="234" w="214" /><ent r="3" t="234" w="218" /><ent r="3" t="234" w="237" /><ent r="3" t="234" w="343" /><ent r="3" t="234" w="354" /><ent r="4" t="235" w="229" /><ent r="3" t="235" w="233" /><ent r="3" t="235" w="252" /><ent r="3" t="235" w="358" /><ent r="3" t="235" w="369" /><ent r="4" t="236" w="199" /><ent r="3" t="236" w="203" /><ent r="3" t="236" w="222" /><ent r="4" t="237" w="195" /><ent r="3" t="237" w="199" /><ent r="4" t="238" w="275" /><ent r="3" t="238" w="279" /><ent r="3" t="240" w="114" /><ent r="4" t="242" w="211" /><ent r="3" t="242" w="218" /><ent r="4" t="243" w="268" /><ent r="3" t="243" w="275" /><ent r="4" t="244" w="530" /><ent r="3" t="244" w="537" /><ent r="4" t="245" w="453" /><ent r="3" t="245" w="460" /><ent r="3" t="250" w="132" /><ent r="4" t="292" w="225" /><ent r="3" t="292" w="229" /><ent r="6" t="310" w="51" /><ent r="6" t="310" w="57" /><ent r="6" t="310" w="370" /><ent r="4" t="316" w="657" /><ent r="4" t="316" w="701" /></phr></stem><stem n="resid"><phr n="reside"><ent r="3" t="4" w="45" /><ent r="3" t="4" w="166" /><ent r="3" t="42" w="27" /></phr><phr n="resides"><ent r="3" t="4" w="68" /><ent r="4" t="6" w="45" /></phr></stem><stem n="within"><phr n="within"><ent r="3" t="4" w="55" /><ent r="3" t="4" w="69" /><ent r="6" t="5" w="251" /><ent r="82" t="33" w="15" /><ent r="4" t="39" w="185" /><ent r="7" t="39" w="531" /><ent r="3" t="40" w="40" /><ent r="3" t="42" w="18" /><ent r="4" t="42" w="614" /><ent r="4" t="42" w="651" /><ent r="4" t="43" w="82" /><ent r="4" t="43" w="162" /><ent r="4" t="43" w="350" /><ent r="5" t="43" w="414" /><ent r="3" t="46" w="38" /><ent r="3" t="58" w="624" /><ent r="3" t="73" w="85" /><ent r="3" t="77" w="17" /><ent r="3" t="87" w="156" /><ent r="4" t="89" w="33" /><ent r="1000" t="91" w="6" /><ent r="72" t="91" w="15" /><ent r="4" t="113" w="201" /><ent r="3" t="123" w="53" /><ent r="3" t="125" w="30" /><ent r="65" t="125" w="38" /><ent r="3" t="125" w="80" /><ent r="3" t="126" w="45" /><ent r="4" t="126" w="163" /><ent r="3" t="127" w="22" /><ent r="3" t="133" w="25" /><ent r="3" t="133" w="82" /><ent r="3" t="133" w="109" /><ent r="54" t="137" w="171" /><ent r="3" t="141" w="14" /><ent r="3" t="142" w="41" /><ent r="3" t="149" w="641" /><ent r="3" t="163" w="242" /><ent r="1000" t="166" w="3" /><ent r="72" t="166" w="8" /><ent r="4" t="166" w="15" /><ent r="3" t="166" w="43" /><ent r="3" t="166" w="53" /><ent r="3" t="166" w="96" /><ent r="3" t="166" w="114" /><ent r="4" t="166" w="128" /><ent r="3" t="166" w="169" /><ent r="4" t="166" w="183" /><ent r="3" t="168" w="74" /><ent r="4" t="169" w="372" /><ent r="3" t="174" w="20" /><ent r="3" t="175" w="20" /><ent r="3" t="176" w="24" /><ent r="3" t="176" w="117" /><ent r="3" t="177" w="24" /><ent r="3" t="178" w="24" /><ent r="3" t="179" w="26" /><ent r="3" t="180" w="24" /><ent r="3" t="181" w="24" /><ent r="3" t="181" w="116" /><ent r="3" t="182" w="24" /><ent r="3" t="183" w="24" /><ent r="3" t="187" w="20" /><ent r="3" t="187" w="186" /><ent r="3" t="193" w="90" /><ent r="3" t="194" w="96" /><ent r="3" t="195" w="105" /><ent r="3" t="195" w="151" /><ent r="3" t="195" w="194" /><ent r="3" t="195" w="206" /><ent r="4" t="196" w="171" /><ent r="3" t="196" w="233" /><ent r="3" t="196" w="274" /><ent r="3" t="196" w="319" /><ent r="3" t="197" w="86" /><ent r="4" t="201" w="204" /><ent r="3" t="201" w="253" /><ent r="4" t="201" w="344" /><ent r="4" t="201" w="402" /><ent r="4" t="201" w="428" /><ent r="4" t="201" w="465" /><ent r="3" t="201" w="651" /><ent r="4" t="202" w="372" /><ent r="3" t="202" w="424" /><ent r="4" t="202" w="516" /><ent r="4" t="202" w="573" /><ent r="4" t="202" w="599" /><ent r="4" t="202" w="636" /><ent r="3" t="203" w="136" /><ent r="3" t="203" w="307" /><ent r="3" t="203" w="390" /><ent r="4" t="203" w="448" /><ent r="4" t="203" w="473" /><ent r="4" t="203" w="505" /><ent r="3" t="203" w="724" /><ent r="4" t="204" w="107" /><ent r="4" t="204" w="226" /><ent r="4" t="204" w="266" /><ent r="4" t="204" w="311" /><ent r="3" t="204" w="464" /><ent r="4" t="205" w="279" /><ent r="4" t="205" w="395" /><ent r="4" t="205" w="435" /><ent r="4" t="205" w="480" /><ent r="3" t="206" w="101" /><ent r="4" t="206" w="242" /><ent r="4" t="206" w="277" /><ent r="3" t="212" w="602" /><ent r="3" t="212" w="611" /><ent r="3" t="213" w="625" /><ent r="3" t="213" w="634" /><ent r="3" t="219" w="369" /><ent r="3" t="220" w="369" /><ent r="4" t="241" w="139" /><ent r="3" t="242" w="89" /><ent r="3" t="242" w="142" /><ent r="4" t="243" w="111" /><ent r="4" t="243" w="156" /><ent r="4" t="243" w="207" /><ent r="4" t="244" w="116" /><ent r="4" t="244" w="168" /><ent r="4" t="244" w="219" /><ent r="4" t="244" w="365" /><ent r="4" t="244" w="455" /><ent r="4" t="245" w="113" /><ent r="4" t="245" w="163" /><ent r="4" t="245" w="309" /><ent r="4" t="245" w="395" /><ent r="3" t="278" w="42" /><ent r="3" t="278" w="81" /><ent r="3" t="278" w="149" /><ent r="6" t="312" w="70" /><ent r="3" t="314" w="24" /><ent r="1000" t="315" w="3" /><ent r="3" t="315" w="17" /><ent r="3" t="315" w="43" /><ent r="3" t="315" w="56" /><ent r="3" t="315" w="65" /><ent r="3" t="315" w="76" /><ent r="4" t="315" w="142" /><ent r="3" t="315" w="166" /><ent r="3" t="316" w="21" /></phr></stem><stem n="access"><phr n="accessed"><ent r="3" t="4" w="62" /></phr><phr n="access"><ent r="6" t="5" w="228" /><ent r="3" t="6" w="226" /><ent r="3" t="14" w="363" /><ent r="3" t="16" w="184" /><ent r="3" t="22" w="75" /><ent r="5" t="27" w="51" /><ent r="4" t="42" w="146" /><ent r="6" t="49" w="127" /><ent r="3" t="72" w="56" /><ent r="3" t="72" w="64" /><ent r="3" t="85" w="53" /><ent r="3" t="96" w="115" /><ent r="3" t="149" w="249" /><ent r="4" t="149" w="605" /><ent r="3" t="149" w="628" /><ent r="4" t="232" w="84" /><ent r="4" t="232" w="96" /><ent r="4" t="232" w="113" /><ent r="4" t="232" w="606" /><ent r="3" t="233" w="312" /><ent r="4" t="233" w="513" /><ent r="4" t="234" w="128" /><ent r="3" t="234" w="137" /><ent r="4" t="235" w="143" /><ent r="3" t="235" w="152" /><ent r="5" t="263" w="180" /><ent r="5" t="263" w="195" /><ent r="6" t="310" w="461" /><ent r="6" t="310" w="746" /><ent r="6" t="310" w="755" /><ent r="6" t="316" w="177" /></phr><phr n="accessible"><ent r="6" t="5" w="258" /><ent r="3" t="14" w="344" /><ent r="3" t="30" w="57" /><ent r="3" t="77" w="52" /><ent r="3" t="146" w="190" /><ent r="3" t="149" w="228" /></phr><phr n="accesses"><ent r="4" t="6" w="42" /></phr><phr n="Accessing"><ent r="4" t="42" w="216" /><ent r="4" t="42" w="246" /><ent r="3" t="183" w="221" /></phr></stem><stem n="space"><phr n="space"><ent r="3" t="4" w="73" /><ent r="3" t="36" w="244" /><ent r="3" t="42" w="84" /><ent r="3" t="58" w="333" /><ent r="3" t="166" w="46" /><ent r="3" t="166" w="100" /><ent r="3" t="166" w="145" /><ent r="3" t="167" w="46" /><ent r="3" t="167" w="100" /><ent r="3" t="167" w="145" /><ent r="3" t="243" w="97" /><ent r="3" t="243" w="142" /><ent r="3" t="243" w="193" /><ent r="3" t="244" w="102" /><ent r="3" t="244" w="154" /><ent r="3" t="244" w="205" /><ent r="3" t="244" w="421" /><ent r="3" t="245" w="99" /><ent r="3" t="245" w="149" /><ent r="3" t="245" w="350" /></phr><phr n="spaces"><ent r="3" t="26" w="441" /></phr></stem><stem n="invok"><phr n="invoked"><ent r="3" t="4" w="78" /><ent r="3" t="35" w="353" /><ent r="4" t="43" w="349" /><ent r="4" t="127" w="301" /><ent r="3" t="155" w="417" /><ent r="3" t="156" w="639" /><ent r="3" t="186" w="53" /><ent r="3" t="239" w="424" /><ent r="3" t="242" w="200" /><ent r="3" t="243" w="257" /><ent r="3" t="244" w="505" /><ent r="3" t="245" w="442" /><ent r="6" t="310" w="90" /></phr><phr n="invoke"><ent r="3" t="24" w="67" /><ent r="7" t="35" w="466" /><ent r="7" t="35" w="506" /><ent r="7" t="35" w="534" /><ent r="7" t="35" w="591" /><ent r="7" t="35" w="637" /><ent r="7" t="35" w="685" /><ent r="3" t="86" w="17" /><ent r="3" t="155" w="74" /></phr><phr n="invoking"><ent r="3" t="35" w="383" /><ent r="7" t="35" w="476" /><ent r="7" t="35" w="561" /><ent r="3" t="193" w="196" /><ent r="3" t="194" w="212" /></phr></stem><stem n="via"><phr n="via"><ent r="3" t="4" w="79" /><ent r="6" t="5" w="115" /><ent r="6" t="5" w="134" /><ent r="58" t="39" w="563" /><ent r="3" t="58" w="905" /><ent r="3" t="80" w="29" /><ent r="3" t="149" w="1124" /><ent r="3" t="163" w="256" /></phr></stem><stem n="built"><phr n="built"><ent r="3" t="4" w="86" /><ent r="3" t="14" w="393" /><ent r="4" t="32" w="30" /><ent r="4" t="42" w="390" /><ent r="4" t="43" w="324" /><ent r="57" t="49" w="212" /><ent r="5" t="49" w="227" /><ent r="3" t="76" w="17" /><ent r="3" t="87" w="258" /><ent r="3" t="94" w="104" /><ent r="4" t="99" w="262" /><ent r="3" t="101" w="315" /><ent r="3" t="123" w="59" /><ent r="3" t="123" w="91" /><ent r="3" t="142" w="180" /><ent r="3" t="149" w="987" /></phr></stem><stem n="load"><phr n="loaded"><ent r="3" t="4" w="88" /><ent r="3" t="15" w="281" /><ent r="3" t="25" w="149" /><ent r="4" t="32" w="66" /><ent r="3" t="35" w="351" /><ent r="3" t="40" w="17" /><ent r="3" t="42" w="71" /><ent r="3" t="50" w="93" /><ent r="3" t="74" w="326" /><ent r="3" t="76" w="34" /><ent r="3" t="77" w="111" /><ent r="3" t="117" w="38" /><ent r="4" t="118" w="42" /><ent r="4" t="118" w="76" /><ent r="4" t="119" w="49" /><ent r="4" t="119" w="82" /><ent r="4" t="120" w="43" /><ent r="4" t="120" w="76" /><ent r="3" t="149" w="552" /><ent r="3" t="150" w="93" /><ent r="3" t="151" w="15" /><ent r="6" t="312" w="328" /></phr><phr n="Load"><ent r="1000" t="15" w="3" /><ent r="72" t="15" w="8" /><ent r="3" t="15" w="38" /><ent r="3" t="15" w="44" /><ent r="3" t="15" w="77" /><ent r="3" t="15" w="142" /><ent r="3" t="15" w="253" /><ent r="3" t="15" w="285" /><ent r="3" t="22" w="48" /><ent r="4" t="32" w="72" /><ent r="5" t="36" w="468" /><ent r="65" t="38" w="52" /><ent r="3" t="46" w="65" /><ent r="3" t="50" w="49" /><ent r="3" t="50" w="124" /><ent r="1000" t="76" w="1" /><ent r="92" t="76" w="7" /><ent r="3" t="76" w="127" /><ent r="3" t="76" w="156" /><ent r="3" t="149" w="718" /><ent r="3" t="149" w="858" /><ent r="3" t="149" w="869" /><ent r="3" t="149" w="1052" /><ent r="3" t="149" w="1141" /><ent r="3" t="149" w="1155" /><ent r="3" t="149" w="1183" /><ent r="3" t="149" w="1211" /><ent r="64" t="150" w="204" /><ent r="3" t="152" w="216" /><ent r="3" t="154" w="448" /><ent r="3" t="155" w="358" /><ent r="3" t="156" w="580" /><ent r="3" t="157" w="457" /><ent r="3" t="228" w="136" /><ent r="3" t="231" w="234" /><ent r="3" t="232" w="364" /><ent r="3" t="233" w="260" /><ent r="3" t="234" w="239" /><ent r="3" t="235" w="254" /><ent r="3" t="236" w="224" /><ent r="64" t="249" w="46" /><ent r="6" t="310" w="339" /></phr><phr n="loading"><ent r="3" t="25" w="130" /><ent r="1000" t="50" w="1" /><ent r="92" t="50" w="6" /><ent r="3" t="50" w="112" /><ent r="3" t="76" w="62" /><ent r="3" t="76" w="101" /><ent r="4" t="77" w="287" /></phr><phr n="loads"><ent r="3" t="35" w="174" /><ent r="3" t="36" w="152" /><ent r="3" t="42" w="78" /><ent r="3" t="50" w="83" /><ent r="5" t="112" w="225" /><ent r="3" t="149" w="9" /></phr></stem><stem n="dll"><phr n="DLL"><ent r="4" t="4" w="93" /><ent r="4" t="15" w="127" /><ent r="3" t="15" w="137" /><ent r="4" t="15" w="193" /><ent r="4" t="15" w="248" /><ent r="4" t="15" w="274" /><ent r="3" t="20" w="176" /><ent r="3" t="20" w="183" /><ent r="3" t="22" w="46" /><ent r="57" t="28" w="41" /><ent r="57" t="28" w="49" /><ent r="57" t="28" w="56" /><ent r="56" t="30" w="98" /><ent r="56" t="30" w="107" /><ent r="58" t="30" w="144" /><ent r="58" t="30" w="204" /><ent r="58" t="30" w="213" /><ent r="7" t="35" w="332" /><ent r="7" t="35" w="345" /><ent r="3" t="36" w="332" /><ent r="3" t="36" w="335" /><ent r="54" t="44" w="36" /><ent r="54" t="44" w="44" /><ent r="54" t="44" w="145" /><ent r="54" t="46" w="10" /><ent r="7" t="49" w="66" /><ent r="57" t="49" w="79" /><ent r="7" t="49" w="146" /><ent r="57" t="49" w="160" /><ent r="6" t="49" w="235" /><ent r="6" t="49" w="255" /><ent r="4" t="50" w="21" /><ent r="4" t="50" w="28" /><ent r="3" t="50" w="75" /><ent r="4" t="50" w="136" /><ent r="4" t="50" w="140" /><ent r="3" t="69" w="25" /><ent r="54" t="76" w="30" /><ent r="54" t="76" w="50" /><ent r="54" t="76" w="186" /><ent r="55" t="99" w="42" /><ent r="56" t="99" w="46" /><ent r="4" t="101" w="229" /><ent r="3" t="149" w="1309" /><ent r="3" t="149" w="1333" /><ent r="7" t="160" w="212" /><ent r="7" t="161" w="346" /><ent r="7" t="162" w="404" /><ent r="3" t="163" w="245" /><ent r="4" t="163" w="249" /><ent r="7" t="163" w="304" /><ent r="6" t="312" w="68" /></phr><phr n="DLLs"><ent r="58" t="39" w="305" /><ent r="1000" t="50" w="4" /><ent r="92" t="50" w="9" /><ent r="3" t="50" w="13" /><ent r="3" t="50" w="52" /><ent r="3" t="50" w="86" /><ent r="3" t="50" w="98" /><ent r="3" t="50" w="115" /><ent r="3" t="50" w="127" /><ent r="3" t="69" w="90" /></phr></stem><stem n=":"><phr n=":"><ent r="4" t="4" w="97" /><ent r="5" t="5" w="27" /><ent r="5" t="5" w="199" /><ent r="3" t="6" w="36" /><ent r="3" t="9" w="34" /><ent r="5" t="11" w="70" /><ent r="5" t="11" w="88" /><ent r="5" t="11" w="107" /><ent r="7" t="11" w="119" /><ent r="7" t="11" w="139" /><ent r="7" t="11" w="162" /><ent r="6" t="11" w="218" /><ent r="5" t="11" w="244" /><ent r="3" t="13" w="59" /><ent r="3" t="14" w="64" /><ent r="3" t="14" w="88" /><ent r="3" t="14" w="137" /><ent r="3" t="14" w="290" /><ent r="3" t="14" w="295" /><ent r="3" t="16" w="77" /><ent r="3" t="16" w="130" /><ent r="3" t="16" w="260" /><ent r="3" t="16" w="315" /><ent r="3" t="17" w="44" /><ent r="3" t="17" w="139" /><ent r="3" t="17" w="208" /><ent r="3" t="17" w="346" /><ent r="3" t="17" w="397" /><ent r="3" t="18" w="57" /><ent r="3" t="18" w="134" /><ent r="3" t="18" w="160" /><ent r="4" t="18" w="193" /><ent r="3" t="19" w="22" /><ent r="3" t="20" w="27" /><ent r="4" t="20" w="34" /><ent r="4" t="20" w="54" /><ent r="4" t="20" w="68" /><ent r="3" t="20" w="71" /><ent r="3" t="20" w="90" /><ent r="4" t="20" w="116" /><ent r="4" t="20" w="125" /><ent r="3" t="20" w="145" /><ent r="3" t="20" w="154" /><ent r="4" t="20" w="201" /><ent r="4" t="20" w="205" /><ent r="4" t="20" w="226" /><ent r="3" t="21" w="30" /><ent r="4" t="21" w="37" /><ent r="3" t="21" w="47" /><ent r="4" t="21" w="60" /><ent r="3" t="21" w="63" /><ent r="3" t="21" w="74" /><ent r="3" t="23" w="34" /><ent r="3" t="24" w="91" /><ent r="3" t="24" w="157" /><ent r="3" t="24" w="159" /><ent r="3" t="24" w="171" /><ent r="4" t="24" w="314" /><ent r="3" t="26" w="22" /><ent r="6" t="26" w="71" /><ent r="6" t="26" w="76" /><ent r="6" t="26" w="138" /><ent r="6" t="26" w="142" /><ent r="6" t="26" w="224" /><ent r="6" t="26" w="231" /><ent r="3" t="26" w="241" /><ent r="5" t="27" w="38" /><ent r="4" t="27" w="194" /><ent r="7" t="27" w="197" /><ent r="7" t="27" w="277" /><ent r="3" t="29" w="108" /><ent r="4" t="30" w="78" /><ent r="5" t="30" w="91" /><ent r="4" t="30" w="117" /><ent r="5" t="30" w="131" /><ent r="3" t="32" w="25" /><ent r="3" t="34" w="38" /><ent r="3" t="34" w="170" /><ent r="4" t="34" w="229" /><ent r="4" t="35" w="226" /><ent r="3" t="35" w="279" /><ent r="5" t="35" w="320" /><ent r="7" t="35" w="322" /><ent r="7" t="35" w="335" /><ent r="3" t="36" w="59" /><ent r="3" t="36" w="164" /><ent r="3" t="36" w="176" /><ent r="4" t="36" w="247" /><ent r="3" t="36" w="275" /><ent r="3" t="36" w="311" /><ent r="3" t="36" w="326" /><ent r="4" t="36" w="344" /><ent r="4" t="36" w="383" /><ent r="4" t="36" w="473" /><ent r="4" t="36" w="491" /><ent r="4" t="36" w="527" /><ent r="3" t="37" w="123" /><ent r="3" t="37" w="138" /><ent r="3" t="38" w="19" /><ent r="3" t="38" w="67" /><ent r="3" t="39" w="124" /><ent r="4" t="39" w="220" /><ent r="7" t="39" w="503" /><ent r="3" t="40" w="64" /><ent r="3" t="40" w="149" /><ent r="3" t="40" w="153" /><ent r="3" t="40" w="176" /><ent r="3" t="40" w="229" /><ent r="4" t="42" w="127" /><ent r="4" t="42" w="245" /><ent r="4" t="42" w="298" /><ent r="4" t="42" w="423" /><ent r="4" t="42" w="506" /><ent r="4" t="42" w="508" /><ent r="4" t="42" w="524" /><ent r="4" t="42" w="526" /><ent r="4" t="42" w="537" /><ent r="4" t="42" w="541" /><ent r="3" t="42" w="682" /><ent r="3" t="42" w="755" /><ent r="3" t="43" w="39" /><ent r="6" t="43" w="530" /><ent r="3" t="44" w="224" /><ent r="3" t="45" w="24" /><ent r="4" t="46" w="82" /><ent r="3" t="48" w="76" /><ent r="3" t="48" w="103" /><ent r="3" t="50" w="132" /><ent r="3" t="51" w="186" /><ent r="3" t="55" w="13" /><ent r="3" t="55" w="70" /><ent r="3" t="56" w="35" /><ent r="3" t="56" w="38" /><ent r="3" t="56" w="95" /><ent r="3" t="56" w="99" /><ent r="3" t="56" w="103" /><ent r="3" t="56" w="145" /><ent r="3" t="56" w="155" /><ent r="3" t="57" w="15" /><ent r="4" t="57" w="40" /><ent r="4" t="58" w="535" /><ent r="1000" t="59" w="2" /><ent r="62" t="59" w="6" /><ent r="3" t="59" w="271" /><ent r="3" t="59" w="331" /><ent r="3" t="59" w="334" /><ent r="3" t="59" w="578" /><ent r="3" t="59" w="829" /><ent r="3" t="60" w="20" /><ent r="1000" t="61" w="2" /><ent r="62" t="61" w="5" /><ent r="1000" t="62" w="2" /><ent r="62" t="62" w="5" /><ent r="3" t="62" w="302" /><ent r="4" t="62" w="544" /><ent r="1000" t="63" w="2" /><ent r="62" t="63" w="5" /><ent r="3" t="64" w="300" /><ent r="4" t="64" w="571" /><ent r="3" t="64" w="656" /><ent r="3" t="67" w="119" /><ent r="3" t="69" w="126" /><ent r="3" t="69" w="324" /><ent r="3" t="71" w="217" /><ent r="3" t="74" w="73" /><ent r="3" t="75" w="31" /><ent r="4" t="75" w="33" /><ent r="4" t="75" w="80" /><ent r="4" t="75" w="195" /><ent r="4" t="75" w="326" /><ent r="4" t="77" w="237" /><ent r="3" t="79" w="34" /><ent r="4" t="79" w="85" /><ent r="3" t="82" w="71" /><ent r="3" t="87" w="126" /><ent r="4" t="87" w="275" /><ent r="3" t="89" w="21" /><ent r="3" t="90" w="29" /><ent r="4" t="90" w="86" /><ent r="4" t="91" w="128" /><ent r="3" t="92" w="38" /><ent r="4" t="93" w="125" /><ent r="3" t="94" w="153" /><ent r="3" t="97" w="140" /><ent r="4" t="97" w="208" /><ent r="4" t="97" w="267" /><ent r="4" t="99" w="29" /><ent r="6" t="99" w="393" /><ent r="4" t="103" w="154" /><ent r="3" t="104" w="114" /><ent r="3" t="109" w="52" /><ent r="4" t="112" w="98" /><ent r="4" t="113" w="140" /><ent r="3" t="114" w="41" /><ent r="3" t="116" w="21" /><ent r="4" t="118" w="28" /><ent r="4" t="119" w="36" /><ent r="4" t="120" w="29" /><ent r="4" t="123" w="175" /><ent r="4" t="126" w="136" /><ent r="4" t="126" w="168" /><ent r="3" t="126" w="186" /><ent r="3" t="127" w="64" /><ent r="3" t="127" w="92" /><ent r="3" t="127" w="238" /><ent r="4" t="127" w="318" /><ent r="3" t="128" w="22" /><ent r="3" t="129" w="59" /><ent r="4" t="129" w="103" /><ent r="3" t="130" w="48" /><ent r="3" t="131" w="42" /><ent r="3" t="132" w="28" /><ent r="3" t="133" w="54" /><ent r="3" t="137" w="85" /><ent r="3" t="143" w="34" /><ent r="3" t="144" w="74" /><ent r="3" t="145" w="100" /><ent r="3" t="161" w="273" /><ent r="3" t="161" w="302" /><ent r="4" t="161" w="349" /><ent r="4" t="162" w="359" /><ent r="4" t="162" w="407" /><ent r="4" t="169" w="345" /><ent r="4" t="173" w="32" /><ent r="4" t="177" w="150" /><ent r="3" t="181" w="108" /><ent r="3" t="183" w="135" /><ent r="4" t="186" w="88" /><ent r="3" t="191" w="321" /><ent r="4" t="192" w="118" /><ent r="4" t="192" w="152" /><ent r="4" t="193" w="41" /><ent r="4" t="194" w="44" /><ent r="3" t="195" w="183" /><ent r="3" t="198" w="231" /><ent r="3" t="201" w="26" /><ent r="4" t="201" w="193" /><ent r="4" t="201" w="310" /><ent r="3" t="201" w="376" /><ent r="3" t="202" w="28" /><ent r="4" t="202" w="361" /><ent r="4" t="202" w="482" /><ent r="3" t="202" w="548" /><ent r="3" t="203" w="27" /><ent r="3" t="203" w="422" /><ent r="4" t="204" w="97" /><ent r="4" t="204" w="178" /><ent r="3" t="204" w="258" /><ent r="4" t="205" w="269" /><ent r="4" t="205" w="347" /><ent r="3" t="205" w="427" /><ent r="3" t="206" w="234" /><ent r="4" t="216" w="236" /><ent r="4" t="217" w="193" /><ent r="4" t="221" w="86" /><ent r="4" t="221" w="162" /><ent r="3" t="221" w="387" /><ent r="4" t="222" w="39" /><ent r="4" t="222" w="113" /><ent r="4" t="223" w="143" /><ent r="3" t="223" w="167" /><ent r="4" t="223" w="185" /><ent r="4" t="223" w="231" /><ent r="4" t="224" w="109" /><ent r="4" t="224" w="129" /><ent r="4" t="224" w="161" /><ent r="4" t="224" w="207" /><ent r="3" t="224" w="440" /><ent r="3" t="224" w="456" /><ent r="3" t="224" w="498" /><ent r="3" t="224" w="556" /><ent r="3" t="224" w="595" /><ent r="3" t="224" w="669" /><ent r="4" t="225" w="107" /><ent r="4" t="225" w="153" /><ent r="3" t="225" w="282" /><ent r="4" t="226" w="116" /><ent r="4" t="226" w="137" /><ent r="4" t="226" w="183" /><ent r="3" t="226" w="388" /><ent r="3" t="226" w="406" /><ent r="4" t="227" w="129" /><ent r="4" t="227" w="149" /><ent r="4" t="227" w="213" /><ent r="3" t="227" w="349" /><ent r="3" t="227" w="389" /><ent r="3" t="227" w="417" /><ent r="3" t="239" w="291" /><ent r="4" t="239" w="300" /><ent r="3" t="244" w="255" /><ent r="3" t="244" w="325" /><ent r="4" t="244" w="334" /><ent r="3" t="245" w="199" /><ent r="3" t="245" w="269" /><ent r="4" t="245" w="278" /><ent r="3" t="246" w="21" /><ent r="3" t="247" w="21" /><ent r="3" t="269" w="131" /><ent r="3" t="269" w="200" /><ent r="3" t="287" w="51" /><ent r="3" t="287" w="57" /><ent r="3" t="287" w="64" /><ent r="3" t="287" w="72" /><ent r="3" t="295" w="257" /><ent r="3" t="295" w="328" /><ent r="4" t="295" w="337" /><ent r="3" t="296" w="92" /><ent r="3" t="296" w="163" /><ent r="3" t="296" w="372" /><ent r="3" t="296" w="443" /><ent r="3" t="303" w="191" /><ent r="3" t="303" w="262" /><ent r="4" t="303" w="271" /><ent r="3" t="304" w="80" /><ent r="3" t="304" w="151" /><ent r="4" t="304" w="160" /><ent r="6" t="310" w="207" /><ent r="3" t="311" w="12" /><ent r="3" t="312" w="25" /><ent r="3" t="313" w="29" /><ent r="3" t="314" w="28" /><ent r="3" t="315" w="86" /><ent r="3" t="315" w="169" /><ent r="6" t="315" w="177" /><ent r="6" t="315" w="229" /><ent r="6" t="315" w="243" /><ent r="6" t="315" w="297" /><ent r="6" t="315" w="360" /><ent r="6" t="315" w="432" /><ent r="4" t="315" w="453" /><ent r="3" t="318" w="24" /><ent r="6" t="320" w="131" /><ent r="6" t="320" w="212" /></phr></stem></index>