<?xml version="1.0" encoding="utf-8"?><index><stem n="extens"><phr n="Extensions"><ent r="102" t="0" w="11" /><ent r="3" t="0" w="26" /><ent r="3" t="3" w="12" /><ent r="3" t="3" w="34" /><ent r="3" t="3" w="59" /><ent r="3" t="3" w="87" /><ent r="4" t="3" w="99" /><ent r="92" t="4" w="10" /><ent r="3" t="4" w="18" /><ent r="3" t="4" w="121" /><ent r="92" t="5" w="10" /><ent r="5" t="5" w="21" /><ent r="6" t="5" w="86" /><ent r="5" t="5" w="192" /><ent r="6" t="5" w="264" /><ent r="3" t="5" w="301" /><ent r="3" t="6" w="14" /><ent r="3" t="6" w="201" /><ent r="3" t="6" w="277" /><ent r="6" t="7" w="24" /><ent r="6" t="7" w="239" /><ent r="6" t="7" w="273" /><ent r="3" t="8" w="12" /><ent r="3" t="9" w="32" /><ent r="65" t="9" w="43" /><ent r="65" t="9" w="54" /><ent r="92" t="10" w="17" /><ent r="3" t="10" w="24" /><ent r="3" t="10" w="44" /><ent r="92" t="13" w="18" /><ent r="3" t="13" w="36" /><ent r="4" t="16" w="236" /><ent r="3" t="18" w="14" /><ent r="3" t="22" w="14" /><ent r="102" t="23" w="12" /><ent r="3" t="23" w="31" /><ent r="3" t="24" w="22" /><ent r="3" t="25" w="16" /><ent r="3" t="34" w="326" /><ent r="3" t="36" w="24" /><ent r="4" t="36" w="489" /><ent r="3" t="37" w="59" /><ent r="65" t="38" w="88" /><ent r="3" t="39" w="88" /><ent r="65" t="39" w="155" /><ent r="7" t="39" w="346" /><ent r="7" t="39" w="432" /><ent r="7" t="39" w="493" /><ent r="7" t="39" w="616" /><ent r="4" t="42" w="309" /><ent r="4" t="42" w="324" /><ent r="4" t="42" w="442" /><ent r="3" t="47" w="29" /><ent r="3" t="49" w="18" /><ent r="3" t="53" w="89" /><ent r="102" t="78" w="10" /><ent r="3" t="78" w="21" /><ent r="3" t="79" w="64" /><ent r="3" t="87" w="71" /><ent r="3" t="87" w="102" /><ent r="3" t="87" w="236" /><ent r="3" t="92" w="11" /><ent r="3" t="92" w="92" /><ent r="3" t="93" w="98" /><ent r="3" t="97" w="134" /><ent r="3" t="99" w="102" /><ent r="3" t="103" w="127" /><ent r="3" t="112" w="34" /><ent r="3" t="112" w="60" /><ent r="3" t="112" w="156" /><ent r="1000" t="114" w="5" /><ent r="3" t="114" w="39" /><ent r="3" t="118" w="24" /><ent r="3" t="123" w="24" /><ent r="3" t="124" w="27" /><ent r="65" t="124" w="52" /><ent r="72" t="125" w="10" /><ent r="3" t="126" w="14" /><ent r="64" t="126" w="130" /><ent r="1000" t="130" w="5" /><ent r="3" t="130" w="18" /><ent r="65" t="130" w="53" /><ent r="65" t="130" w="62" /><ent r="72" t="131" w="11" /><ent r="72" t="132" w="12" /><ent r="3" t="137" w="14" /><ent r="3" t="142" w="102" /><ent r="3" t="143" w="16" /><ent r="3" t="144" w="14" /><ent r="3" t="144" w="57" /><ent r="3" t="145" w="14" /><ent r="3" t="146" w="12" /><ent r="3" t="152" w="268" /></phr><phr n="Extension"><ent r="102" t="9" w="15" /><ent r="3" t="14" w="453" /><ent r="3" t="74" w="311" /><ent r="3" t="202" w="279" /><ent r="3" t="205" w="227" /><ent r="3" t="262" w="30" /><ent r="3" t="269" w="437" /><ent r="3" t="274" w="148" /><ent r="3" t="275" w="150" /><ent r="6" t="314" w="98" /><ent r="6" t="318" w="46" /></phr></stem><stem n="window"><phr n="Windows"><ent r="143" t="0" w="18" /><ent r="4" t="4" w="92" /><ent r="3" t="22" w="27" /><ent r="3" t="26" w="531" /><ent r="3" t="30" w="271" /><ent r="1000" t="32" w="5" /><ent r="1000" t="36" w="6" /><ent r="3" t="36" w="130" /><ent r="55" t="39" w="211" /><ent r="4" t="77" w="239" /><ent r="3" t="82" w="118" /><ent r="64" t="144" w="125" /><ent r="115" t="145" w="51" /><ent r="3" t="149" w="1010" /><ent r="54" t="149" w="1247" /><ent r="3" t="161" w="184" /><ent r="3" t="162" w="181" /><ent r="6" t="310" w="107" /><ent r="65" t="311" w="57" /><ent r="65" t="311" w="64" /><ent r="1000" t="316" w="6" /><ent r="1000" t="317" w="8" /><ent r="1000" t="318" w="7" /><ent r="1000" t="319" w="4" /><ent r="92" t="319" w="9" /><ent r="1000" t="320" w="4" /><ent r="92" t="320" w="9" /></phr><phr n="window"><ent r="3" t="14" w="288" /></phr></stem><stem n="*"><phr n="*"><ent r="92" t="0" w="20" /><ent r="3" t="1" w="329" /><ent r="4" t="4" w="93" /><ent r="3" t="8" w="29" /><ent r="65" t="9" w="37" /><ent r="65" t="9" w="39" /><ent r="65" t="9" w="48" /><ent r="65" t="9" w="50" /><ent r="65" t="9" w="63" /><ent r="65" t="9" w="65" /><ent r="92" t="10" w="11" /><ent r="92" t="10" w="13" /><ent r="3" t="10" w="29" /><ent r="3" t="10" w="31" /><ent r="5" t="11" w="15" /><ent r="5" t="11" w="62" /><ent r="5" t="11" w="64" /><ent r="92" t="13" w="12" /><ent r="92" t="13" w="14" /><ent r="3" t="13" w="24" /><ent r="3" t="13" w="26" /><ent r="4" t="16" w="229" /><ent r="4" t="16" w="231" /><ent r="92" t="19" w="10" /><ent r="92" t="19" w="12" /><ent r="3" t="19" w="46" /><ent r="65" t="20" w="244" /><ent r="3" t="22" w="28" /><ent r="3" t="26" w="509" /><ent r="3" t="26" w="511" /><ent r="3" t="26" w="532" /><ent r="107" t="27" w="137" /><ent r="109" t="27" w="232" /><ent r="109" t="27" w="292" /><ent r="3" t="29" w="131" /><ent r="3" t="30" w="272" /><ent r="82" t="31" w="5" /><ent r="1000" t="32" w="6" /><ent r="3" t="32" w="113" /><ent r="3" t="32" w="115" /><ent r="82" t="33" w="17" /><ent r="3" t="33" w="50" /><ent r="4" t="34" w="41" /><ent r="3" t="34" w="165" /><ent r="3" t="34" w="167" /><ent r="4" t="34" w="191" /><ent r="4" t="34" w="213" /><ent r="4" t="34" w="215" /><ent r="4" t="34" w="259" /><ent r="4" t="34" w="261" /><ent r="3" t="36" w="131" /><ent r="65" t="38" w="82" /><ent r="65" t="38" w="84" /><ent r="55" t="39" w="212" /><ent r="7" t="39" w="383" /><ent r="3" t="42" w="77" /><ent r="3" t="51" w="266" /><ent r="3" t="51" w="318" /><ent r="3" t="51" w="401" /><ent r="3" t="53" w="141" /><ent r="3" t="53" w="147" /><ent r="3" t="59" w="186" /><ent r="3" t="59" w="196" /><ent r="3" t="59" w="206" /><ent r="3" t="59" w="218" /><ent r="3" t="59" w="234" /><ent r="3" t="59" w="243" /><ent r="3" t="59" w="252" /><ent r="3" t="59" w="263" /><ent r="3" t="59" w="301" /><ent r="3" t="60" w="26" /><ent r="3" t="62" w="279" /><ent r="3" t="62" w="311" /><ent r="3" t="62" w="407" /><ent r="3" t="62" w="426" /><ent r="3" t="62" w="434" /><ent r="3" t="62" w="447" /><ent r="3" t="62" w="454" /><ent r="3" t="62" w="469" /><ent r="3" t="62" w="500" /><ent r="3" t="62" w="512" /><ent r="3" t="62" w="519" /><ent r="3" t="62" w="535" /><ent r="3" t="62" w="579" /><ent r="3" t="62" w="605" /><ent r="3" t="62" w="625" /><ent r="3" t="62" w="635" /><ent r="3" t="64" w="197" /><ent r="3" t="64" w="203" /><ent r="3" t="64" w="234" /><ent r="3" t="64" w="245" /><ent r="3" t="64" w="257" /><ent r="3" t="64" w="312" /><ent r="3" t="64" w="336" /><ent r="3" t="64" w="358" /><ent r="3" t="64" w="385" /><ent r="4" t="64" w="511" /><ent r="3" t="64" w="679" /><ent r="3" t="68" w="120" /><ent r="3" t="69" w="247" /><ent r="3" t="69" w="253" /><ent r="3" t="69" w="259" /><ent r="3" t="69" w="269" /><ent r="3" t="69" w="285" /><ent r="3" t="69" w="298" /><ent r="3" t="69" w="346" /><ent r="3" t="69" w="359" /><ent r="3" t="70" w="155" /><ent r="3" t="70" w="161" /><ent r="3" t="70" w="167" /><ent r="3" t="70" w="180" /><ent r="3" t="70" w="199" /><ent r="3" t="70" w="212" /><ent r="3" t="74" w="16" /><ent r="106" t="75" w="97" /><ent r="3" t="76" w="195" /><ent r="4" t="77" w="240" /><ent r="3" t="78" w="43" /><ent r="3" t="78" w="45" /><ent r="4" t="78" w="212" /><ent r="3" t="79" w="80" /><ent r="3" t="87" w="261" /><ent r="3" t="87" w="270" /><ent r="3" t="93" w="83" /><ent r="54" t="93" w="120" /><ent r="3" t="95" w="102" /><ent r="54" t="103" w="149" /><ent r="3" t="112" w="26" /><ent r="3" t="112" w="90" /><ent r="3" t="112" w="145" /><ent r="3" t="113" w="70" /><ent r="3" t="129" w="11" /><ent r="3" t="129" w="27" /><ent r="4" t="129" w="98" /><ent r="3" t="137" w="71" /><ent r="64" t="144" w="126" /><ent r="115" t="145" w="52" /><ent r="3" t="149" w="1011" /><ent r="3" t="151" w="38" /><ent r="3" t="151" w="44" /><ent r="3" t="161" w="185" /><ent r="3" t="162" w="182" /><ent r="3" t="169" w="52" /><ent r="3" t="170" w="34" /><ent r="3" t="174" w="35" /><ent r="3" t="175" w="35" /><ent r="3" t="176" w="40" /><ent r="3" t="176" w="47" /><ent r="3" t="177" w="40" /><ent r="3" t="178" w="40" /><ent r="3" t="179" w="42" /><ent r="3" t="180" w="40" /><ent r="3" t="181" w="40" /><ent r="3" t="181" w="47" /><ent r="3" t="182" w="40" /><ent r="3" t="183" w="40" /><ent r="3" t="183" w="46" /><ent r="3" t="184" w="41" /><ent r="3" t="185" w="41" /><ent r="3" t="191" w="61" /><ent r="3" t="197" w="48" /><ent r="3" t="201" w="81" /><ent r="3" t="201" w="94" /><ent r="3" t="201" w="108" /><ent r="3" t="202" w="118" /><ent r="3" t="202" w="131" /><ent r="3" t="202" w="145" /><ent r="3" t="203" w="84" /><ent r="3" t="203" w="90" /><ent r="3" t="203" w="96" /><ent r="3" t="203" w="103" /><ent r="3" t="203" w="109" /><ent r="3" t="204" w="41" /><ent r="3" t="204" w="56" /><ent r="3" t="205" w="79" /><ent r="3" t="205" w="94" /><ent r="3" t="206" w="61" /><ent r="3" t="206" w="67" /><ent r="3" t="206" w="73" /><ent r="3" t="223" w="172" /><ent r="4" t="224" w="459" /><ent r="4" t="224" w="501" /><ent r="3" t="224" w="559" /><ent r="3" t="224" w="561" /><ent r="3" t="224" w="562" /><ent r="3" t="224" w="598" /><ent r="3" t="224" w="600" /><ent r="3" t="224" w="601" /><ent r="4" t="224" w="611" /><ent r="4" t="224" w="612" /><ent r="4" t="224" w="614" /><ent r="4" t="224" w="615" /><ent r="3" t="232" w="44" /><ent r="3" t="232" w="52" /><ent r="3" t="232" w="57" /><ent r="3" t="233" w="44" /><ent r="3" t="233" w="49" /><ent r="3" t="234" w="52" /><ent r="3" t="235" w="41" /><ent r="3" t="235" w="46" /><ent r="3" t="236" w="39" /><ent r="3" t="236" w="44" /><ent r="3" t="237" w="42" /><ent r="3" t="237" w="54" /><ent r="3" t="238" w="58" /><ent r="3" t="238" w="80" /><ent r="3" t="241" w="46" /><ent r="3" t="242" w="47" /><ent r="3" t="242" w="53" /><ent r="3" t="243" w="57" /><ent r="3" t="243" w="63" /><ent r="3" t="243" w="69" /><ent r="3" t="244" w="47" /><ent r="3" t="244" w="53" /><ent r="3" t="244" w="59" /><ent r="3" t="244" w="66" /><ent r="3" t="244" w="74" /><ent r="3" t="245" w="50" /><ent r="3" t="245" w="56" /><ent r="3" t="245" w="63" /><ent r="3" t="245" w="71" /><ent r="3" t="256" w="22" /><ent r="3" t="277" w="19" /><ent r="3" t="277" w="23" /><ent r="3" t="297" w="48" /><ent r="3" t="298" w="48" /><ent r="3" t="299" w="48" /><ent r="6" t="310" w="108" /><ent r="65" t="311" w="15" /><ent r="65" t="311" w="58" /><ent r="65" t="311" w="65" /><ent r="1000" t="312" w="3" /><ent r="92" t="312" w="10" /><ent r="3" t="312" w="17" /><ent r="6" t="312" w="247" /><ent r="6" t="312" w="248" /><ent r="6" t="313" w="324" /><ent r="6" t="314" w="71" /><ent r="7" t="316" w="383" /><ent r="4" t="316" w="494" /><ent r="92" t="319" w="10" /><ent r="3" t="319" w="23" /><ent r="92" t="320" w="10" /><ent r="3" t="320" w="23" /></phr></stem><stem n="os"><phr n="OS"><ent r="92" t="0" w="20" /><ent r="3" t="22" w="28" /><ent r="3" t="26" w="532" /><ent r="3" t="29" w="128" /><ent r="3" t="30" w="272" /><ent r="1000" t="32" w="6" /><ent r="3" t="36" w="131" /><ent r="7" t="39" w="355" /><ent r="3" t="42" w="77" /><ent r="4" t="77" w="253" /><ent r="4" t="129" w="76" /><ent r="3" t="149" w="1012" /><ent r="54" t="149" w="1248" /><ent r="4" t="161" w="113" /><ent r="4" t="162" w="120" /><ent r="3" t="309" w="47" /><ent r="4" t="309" w="96" /><ent r="6" t="310" w="109" /></phr></stem><stem n="(intel(r)"><phr n="(Intel(R)"><ent r="3" t="0" w="29" /><ent r="3" t="3" w="15" /><ent r="4" t="3" w="102" /><ent r="6" t="5" w="84" /><ent r="3" t="48" w="24" /><ent r="3" t="99" w="105" /></phr></stem><stem n=")"><phr n=")"><ent r="3" t="0" w="30" /><ent r="3" t="1" w="16" /><ent r="3" t="3" w="16" /><ent r="4" t="3" w="103" /><ent r="3" t="4" w="148" /><ent r="6" t="5" w="88" /><ent r="3" t="6" w="130" /><ent r="6" t="7" w="186" /><ent r="7" t="14" w="209" /><ent r="6" t="14" w="224" /><ent r="6" t="30" w="171" /><ent r="6" t="30" w="181" /><ent r="4" t="32" w="91" /><ent r="4" t="34" w="184" /><ent r="5" t="36" w="435" /><ent r="58" t="39" w="362" /><ent r="7" t="39" w="474" /><ent r="4" t="42" w="284" /><ent r="3" t="42" w="726" /><ent r="3" t="42" w="762" /><ent r="4" t="43" w="75" /><ent r="6" t="47" w="83" /><ent r="6" t="47" w="137" /><ent r="3" t="50" w="30" /><ent r="3" t="51" w="53" /><ent r="3" t="51" w="402" /><ent r="3" t="58" w="160" /><ent r="3" t="59" w="75" /><ent r="4" t="59" w="730" /><ent r="5" t="60" w="129" /><ent r="3" t="61" w="35" /><ent r="3" t="62" w="520" /><ent r="3" t="64" w="479" /><ent r="3" t="64" w="513" /><ent r="3" t="66" w="79" /><ent r="6" t="69" w="151" /><ent r="6" t="69" w="164" /><ent r="6" t="69" w="179" /><ent r="3" t="70" w="168" /><ent r="3" t="70" w="181" /><ent r="3" t="70" w="213" /><ent r="3" t="72" w="34" /><ent r="3" t="99" w="106" /><ent r="3" t="99" w="117" /><ent r="4" t="99" w="493" /><ent r="5" t="99" w="556" /><ent r="4" t="101" w="59" /><ent r="3" t="123" w="68" /><ent r="3" t="133" w="19" /><ent r="3" t="133" w="283" /><ent r="3" t="133" w="347" /><ent r="3" t="133" w="367" /><ent r="54" t="133" w="387" /><ent r="3" t="134" w="73" /><ent r="3" t="145" w="27" /><ent r="55" t="149" w="138" /><ent r="3" t="149" w="664" /><ent r="3" t="149" w="1271" /><ent r="3" t="152" w="321" /><ent r="3" t="154" w="550" /><ent r="3" t="154" w="580" /><ent r="3" t="155" w="493" /><ent r="3" t="156" w="742" /><ent r="3" t="169" w="40" /><ent r="3" t="169" w="266" /><ent r="3" t="176" w="184" /><ent r="3" t="181" w="169" /><ent r="3" t="190" w="200" /><ent r="3" t="190" w="211" /><ent r="3" t="191" w="301" /><ent r="3" t="202" w="749" /><ent r="3" t="204" w="405" /><ent r="3" t="205" w="593" /><ent r="3" t="212" w="357" /><ent r="3" t="212" w="526" /><ent r="3" t="212" w="556" /><ent r="3" t="213" w="361" /><ent r="3" t="213" w="372" /><ent r="3" t="213" w="551" /><ent r="3" t="213" w="581" /><ent r="3" t="224" w="383" /><ent r="3" t="226" w="317" /><ent r="3" t="228" w="223" /><ent r="4" t="237" w="67" /><ent r="4" t="238" w="93" /><ent r="4" t="239" w="297" /><ent r="4" t="239" w="323" /><ent r="4" t="244" w="331" /><ent r="4" t="244" w="345" /><ent r="4" t="244" w="352" /><ent r="4" t="245" w="275" /><ent r="4" t="245" w="296" /><ent r="3" t="274" w="45" /><ent r="4" t="277" w="165" /><ent r="4" t="294" w="65" /><ent r="4" t="294" w="85" /><ent r="4" t="295" w="98" /><ent r="4" t="295" w="126" /><ent r="4" t="295" w="142" /><ent r="4" t="295" w="153" /><ent r="4" t="295" w="334" /><ent r="4" t="295" w="355" /><ent r="4" t="296" w="169" /><ent r="4" t="296" w="183" /><ent r="4" t="296" w="190" /><ent r="4" t="296" w="259" /><ent r="4" t="296" w="449" /><ent r="4" t="296" w="463" /><ent r="4" t="302" w="56" /><ent r="4" t="303" w="63" /><ent r="4" t="303" w="268" /><ent r="4" t="303" w="289" /><ent r="4" t="304" w="157" /><ent r="4" t="304" w="178" /><ent r="4" t="306" w="169" /><ent r="4" t="306" w="180" /><ent r="6" t="312" w="211" /><ent r="6" t="315" w="368" /><ent r="6" t="315" w="437" /><ent r="3" t="316" w="519" /></phr></stem><stem n="technolog"><phr n="technology"><ent r="3" t="0" w="33" /><ent r="3" t="3" w="35" /><ent r="3" t="3" w="44" /><ent r="4" t="3" w="103" /><ent r="1000" t="4" w="3" /><ent r="92" t="4" w="11" /><ent r="3" t="4" w="22" /><ent r="3" t="4" w="122" /><ent r="3" t="53" w="124" /></phr><phr n="technologies"><ent r="3" t="1" w="133" /></phr></stem><stem n="applic"><phr n="application"><ent r="3" t="0" w="35" /><ent r="3" t="0" w="66" /><ent r="3" t="3" w="27" /><ent r="1000" t="6" w="1" /><ent r="92" t="6" w="5" /><ent r="3" t="6" w="15" /><ent r="3" t="6" w="25" /><ent r="3" t="6" w="31" /><ent r="4" t="6" w="62" /><ent r="4" t="6" w="70" /><ent r="3" t="6" w="94" /><ent r="3" t="6" w="189" /><ent r="3" t="6" w="205" /><ent r="3" t="6" w="211" /><ent r="4" t="17" w="94" /><ent r="4" t="17" w="123" /><ent r="3" t="17" w="152" /><ent r="3" t="17" w="163" /><ent r="3" t="17" w="202" /><ent r="3" t="17" w="285" /><ent r="3" t="17" w="340" /><ent r="3" t="17" w="395" /><ent r="3" t="17" w="433" /><ent r="3" t="17" w="474" /><ent r="3" t="17" w="492" /><ent r="65" t="19" w="37" /><ent r="1000" t="21" w="6" /><ent r="82" t="21" w="14" /><ent r="3" t="21" w="24" /><ent r="1000" t="22" w="2" /><ent r="92" t="22" w="6" /><ent r="3" t="22" w="20" /><ent r="3" t="22" w="40" /><ent r="3" t="24" w="44" /><ent r="4" t="32" w="61" /><ent r="3" t="32" w="120" /><ent r="4" t="32" w="126" /><ent r="1000" t="33" w="6" /><ent r="82" t="33" w="13" /><ent r="3" t="33" w="31" /><ent r="3" t="33" w="45" /><ent r="3" t="34" w="307" /><ent r="3" t="35" w="21" /><ent r="3" t="35" w="37" /><ent r="3" t="35" w="72" /><ent r="5" t="35" w="308" /><ent r="3" t="35" w="381" /><ent r="3" t="35" w="409" /><ent r="3" t="35" w="430" /><ent r="7" t="35" w="448" /><ent r="7" t="35" w="662" /><ent r="3" t="36" w="128" /><ent r="3" t="36" w="148" /><ent r="3" t="36" w="170" /><ent r="4" t="36" w="246" /><ent r="3" t="36" w="257" /><ent r="3" t="36" w="260" /><ent r="3" t="36" w="279" /><ent r="3" t="36" w="291" /><ent r="65" t="38" w="42" /><ent r="4" t="38" w="101" /><ent r="4" t="38" w="112" /><ent r="4" t="38" w="119" /><ent r="4" t="38" w="157" /><ent r="4" t="38" w="174" /><ent r="3" t="39" w="11" /><ent r="7" t="39" w="534" /><ent r="3" t="40" w="170" /><ent r="3" t="40" w="228" /><ent r="3" t="40" w="314" /><ent r="3" t="42" w="87" /><ent r="3" t="42" w="104" /><ent r="3" t="42" w="113" /><ent r="3" t="42" w="828" /><ent r="5" t="43" w="573" /><ent r="3" t="44" w="10" /><ent r="3" t="44" w="59" /><ent r="3" t="44" w="135" /><ent r="3" t="44" w="191" /><ent r="3" t="44" w="204" /><ent r="3" t="48" w="17" /><ent r="1000" t="49" w="2" /><ent r="82" t="49" w="8" /><ent r="3" t="50" w="42" /><ent r="3" t="50" w="64" /><ent r="3" t="50" w="81" /><ent r="3" t="50" w="110" /><ent r="3" t="50" w="121" /><ent r="3" t="53" w="69" /><ent r="3" t="53" w="93" /><ent r="4" t="58" w="60" /><ent r="4" t="58" w="76" /><ent r="4" t="58" w="115" /><ent r="4" t="58" w="124" /><ent r="3" t="59" w="23" /><ent r="3" t="59" w="64" /><ent r="4" t="59" w="444" /><ent r="4" t="59" w="616" /><ent r="4" t="59" w="665" /><ent r="4" t="59" w="784" /><ent r="6" t="59" w="880" /><ent r="6" t="59" w="904" /><ent r="3" t="62" w="163" /><ent r="3" t="76" w="109" /><ent r="3" t="77" w="94" /><ent r="3" t="77" w="128" /><ent r="3" t="77" w="157" /><ent r="3" t="77" w="191" /><ent r="4" t="77" w="243" /><ent r="3" t="80" w="50" /><ent r="3" t="80" w="121" /><ent r="3" t="81" w="16" /><ent r="4" t="82" w="81" /><ent r="3" t="85" w="17" /><ent r="4" t="90" w="111" /><ent r="3" t="93" w="34" /><ent r="3" t="94" w="67" /><ent r="3" t="95" w="31" /><ent r="4" t="97" w="143" /><ent r="4" t="97" w="154" /><ent r="4" t="97" w="233" /><ent r="4" t="97" w="259" /><ent r="3" t="98" w="77" /><ent r="3" t="98" w="185" /><ent r="3" t="98" w="314" /><ent r="3" t="98" w="355" /><ent r="3" t="99" w="106" /><ent r="5" t="99" w="338" /><ent r="4" t="99" w="427" /><ent r="4" t="99" w="533" /><ent r="4" t="99" w="584" /><ent r="4" t="99" w="645" /><ent r="4" t="99" w="673" /><ent r="3" t="101" w="299" /><ent r="3" t="102" w="98" /><ent r="3" t="104" w="61" /><ent r="3" t="104" w="74" /><ent r="3" t="115" w="18" /><ent r="3" t="118" w="10" /><ent r="3" t="121" w="78" /><ent r="3" t="127" w="41" /><ent r="4" t="133" w="55" /><ent r="4" t="133" w="65" /><ent r="3" t="134" w="14" /><ent r="3" t="134" w="34" /><ent r="3" t="134" w="39" /><ent r="3" t="134" w="54" /><ent r="3" t="141" w="47" /><ent r="3" t="142" w="29" /><ent r="4" t="144" w="164" /><ent r="3" t="149" w="855" /><ent r="3" t="150" w="157" /><ent r="3" t="152" w="21" /><ent r="3" t="152" w="269" /><ent r="3" t="154" w="547" /><ent r="3" t="155" w="36" /><ent r="3" t="155" w="143" /><ent r="3" t="155" w="152" /><ent r="3" t="155" w="185" /><ent r="3" t="155" w="437" /><ent r="3" t="156" w="55" /><ent r="3" t="156" w="66" /><ent r="3" t="156" w="112" /><ent r="3" t="156" w="233" /><ent r="3" t="156" w="268" /><ent r="3" t="156" w="294" /><ent r="3" t="156" w="335" /><ent r="3" t="156" w="361" /><ent r="3" t="156" w="393" /><ent r="4" t="157" w="188" /><ent r="3" t="157" w="482" /><ent r="3" t="158" w="175" /><ent r="3" t="160" w="49" /><ent r="3" t="161" w="266" /><ent r="5" t="161" w="285" /><ent r="5" t="161" w="297" /><ent r="4" t="161" w="363" /><ent r="4" t="161" w="375" /><ent r="3" t="162" w="18" /><ent r="3" t="162" w="37" /><ent r="3" t="162" w="225" /><ent r="3" t="162" w="238" /><ent r="3" t="162" w="263" /><ent r="3" t="162" w="282" /><ent r="3" t="162" w="336" /><ent r="4" t="162" w="421" /><ent r="4" t="162" w="433" /><ent r="3" t="163" w="154" /><ent r="3" t="163" w="168" /><ent r="3" t="163" w="201" /><ent r="3" t="163" w="222" /><ent r="4" t="173" w="50" /><ent r="3" t="201" w="594" /><ent r="3" t="232" w="529" /><ent r="4" t="232" w="601" /><ent r="4" t="232" w="613" /><ent r="3" t="233" w="437" /><ent r="4" t="233" w="508" /><ent r="4" t="233" w="520" /><ent r="3" t="239" w="190" /><ent r="3" t="281" w="172" /><ent r="3" t="294" w="72" /><ent r="3" t="295" w="208" /><ent r="3" t="295" w="213" /><ent r="3" t="296" w="264" /><ent r="3" t="296" w="370" /></phr><phr n="applicable"><ent r="6" t="1" w="306" /><ent r="6" t="26" w="363" /><ent r="6" t="313" w="49" /></phr><phr n="applications"><ent r="3" t="3" w="88" /><ent r="5" t="27" w="168" /><ent r="5" t="27" w="354" /><ent r="3" t="35" w="31" /><ent r="3" t="35" w="57" /><ent r="3" t="35" w="278" /><ent r="4" t="35" w="282" /><ent r="3" t="35" w="373" /><ent r="6" t="49" w="51" /><ent r="6" t="49" w="126" /><ent r="5" t="49" w="240" /><ent r="5" t="49" w="260" /><ent r="4" t="68" w="240" /><ent r="3" t="80" w="43" /><ent r="3" t="92" w="98" /><ent r="4" t="118" w="73" /><ent r="4" t="119" w="79" /><ent r="4" t="120" w="73" /><ent r="3" t="161" w="15" /><ent r="3" t="161" w="33" /><ent r="3" t="161" w="218" /><ent r="3" t="163" w="15" /><ent r="3" t="163" w="28" /><ent r="3" t="163" w="29" /><ent r="3" t="163" w="75" /><ent r="3" t="163" w="111" /><ent r="3" t="163" w="253" /><ent r="4" t="232" w="622" /><ent r="4" t="233" w="529" /><ent r="4" t="269" w="281" /><ent r="6" t="312" w="40" /></phr></stem><stem n="seek"><phr n="seeking"><ent r="3" t="0" w="37" /></phr><phr n="SEEK"><ent r="6" t="316" w="302" /><ent r="6" t="316" w="304" /><ent r="6" t="316" w="306" /></phr></stem><stem n="protect"><phr n="protect"><ent r="3" t="0" w="39" /><ent r="5" t="5" w="23" /><ent r="6" t="5" w="141" /><ent r="5" t="5" w="194" /><ent r="55" t="78" w="187" /><ent r="3" t="101" w="137" /><ent r="3" t="103" w="18" /><ent r="3" t="133" w="127" /><ent r="3" t="133" w="289" /><ent r="3" t="133" w="293" /></phr><phr n="protections"><ent r="3" t="0" w="53" /><ent r="3" t="133" w="15" /><ent r="3" t="149" w="250" /></phr><phr n="protected"><ent r="3" t="0" w="62" /><ent r="3" t="4" w="39" /><ent r="3" t="4" w="47" /><ent r="3" t="4" w="129" /><ent r="6" t="5" w="290" /><ent r="3" t="6" w="143" /><ent r="5" t="23" w="110" /><ent r="4" t="24" w="324" /><ent r="3" t="36" w="40" /><ent r="3" t="36" w="112" /><ent r="3" t="36" w="135" /><ent r="3" t="36" w="209" /><ent r="4" t="42" w="135" /><ent r="4" t="42" w="147" /><ent r="4" t="42" w="217" /><ent r="4" t="42" w="235" /><ent r="4" t="42" w="247" /><ent r="4" t="42" w="265" /><ent r="3" t="74" w="334" /><ent r="3" t="77" w="10" /><ent r="3" t="77" w="113" /><ent r="4" t="77" w="256" /><ent r="3" t="93" w="58" /><ent r="3" t="93" w="72" /><ent r="3" t="93" w="169" /><ent r="3" t="94" w="38" /><ent r="4" t="94" w="414" /><ent r="1000" t="95" w="1" /><ent r="72" t="95" w="5" /><ent r="3" t="96" w="29" /><ent r="1000" t="99" w="4" /><ent r="72" t="99" w="11" /><ent r="3" t="103" w="56" /><ent r="3" t="103" w="84" /><ent r="1000" t="104" w="2" /><ent r="82" t="104" w="6" /><ent r="3" t="104" w="97" /><ent r="4" t="104" w="118" /><ent r="4" t="104" w="130" /><ent r="4" t="104" w="141" /><ent r="4" t="104" w="164" /><ent r="1000" t="106" w="4" /><ent r="4" t="108" w="18" /><ent r="4" t="132" w="41" /><ent r="3" t="149" w="695" /><ent r="4" t="178" w="282" /><ent r="4" t="179" w="200" /><ent r="3" t="206" w="121" /></phr><phr n="protection"><ent r="3" t="4" w="31" /><ent r="6" t="5" w="212" /><ent r="3" t="6" w="168" /><ent r="3" t="6" w="180" /><ent r="6" t="7" w="294" /><ent r="3" t="14" w="364" /><ent r="3" t="46" w="42" /><ent r="3" t="58" w="882" /><ent r="3" t="93" w="67" /><ent r="3" t="130" w="34" /><ent r="3" t="133" w="216" /><ent r="3" t="149" w="1205" /><ent r="3" t="267" w="41" /><ent r="3" t="269" w="406" /><ent r="3" t="276" w="98" /></phr><phr n="protects"><ent r="5" t="27" w="319" /></phr></stem><stem n="select"><phr n="select"><ent r="3" t="0" w="40" /><ent r="5" t="11" w="35" /><ent r="4" t="12" w="21" /><ent r="4" t="12" w="36" /><ent r="5" t="12" w="41" /><ent r="4" t="13" w="90" /><ent r="3" t="14" w="102" /><ent r="3" t="14" w="410" /><ent r="3" t="14" w="468" /><ent r="3" t="16" w="95" /><ent r="3" t="16" w="296" /><ent r="4" t="16" w="353" /><ent r="4" t="16" w="372" /><ent r="3" t="17" w="16" /><ent r="3" t="17" w="165" /><ent r="3" t="17" w="272" /><ent r="3" t="17" w="305" /><ent r="3" t="17" w="324" /><ent r="3" t="19" w="59" /><ent r="4" t="32" w="129" /><ent r="5" t="32" w="144" /><ent r="4" t="32" w="157" /><ent r="4" t="34" w="43" /><ent r="5" t="34" w="73" /><ent r="5" t="34" w="83" /><ent r="4" t="34" w="87" /><ent r="5" t="34" w="109" /><ent r="4" t="34" w="198" /><ent r="5" t="43" w="430" /><ent r="3" t="149" w="525" /><ent r="3" t="202" w="103" /><ent r="3" t="205" w="64" /><ent r="4" t="205" w="216" /><ent r="65" t="247" w="94" /><ent r="1000" t="262" w="3" /><ent r="72" t="262" w="8" /><ent r="3" t="262" w="13" /><ent r="4" t="264" w="16" /><ent r="3" t="264" w="41" /><ent r="3" t="264" w="44" /><ent r="4" t="264" w="61" /><ent r="3" t="264" w="66" /><ent r="3" t="269" w="100" /><ent r="3" t="269" w="426" /><ent r="3" t="274" w="84" /><ent r="3" t="274" w="87" /><ent r="4" t="274" w="134" /><ent r="3" t="274" w="138" /><ent r="3" t="275" w="49" /><ent r="3" t="275" w="52" /><ent r="4" t="275" w="136" /><ent r="3" t="275" w="140" /></phr><phr n="selected"><ent r="8" t="11" w="182" /><ent r="3" t="15" w="218" /><ent r="4" t="17" w="88" /><ent r="3" t="17" w="352" /><ent r="3" t="33" w="28" /><ent r="55" t="75" w="89" /></phr><phr n="selection"><ent r="3" t="14" w="302" /><ent r="3" t="14" w="388" /></phr><phr n="selecting"><ent r="4" t="17" w="46" /><ent r="3" t="195" w="81" /><ent r="3" t="269" w="20" /></phr><phr n="selects"><ent r="58" t="27" w="280" /><ent r="6" t="312" w="61" /></phr><phr n="selective"><ent r="3" t="51" w="209" /></phr></stem></index>