<?xml version="1.0" encoding="utf-8"?><index><stem n="(sgxsdkinstallpath)include\tlibc"><phr n="(SGXSDKInstallPath)include\tlibc"><ent r="4" t="137" w="54" /></phr></stem><stem n="c99"><phr n="C99"><ent r="3" t="137" w="64" /><ent r="54" t="137" w="169" /><ent r="6" t="320" w="54" /></phr></stem><stem n="openbsd"><phr n="OpenBSD"><ent r="3" t="137" w="70" /></phr></stem><stem n="unsaf"><phr n="unsafe"><ent r="4" t="137" w="102" /></phr></stem><stem n="insecur"><phr n="insecure"><ent r="4" t="137" w="104" /><ent r="3" t="221" w="347" /></phr></stem><stem n="heavili"><phr n="heavily"><ent r="4" t="137" w="119" /><ent r="3" t="138" w="25" /></phr></stem><stem n="(normal"><phr n="(normally"><ent r="3" t="138" w="30" /></phr></stem><stem n="1mb"><phr n="1MB"><ent r="3" t="138" w="31" /></phr></stem><stem n="2mb"><phr n="2MB"><ent r="3" t="138" w="33" /></phr></stem><stem n="preload"><phr n="preloaded"><ent r="3" t="138" w="37" /></phr></stem><stem n="especi"><phr n="especially"><ent r="3" t="138" w="64" /></phr></stem><stem n="moreov"><phr n="Moreover"><ent r="3" t="138" w="74" /></phr></stem><stem n="wide"><phr n="wide"><ent r="3" t="138" w="81" /></phr></stem><stem n="inquir"><phr n="inquiring"><ent r="3" t="138" w="84" /></phr></stem><stem n="strcpy"><phr n="strcpy"><ent r="4" t="140" w="10" /><ent r="5" t="315" w="442" /><ent r="6" t="316" w="379" /></phr></stem><stem n="strcat"><phr n="strcat"><ent r="4" t="140" w="14" /><ent r="5" t="315" w="440" /><ent r="6" t="316" w="380" /></phr></stem><stem n="strncpy"><phr n="strncpy"><ent r="4" t="140" w="33" /></phr></stem><stem n="strncat"><phr n="strncat"><ent r="4" t="140" w="37" /></phr></stem><stem n="unus"><phr n="unusable"><ent r="3" t="141" w="32" /><ent r="3" t="141" w="82" /></phr><phr n="unused"><ent r="3" t="176" w="47" /><ent r="4" t="176" w="64" /><ent r="3" t="176" w="67" /><ent r="3" t="181" w="47" /><ent r="3" t="181" w="64" /></phr></stem><stem n="longer"><phr n="longer"><ent r="3" t="141" w="100" /><ent r="3" t="151" w="122" /><ent r="3" t="151" w="141" /><ent r="6" t="310" w="145" /></phr></stem><stem n="usabl"><phr n="usable"><ent r="3" t="141" w="101" /><ent r="3" t="141" w="127" /></phr></stem><stem n="recov"><phr n="recovered"><ent r="3" t="141" w="114" /></phr><phr n="recover"><ent r="3" t="157" w="496" /></phr></stem><stem n="reiniti"><phr n="reinitialize"><ent r="3" t="141" w="121" /></phr></stem><stem n="concurr"><phr n="concurrently"><ent r="3" t="142" w="40" /></phr></stem><stem n="atom"><phr n="atomic"><ent r="3" t="142" w="69" /><ent r="3" t="174" w="85" /><ent r="3" t="257" w="136" /><ent r="3" t="259" w="58" /><ent r="6" t="316" w="268" /></phr><phr n="atomically"><ent r="3" t="183" w="201" /></phr></stem><stem n="isa"><phr n="ISA"><ent r="3" t="142" w="76" /></phr></stem><stem n="_tstdc.edl"><phr n="_tstdc.edl"><ent r="4" t="142" w="165" /><ent r="6" t="176" w="241" /><ent r="6" t="177" w="191" /><ent r="6" t="179" w="217" /><ent r="6" t="181" w="209" /><ent r="6" t="182" w="190" /><ent r="6" t="183" w="410" /><ent r="6" t="184" w="197" /><ent r="6" t="185" w="143" /><ent r="6" t="186" w="110" /><ent r="6" t="187" w="268" /><ent r="6" t="188" w="155" /><ent r="6" t="189" w="130" /><ent r="6" t="190" w="225" /><ent r="6" t="191" w="334" /><ent r="6" t="192" w="210" /><ent r="6" t="193" w="338" /><ent r="6" t="194" w="354" /></phr></stem><stem n="_thread_mutex_init"><phr n="_thread_mutex_init"><ent r="66" t="142" w="231" /><ent r="1000" t="176" w="4" /><ent r="72" t="176" w="9" /><ent r="4" t="176" w="16" /><ent r="4" t="176" w="124" /><ent r="4" t="176" w="146" /><ent r="4" t="176" w="181" /></phr></stem><stem n="_thread_mutex_destroi"><phr n="_thread_mutex_destroy"><ent r="66" t="142" w="237" /><ent r="1000" t="177" w="4" /><ent r="72" t="177" w="9" /><ent r="4" t="177" w="16" /><ent r="4" t="177" w="110" /></phr></stem><stem n="_thread_mutex_lock"><phr n="_thread_mutex_lock"><ent r="66" t="142" w="243" /><ent r="1000" t="178" w="4" /><ent r="72" t="178" w="9" /><ent r="4" t="178" w="16" /><ent r="4" t="180" w="182" /></phr></stem><stem n="_thread_wait_untrusted_event_ocal"><phr n="_thread_wait_untrusted_event_ocall"><ent r="6" t="142" w="250" /><ent r="6" t="142" w="296" /><ent r="6" t="142" w="347" /><ent r="6" t="142" w="380" /><ent r="6" t="142" w="398" /><ent r="6" t="142" w="418" /><ent r="6" t="142" w="432" /><ent r="6" t="142" w="452" /><ent r="6" t="142" w="466" /></phr></stem><stem n="_thread_mutex_trylock"><phr n="_thread_mutex_trylock"><ent r="66" t="142" w="255" /><ent r="1000" t="179" w="4" /><ent r="72" t="179" w="9" /><ent r="4" t="179" w="16" /></phr></stem><stem n="trylock"><phr n="trylock"><ent r="66" t="142" w="255" /><ent r="1000" t="179" w="4" /><ent r="72" t="179" w="9" /><ent r="4" t="179" w="16" /><ent r="3" t="179" w="36" /></phr></stem><stem n="_thread_mutex_unlock"><phr n="_thread_mutex_unlock"><ent r="66" t="142" w="261" /><ent r="1000" t="180" w="4" /><ent r="72" t="180" w="9" /><ent r="4" t="180" w="16" /></phr></stem><stem n="unlock"><phr n="unlock"><ent r="66" t="142" w="261" /><ent r="1000" t="175" w="3" /><ent r="72" t="175" w="7" /><ent r="4" t="175" w="13" /><ent r="3" t="175" w="30" /><ent r="4" t="175" w="73" /><ent r="3" t="176" w="163" /><ent r="1000" t="180" w="4" /><ent r="72" t="180" w="9" /><ent r="4" t="180" w="16" /><ent r="3" t="180" w="34" /></phr><phr n="unlocking"><ent r="4" t="177" w="153" /></phr><phr n="unlocks"><ent r="3" t="180" w="19" /></phr><phr n="unlocked"><ent r="3" t="180" w="55" /><ent r="3" t="180" w="65" /><ent r="3" t="183" w="74" /></phr></stem><stem n="_thread_set_untrusted_event_ocal"><phr n="_thread_set_untrusted_event_ocall"><ent r="6" t="142" w="268" /><ent r="6" t="142" w="315" /><ent r="6" t="142" w="354" /><ent r="6" t="142" w="361" /><ent r="6" t="142" w="387" /><ent r="6" t="142" w="405" /><ent r="6" t="142" w="425" /><ent r="6" t="142" w="459" /></phr></stem><stem n="cond"><phr n="cond"><ent r="66" t="142" w="276" /><ent r="66" t="142" w="282" /><ent r="66" t="142" w="288" /><ent r="66" t="142" w="307" /><ent r="66" t="142" w="319" /><ent r="1000" t="181" w="3" /><ent r="72" t="181" w="8" /><ent r="4" t="181" w="15" /><ent r="3" t="181" w="33" /><ent r="3" t="181" w="38" /><ent r="3" t="181" w="40" /><ent r="4" t="181" w="53" /><ent r="4" t="181" w="165" /><ent r="4" t="181" w="196" /><ent r="1000" t="182" w="3" /><ent r="72" t="182" w="8" /><ent r="4" t="182" w="15" /><ent r="3" t="182" w="33" /><ent r="3" t="182" w="38" /><ent r="3" t="182" w="40" /><ent r="4" t="182" w="46" /><ent r="1000" t="183" w="3" /><ent r="72" t="183" w="8" /><ent r="4" t="183" w="15" /><ent r="3" t="183" w="33" /><ent r="3" t="183" w="38" /><ent r="3" t="183" w="40" /><ent r="4" t="183" w="52" /><ent r="4" t="183" w="395" /><ent r="1000" t="184" w="3" /><ent r="72" t="184" w="8" /><ent r="4" t="184" w="15" /><ent r="3" t="184" w="34" /><ent r="3" t="184" w="39" /><ent r="3" t="184" w="41" /><ent r="4" t="184" w="47" /><ent r="1000" t="185" w="3" /><ent r="72" t="185" w="8" /><ent r="4" t="185" w="15" /><ent r="3" t="185" w="34" /><ent r="3" t="185" w="39" /><ent r="3" t="185" w="41" /><ent r="4" t="185" w="47" /><ent r="65" t="247" w="77" /><ent r="1000" t="259" w="3" /><ent r="72" t="259" w="8" /><ent r="3" t="259" w="25" /><ent r="3" t="259" w="43" /><ent r="3" t="260" w="24" /></phr></stem><stem n="_thread_cond_init"><phr n="_thread_cond_init"><ent r="66" t="142" w="277" /><ent r="1000" t="181" w="4" /><ent r="72" t="181" w="9" /><ent r="4" t="181" w="16" /><ent r="4" t="181" w="166" /></phr></stem><stem n="_thread_cond_destroi"><phr n="_thread_cond_destroy"><ent r="66" t="142" w="283" /><ent r="1000" t="182" w="4" /><ent r="72" t="182" w="9" /><ent r="4" t="182" w="16" /></phr></stem><stem n="_thread_cond_wait"><phr n="_thread_cond_wait"><ent r="66" t="142" w="289" /><ent r="1000" t="183" w="4" /><ent r="72" t="183" w="9" /><ent r="4" t="183" w="16" /><ent r="4" t="183" w="396" /></phr></stem><stem n="setwait"><phr n="setwait"><ent r="6" t="142" w="300" /><ent r="6" t="142" w="436" /><ent r="6" t="142" w="470" /></phr></stem><stem n="_thread_setwait_untrusted_events_ocal"><phr n="_thread_setwait_untrusted_events_ocall"><ent r="6" t="142" w="303" /><ent r="6" t="142" w="439" /><ent r="6" t="142" w="473" /></phr></stem><stem n="_thread_cond_sign"><phr n="_thread_cond_signal"><ent r="66" t="142" w="308" /><ent r="1000" t="184" w="4" /><ent r="72" t="184" w="9" /><ent r="4" t="184" w="16" /></phr></stem><stem n="signal"><phr n="signal"><ent r="66" t="142" w="308" /><ent r="3" t="173" w="21" /><ent r="3" t="181" w="146" /><ent r="3" t="183" w="184" /><ent r="1000" t="184" w="4" /><ent r="72" t="184" w="9" /><ent r="4" t="184" w="16" /><ent r="3" t="184" w="35" /><ent r="3" t="184" w="81" /><ent r="3" t="185" w="90" /><ent r="6" t="316" w="262" /><ent r="6" t="316" w="283" /></phr><phr n="signaling"><ent r="3" t="182" w="137" /></phr><phr n="signaled"><ent r="3" t="183" w="98" /><ent r="3" t="183" w="315" /><ent r="3" t="184" w="56" /><ent r="3" t="184" w="67" /><ent r="3" t="187" w="46" /><ent r="4" t="187" w="99" /><ent r="3" t="187" w="125" /><ent r="3" t="187" w="139" /><ent r="3" t="187" w="219" /><ent r="3" t="188" w="22" /><ent r="3" t="188" w="66" /><ent r="3" t="188" w="103" /><ent r="3" t="188" w="122" /><ent r="3" t="189" w="34" /><ent r="3" t="189" w="107" /><ent r="3" t="190" w="30" /><ent r="3" t="190" w="105" /><ent r="3" t="190" w="123" /><ent r="3" t="190" w="137" /><ent r="3" t="190" w="160" /><ent r="3" t="190" w="192" /><ent r="3" t="190" w="208" /><ent r="3" t="191" w="34" /><ent r="3" t="191" w="142" /><ent r="3" t="191" w="158" /><ent r="3" t="191" w="207" /><ent r="3" t="191" w="226" /><ent r="3" t="191" w="261" /><ent r="3" t="191" w="293" /><ent r="3" t="191" w="311" /></phr><phr n="signals"><ent r="3" t="188" w="87" /><ent r="3" t="192" w="105" /></phr></stem><stem n="_thread_cond_broadcast"><phr n="_thread_cond_broadcast"><ent r="66" t="142" w="320" /><ent r="1000" t="185" w="4" /><ent r="72" t="185" w="9" /><ent r="4" t="185" w="16" /></phr></stem><stem n="broadcast"><phr n="broadcast"><ent r="66" t="142" w="320" /><ent r="3" t="181" w="148" /><ent r="1000" t="185" w="4" /><ent r="72" t="185" w="9" /><ent r="4" t="185" w="16" /><ent r="3" t="185" w="35" /><ent r="3" t="185" w="88" /><ent r="3" t="185" w="105" /></phr><phr n="broadcasted"><ent r="3" t="183" w="317" /><ent r="3" t="185" w="56" /><ent r="3" t="185" w="68" /></phr></stem><stem n="_thread_set_multiple_untrusted_events_ocal"><phr n="_thread_set_multiple_untrusted_events_ocall"><ent r="6" t="142" w="328" /><ent r="6" t="142" w="369" /></phr></stem><stem n="_create_ev"><phr n="_create_event"><ent r="67" t="142" w="335" /><ent r="1000" t="187" w="3" /><ent r="72" t="187" w="7" /><ent r="4" t="187" w="13" /><ent r="4" t="187" w="192" /><ent r="4" t="187" w="214" /></phr></stem><stem n="_set_ev"><phr n="_set_event"><ent r="67" t="142" w="340" /><ent r="1000" t="188" w="3" /><ent r="72" t="188" w="7" /><ent r="4" t="188" w="13" /><ent r="4" t="188" w="84" /></phr></stem><stem n="_reset_ev"><phr n="_reset_event"><ent r="67" t="142" w="373" /><ent r="4" t="188" w="132" /><ent r="1000" t="189" w="3" /><ent r="72" t="189" w="7" /><ent r="4" t="189" w="24" /><ent r="4" t="189" w="96" /></phr></stem><stem n="_destroy_ev"><phr n="_destroy_event"><ent r="67" t="142" w="391" /><ent r="1000" t="192" w="3" /><ent r="72" t="192" w="7" /><ent r="4" t="192" w="13" /><ent r="4" t="192" w="88" /><ent r="5" t="192" w="123" /><ent r="6" t="192" w="157" /><ent r="6" t="192" w="181" /></phr></stem><stem n="_wait_for_single_object"><phr n="_wait_for_single_object"><ent r="67" t="142" w="411" /><ent r="4" t="187" w="231" /><ent r="1000" t="190" w="5" /><ent r="72" t="190" w="11" /><ent r="4" t="190" w="19" /><ent r="4" t="190" w="181" /></phr></stem><stem n="_wait_for_multiple_object"><phr n="_wait_for_multiple_objects"><ent r="67" t="142" w="445" /><ent r="4" t="187" w="239" /><ent r="1000" t="191" w="5" /><ent r="72" t="191" w="11" /><ent r="4" t="191" w="19" /><ent r="4" t="191" w="129" /><ent r="4" t="191" w="282" /></phr></stem><stem n="_thread_self"><phr n="_thread_self"><ent r="67" t="142" w="480" /><ent r="1000" t="186" w="3" /><ent r="72" t="186" w="7" /><ent r="4" t="186" w="13" /></phr></stem><stem n="self"><phr n="self"><ent r="67" t="142" w="480" /><ent r="1000" t="186" w="3" /><ent r="72" t="186" w="7" /><ent r="4" t="186" w="13" /><ent r="3" t="186" w="29" /><ent r="6" t="312" w="256" /></phr></stem><stem n="_cpuidex"><phr n="_cpuidex"><ent r="65" t="143" w="39" /><ent r="3" t="193" w="198" /><ent r="1000" t="194" w="2" /><ent r="72" t="194" w="5" /><ent r="4" t="194" w="10" /><ent r="3" t="194" w="214" /><ent r="5" t="315" w="489" /></phr></stem><stem n="iso"><phr n="ISO"><ent r="3" t="144" w="40" /></phr></stem><stem n="/iec"><phr n="/IEC"><ent r="3" t="144" w="41" /></phr></stem><stem n="iec"><phr n="IEC"><ent r="3" t="144" w="41" /></phr></stem><stem n="14882"><phr n="14882"><ent r="3" t="144" w="42" /></phr></stem><stem n=":2003"><phr n=":2003"><ent r="3" t="144" w="43" /></phr></stem><stem n="2003"><phr n="2003"><ent r="3" t="144" w="43" /></phr></stem><stem n="chosen"><phr n="chosen"><ent r="3" t="144" w="47" /></phr></stem><stem n="baselin"><phr n="baseline"><ent r="3" t="144" w="50" /></phr></stem><stem n="fulli"><phr n="fully"><ent r="3" t="144" w="67" /><ent r="3" t="176" w="169" /><ent r="3" t="181" w="154" /><ent r="3" t="187" w="254" /></phr></stem><stem n="/delete;"><phr n="/delete;"><ent r="4" t="144" w="81" /></phr></stem><stem n="(usual"><phr n="(usually"><ent r="4" t="144" w="86" /></phr></stem><stem n="construct"><phr n="construction"><ent r="4" t="144" w="90" /></phr></stem><stem n="-time"><phr n="-time"><ent r="4" t="144" w="95" /><ent r="4" t="144" w="95" /><ent r="6" t="312" w="62" /><ent r="6" t="312" w="62" /><ent r="6" t="312" w="222" /><ent r="6" t="312" w="222" /><ent r="6" t="314" w="54" /><ent r="6" t="314" w="54" /><ent r="4" t="316" w="576" /><ent r="4" t="316" w="576" /></phr></stem><stem n="run-tim"><phr n="Run-time"><ent r="4" t="144" w="95" /><ent r="6" t="312" w="62" /><ent r="6" t="312" w="207" /><ent r="6" t="312" w="222" /><ent r="6" t="314" w="54" /><ent r="4" t="316" w="576" /></phr></stem><stem n="rtti"><phr n="RTTI"><ent r="4" t="144" w="99" /></phr></stem><stem n="(rtti);"><phr n="(RTTI);"><ent r="4" t="144" w="100" /></phr></stem><stem n="c++11"><phr n="C++11"><ent r="3" t="144" w="113" /><ent r="64" t="144" w="122" /><ent r="54" t="145" w="41" /><ent r="115" t="145" w="48" /><ent r="54" t="145" w="65" /><ent r="65" t="311" w="61" /><ent r="1000" t="320" w="1" /><ent r="92" t="320" w="6" /><ent r="3" t="320" w="15" /><ent r="6" t="320" w="41" /><ent r="3" t="320" w="178" /><ent r="4" t="320" w="194" /><ent r="6" t="320" w="203" /></phr></stem><stem n="destructor"><phr n="destructors"><ent r="3" t="144" w="132" /></phr></stem><stem n="‘c’"><phr n="‘C’"><ent r="4" t="144" w="213" /><ent r="3" t="316" w="506" /><ent r="3" t="316" w="514" /></phr></stem><stem n="constructor"><phr n="constructor"><ent r="4" t="144" w="218" /><ent r="3" t="149" w="1326" /></phr><phr n="constructors"><ent r="6" t="320" w="77" /><ent r="6" t="320" w="216" /></phr></stem><stem n="(includ"><phr n="(including"><ent r="3" t="145" w="25" /></phr></stem><stem n="conform"><phr n="conforms"><ent r="3" t="145" w="28" /></phr></stem><stem n="c++03"><phr n="C++03"><ent r="3" t="145" w="31" /><ent r="65" t="311" w="42" /><ent r="92" t="317" w="11" /><ent r="3" t="317" w="22" /><ent r="3" t="317" w="50" /></phr></stem><stem n="&lt;iostream&gt;"><phr n="&lt;iostream&gt;"><ent r="5" t="145" w="109" /></phr></stem><stem n="furthermor"><phr n="Furthermore"><ent r="3" t="145" w="126" /></phr></stem><stem n="cryptographi"><phr n="Cryptography"><ent r="82" t="146" w="4" /><ent r="3" t="146" w="17" /><ent r="4" t="146" w="214" /><ent r="3" t="203" w="622" /><ent r="3" t="206" w="380" /><ent r="3" t="207" w="234" /><ent r="3" t="208" w="106" /><ent r="3" t="208" w="191" /><ent r="3" t="208" w="239" /><ent r="3" t="209" w="149" /><ent r="3" t="209" w="205" /><ent r="3" t="210" w="79" /><ent r="3" t="210" w="170" /><ent r="3" t="211" w="67" /><ent r="3" t="212" w="33" /><ent r="3" t="212" w="474" /><ent r="3" t="213" w="33" /><ent r="3" t="213" w="498" /><ent r="3" t="214" w="234" /><ent r="3" t="215" w="141" /><ent r="3" t="215" w="218" /><ent r="3" t="215" w="269" /><ent r="3" t="216" w="151" /><ent r="3" t="216" w="224" /><ent r="3" t="217" w="77" /><ent r="3" t="217" w="188" /><ent r="3" t="218" w="69" /><ent r="3" t="219" w="38" /><ent r="3" t="219" w="259" /><ent r="3" t="220" w="38" /><ent r="3" t="220" w="259" /><ent r="4" t="221" w="175" /><ent r="3" t="221" w="239" /><ent r="3" t="221" w="286" /><ent r="3" t="221" w="333" /><ent r="4" t="222" w="126" /><ent r="4" t="223" w="244" /><ent r="3" t="223" w="308" /><ent r="4" t="224" w="220" /><ent r="3" t="224" w="287" /><ent r="3" t="224" w="353" /><ent r="4" t="225" w="166" /><ent r="3" t="225" w="241" /><ent r="4" t="226" w="196" /><ent r="3" t="226" w="265" /><ent r="4" t="227" w="226" /><ent r="3" t="227" w="304" /></phr></stem><stem n="_tcrypto"><phr n="_tcrypto"><ent r="4" t="146" w="22" /></phr></stem><stem n="somewhat"><phr n="somewhat"><ent r="3" t="146" w="54" /></phr></stem><stem n="_sha256_msg"><phr n="_sha256_msg"><ent r="65" t="146" w="59" /><ent r="1000" t="207" w="3" /><ent r="72" t="207" w="7" /><ent r="4" t="207" w="13" /><ent r="4" t="207" w="199" /><ent r="4" t="208" w="57" /><ent r="4" t="209" w="248" /></phr></stem><stem n="msg"><phr n="msg"><ent r="65" t="146" w="59" /><ent r="65" t="146" w="89" /><ent r="1000" t="207" w="3" /><ent r="72" t="207" w="7" /><ent r="4" t="207" w="13" /><ent r="3" t="207" w="34" /><ent r="4" t="207" w="199" /><ent r="4" t="208" w="57" /><ent r="4" t="209" w="248" /><ent r="1000" t="214" w="4" /><ent r="72" t="214" w="9" /><ent r="4" t="214" w="16" /><ent r="3" t="214" w="39" /><ent r="4" t="214" w="245" /><ent r="4" t="215" w="58" /><ent r="4" t="216" w="307" /></phr></stem><stem n="_sha256_init"><phr n="_sha256_init"><ent r="65" t="146" w="63" /><ent r="1000" t="208" w="3" /><ent r="72" t="208" w="7" /><ent r="4" t="208" w="11" /><ent r="4" t="208" w="202" /><ent r="3" t="209" w="266" /><ent r="4" t="211" w="28" /></phr></stem><stem n="_sha256_upd"><phr n="_sha256_update"><ent r="65" t="146" w="67" /><ent r="1000" t="209" w="3" /><ent r="72" t="209" w="7" /><ent r="4" t="209" w="11" /><ent r="4" t="210" w="33" /><ent r="4" t="210" w="197" /><ent r="4" t="210" w="222" /></phr></stem><stem n="_sha256_get_hash"><phr n="_sha256_get_hash"><ent r="65" t="146" w="72" /><ent r="4" t="209" w="295" /><ent r="1000" t="210" w="4" /><ent r="72" t="210" w="9" /><ent r="4" t="210" w="14" /></phr></stem><stem n="_sha256_clos"><phr n="_sha256_close"><ent r="65" t="146" w="76" /><ent r="4" t="208" w="271" /><ent r="1000" t="211" w="3" /><ent r="72" t="211" w="7" /><ent r="4" t="211" w="11" /><ent r="4" t="211" w="122" /></phr></stem><stem n="rijndael128gcm"><phr n="rijndael128GCM"><ent r="65" t="146" w="79" /><ent r="65" t="146" w="83" /><ent r="1000" t="212" w="2" /><ent r="72" t="212" w="6" /><ent r="4" t="212" w="10" /><ent r="3" t="212" w="42" /><ent r="1000" t="213" w="2" /><ent r="72" t="213" w="6" /><ent r="4" t="213" w="10" /><ent r="3" t="213" w="42" /><ent r="4" t="213" w="380" /></phr></stem><stem n="_rijndael128gcm_encrypt"><phr n="_rijndael128GCM_encrypt"><ent r="65" t="146" w="80" /><ent r="1000" t="212" w="3" /><ent r="72" t="212" w="7" /><ent r="4" t="212" w="11" /><ent r="4" t="213" w="381" /></phr></stem><stem n="_rijndael128gcm_decrypt"><phr n="_rijndael128GCM_decrypt"><ent r="65" t="146" w="84" /><ent r="1000" t="213" w="3" /><ent r="72" t="213" w="7" /><ent r="4" t="213" w="11" /></phr></stem><stem n="rijndael128"><phr n="rijndael128"><ent r="65" t="146" w="87" /><ent r="1000" t="214" w="2" /><ent r="72" t="214" w="7" /><ent r="4" t="214" w="14" /><ent r="3" t="214" w="37" /><ent r="4" t="214" w="243" /><ent r="4" t="215" w="56" /><ent r="4" t="216" w="305" /></phr></stem><stem n="_rijndael128_cmac_msg"><phr n="_rijndael128_cmac_msg"><ent r="65" t="146" w="89" /><ent r="1000" t="214" w="4" /><ent r="72" t="214" w="9" /><ent r="4" t="214" w="16" /><ent r="4" t="214" w="245" /><ent r="4" t="215" w="58" /></phr></stem><stem n="cmac128"><phr n="cmac128"><ent r="65" t="146" w="92" /><ent r="65" t="146" w="96" /><ent r="65" t="146" w="100" /><ent r="65" t="146" w="104" /><ent r="1000" t="215" w="2" /><ent r="72" t="215" w="6" /><ent r="4" t="215" w="10" /><ent r="3" t="215" w="75" /><ent r="4" t="215" w="229" /><ent r="3" t="215" w="300" /><ent r="1000" t="216" w="2" /><ent r="72" t="216" w="6" /><ent r="4" t="216" w="10" /><ent r="3" t="216" w="58" /><ent r="5" t="216" w="259" /><ent r="4" t="216" w="306" /><ent r="4" t="216" w="325" /><ent r="4" t="216" w="354" /><ent r="1000" t="217" w="2" /><ent r="72" t="217" w="6" /><ent r="4" t="217" w="10" /><ent r="3" t="217" w="30" /><ent r="3" t="217" w="39" /><ent r="4" t="217" w="213" /><ent r="4" t="217" w="249" /><ent r="4" t="217" w="274" /><ent r="1000" t="218" w="2" /><ent r="72" t="218" w="6" /><ent r="4" t="218" w="10" /><ent r="4" t="218" w="29" /><ent r="3" t="218" w="39" /><ent r="4" t="218" w="122" /></phr></stem><stem n="_cmac128_init"><phr n="_cmac128_init"><ent r="65" t="146" w="93" /><ent r="1000" t="215" w="3" /><ent r="72" t="215" w="7" /><ent r="4" t="215" w="11" /><ent r="4" t="215" w="230" /><ent r="4" t="216" w="326" /><ent r="4" t="218" w="30" /></phr></stem><stem n="_cmac128_upd"><phr n="_cmac128_update"><ent r="65" t="146" w="97" /><ent r="1000" t="216" w="3" /><ent r="72" t="216" w="7" /><ent r="4" t="216" w="11" /><ent r="4" t="217" w="250" /><ent r="4" t="217" w="275" /></phr></stem><stem n="_cmac128_fin"><phr n="_cmac128_final"><ent r="65" t="146" w="101" /><ent r="4" t="216" w="355" /><ent r="1000" t="217" w="3" /><ent r="72" t="217" w="7" /><ent r="4" t="217" w="11" /></phr></stem><stem n="_cmac128_clos"><phr n="_cmac128_close"><ent r="65" t="146" w="105" /><ent r="3" t="215" w="301" /><ent r="5" t="216" w="260" /><ent r="4" t="217" w="214" /><ent r="1000" t="218" w="3" /><ent r="72" t="218" w="7" /><ent r="4" t="218" w="11" /><ent r="4" t="218" w="123" /></phr></stem><stem n="ctr"><phr n="ctr"><ent r="65" t="146" w="109" /><ent r="65" t="146" w="114" /><ent r="1000" t="219" w="3" /><ent r="72" t="219" w="8" /><ent r="4" t="219" w="13" /><ent r="3" t="219" w="20" /><ent r="3" t="219" w="48" /><ent r="3" t="219" w="54" /><ent r="3" t="219" w="76" /><ent r="3" t="219" w="81" /><ent r="3" t="219" w="108" /><ent r="4" t="219" w="152" /><ent r="3" t="219" w="167" /><ent r="4" t="219" w="170" /><ent r="3" t="219" w="281" /><ent r="1000" t="220" w="3" /><ent r="72" t="220" w="8" /><ent r="4" t="220" w="13" /><ent r="3" t="220" w="20" /><ent r="3" t="220" w="48" /><ent r="3" t="220" w="76" /><ent r="3" t="220" w="81" /><ent r="3" t="220" w="108" /><ent r="4" t="220" w="152" /><ent r="3" t="220" w="167" /><ent r="4" t="220" w="170" /><ent r="3" t="220" w="281" /></phr></stem><stem n="_aes_ctr_encrypt"><phr n="_aes_ctr_encrypt"><ent r="65" t="146" w="110" /><ent r="1000" t="219" w="4" /><ent r="72" t="219" w="9" /><ent r="4" t="219" w="14" /></phr></stem><stem n="_aes_ctr_decrypt"><phr n="_aes_ctr_decrypt"><ent r="65" t="146" w="115" /><ent r="1000" t="220" w="4" /><ent r="72" t="220" w="9" /><ent r="4" t="220" w="14" /></phr></stem><stem n="ecc256"><phr n="ecc256"><ent r="65" t="146" w="118" /><ent r="65" t="146" w="123" /><ent r="65" t="146" w="128" /><ent r="65" t="146" w="134" /><ent r="65" t="146" w="140" /><ent r="1000" t="221" w="2" /><ent r="72" t="221" w="7" /><ent r="4" t="221" w="12" /><ent r="4" t="221" w="44" /><ent r="4" t="221" w="52" /><ent r="4" t="221" w="70" /><ent r="3" t="221" w="104" /><ent r="3" t="221" w="185" /><ent r="4" t="221" w="246" /><ent r="1000" t="222" w="2" /><ent r="72" t="222" w="7" /><ent r="4" t="222" w="12" /><ent r="4" t="222" w="33" /><ent r="3" t="222" w="57" /><ent r="4" t="222" w="160" /><ent r="1000" t="223" w="2" /><ent r="72" t="223" w="8" /><ent r="4" t="223" w="14" /><ent r="4" t="223" w="50" /><ent r="3" t="223" w="76" /><ent r="4" t="223" w="456" /><ent r="1000" t="224" w="2" /><ent r="72" t="224" w="8" /><ent r="4" t="224" w="14" /><ent r="3" t="224" w="53" /><ent r="4" t="224" w="671" /><ent r="1000" t="225" w="2" /><ent r="72" t="225" w="7" /><ent r="4" t="225" w="12" /><ent r="4" t="225" w="36" /><ent r="3" t="225" w="62" /><ent r="4" t="225" w="249" /><ent r="4" t="226" w="390" /><ent r="4" t="226" w="408" /><ent r="4" t="227" w="419" /></phr></stem><stem n="_ecc256_open_context"><phr n="_ecc256_open_context"><ent r="65" t="146" w="120" /><ent r="1000" t="221" w="4" /><ent r="72" t="221" w="9" /><ent r="4" t="221" w="14" /><ent r="4" t="221" w="248" /><ent r="4" t="222" w="35" /><ent r="4" t="223" w="52" /><ent r="4" t="223" w="458" /><ent r="4" t="224" w="673" /><ent r="4" t="225" w="38" /><ent r="4" t="226" w="410" /><ent r="4" t="227" w="421" /></phr></stem><stem n="_ecc256_close_context"><phr n="_ecc256_close_context"><ent r="65" t="146" w="125" /><ent r="4" t="221" w="72" /><ent r="1000" t="222" w="4" /><ent r="72" t="222" w="9" /><ent r="4" t="222" w="14" /><ent r="4" t="222" w="162" /></phr></stem><stem n="_ecc256_create_key_pair"><phr n="_ecc256_create_key_pair"><ent r="65" t="146" w="131" /><ent r="4" t="221" w="47" /><ent r="1000" t="223" w="5" /><ent r="72" t="223" w="11" /><ent r="4" t="223" w="17" /><ent r="4" t="226" w="393" /></phr></stem><stem n="_ecc256_compute_shared_dhkei"><phr n="_ecc256_compute_shared_dhkey"><ent r="65" t="146" w="137" /><ent r="4" t="221" w="55" /><ent r="1000" t="224" w="5" /><ent r="72" t="224" w="11" /><ent r="4" t="224" w="17" /></phr></stem><stem n="dhkei"><phr n="dhkey"><ent r="65" t="146" w="137" /><ent r="4" t="221" w="55" /><ent r="1000" t="224" w="5" /><ent r="72" t="224" w="11" /><ent r="4" t="224" w="17" /><ent r="3" t="224" w="56" /></phr></stem><stem n="_ecc256_check_point"><phr n="_ecc256_check_point"><ent r="65" t="146" w="142" /><ent r="1000" t="225" w="4" /><ent r="72" t="225" w="9" /><ent r="4" t="225" w="14" /><ent r="4" t="225" w="251" /></phr></stem><stem n="_ecdsa_sign"><phr n="_ecdsa_sign"><ent r="65" t="146" w="146" /><ent r="1000" t="226" w="3" /><ent r="72" t="226" w="7" /><ent r="4" t="226" w="11" /><ent r="4" t="227" w="352" /></phr></stem><stem n="_ecdsa_verifi"><phr n="_ecdsa_verify"><ent r="65" t="146" w="150" /><ent r="1000" t="227" w="3" /><ent r="72" t="227" w="7" /><ent r="4" t="227" w="11" /></phr></stem><stem n="ipp"><phr n="IPP"><ent r="3" t="146" w="167" /><ent r="3" t="146" w="174" /><ent r="3" t="146" w="193" /></phr></stem><stem n="(ipp)"><phr n="(IPP)"><ent r="3" t="146" w="168" /></phr></stem><stem n="_ra_clos"><phr n="_ra_close"><ent r="65" t="147" w="52" /><ent r="4" t="156" w="88" /><ent r="1000" t="240" w="3" /><ent r="72" t="240" w="7" /><ent r="4" t="240" w="14" /></phr></stem><stem n="_create_enclavea"><phr n="_create_enclavea"><ent r="4" t="149" w="36" /></phr></stem></index>