<?xml version="1.0" encoding="utf-8"?><index><stem n="support"><phr n="supported"><ent r="6" t="5" w="176" /><ent r="3" t="8" w="48" /><ent r="4" t="20" w="233" /><ent r="1000" t="22" w="1" /><ent r="92" t="22" w="5" /><ent r="3" t="39" w="57" /><ent r="4" t="39" w="217" /><ent r="6" t="39" w="278" /><ent r="7" t="39" w="413" /><ent r="7" t="39" w="418" /><ent r="7" t="39" w="452" /><ent r="7" t="39" w="463" /><ent r="7" t="39" w="478" /><ent r="7" t="39" w="522" /><ent r="4" t="43" w="94" /><ent r="3" t="53" w="182" /><ent r="3" t="66" w="93" /><ent r="3" t="66" w="100" /><ent r="3" t="67" w="37" /><ent r="3" t="67" w="142" /><ent r="3" t="67" w="158" /><ent r="4" t="97" w="225" /><ent r="5" t="99" w="379" /><ent r="5" t="99" w="385" /><ent r="3" t="120" w="23" /><ent r="3" t="125" w="79" /><ent r="3" t="126" w="41" /><ent r="3" t="126" w="122" /><ent r="4" t="126" w="142" /><ent r="4" t="137" w="151" /><ent r="3" t="138" w="90" /><ent r="3" t="139" w="23" /><ent r="3" t="140" w="18" /><ent r="3" t="141" w="13" /><ent r="3" t="144" w="68" /><ent r="4" t="144" w="85" /><ent r="3" t="144" w="117" /><ent r="3" t="144" w="135" /><ent r="4" t="144" w="157" /><ent r="54" t="145" w="45" /><ent r="3" t="145" w="96" /><ent r="4" t="151" w="112" /><ent r="3" t="151" w="123" /><ent r="3" t="151" w="142" /><ent r="4" t="162" w="206" /><ent r="3" t="163" w="290" /><ent r="3" t="168" w="173" /><ent r="4" t="169" w="351" /><ent r="3" t="190" w="90" /><ent r="3" t="191" w="191" /><ent r="3" t="193" w="37" /><ent r="3" t="194" w="40" /><ent r="3" t="207" w="78" /><ent r="3" t="207" w="108" /><ent r="3" t="207" w="222" /><ent r="3" t="207" w="230" /><ent r="3" t="207" w="279" /><ent r="3" t="209" w="102" /><ent r="3" t="209" w="132" /><ent r="3" t="212" w="26" /><ent r="3" t="213" w="26" /><ent r="3" t="214" w="118" /><ent r="3" t="214" w="148" /><ent r="3" t="214" w="268" /><ent r="3" t="214" w="311" /><ent r="3" t="216" w="104" /><ent r="3" t="216" w="134" /><ent r="3" t="219" w="31" /><ent r="3" t="220" w="31" /><ent r="4" t="221" w="96" /><ent r="4" t="222" w="49" /><ent r="3" t="228" w="65" /><ent r="3" t="229" w="70" /><ent r="3" t="231" w="175" /><ent r="3" t="232" w="305" /><ent r="3" t="233" w="201" /><ent r="3" t="234" w="180" /><ent r="3" t="235" w="195" /><ent r="3" t="236" w="165" /><ent r="3" t="250" w="22" /><ent r="6" t="310" w="135" /><ent r="6" t="310" w="146" /><ent r="6" t="310" w="579" /><ent r="6" t="310" w="813" /><ent r="3" t="312" w="21" /><ent r="6" t="312" w="100" /><ent r="6" t="312" w="108" /><ent r="5" t="312" w="119" /><ent r="6" t="312" w="146" /><ent r="6" t="312" w="302" /><ent r="3" t="313" w="25" /><ent r="6" t="313" w="141" /><ent r="6" t="313" w="230" /><ent r="6" t="313" w="247" /><ent r="6" t="313" w="330" /><ent r="6" t="313" w="340" /><ent r="6" t="313" w="351" /><ent r="3" t="314" w="23" /><ent r="6" t="314" w="115" /><ent r="3" t="315" w="75" /><ent r="6" t="315" w="176" /><ent r="6" t="315" w="228" /><ent r="6" t="315" w="242" /><ent r="6" t="315" w="296" /><ent r="6" t="315" w="359" /><ent r="6" t="315" w="431" /><ent r="4" t="315" w="473" /><ent r="6" t="317" w="60" /><ent r="3" t="318" w="20" /><ent r="3" t="319" w="18" /><ent r="3" t="319" w="60" /><ent r="3" t="320" w="18" /></phr><phr n="Support"><ent r="1000" t="12" w="5" /><ent r="82" t="12" w="12" /><ent r="7" t="39" w="511" /><ent r="4" t="42" w="342" /><ent r="4" t="43" w="198" /><ent r="4" t="43" w="291" /><ent r="4" t="43" w="365" /><ent r="6" t="47" w="130" /><ent r="5" t="49" w="164" /><ent r="3" t="59" w="21" /><ent r="3" t="59" w="81" /><ent r="3" t="66" w="35" /><ent r="3" t="67" w="194" /><ent r="3" t="80" w="18" /><ent r="3" t="85" w="130" /><ent r="4" t="99" w="196" /><ent r="3" t="102" w="142" /><ent r="3" t="127" w="201" /><ent r="1000" t="144" w="3" /><ent r="82" t="144" w="7" /><ent r="3" t="144" w="22" /><ent r="64" t="144" w="123" /><ent r="115" t="145" w="49" /><ent r="54" t="145" w="66" /><ent r="3" t="159" w="160" /><ent r="3" t="161" w="120" /><ent r="3" t="162" w="127" /><ent r="3" t="162" w="214" /><ent r="4" t="221" w="169" /><ent r="4" t="222" w="120" /><ent r="4" t="223" w="238" /><ent r="4" t="224" w="214" /><ent r="4" t="225" w="160" /><ent r="4" t="226" w="190" /><ent r="4" t="227" w="220" /><ent r="3" t="309" w="108" /><ent r="6" t="310" w="820" /><ent r="65" t="311" w="55" /><ent r="65" t="311" w="62" /><ent r="6" t="312" w="293" /><ent r="6" t="314" w="84" /><ent r="3" t="316" w="474" /><ent r="3" t="316" w="488" /><ent r="1000" t="319" w="2" /><ent r="92" t="319" w="7" /><ent r="1000" t="320" w="2" /><ent r="92" t="320" w="7" /><ent r="3" t="320" w="187" /></phr><phr n="Supports"><ent r="4" t="17" w="66" /><ent r="3" t="22" w="16" /><ent r="3" t="27" w="14" /><ent r="5" t="27" w="42" /><ent r="3" t="30" w="277" /><ent r="3" t="34" w="378" /><ent r="3" t="35" w="38" /><ent r="3" t="55" w="8" /><ent r="3" t="55" w="49" /><ent r="3" t="65" w="16" /><ent r="3" t="67" w="10" /><ent r="3" t="68" w="10" /><ent r="3" t="102" w="60" /><ent r="3" t="142" w="105" /><ent r="3" t="142" w="206" /><ent r="3" t="163" w="209" /><ent r="3" t="163" w="270" /><ent r="3" t="169" w="170" /><ent r="3" t="170" w="99" /><ent r="3" t="209" w="24" /><ent r="3" t="216" w="26" /><ent r="3" t="316" w="520" /><ent r="3" t="320" w="176" /></phr></stem><stem n="except"><phr n="exception"><ent r="6" t="5" w="178" /><ent r="7" t="39" w="628" /><ent r="68" t="39" w="641" /><ent r="3" t="42" w="122" /><ent r="4" t="42" w="179" /><ent r="4" t="42" w="205" /><ent r="4" t="42" w="579" /><ent r="6" t="85" w="205" /><ent r="65" t="124" w="57" /><ent r="1000" t="126" w="2" /><ent r="72" t="126" w="6" /><ent r="3" t="126" w="26" /><ent r="3" t="126" w="50" /><ent r="3" t="126" w="61" /><ent r="3" t="126" w="69" /><ent r="3" t="126" w="87" /><ent r="4" t="126" w="96" /><ent r="4" t="126" w="107" /><ent r="3" t="126" w="115" /><ent r="4" t="126" w="138" /><ent r="4" t="126" w="148" /><ent r="4" t="126" w="175" /><ent r="3" t="126" w="180" /><ent r="65" t="126" w="189" /><ent r="65" t="126" w="194" /><ent r="1000" t="127" w="2" /><ent r="62" t="127" w="9" /><ent r="3" t="127" w="177" /><ent r="3" t="127" w="182" /><ent r="3" t="127" w="197" /><ent r="3" t="127" w="235" /><ent r="4" t="127" w="293" /><ent r="4" t="127" w="298" /><ent r="4" t="127" w="304" /><ent r="4" t="127" w="311" /><ent r="6" t="127" w="345" /><ent r="3" t="141" w="59" /><ent r="4" t="144" w="102" /><ent r="1000" t="169" w="3" /><ent r="72" t="169" w="8" /><ent r="4" t="169" w="13" /><ent r="3" t="169" w="21" /><ent r="3" t="169" w="54" /><ent r="3" t="169" w="63" /><ent r="3" t="169" w="66" /><ent r="4" t="169" w="117" /><ent r="3" t="169" w="122" /><ent r="3" t="169" w="136" /><ent r="3" t="169" w="151" /><ent r="3" t="169" w="157" /><ent r="3" t="169" w="175" /><ent r="3" t="169" w="209" /><ent r="3" t="169" w="216" /><ent r="3" t="169" w="227" /><ent r="64" t="169" w="232" /><ent r="4" t="169" w="243" /><ent r="3" t="169" w="251" /><ent r="4" t="169" w="280" /><ent r="3" t="169" w="286" /><ent r="3" t="169" w="297" /><ent r="3" t="169" w="311" /><ent r="3" t="169" w="339" /><ent r="4" t="169" w="347" /><ent r="4" t="169" w="357" /><ent r="6" t="169" w="382" /><ent r="1000" t="170" w="3" /><ent r="72" t="170" w="8" /><ent r="4" t="170" w="13" /><ent r="3" t="170" w="22" /><ent r="3" t="170" w="30" /><ent r="3" t="170" w="48" /><ent r="4" t="170" w="57" /><ent r="3" t="170" w="70" /><ent r="3" t="170" w="79" /><ent r="3" t="170" w="104" /><ent r="64" t="170" w="126" /><ent r="4" t="170" w="137" /><ent r="3" t="170" w="145" /><ent r="6" t="170" w="158" /><ent r="3" t="173" w="8" /><ent r="3" t="173" w="29" /><ent r="65" t="247" w="33" /><ent r="65" t="247" w="38" /><ent r="65" t="247" w="48" /><ent r="65" t="247" w="53" /><ent r="1000" t="250" w="2" /><ent r="72" t="250" w="7" /><ent r="4" t="250" w="14" /><ent r="3" t="250" w="23" /><ent r="3" t="250" w="27" /><ent r="3" t="250" w="32" /><ent r="4" t="250" w="37" /><ent r="3" t="250" w="42" /><ent r="4" t="250" w="47" /><ent r="3" t="250" w="56" /><ent r="3" t="250" w="62" /><ent r="3" t="250" w="72" /><ent r="3" t="250" w="82" /><ent r="3" t="250" w="91" /><ent r="3" t="250" w="99" /><ent r="3" t="250" w="110" /><ent r="3" t="250" w="124" /><ent r="3" t="250" w="135" /><ent r="3" t="250" w="147" /><ent r="6" t="250" w="158" /><ent r="1000" t="251" w="2" /><ent r="72" t="251" w="7" /><ent r="4" t="251" w="14" /><ent r="3" t="251" w="24" /><ent r="3" t="251" w="28" /><ent r="3" t="251" w="34" /><ent r="4" t="251" w="39" /><ent r="3" t="251" w="44" /><ent r="4" t="251" w="49" /><ent r="3" t="251" w="58" /><ent r="3" t="251" w="64" /><ent r="3" t="251" w="69" /><ent r="3" t="251" w="74" /><ent r="6" t="251" w="85" /><ent r="3" t="252" w="25" /><ent r="3" t="252" w="41" /><ent r="6" t="252" w="270" /><ent r="1000" t="253" w="2" /><ent r="72" t="253" w="7" /><ent r="3" t="253" w="18" /><ent r="3" t="253" w="25" /><ent r="3" t="253" w="34" /><ent r="3" t="253" w="40" /><ent r="3" t="253" w="53" /><ent r="3" t="253" w="56" /><ent r="3" t="253" w="60" /><ent r="3" t="253" w="63" /><ent r="3" t="253" w="67" /><ent r="3" t="253" w="87" /><ent r="4" t="253" w="90" /><ent r="3" t="253" w="96" /><ent r="3" t="253" w="106" /><ent r="4" t="253" w="108" /><ent r="3" t="253" w="112" /><ent r="4" t="253" w="116" /><ent r="3" t="253" w="123" /><ent r="4" t="253" w="126" /><ent r="3" t="253" w="133" /><ent r="6" t="253" w="141" /><ent r="1000" t="254" w="2" /><ent r="72" t="254" w="7" /><ent r="3" t="254" w="18" /><ent r="3" t="254" w="26" /><ent r="3" t="254" w="30" /><ent r="4" t="254" w="45" /><ent r="3" t="254" w="53" /><ent r="4" t="254" w="59" /><ent r="3" t="254" w="65" /><ent r="3" t="254" w="71" /><ent r="3" t="254" w="79" /><ent r="4" t="254" w="85" /><ent r="3" t="254" w="91" /><ent r="3" t="254" w="95" /><ent r="6" t="254" w="113" /><ent r="6" t="310" w="245" /><ent r="6" t="312" w="84" /><ent r="6" t="318" w="37" /></phr><phr n="exceptions"><ent r="3" t="20" w="26" /><ent r="7" t="39" w="594" /><ent r="7" t="39" w="607" /><ent r="7" t="39" w="637" /><ent r="4" t="42" w="646" /><ent r="3" t="126" w="35" /><ent r="3" t="126" w="43" /><ent r="3" t="126" w="123" /><ent r="4" t="126" w="157" /><ent r="3" t="169" w="191" /><ent r="4" t="169" w="366" /><ent r="3" t="170" w="122" /><ent r="6" t="312" w="95" /><ent r="6" t="312" w="98" /></phr><phr n="exceptional"><ent r="3" t="42" w="14" /></phr><phr n="except"><ent r="3" t="56" w="25" /><ent r="55" t="75" w="46" /><ent r="6" t="316" w="161" /><ent r="6" t="318" w="41" /></phr></stem><stem n="rais"><phr n="raised"><ent r="6" t="5" w="180" /></phr><phr n="raise"><ent r="3" t="42" w="120" /><ent r="6" t="316" w="284" /><ent r="6" t="318" w="108" /></phr></stem><stem n="encrypt"><phr n="encrypted"><ent r="6" t="5" w="204" /><ent r="6" t="5" w="230" /><ent r="3" t="29" w="96" /><ent r="3" t="87" w="163" /><ent r="3" t="87" w="210" /><ent r="3" t="96" w="209" /><ent r="3" t="133" w="233" /><ent r="3" t="133" w="248" /><ent r="3" t="133" w="257" /><ent r="3" t="133" w="370" /><ent r="54" t="133" w="390" /><ent r="54" t="133" w="403" /><ent r="3" t="198" w="101" /><ent r="3" t="198" w="123" /><ent r="3" t="198" w="231" /><ent r="3" t="200" w="116" /><ent r="3" t="201" w="32" /><ent r="3" t="201" w="43" /><ent r="3" t="201" w="60" /><ent r="4" t="201" w="199" /><ent r="3" t="201" w="227" /><ent r="3" t="201" w="246" /><ent r="3" t="201" w="571" /><ent r="3" t="201" w="583" /><ent r="3" t="202" w="34" /><ent r="3" t="202" w="45" /><ent r="3" t="202" w="62" /><ent r="4" t="202" w="367" /><ent r="3" t="202" w="395" /><ent r="3" t="202" w="414" /><ent r="3" t="203" w="50" /><ent r="4" t="204" w="102" /><ent r="3" t="204" w="408" /><ent r="4" t="205" w="274" /><ent r="3" t="212" w="145" /><ent r="3" t="212" w="170" /><ent r="3" t="212" w="208" /><ent r="3" t="212" w="301" /><ent r="3" t="212" w="356" /><ent r="3" t="212" w="559" /><ent r="3" t="212" w="627" /><ent r="3" t="213" w="304" /><ent r="3" t="213" w="360" /><ent r="3" t="213" w="584" /><ent r="3" t="219" w="133" /><ent r="3" t="219" w="149" /><ent r="3" t="219" w="196" /><ent r="3" t="277" w="80" /><ent r="3" t="277" w="138" /><ent r="3" t="277" w="152" /></phr><phr n="encryption"><ent r="6" t="5" w="208" /><ent r="6" t="5" w="235" /><ent r="6" t="47" w="126" /><ent r="3" t="77" w="12" /><ent r="3" t="96" w="160" /><ent r="3" t="123" w="41" /><ent r="4" t="129" w="88" /><ent r="3" t="133" w="281" /><ent r="3" t="212" w="18" /><ent r="3" t="212" w="121" /><ent r="3" t="212" w="510" /><ent r="3" t="213" w="374" /><ent r="3" t="213" w="535" /><ent r="3" t="219" w="21" /><ent r="3" t="219" w="109" /><ent r="3" t="219" w="303" /><ent r="3" t="219" w="326" /><ent r="3" t="220" w="303" /><ent r="3" t="221" w="500" /><ent r="3" t="221" w="517" /><ent r="4" t="269" w="302" /></phr><phr n="encrypt"><ent r="55" t="78" w="184" /><ent r="3" t="96" w="36" /><ent r="3" t="96" w="57" /><ent r="3" t="96" w="152" /><ent r="3" t="103" w="15" /><ent r="3" t="132" w="114" /><ent r="65" t="132" w="140" /><ent r="3" t="133" w="168" /><ent r="4" t="133" w="185" /><ent r="3" t="133" w="286" /><ent r="5" t="134" w="152" /><ent r="65" t="146" w="80" /><ent r="65" t="146" w="110" /><ent r="3" t="198" w="73" /><ent r="4" t="198" w="112" /><ent r="1000" t="200" w="3" /><ent r="72" t="200" w="9" /><ent r="4" t="200" w="17" /><ent r="3" t="200" w="62" /><ent r="3" t="201" w="16" /><ent r="3" t="201" w="531" /><ent r="3" t="202" w="18" /><ent r="4" t="203" w="284" /><ent r="4" t="203" w="368" /><ent r="4" t="203" w="711" /><ent r="5" t="204" w="208" /><ent r="5" t="205" w="377" /><ent r="1000" t="212" w="3" /><ent r="72" t="212" w="7" /><ent r="4" t="212" w="11" /><ent r="3" t="212" w="43" /><ent r="4" t="213" w="381" /><ent r="1000" t="219" w="4" /><ent r="72" t="219" w="9" /><ent r="4" t="219" w="14" /><ent r="3" t="219" w="49" /><ent r="3" t="221" w="456" /></phr><phr n="encrypting"><ent r="3" t="213" w="296" /></phr><phr n="encrypts"><ent r="3" t="219" w="269" /></phr></stem><stem n="-standard"><phr n="-standard"><ent r="6" t="5" w="206" /><ent r="6" t="5" w="206" /><ent r="3" t="5" w="304" /><ent r="3" t="5" w="304" /></phr></stem><stem n="industri"><phr n="industry"><ent r="6" t="5" w="206" /><ent r="3" t="5" w="304" /></phr></stem><stem n="industry-standard"><phr n="industry-standard"><ent r="6" t="5" w="206" /><ent r="3" t="5" w="304" /></phr></stem><stem n="replai"><phr n="replay"><ent r="6" t="5" w="211" /><ent r="3" t="93" w="66" /><ent r="3" t="101" w="151" /><ent r="3" t="101" w="212" /><ent r="3" t="101" w="247" /><ent r="3" t="101" w="274" /><ent r="3" t="101" w="354" /><ent r="3" t="103" w="55" /><ent r="3" t="103" w="83" /><ent r="1000" t="104" w="1" /><ent r="82" t="104" w="5" /><ent r="3" t="104" w="96" /><ent r="4" t="104" w="117" /><ent r="4" t="104" w="140" /><ent r="4" t="104" w="163" /><ent r="1000" t="106" w="3" /><ent r="4" t="108" w="17" /></phr><phr n="replayed"><ent r="3" t="101" w="47" /></phr></stem><stem n="tap"><phr n="Tapping"><ent r="6" t="5" w="214" /></phr></stem><stem n="connect"><phr n="connecting"><ent r="6" t="5" w="218" /><ent r="3" t="152" w="195" /><ent r="3" t="154" w="427" /><ent r="3" t="155" w="401" /><ent r="3" t="156" w="623" /><ent r="3" t="157" w="436" /><ent r="3" t="159" w="130" /><ent r="3" t="228" w="115" /><ent r="3" t="231" w="197" /><ent r="3" t="232" w="327" /><ent r="3" t="233" w="223" /><ent r="3" t="234" w="202" /><ent r="3" t="235" w="217" /><ent r="3" t="236" w="187" /><ent r="6" t="310" w="682" /></phr><phr n="connects"><ent r="4" t="108" w="43" /></phr></stem><stem n="dram"><phr n="DRAM"><ent r="6" t="5" w="220" /></phr></stem><stem n="modul"><phr n="modules"><ent r="6" t="5" w="221" /><ent r="4" t="6" w="74" /><ent r="3" t="6" w="233" /></phr><phr n="module"><ent r="3" t="6" w="223" /><ent r="5" t="7" w="91" /><ent r="5" t="27" w="81" /><ent r="3" t="35" w="390" /><ent r="7" t="35" w="467" /><ent r="7" t="35" w="507" /><ent r="7" t="35" w="535" /><ent r="7" t="35" w="592" /><ent r="7" t="35" w="596" /><ent r="7" t="35" w="638" /><ent r="7" t="35" w="686" /><ent r="5" t="36" w="420" /></phr></stem><stem n="give"><phr n="give"><ent r="6" t="5" w="227" /></phr><phr n="gives"><ent r="3" t="14" w="53" /><ent r="3" t="14" w="159" /><ent r="3" t="62" w="268" /></phr><phr n="giving"><ent r="4" t="94" w="322" /></phr></stem><stem n="kei"><phr n="key"><ent r="6" t="5" w="236" /><ent r="6" t="5" w="248" /><ent r="6" t="7" w="251" /><ent r="7" t="11" w="161" /><ent r="8" t="11" w="167" /><ent r="8" t="11" w="174" /><ent r="8" t="11" w="192" /><ent r="3" t="16" w="15" /><ent r="3" t="16" w="188" /><ent r="4" t="16" w="359" /><ent r="3" t="16" w="367" /><ent r="4" t="18" w="185" /><ent r="4" t="18" w="196" /><ent r="4" t="18" w="208" /><ent r="4" t="18" w="230" /><ent r="3" t="20" w="164" /><ent r="6" t="26" w="65" /><ent r="6" t="26" w="72" /><ent r="6" t="26" w="165" /><ent r="6" t="26" w="225" /><ent r="6" t="26" w="334" /><ent r="6" t="26" w="340" /><ent r="6" t="26" w="358" /><ent r="6" t="26" w="368" /><ent r="1000" t="27" w="3" /><ent r="82" t="27" w="8" /><ent r="5" t="27" w="37" /><ent r="5" t="27" w="55" /><ent r="5" t="27" w="73" /><ent r="5" t="27" w="88" /><ent r="5" t="27" w="104" /><ent r="5" t="27" w="126" /><ent r="7" t="27" w="255" /><ent r="7" t="27" w="304" /><ent r="5" t="27" w="322" /><ent r="6" t="28" w="88" /><ent r="6" t="28" w="93" /><ent r="6" t="28" w="107" /><ent r="6" t="28" w="139" /><ent r="1000" t="29" w="2" /><ent r="82" t="29" w="6" /><ent r="3" t="29" w="15" /><ent r="3" t="29" w="43" /><ent r="3" t="29" w="48" /><ent r="3" t="29" w="59" /><ent r="3" t="29" w="63" /><ent r="3" t="29" w="79" /><ent r="3" t="29" w="98" /><ent r="3" t="30" w="31" /><ent r="3" t="30" w="54" /><ent r="5" t="30" w="85" /><ent r="5" t="30" w="109" /><ent r="5" t="30" w="124" /><ent r="6" t="30" w="196" /><ent r="7" t="30" w="215" /><ent r="4" t="31" w="23" /><ent r="3" t="31" w="38" /><ent r="4" t="31" w="52" /><ent r="3" t="31" w="58" /><ent r="3" t="31" w="63" /><ent r="3" t="31" w="84" /><ent r="3" t="37" w="21" /><ent r="4" t="43" w="142" /><ent r="6" t="47" w="189" /><ent r="6" t="49" w="208" /><ent r="5" t="49" w="224" /><ent r="5" t="49" w="245" /><ent r="3" t="51" w="262" /><ent r="4" t="75" w="181" /><ent r="4" t="75" w="315" /><ent r="4" t="75" w="484" /><ent r="4" t="78" w="132" /><ent r="4" t="78" w="163" /><ent r="3" t="90" w="45" /><ent r="3" t="93" w="81" /><ent r="1000" t="94" w="2" /><ent r="72" t="94" w="12" /><ent r="3" t="94" w="32" /><ent r="3" t="94" w="45" /><ent r="3" t="94" w="57" /><ent r="3" t="94" w="91" /><ent r="3" t="94" w="129" /><ent r="3" t="94" w="141" /><ent r="4" t="94" w="161" /><ent r="4" t="94" w="210" /><ent r="4" t="94" w="226" /><ent r="4" t="94" w="279" /><ent r="4" t="94" w="338" /><ent r="4" t="94" w="395" /><ent r="3" t="95" w="100" /><ent r="3" t="95" w="111" /><ent r="3" t="96" w="229" /><ent r="3" t="97" w="174" /><ent r="3" t="97" w="320" /><ent r="3" t="97" w="340" /><ent r="3" t="97" w="406" /><ent r="3" t="97" w="423" /><ent r="1000" t="98" w="2" /><ent r="72" t="98" w="7" /><ent r="3" t="98" w="45" /><ent r="3" t="98" w="232" /><ent r="4" t="98" w="287" /><ent r="3" t="98" w="296" /><ent r="4" t="99" w="229" /><ent r="5" t="99" w="234" /><ent r="5" t="99" w="248" /><ent r="4" t="99" w="253" /><ent r="1000" t="100" w="6" /><ent r="72" t="100" w="15" /><ent r="3" t="101" w="81" /><ent r="3" t="101" w="175" /><ent r="3" t="104" w="82" /><ent r="3" t="109" w="31" /><ent r="4" t="109" w="60" /><ent r="4" t="109" w="72" /><ent r="4" t="109" w="79" /><ent r="3" t="113" w="55" /><ent r="3" t="113" w="85" /><ent r="3" t="113" w="105" /><ent r="4" t="113" w="166" /><ent r="1000" t="119" w="2" /><ent r="82" t="119" w="7" /><ent r="3" t="119" w="31" /><ent r="3" t="121" w="55" /><ent r="3" t="121" w="63" /><ent r="3" t="121" w="71" /><ent r="3" t="121" w="97" /><ent r="54" t="121" w="135" /><ent r="3" t="124" w="19" /><ent r="65" t="131" w="45" /><ent r="3" t="133" w="144" /><ent r="3" t="133" w="150" /><ent r="3" t="133" w="166" /><ent r="3" t="133" w="219" /><ent r="3" t="133" w="226" /><ent r="3" t="133" w="244" /><ent r="3" t="133" w="261" /><ent r="3" t="133" w="270" /><ent r="3" t="134" w="43" /><ent r="3" t="134" w="70" /><ent r="3" t="136" w="29" /><ent r="65" t="146" w="130" /><ent r="1000" t="147" w="2" /><ent r="82" t="147" w="7" /><ent r="3" t="147" w="32" /><ent r="3" t="154" w="496" /><ent r="3" t="154" w="559" /><ent r="3" t="155" w="24" /><ent r="3" t="155" w="59" /><ent r="3" t="155" w="234" /><ent r="3" t="155" w="461" /><ent r="3" t="156" w="24" /><ent r="3" t="156" w="100" /><ent r="3" t="156" w="676" /><ent r="3" t="158" w="34" /><ent r="3" t="160" w="26" /><ent r="3" t="160" w="34" /><ent r="3" t="160" w="42" /><ent r="3" t="160" w="64" /><ent r="3" t="160" w="178" /><ent r="1000" t="195" w="3" /><ent r="72" t="195" w="7" /><ent r="4" t="195" w="13" /><ent r="3" t="195" w="21" /><ent r="3" t="195" w="44" /><ent r="3" t="195" w="48" /><ent r="3" t="195" w="51" /><ent r="3" t="195" w="55" /><ent r="3" t="195" w="58" /><ent r="4" t="195" w="64" /><ent r="64" t="195" w="74" /><ent r="3" t="195" w="84" /><ent r="3" t="195" w="95" /><ent r="64" t="195" w="114" /><ent r="4" t="195" w="128" /><ent r="3" t="195" w="140" /><ent r="4" t="195" w="184" /><ent r="3" t="195" w="198" /><ent r="4" t="195" w="210" /><ent r="4" t="195" w="215" /><ent r="4" t="195" w="253" /><ent r="3" t="195" w="258" /><ent r="4" t="195" w="278" /><ent r="4" t="195" w="296" /><ent r="4" t="195" w="316" /><ent r="3" t="195" w="337" /><ent r="4" t="195" w="347" /><ent r="3" t="195" w="355" /><ent r="3" t="195" w="360" /><ent r="4" t="195" w="365" /><ent r="3" t="195" w="378" /><ent r="4" t="195" w="388" /><ent r="3" t="195" w="401" /><ent r="64" t="195" w="406" /><ent r="3" t="197" w="164" /><ent r="3" t="201" w="521" /><ent r="3" t="201" w="529" /><ent r="3" t="202" w="90" /><ent r="4" t="202" w="153" /><ent r="3" t="202" w="164" /><ent r="3" t="202" w="177" /><ent r="6" t="202" w="183" /><ent r="6" t="202" w="197" /><ent r="6" t="202" w="212" /><ent r="3" t="202" w="234" /><ent r="3" t="202" w="711" /><ent r="3" t="202" w="712" /><ent r="4" t="202" w="742" /><ent r="3" t="204" w="367" /><ent r="3" t="204" w="375" /><ent r="3" t="205" w="51" /><ent r="4" t="205" w="102" /><ent r="3" t="205" w="113" /><ent r="6" t="205" w="126" /><ent r="6" t="205" w="140" /><ent r="6" t="205" w="155" /><ent r="3" t="205" w="177" /><ent r="3" t="205" w="555" /><ent r="3" t="205" w="556" /><ent r="4" t="205" w="586" /><ent r="3" t="212" w="23" /><ent r="3" t="212" w="50" /><ent r="3" t="212" w="53" /><ent r="4" t="212" w="107" /><ent r="3" t="212" w="113" /><ent r="3" t="212" w="395" /><ent r="3" t="213" w="23" /><ent r="3" t="213" w="50" /><ent r="3" t="213" w="53" /><ent r="4" t="213" w="109" /><ent r="3" t="213" w="115" /><ent r="3" t="213" w="404" /><ent r="3" t="214" w="45" /><ent r="3" t="214" w="48" /><ent r="4" t="214" w="74" /><ent r="3" t="214" w="80" /><ent r="3" t="214" w="203" /><ent r="3" t="215" w="82" /><ent r="3" t="215" w="85" /><ent r="4" t="215" w="101" /><ent r="3" t="215" w="107" /><ent r="3" t="215" w="189" /><ent r="3" t="219" w="28" /><ent r="3" t="219" w="56" /><ent r="3" t="219" w="59" /><ent r="4" t="219" w="95" /><ent r="3" t="219" w="101" /><ent r="3" t="219" w="228" /><ent r="3" t="220" w="28" /><ent r="3" t="220" w="56" /><ent r="3" t="220" w="59" /><ent r="4" t="220" w="95" /><ent r="3" t="220" w="101" /><ent r="3" t="220" w="228" /><ent r="4" t="221" w="46" /><ent r="3" t="221" w="332" /><ent r="3" t="221" w="391" /><ent r="3" t="221" w="478" /><ent r="3" t="221" w="487" /><ent r="3" t="221" w="513" /><ent r="1000" t="223" w="4" /><ent r="72" t="223" w="10" /><ent r="4" t="223" w="16" /><ent r="3" t="223" w="23" /><ent r="3" t="223" w="78" /><ent r="3" t="223" w="116" /><ent r="3" t="223" w="158" /><ent r="3" t="223" w="169" /><ent r="3" t="223" w="171" /><ent r="3" t="223" w="256" /><ent r="3" t="223" w="272" /><ent r="3" t="223" w="275" /><ent r="3" t="223" w="300" /><ent r="3" t="223" w="319" /><ent r="3" t="223" w="331" /><ent r="3" t="223" w="341" /><ent r="3" t="223" w="350" /><ent r="3" t="223" w="368" /><ent r="3" t="223" w="401" /><ent r="3" t="224" w="22" /><ent r="3" t="224" w="39" /><ent r="3" t="224" w="81" /><ent r="3" t="224" w="106" /><ent r="3" t="224" w="126" /><ent r="4" t="224" w="137" /><ent r="3" t="224" w="145" /><ent r="3" t="224" w="232" /><ent r="3" t="224" w="248" /><ent r="3" t="224" w="250" /><ent r="3" t="224" w="253" /><ent r="3" t="224" w="279" /><ent r="3" t="224" w="300" /><ent r="3" t="224" w="309" /><ent r="3" t="224" w="316" /><ent r="3" t="224" w="324" /><ent r="3" t="224" w="343" /><ent r="3" t="224" w="399" /><ent r="3" t="224" w="405" /><ent r="3" t="224" w="411" /><ent r="3" t="224" w="416" /><ent r="3" t="224" w="423" /><ent r="3" t="224" w="447" /><ent r="3" t="224" w="453" /><ent r="3" t="224" w="479" /><ent r="3" t="224" w="489" /><ent r="3" t="224" w="495" /><ent r="3" t="224" w="521" /><ent r="3" t="224" w="531" /><ent r="3" t="224" w="545" /><ent r="3" t="224" w="550" /><ent r="3" t="224" w="570" /><ent r="3" t="224" w="584" /><ent r="3" t="224" w="589" /><ent r="3" t="224" w="640" /><ent r="3" t="226" w="21" /><ent r="3" t="226" w="222" /><ent r="3" t="226" w="286" /><ent r="3" t="226" w="322" /><ent r="4" t="226" w="392" /><ent r="3" t="227" w="22" /><ent r="3" t="227" w="117" /><ent r="3" t="227" w="261" /><ent r="3" t="227" w="325" /><ent r="3" t="228" w="168" /><ent r="4" t="232" w="82" /><ent r="4" t="232" w="111" /><ent r="3" t="233" w="310" /><ent r="3" t="237" w="24" /><ent r="3" t="237" w="44" /><ent r="4" t="237" w="63" /><ent r="3" t="237" w="71" /><ent r="3" t="237" w="125" /><ent r="3" t="237" w="146" /><ent r="3" t="237" w="251" /><ent r="3" t="237" w="270" /><ent r="3" t="238" w="26" /><ent r="3" t="238" w="38" /><ent r="3" t="238" w="60" /><ent r="3" t="238" w="73" /><ent r="4" t="238" w="89" /><ent r="3" t="238" w="97" /><ent r="3" t="238" w="151" /><ent r="4" t="238" w="160" /><ent r="3" t="238" w="226" /><ent r="3" t="238" w="331" /><ent r="3" t="238" w="350" /><ent r="3" t="239" w="31" /><ent r="3" t="239" w="49" /><ent r="3" t="239" w="81" /><ent r="3" t="239" w="88" /><ent r="3" t="239" w="92" /><ent r="4" t="239" w="124" /><ent r="4" t="239" w="130" /><ent r="4" t="239" w="157" /><ent r="4" t="239" w="163" /><ent r="3" t="239" w="195" /><ent r="3" t="239" w="210" /><ent r="3" t="239" w="221" /><ent r="3" t="239" w="232" /><ent r="3" t="239" w="249" /><ent r="3" t="239" w="265" /><ent r="3" t="239" w="288" /><ent r="4" t="239" w="347" /><ent r="4" t="239" w="353" /><ent r="4" t="239" w="384" /><ent r="3" t="239" w="388" /><ent r="3" t="239" w="463" /><ent r="3" t="239" w="477" /><ent r="3" t="239" w="484" /><ent r="3" t="240" w="23" /><ent r="3" t="240" w="97" /><ent r="6" t="240" w="131" /><ent r="3" t="242" w="26" /><ent r="3" t="242" w="101" /><ent r="4" t="242" w="159" /><ent r="4" t="242" w="162" /><ent r="3" t="243" w="34" /><ent r="3" t="244" w="63" /><ent r="4" t="244" w="245" /><ent r="3" t="244" w="279" /><ent r="3" t="244" w="519" /><ent r="3" t="245" w="60" /><ent r="4" t="245" w="189" /><ent r="3" t="245" w="223" /><ent r="65" t="247" w="117" /><ent r="65" t="247" w="122" /><ent r="65" t="247" w="127" /><ent r="65" t="247" w="237" /><ent r="65" t="247" w="250" /><ent r="4" t="263" w="23" /><ent r="5" t="263" w="174" /><ent r="5" t="263" w="184" /><ent r="5" t="263" w="189" /><ent r="5" t="263" w="199" /><ent r="3" t="265" w="25" /><ent r="6" t="265" w="46" /><ent r="3" t="266" w="30" /><ent r="6" t="266" w="79" /><ent r="1000" t="267" w="2" /><ent r="72" t="267" w="7" /><ent r="4" t="267" w="12" /><ent r="3" t="267" w="24" /><ent r="3" t="267" w="38" /><ent r="3" t="267" w="54" /><ent r="3" t="267" w="66" /><ent r="6" t="267" w="76" /><ent r="1000" t="268" w="2" /><ent r="72" t="268" w="7" /><ent r="3" t="268" w="23" /><ent r="4" t="268" w="31" /><ent r="6" t="268" w="40" /><ent r="1000" t="269" w="2" /><ent r="72" t="269" w="7" /><ent r="3" t="269" w="14" /><ent r="3" t="269" w="23" /><ent r="3" t="269" w="34" /><ent r="4" t="269" w="45" /><ent r="3" t="269" w="53" /><ent r="3" t="269" w="59" /><ent r="3" t="269" w="64" /><ent r="3" t="269" w="92" /><ent r="3" t="269" w="95" /><ent r="3" t="269" w="111" /><ent r="4" t="269" w="118" /><ent r="3" t="269" w="125" /><ent r="6" t="269" w="132" /><ent r="6" t="269" w="145" /><ent r="6" t="269" w="153" /><ent r="6" t="269" w="163" /><ent r="6" t="269" w="171" /><ent r="6" t="269" w="179" /><ent r="4" t="269" w="181" /><ent r="3" t="269" w="194" /><ent r="6" t="269" w="201" /><ent r="6" t="269" w="215" /><ent r="6" t="269" w="230" /><ent r="4" t="269" w="247" /><ent r="4" t="269" w="274" /><ent r="4" t="269" w="295" /><ent r="3" t="269" w="326" /><ent r="3" t="269" w="353" /><ent r="3" t="269" w="373" /><ent r="3" t="269" w="381" /><ent r="3" t="269" w="383" /><ent r="3" t="269" w="387" /><ent r="4" t="269" w="398" /><ent r="3" t="269" w="403" /><ent r="3" t="269" w="432" /><ent r="6" t="269" w="456" /><ent r="3" t="275" w="215" /><ent r="3" t="276" w="61" /><ent r="3" t="276" w="64" /><ent r="4" t="276" w="90" /><ent r="3" t="276" w="95" /><ent r="3" t="276" w="111" /><ent r="3" t="278" w="17" /><ent r="3" t="278" w="23" /><ent r="3" t="278" w="97" /><ent r="3" t="278" w="100" /><ent r="4" t="278" w="130" /><ent r="3" t="278" w="134" /><ent r="3" t="278" w="141" /><ent r="3" t="290" w="18" /><ent r="6" t="290" w="38" /><ent r="1000" t="291" w="3" /><ent r="72" t="291" w="9" /><ent r="3" t="291" w="17" /><ent r="3" t="291" w="30" /><ent r="6" t="291" w="40" /><ent r="3" t="292" w="81" /><ent r="3" t="292" w="90" /><ent r="3" t="292" w="95" /><ent r="3" t="292" w="99" /><ent r="3" t="292" w="104" /><ent r="3" t="292" w="108" /><ent r="3" t="292" w="113" /><ent r="3" t="292" w="117" /><ent r="3" t="292" w="122" /><ent r="4" t="292" w="129" /><ent r="3" t="292" w="143" /><ent r="4" t="292" w="150" /><ent r="4" t="292" w="159" /><ent r="4" t="292" w="168" /><ent r="4" t="292" w="177" /><ent r="3" t="292" w="214" /><ent r="1000" t="293" w="3" /><ent r="72" t="293" w="9" /><ent r="3" t="293" w="16" /><ent r="3" t="293" w="29" /><ent r="3" t="293" w="36" /><ent r="3" t="293" w="42" /><ent r="3" t="293" w="47" /><ent r="3" t="293" w="52" /><ent r="6" t="293" w="62" /><ent r="3" t="294" w="25" /><ent r="3" t="294" w="69" /><ent r="6" t="294" w="102" /><ent r="3" t="295" w="26" /><ent r="3" t="295" w="101" /><ent r="3" t="295" w="143" /><ent r="3" t="295" w="167" /><ent r="3" t="295" w="172" /><ent r="3" t="295" w="195" /><ent r="3" t="295" w="206" /><ent r="3" t="295" w="220" /><ent r="3" t="295" w="251" /><ent r="3" t="295" w="282" /><ent r="3" t="295" w="458" /><ent r="6" t="295" w="468" /><ent r="3" t="296" w="25" /><ent r="3" t="296" w="117" /><ent r="3" t="296" w="262" /><ent r="3" t="296" w="298" /><ent r="3" t="296" w="397" /><ent r="6" t="296" w="540" /><ent r="3" t="302" w="59" /><ent r="3" t="303" w="66" /><ent r="3" t="303" w="126" /><ent r="3" t="303" w="138" /><ent r="3" t="303" w="185" /><ent r="3" t="303" w="216" /><ent r="3" t="304" w="74" /><ent r="3" t="304" w="105" /><ent r="3" t="305" w="104" /><ent r="3" t="305" w="116" /><ent r="6" t="310" w="557" /><ent r="6" t="310" w="797" /><ent r="6" t="310" w="804" /></phr><phr n="keys"><ent r="3" t="77" w="13" /><ent r="3" t="96" w="32" /><ent r="3" t="96" w="213" /><ent r="3" t="99" w="684" /><ent r="3" t="99" w="732" /><ent r="3" t="99" w="753" /><ent r="4" t="99" w="760" /><ent r="4" t="100" w="38" /><ent r="3" t="100" w="98" /><ent r="4" t="100" w="114" /><ent r="3" t="102" w="32" /><ent r="3" t="131" w="27" /><ent r="65" t="147" w="48" /><ent r="3" t="156" w="52" /><ent r="4" t="156" w="74" /><ent r="3" t="156" w="81" /><ent r="3" t="221" w="405" /><ent r="3" t="223" w="47" /><ent r="3" t="226" w="378" /><ent r="3" t="238" w="70" /><ent r="4" t="238" w="182" /><ent r="3" t="238" w="206" /><ent r="1000" t="239" w="4" /><ent r="72" t="239" w="9" /><ent r="4" t="239" w="16" /><ent r="3" t="239" w="25" /><ent r="3" t="239" w="71" /><ent r="3" t="239" w="117" /><ent r="65" t="247" w="245" /><ent r="3" t="273" w="30" /><ent r="72" t="292" w="10" /><ent r="4" t="292" w="19" /><ent r="3" t="292" w="43" /><ent r="3" t="292" w="70" /><ent r="3" t="295" w="397" /><ent r="4" t="295" w="413" /><ent r="3" t="296" w="232" /><ent r="4" t="296" w="248" /><ent r="3" t="296" w="512" /><ent r="4" t="296" w="528" /></phr></stem></index>