<?xml version="1.0" encoding="utf-8"?><CatapultToc Version="1" DescendantCount="321"><TocEntry Title="Untrusted Library Functions" Link="/Content/Untrusted_Library_Functions.htm" VolumeNumberReset="continue" ChapterNumberReset="continue" SectionNumberReset="continue" PageNumberReset="continue" ComputedFirstTopic="false" DescendantCount="7"><TocEntry Title="Enclave Creation and Destruction" Link="/Content/Enclave_Creation_and_Destruction.htm" VolumeNumberReset="continue" ChapterNumberReset="continue" SectionNumberReset="continue" PageNumberReset="continue" ComputedFirstTopic="false" DescendantCount="0" /><TocEntry Title="Enclave Enumeration" Link="/Content/Enclave_Enumeration.htm" conditions="Default.Windows OS" ComputedFirstTopic="false" DescendantCount="0" /><TocEntry Title="Quoting Functions" Link="/Content/Quoting_Functions.htm" VolumeNumberReset="continue" ChapterNumberReset="continue" SectionNumberReset="continue" PageNumberReset="continue" ComputedFirstTopic="false" DescendantCount="0" /><TocEntry Title="Untrusted Key Exchange Functions" Link="/Content/Untrusted_Key_Exchange_Functions.htm" VolumeNumberReset="continue" ChapterNumberReset="continue" SectionNumberReset="continue" PageNumberReset="continue" ComputedFirstTopic="false" DescendantCount="0" /><TocEntry Title="Untrusted Platform Service Function" Link="/Content/Untrusted_Platform_Service_Function.htm" VolumeNumberReset="continue" ChapterNumberReset="continue" SectionNumberReset="continue" PageNumberReset="continue" ComputedFirstTopic="false" DescendantCount="0" /><TocEntry Title="Intel(R) SGX Enabling and Launch Control Functions" Link="/Content/Intel_SGX_Enabling_and_Launch_Control_Functions.htm" conditions="Default.Windows OS" ReplaceMergeNode="false" ComputedFirstTopic="false" DescendantCount="0" /><TocEntry Title="SGX device capability" Link="/Content/Intel_SGX_Device_Capability_Functions.htm" conditions="Default.Windows OS" ComputedFirstTopic="false" DescendantCount="0" /></TocEntry><TocEntry Title="Trusted Libraries" Link="/Content/Trusted_Libraries.htm" VolumeNumberReset="continue" ChapterNumberReset="continue" SectionNumberReset="continue" PageNumberReset="continue" ComputedFirstTopic="false" DescendantCount="24"><TocEntry Title="Trusted Runtime System" Link="/Content/Trusted_Runtime_System.htm" VolumeNumberReset="continue" ChapterNumberReset="continue" SectionNumberReset="continue" PageNumberReset="continue" ComputedFirstTopic="false" DescendantCount="5"><TocEntry Title="Intel(R) Software Guard Extensions Help Functions" Link="/Content/Intel_SGX_Help_Functions.htm" VolumeNumberReset="continue" ChapterNumberReset="continue" SectionNumberReset="continue" PageNumberReset="continue" ComputedFirstTopic="false" DescendantCount="0" /><TocEntry Title="Custom Exception Handling" Link="/Content/Custom Exception Handling.htm" VolumeNumberReset="continue" ChapterNumberReset="continue" SectionNumberReset="continue" PageNumberReset="continue" ComputedFirstTopic="false" DescendantCount="1"><TocEntry Title="Custom Exception Handler for CPUID Instruction" Link="/Content/Custom_Exception_Handler_for_CPUID_Instruction.htm" VolumeNumberReset="continue" ChapterNumberReset="continue" SectionNumberReset="continue" PageNumberReset="continue" ComputedFirstTopic="false" DescendantCount="0" /></TocEntry><TocEntry Title="Debug APIs inside Trusted Libraries" Link="/Content/Debug_APIs_inside_Trusted_Libraries.htm" VolumeNumberReset="continue" ChapterNumberReset="continue" SectionNumberReset="continue" PageNumberReset="continue" conditions="Default.Windows OS" ComputedFirstTopic="false" DescendantCount="0" /><TocEntry Title="Intrinsic Functions" Link="/Content/Intrinsic_Functions.htm" conditions="Default.Windows OS" VolumeNumberReset="continue" ChapterNumberReset="continue" SectionNumberReset="continue" PageNumberReset="continue" ComputedFirstTopic="false" DescendantCount="0" /></TocEntry><TocEntry Title="Trusted Service Library" Link="/Content/Trusted_Service_Library.htm" VolumeNumberReset="continue" ChapterNumberReset="continue" SectionNumberReset="continue" PageNumberReset="continue" ComputedFirstTopic="false" DescendantCount="6"><TocEntry Title="Intel(R) Software Guard Extensions Instruction Wrapper Functions" Link="/Content/Intel_SGX_Instruction_Wrapper_Functions.htm" VolumeNumberReset="continue" ChapterNumberReset="continue" SectionNumberReset="continue" PageNumberReset="continue" ComputedFirstTopic="false" DescendantCount="0" /><TocEntry Title="Intel(R) Software Guard Extensions Sealing-unsealing Functions" Link="/Content/Intel_SGX_Sealing_unsealing_Functions.htm" VolumeNumberReset="continue" ChapterNumberReset="continue" SectionNumberReset="continue" PageNumberReset="continue" ComputedFirstTopic="false" DescendantCount="2"><TocEntry Title="Seal Library Introduction" Link="/Content/Seal_Library_Introduction.htm" VolumeNumberReset="continue" ChapterNumberReset="continue" SectionNumberReset="continue" PageNumberReset="continue" ComputedFirstTopic="false" DescendantCount="0" /><TocEntry Title="Example Use Cases" Link="/Content/Example_Use_Cases.htm" VolumeNumberReset="continue" ChapterNumberReset="continue" SectionNumberReset="continue" PageNumberReset="continue" ComputedFirstTopic="false" DescendantCount="0" /></TocEntry><TocEntry Title="Trusted Platform Service Functions" Link="/Content/Trusted_Platform_Service_Functions.htm" VolumeNumberReset="continue" ChapterNumberReset="continue" SectionNumberReset="continue" PageNumberReset="continue" ComputedFirstTopic="false" DescendantCount="0" /><TocEntry Title="Diffie–Hellman (DH) Session Establishment Functions" Link="/Content/DH_Session_Establishment_Functions.htm" VolumeNumberReset="continue" ChapterNumberReset="continue" SectionNumberReset="continue" PageNumberReset="continue" ComputedFirstTopic="false" DescendantCount="0" /></TocEntry><TocEntry Title="C Standard Library" Link="/Content/C_Standard_Library.htm" VolumeNumberReset="continue" ChapterNumberReset="continue" SectionNumberReset="continue" PageNumberReset="continue" ComputedFirstTopic="false" DescendantCount="6"><TocEntry Title="Locale Functions" Link="/Content/Locale_Functions.htm" VolumeNumberReset="continue" ChapterNumberReset="continue" SectionNumberReset="continue" PageNumberReset="continue" ComputedFirstTopic="false" DescendantCount="0" /><TocEntry Title="Random Number Generation Functions" Link="/Content/Random_Number_Generation_Functions.htm" VolumeNumberReset="continue" ChapterNumberReset="continue" SectionNumberReset="continue" PageNumberReset="continue" ComputedFirstTopic="false" DescendantCount="0" /><TocEntry Title="String Functions" Link="/Content/String_Functions.htm" VolumeNumberReset="continue" ChapterNumberReset="continue" SectionNumberReset="continue" PageNumberReset="continue" ComputedFirstTopic="false" DescendantCount="0" /><TocEntry Title="Abort Function" Link="/Content/Abort_Function.htm" VolumeNumberReset="continue" ChapterNumberReset="continue" SectionNumberReset="continue" PageNumberReset="continue" ComputedFirstTopic="false" DescendantCount="0" /><TocEntry Title="Thread Synchronization Primitives" Link="/Content/Thread_Synchronization_Primitives.htm" VolumeNumberReset="continue" ChapterNumberReset="continue" SectionNumberReset="continue" PageNumberReset="continue" ComputedFirstTopic="false" DescendantCount="0" /><TocEntry Title="Query CPUID inside Enclave" Link="/Content/Query_CPUID_inside_Enclave.htm" VolumeNumberReset="continue" ChapterNumberReset="continue" SectionNumberReset="continue" PageNumberReset="continue" ComputedFirstTopic="false" DescendantCount="0" /></TocEntry><TocEntry Title="C++ Language Support" Link="/Content/C++_Language_Support.htm" VolumeNumberReset="continue" ChapterNumberReset="continue" SectionNumberReset="continue" PageNumberReset="continue" ComputedFirstTopic="false" DescendantCount="1"><TocEntry Title="C++ Standard Library" Link="/Content/C++_Standard_Library.htm" VolumeNumberReset="continue" ChapterNumberReset="continue" SectionNumberReset="continue" PageNumberReset="continue" ComputedFirstTopic="false" DescendantCount="0" /></TocEntry><TocEntry Title="Cryptography Library" Link="/Content/Cryptography_Library.htm" VolumeNumberReset="continue" ChapterNumberReset="continue" SectionNumberReset="continue" PageNumberReset="continue" ComputedFirstTopic="false" DescendantCount="0" /><TocEntry Title="Trusted Key Exchange Functions" Link="/Content/Trusted_Key_Exchange_Functions.htm" VolumeNumberReset="continue" ChapterNumberReset="continue" SectionNumberReset="continue" PageNumberReset="continue" ComputedFirstTopic="false" DescendantCount="0" /></TocEntry><TocEntry Title="Function Descriptions" Link="/Content/Function_Descriptions.htm" VolumeNumberReset="continue" ChapterNumberReset="continue" SectionNumberReset="continue" PageNumberReset="continue" ComputedFirstTopic="false" DescendantCount="97"><TocEntry Title="sgx_create_enclave" Link="/Content/sgx_create_enclave.htm" VolumeNumberReset="continue" ChapterNumberReset="continue" SectionNumberReset="continue" PageNumberReset="continue" ComputedFirstTopic="false" DescendantCount="0" /><TocEntry Title="sgx_destroy_enclave" Link="/Content/sgx_destroy_enclave.htm" VolumeNumberReset="continue" ChapterNumberReset="continue" SectionNumberReset="continue" PageNumberReset="continue" ComputedFirstTopic="false" DescendantCount="0" /><TocEntry Title="sgx_enumerate_enclaves" Link="/Content/sgx_enumerate_enclaves.htm" conditions="Default.Windows OS" ComputedFirstTopic="false" DescendantCount="0" /><TocEntry Title="sgx_init_quote" Link="/Content/sgx_init_quote.htm" VolumeNumberReset="continue" ChapterNumberReset="continue" SectionNumberReset="continue" PageNumberReset="continue" ComputedFirstTopic="false" DescendantCount="0" /><TocEntry Title="sgx_get_quote_size" Link="/Content/sgx_get_quote_size.htm" VolumeNumberReset="continue" ChapterNumberReset="continue" SectionNumberReset="continue" PageNumberReset="continue" ComputedFirstTopic="false" DescendantCount="0" /><TocEntry Title="sgx_get_quote" Link="/Content/sgx_get_quote.htm" VolumeNumberReset="continue" ChapterNumberReset="continue" SectionNumberReset="continue" PageNumberReset="continue" ComputedFirstTopic="false" DescendantCount="0" /><TocEntry Title="sgx_ra_get_msg1" Link="/Content/sgx_ra_get_msg1.htm" VolumeNumberReset="continue" ChapterNumberReset="continue" SectionNumberReset="continue" PageNumberReset="continue" ComputedFirstTopic="false" DescendantCount="0" /><TocEntry Title="sgx_ra_proc_msg2" Link="/Content/sgx_ra_proc_msg2.htm" VolumeNumberReset="continue" ChapterNumberReset="continue" SectionNumberReset="continue" PageNumberReset="continue" ComputedFirstTopic="false" DescendantCount="0" /><TocEntry Title="sgx_report_attestation_status" Link="/Content/sgx_report_attestation_status.htm" VolumeNumberReset="continue" ChapterNumberReset="continue" SectionNumberReset="continue" PageNumberReset="continue" ComputedFirstTopic="false" DescendantCount="0" /><TocEntry Title="sgx_get_extended_epid_group_id" Link="/Content/sgx_get_extended_epid_group_id.htm" conditions="Default.Windows OS,Default.Windows_1_1_exclusion" ComputedFirstTopic="false" DescendantCount="0" /><TocEntry Title="sgx_get_ps_cap" Link="/Content/sgx_get_ps_cap.htm" VolumeNumberReset="continue" ChapterNumberReset="continue" SectionNumberReset="continue" PageNumberReset="continue" ComputedFirstTopic="false" DescendantCount="0" /><TocEntry Title="sgx_register_wl_cert_chain" Link="/Content/sgx_register_wl_cert_chain.htm" conditions="Default.Windows OS" ComputedFirstTopic="false" DescendantCount="0" /><TocEntry Title="sgx_enable_device" Link="/Content/sgx_enable_device.htm" conditions="Default.Windows OS" ComputedFirstTopic="false" DescendantCount="0" /><TocEntry Title="sgx_cap_enable_device" Link="/Content/sgx_cap_enable_device.htm" conditions="Default.Windows OS" ComputedFirstTopic="false" DescendantCount="0" /><TocEntry Title="sgx_is_capable" Link="/Content/sgx_is_capable.htm" conditions="Default.Windows OS" ComputedFirstTopic="false" DescendantCount="0" /><TocEntry Title="sgx_get_whitelist_size" Link="/Content/sgx_get_whitelist_size.htm" conditions="Default.Windows OS,Default.Windows_1_1_exclusion" ComputedFirstTopic="false" DescendantCount="0" /><TocEntry Title="sgx_get_whitelist" Link="/Content/sgx_get_whitelist.htm" conditions="Default.Windows OS,Default.Windows_1_1_exclusion" ComputedFirstTopic="false" DescendantCount="0" /><TocEntry Title="sgx_is_within_enclave" Link="/Content/sgx_is_within_enclave.htm" VolumeNumberReset="continue" ChapterNumberReset="continue" SectionNumberReset="continue" PageNumberReset="continue" ComputedFirstTopic="false" DescendantCount="0" /><TocEntry Title="sgx_is_outside_enclave" Link="/Content/sgx_is_outside_enclave.htm" VolumeNumberReset="continue" ChapterNumberReset="continue" SectionNumberReset="continue" PageNumberReset="continue" ComputedFirstTopic="false" DescendantCount="0" /><TocEntry Title="sgx_read_rand" Link="/Content/sgx_read_rand.htm" VolumeNumberReset="continue" ChapterNumberReset="continue" SectionNumberReset="continue" PageNumberReset="continue" ComputedFirstTopic="false" DescendantCount="0" /><TocEntry Title="sgx_register_exception_handler" Link="/Content/sgx_register_exception_handler.htm" VolumeNumberReset="continue" ChapterNumberReset="continue" SectionNumberReset="continue" PageNumberReset="continue" ComputedFirstTopic="false" DescendantCount="0" /><TocEntry Title="sgx_unregister_exception_handler" Link="/Content/sgx_unregister_exception_handler.htm" VolumeNumberReset="continue" ChapterNumberReset="continue" SectionNumberReset="continue" PageNumberReset="continue" ComputedFirstTopic="false" DescendantCount="0" /><TocEntry Title="IsDebuggerPresent" Link="/Content/IsDebuggerPresent.htm" VolumeNumberReset="continue" ChapterNumberReset="continue" SectionNumberReset="continue" PageNumberReset="continue" conditions="Default.Windows OS" ComputedFirstTopic="false" DescendantCount="0" /><TocEntry Title="OutputDebugString" Link="/Content/OutputDebugString.htm" VolumeNumberReset="continue" ChapterNumberReset="continue" SectionNumberReset="continue" PageNumberReset="continue" conditions="Default.Windows OS" ComputedFirstTopic="false" DescendantCount="0" /><TocEntry Title="DebugBreak" Link="/Content/DebugBreak.htm" VolumeNumberReset="continue" ChapterNumberReset="continue" SectionNumberReset="continue" PageNumberReset="continue" conditions="Default.Windows OS" ComputedFirstTopic="false" DescendantCount="0" /><TocEntry Title="sgx_spin_lock" Link="/Content/sgx_spin_lock.htm" VolumeNumberReset="continue" ChapterNumberReset="continue" SectionNumberReset="continue" PageNumberReset="continue" ComputedFirstTopic="false" DescendantCount="0" /><TocEntry Title="sgx_spin_unlock" Link="/Content/sgx_spin_unlock.htm" VolumeNumberReset="continue" ChapterNumberReset="continue" SectionNumberReset="continue" PageNumberReset="continue" ComputedFirstTopic="false" DescendantCount="0" /><TocEntry Title="sgx_thread_mutex_init" Link="/Content/sgx_thread_mutex_init.htm" VolumeNumberReset="continue" ChapterNumberReset="continue" SectionNumberReset="continue" PageNumberReset="continue" ComputedFirstTopic="false" DescendantCount="0" /><TocEntry Title="sgx_thread_mutex_destroy" Link="/Content/sgx_thread_mutex_destroy.htm" VolumeNumberReset="continue" ChapterNumberReset="continue" SectionNumberReset="continue" PageNumberReset="continue" ComputedFirstTopic="false" DescendantCount="0" /><TocEntry Title="sgx_thread_mutex_lock" Link="/Content/sgx_thread_mutex_lock.htm" VolumeNumberReset="continue" ChapterNumberReset="continue" SectionNumberReset="continue" PageNumberReset="continue" ComputedFirstTopic="false" DescendantCount="0" /><TocEntry Title="sgx_thread_mutex_trylock" Link="/Content/sgx_thread_mutex_trylock.htm" VolumeNumberReset="continue" ChapterNumberReset="continue" SectionNumberReset="continue" PageNumberReset="continue" ComputedFirstTopic="false" DescendantCount="0" /><TocEntry Title="sgx_thread_mutex_unlock" Link="/Content/sgx_thread_mutex_unlock.htm" VolumeNumberReset="continue" ChapterNumberReset="continue" SectionNumberReset="continue" PageNumberReset="continue" ComputedFirstTopic="false" DescendantCount="0" /><TocEntry Title="sgx_thread_cond_init" Link="/Content/sgx_thread_cond_init.htm" VolumeNumberReset="continue" ChapterNumberReset="continue" SectionNumberReset="continue" PageNumberReset="continue" ComputedFirstTopic="false" DescendantCount="0" /><TocEntry Title="sgx_thread_cond_destroy" Link="/Content/sgx_thread_cond_destroy.htm" VolumeNumberReset="continue" ChapterNumberReset="continue" SectionNumberReset="continue" PageNumberReset="continue" ComputedFirstTopic="false" DescendantCount="0" /><TocEntry Title="sgx_thread_cond_wait" Link="/Content/sgx_thread_cond_wait.htm" VolumeNumberReset="continue" ChapterNumberReset="continue" SectionNumberReset="continue" PageNumberReset="continue" ComputedFirstTopic="false" DescendantCount="0" /><TocEntry Title="sgx_thread_cond_signal" Link="/Content/sgx_thread_cond_signal.htm" VolumeNumberReset="continue" ChapterNumberReset="continue" SectionNumberReset="continue" PageNumberReset="continue" ComputedFirstTopic="false" DescendantCount="0" /><TocEntry Title="sgx_thread_cond_broadcast" Link="/Content/sgx_thread_cond_broadcast.htm" VolumeNumberReset="continue" ChapterNumberReset="continue" SectionNumberReset="continue" PageNumberReset="continue" ComputedFirstTopic="false" DescendantCount="0" /><TocEntry Title="sgx_thread_self" Link="/Content/sgx_thread_self.htm" VolumeNumberReset="continue" ChapterNumberReset="continue" SectionNumberReset="continue" PageNumberReset="continue" ComputedFirstTopic="false" DescendantCount="0" /><TocEntry Title="sgx_create_event" Link="/Content/sgx_create_event.htm" conditions="Default.Windows OS,Default.Windows_1_1_exclusion" ComputedFirstTopic="false" DescendantCount="0" /><TocEntry Title="sgx_set_event" Link="/Content/sgx_set_event.htm" conditions="Default.Windows OS,Default.Windows_1_1_exclusion" ComputedFirstTopic="false" DescendantCount="0" /><TocEntry Title="sgx_reset_event" Link="/Content/sgx_reset_event.htm" conditions="Default.Windows OS,Default.Windows_1_1_exclusion" ComputedFirstTopic="false" DescendantCount="0" /><TocEntry Title="sgx_wait_for_single_object" Link="/Content/sgx_wait_for_single_object.htm" conditions="Default.Windows OS,Default.Windows_1_1_exclusion" ComputedFirstTopic="false" DescendantCount="0" /><TocEntry Title="sgx_wait_for_multiple_objects" Link="/Content/sgx_wait_for_multiple_objects.htm" conditions="Default.Windows OS,Default.Windows_1_1_exclusion" ComputedFirstTopic="false" DescendantCount="0" /><TocEntry Title="sgx_destroy_event" Link="/Content/sgx_destroy_event.htm" conditions="Default.Windows OS,Default.Windows_1_1_exclusion" ComputedFirstTopic="false" DescendantCount="0" /><TocEntry Title="sgx_cpuid" Link="/Content/sgx_cpuid.htm" VolumeNumberReset="continue" ChapterNumberReset="continue" SectionNumberReset="continue" PageNumberReset="continue" ComputedFirstTopic="false" DescendantCount="0" /><TocEntry Title="sgx_cpuidex" Link="/Content/sgx_cpuidex.htm" VolumeNumberReset="continue" ChapterNumberReset="continue" SectionNumberReset="continue" PageNumberReset="continue" ComputedFirstTopic="false" DescendantCount="0" /><TocEntry Title="sgx_get_key" Link="/Content/sgx_get_key.htm" VolumeNumberReset="continue" ChapterNumberReset="continue" SectionNumberReset="continue" PageNumberReset="continue" ComputedFirstTopic="false" DescendantCount="0" /><TocEntry Title="sgx_create_report" Link="/Content/sgx_create_report.htm" VolumeNumberReset="continue" ChapterNumberReset="continue" SectionNumberReset="continue" PageNumberReset="continue" ComputedFirstTopic="false" DescendantCount="0" /><TocEntry Title="sgx_verify_report" Link="/Content/sgx_verify_report.htm" VolumeNumberReset="continue" ChapterNumberReset="continue" SectionNumberReset="continue" PageNumberReset="continue" ComputedFirstTopic="false" DescendantCount="0" /><TocEntry Title="sgx_calc_sealed_data_size" Link="/Content/sgx_calc_sealed_data_size.htm" VolumeNumberReset="continue" ChapterNumberReset="continue" SectionNumberReset="continue" PageNumberReset="continue" ComputedFirstTopic="false" DescendantCount="0" /><TocEntry Title="sgx_get_add_mac_txt_len" Link="/Content/sgx_get_add_mac_txt_len.htm" VolumeNumberReset="continue" ChapterNumberReset="continue" SectionNumberReset="continue" PageNumberReset="continue" ComputedFirstTopic="false" DescendantCount="0" /><TocEntry Title="sgx_get_encrypt_txt_len" Link="/Content/sgx_get_encrypt_txt_len.htm" VolumeNumberReset="continue" ChapterNumberReset="continue" SectionNumberReset="continue" PageNumberReset="continue" ComputedFirstTopic="false" DescendantCount="0" /><TocEntry Title="sgx_seal_data" Link="/Content/sgx_seal_data.htm" VolumeNumberReset="continue" ChapterNumberReset="continue" SectionNumberReset="continue" PageNumberReset="continue" ComputedFirstTopic="false" DescendantCount="0" /><TocEntry Title="sgx_seal_data_ex" Link="/Content/sgx_seal_data_ex.htm" VolumeNumberReset="continue" ChapterNumberReset="continue" SectionNumberReset="continue" PageNumberReset="continue" ComputedFirstTopic="false" DescendantCount="0" /><TocEntry Title="sgx_unseal_data" Link="/Content/sgx_unseal_data.htm" VolumeNumberReset="continue" ChapterNumberReset="continue" SectionNumberReset="continue" PageNumberReset="continue" ComputedFirstTopic="false" DescendantCount="0" /><TocEntry Title="sgx_mac_aadata" Link="/Content/sgx_mac_aadata.htm" conditions="Default.Windows_1_1_exclusion" ComputedFirstTopic="false" DescendantCount="0" /><TocEntry Title="sgx_mac_aadata_ex" Link="/Content/sgx_mac_aadata_ex.htm" conditions="Default.Windows_1_1_exclusion" ComputedFirstTopic="false" DescendantCount="0" /><TocEntry Title="sgx_unmac_aadata" Link="/Content/sgx_unmac_aadata.htm" conditions="Default.Windows_1_1_exclusion" ComputedFirstTopic="false" DescendantCount="0" /><TocEntry Title="sgx_sha256_msg" Link="/Content/sgx_sha256_msg.htm" ComputedFirstTopic="false" DescendantCount="0" /><TocEntry Title="sgx_sha256_init" Link="/Content/sgx_sha256_init.htm" ComputedFirstTopic="false" DescendantCount="0" /><TocEntry Title="sgx_sha256_update" Link="/Content/sgx_sha256_update.htm" ComputedFirstTopic="false" DescendantCount="0" /><TocEntry Title="sgx_sha256_get_hash" Link="/Content/sgx_sha256_get_hash.htm" ComputedFirstTopic="false" DescendantCount="0" /><TocEntry Title="sgx_sha256_close" Link="/Content/sgx_sha256_close.htm" ComputedFirstTopic="false" DescendantCount="0" /><TocEntry Title="sgx_rijndael128GCM_encrypt" Link="/Content/sgx_rijndael128GCM_encrypt.htm" ComputedFirstTopic="false" DescendantCount="0" /><TocEntry Title="sgx_rijndael128GCM_decrypt" Link="/Content/sgx_rijndael128GCM_decrypt.htm" ComputedFirstTopic="false" DescendantCount="0" /><TocEntry Title="sgx_rijndael128_cmac_msg" Link="/Content/sgx_rijndael128_cmac_msg.htm" ComputedFirstTopic="false" DescendantCount="0" /><TocEntry Title="sgx_cmac128_init" Link="/Content/sgx_cmac128_init.htm" ComputedFirstTopic="false" DescendantCount="0" /><TocEntry Title="sgx_cmac128_update" Link="/Content/sgx_cmac128_update.htm" ComputedFirstTopic="false" DescendantCount="0" /><TocEntry Title="sgx_cmac128_final" Link="/Content/sgx_cmac128_final.htm" ComputedFirstTopic="false" DescendantCount="0" /><TocEntry Title="sgx_cmac128_close" Link="/Content/sgx_cmac128_close.htm" ComputedFirstTopic="false" DescendantCount="0" /><TocEntry Title="sgx_aes_ctr_encrypt" Link="/Content/sgx_aes_ctr_encrypt.htm" ComputedFirstTopic="false" DescendantCount="0" /><TocEntry Title="sgx_aes_ctr_decrypt" Link="/Content/sgx_aes_ctr_decrypt.htm" ComputedFirstTopic="false" DescendantCount="0" /><TocEntry Title="sgx_ecc256_open_context" Link="/Content/sgx_ecc256_open_context.htm" ComputedFirstTopic="false" DescendantCount="0" /><TocEntry Title="sgx_ecc256_close_context" Link="/Content/sgx_ecc256_close_context.htm" ComputedFirstTopic="false" DescendantCount="0" /><TocEntry Title="sgx_ecc256_create_key_pair" Link="/Content/sgx_ecc256_create_key_pair.htm" ComputedFirstTopic="false" DescendantCount="0" /><TocEntry Title="sgx_ecc256_compute_shared_dhkey" Link="/Content/sgx_ecc256_compute_shared_dhkey.htm" ComputedFirstTopic="false" DescendantCount="0" /><TocEntry Title="sgx_ecc256_check_point" Link="/Content/sgx_ecc256_check_point.htm" ComputedFirstTopic="false" DescendantCount="0" /><TocEntry Title="sgx_ecdsa_sign" Link="/Content/sgx_ecdsa_sign.htm" ComputedFirstTopic="false" DescendantCount="0" /><TocEntry Title="sgx_ecdsa_verify" Link="/Content/sgx_ecdsa_verify.htm" ComputedFirstTopic="false" DescendantCount="0" /><TocEntry Title="sgx_create_pse_session" Link="/Content/sgx_create_pse_session.htm" VolumeNumberReset="continue" ChapterNumberReset="continue" SectionNumberReset="continue" PageNumberReset="continue" ComputedFirstTopic="false" DescendantCount="0" /><TocEntry Title="sgx_close_pse_session" Link="/Content/sgx_close_pse_session.htm" VolumeNumberReset="continue" ChapterNumberReset="continue" SectionNumberReset="continue" PageNumberReset="continue" ComputedFirstTopic="false" DescendantCount="0" /><TocEntry Title="sgx_get_ps_sec_prop" Link="/Content/sgx_get_ps_sec_prop.htm" VolumeNumberReset="continue" ChapterNumberReset="continue" SectionNumberReset="continue" PageNumberReset="continue" ComputedFirstTopic="false" DescendantCount="0" /><TocEntry Title="sgx_get_trusted_time" Link="/Content/sgx_get_trusted_time.htm" VolumeNumberReset="continue" ChapterNumberReset="continue" SectionNumberReset="continue" PageNumberReset="continue" ComputedFirstTopic="false" DescendantCount="0" /><TocEntry Title="sgx_create_monotonic_counter_ex" Link="/Content/sgx_create_monotonic_counter_ex.htm" VolumeNumberReset="continue" ChapterNumberReset="continue" SectionNumberReset="continue" PageNumberReset="continue" ComputedFirstTopic="false" DescendantCount="0" /><TocEntry Title="sgx_create_monotonic_counter" Link="/Content/sgx_create_monotonic_counter.htm" VolumeNumberReset="continue" ChapterNumberReset="continue" SectionNumberReset="continue" PageNumberReset="continue" ComputedFirstTopic="false" DescendantCount="0" /><TocEntry Title="sgx_destroy_monotonic_counter" Link="/Content/sgx_destroy_monotonic_counter.htm" VolumeNumberReset="continue" ChapterNumberReset="continue" SectionNumberReset="continue" PageNumberReset="continue" ComputedFirstTopic="false" DescendantCount="0" /><TocEntry Title="sgx_increment_monotonic_counter" Link="/Content/sgx_increment_monotonic_counter.htm" VolumeNumberReset="continue" ChapterNumberReset="continue" SectionNumberReset="continue" PageNumberReset="continue" ComputedFirstTopic="false" DescendantCount="0" /><TocEntry Title="sgx_read_monotonic_counter" Link="/Content/sgx_read_monotonic_counter.htm" VolumeNumberReset="continue" ChapterNumberReset="continue" SectionNumberReset="continue" PageNumberReset="continue" ComputedFirstTopic="false" DescendantCount="0" /><TocEntry Title="sgx_ra_init" Link="/Content/sgx_ra_init.htm" VolumeNumberReset="continue" ChapterNumberReset="continue" SectionNumberReset="continue" PageNumberReset="continue" ComputedFirstTopic="false" DescendantCount="0" /><TocEntry Title="sgx_ra_init_ex" Link="/Content/sgx_ra_init_ex.htm" VolumeNumberReset="continue" ChapterNumberReset="continue" SectionNumberReset="continue" PageNumberReset="continue" conditions="Default.Windows OS,Default.Windows_1_1_exclusion" ComputedFirstTopic="false" DescendantCount="0" /><TocEntry Title="sgx_ra_get_keys" Link="/Content/sgx_ra_get_keys.htm" VolumeNumberReset="continue" ChapterNumberReset="continue" SectionNumberReset="continue" PageNumberReset="continue" ComputedFirstTopic="false" DescendantCount="0" /><TocEntry Title="sgx_ra_close" Link="/Content/sgx_ra_close.htm" VolumeNumberReset="continue" ChapterNumberReset="continue" SectionNumberReset="continue" PageNumberReset="continue" ComputedFirstTopic="false" DescendantCount="0" /><TocEntry Title="sgx_dh_init_session" Link="/Content/sgx_dh_init_session.htm" VolumeNumberReset="continue" ChapterNumberReset="continue" SectionNumberReset="continue" PageNumberReset="continue" ComputedFirstTopic="false" DescendantCount="0" /><TocEntry Title="sgx_dh_responder_gen_msg1" Link="/Content/sgx_dh_responder_gen_msg1.htm" VolumeNumberReset="continue" ChapterNumberReset="continue" SectionNumberReset="continue" PageNumberReset="continue" ComputedFirstTopic="false" DescendantCount="0" /><TocEntry Title="sgx_dh_initiator_proc_msg1" Link="/Content/sgx_dh_initiator_proc_msg1.htm" VolumeNumberReset="continue" ChapterNumberReset="continue" SectionNumberReset="continue" PageNumberReset="continue" ComputedFirstTopic="false" DescendantCount="0" /><TocEntry Title="sgx_dh_responder_proc_msg2" Link="/Content/sgx_dh_responder_proc_msg2.htm" VolumeNumberReset="continue" ChapterNumberReset="continue" SectionNumberReset="continue" PageNumberReset="continue" ComputedFirstTopic="false" DescendantCount="0" /><TocEntry Title="sgx_dh_initiator_proc_msg3" Link="/Content/sgx_dh_initiator_proc_msg3.htm" VolumeNumberReset="continue" ChapterNumberReset="continue" SectionNumberReset="continue" PageNumberReset="continue" ComputedFirstTopic="false" DescendantCount="0" /></TocEntry><TocEntry Title="Types and Enumerations" Link="/Content/Types_and_Enumerations.htm" VolumeNumberReset="continue" ChapterNumberReset="continue" SectionNumberReset="continue" PageNumberReset="continue" ComputedFirstTopic="false" DescendantCount="63"><TocEntry Title="Type Descriptions" Link="/Content/Type_Descriptions.htm" VolumeNumberReset="continue" ChapterNumberReset="continue" SectionNumberReset="continue" PageNumberReset="continue" ComputedFirstTopic="false" DescendantCount="62"><TocEntry Title="sgx_enclave_id_t" Link="/Content/sgx_enclave_id_t.htm" VolumeNumberReset="continue" ChapterNumberReset="continue" SectionNumberReset="continue" PageNumberReset="continue" ComputedFirstTopic="false" DescendantCount="0" /><TocEntry Title="sgx_launch_token_t" Link="/Content/sgx_launch_token_t.htm" VolumeNumberReset="continue" ChapterNumberReset="continue" SectionNumberReset="continue" PageNumberReset="continue" ComputedFirstTopic="false" DescendantCount="0" /><TocEntry Title="sgx_exception_vector_t" Link="/Content/sgx_exception_vector_t.htm" VolumeNumberReset="continue" ChapterNumberReset="continue" SectionNumberReset="continue" PageNumberReset="continue" ComputedFirstTopic="false" DescendantCount="0" /><TocEntry Title="sgx_exception_type_t" Link="/Content/sgx_exception_type_t.htm" VolumeNumberReset="continue" ChapterNumberReset="continue" SectionNumberReset="continue" PageNumberReset="continue" ComputedFirstTopic="false" DescendantCount="0" /><TocEntry Title="sgx_cpu_context_t" Link="/Content/sgx_cpu_context_t.htm" VolumeNumberReset="continue" ChapterNumberReset="continue" SectionNumberReset="continue" PageNumberReset="continue" ComputedFirstTopic="false" DescendantCount="0" /><TocEntry Title="sgx_exception_info_t" Link="/Content/sgx_exception_info_t.htm" VolumeNumberReset="continue" ChapterNumberReset="continue" SectionNumberReset="continue" PageNumberReset="continue" ComputedFirstTopic="false" DescendantCount="0" /><TocEntry Title="sgx_exception_handler_t" Link="/Content/sgx_exception_handler_t.htm" VolumeNumberReset="continue" ChapterNumberReset="continue" SectionNumberReset="continue" PageNumberReset="continue" ComputedFirstTopic="false" DescendantCount="0" /><TocEntry Title="sgx_spinlock_t" Link="/Content/sgx_spinlock_t.htm" VolumeNumberReset="continue" ChapterNumberReset="continue" SectionNumberReset="continue" PageNumberReset="continue" ComputedFirstTopic="false" DescendantCount="0" /><TocEntry Title="sgx_thread_t" Link="/Content/sgx_thread_t.htm" VolumeNumberReset="continue" ChapterNumberReset="continue" SectionNumberReset="continue" PageNumberReset="continue" ComputedFirstTopic="false" DescendantCount="0" /><TocEntry Title="sgx_thread_mutex_t" Link="/Content/sgx_thread_mutex_t.htm" VolumeNumberReset="continue" ChapterNumberReset="continue" SectionNumberReset="continue" PageNumberReset="continue" ComputedFirstTopic="false" DescendantCount="0" /><TocEntry Title="sgx_thread_mutexattr_t" Link="/Content/sgx_thread_mutexattr_t.htm" VolumeNumberReset="continue" ChapterNumberReset="continue" SectionNumberReset="continue" PageNumberReset="continue" ComputedFirstTopic="false" DescendantCount="0" /><TocEntry Title="sgx_thread_cond_t" Link="/Content/sgx_thread_cond_t.htm" VolumeNumberReset="continue" ChapterNumberReset="continue" SectionNumberReset="continue" PageNumberReset="continue" ComputedFirstTopic="false" DescendantCount="0" /><TocEntry Title="sgx_thread_condattr_t" Link="/Content/sgx_thread_condattr_t.htm" VolumeNumberReset="continue" ChapterNumberReset="continue" SectionNumberReset="continue" PageNumberReset="continue" ComputedFirstTopic="false" DescendantCount="0" /><TocEntry Title="sgx_thread_sync_object_handle_t" Link="/Content/sgx_thread_sync_object_handle_t.htm" conditions="Default.Windows OS,Default.Windows_1_1_exclusion" ComputedFirstTopic="false" DescendantCount="0" /><TocEntry Title="sgx_misc_select_t" Link="/Content/sgx_misc_select_t.htm" ComputedFirstTopic="false" DescendantCount="0" /><TocEntry Title="sgx_attributes_t" Link="/Content/sgx_attributes_t.htm" VolumeNumberReset="continue" ChapterNumberReset="continue" SectionNumberReset="continue" PageNumberReset="continue" ComputedFirstTopic="false" DescendantCount="0" /><TocEntry Title="sgx_misc_attribute_t" Link="/Content/sgx_misc_attribute_t.htm" ComputedFirstTopic="false" DescendantCount="0" /><TocEntry Title="sgx_isv_svn_t" Link="/Content/sgx_isv_svn_t.htm" VolumeNumberReset="continue" ChapterNumberReset="continue" SectionNumberReset="continue" PageNumberReset="continue" ComputedFirstTopic="false" DescendantCount="0" /><TocEntry Title="sgx_cpu_svn_t" Link="/Content/sgx_cpu_svn_t.htm" VolumeNumberReset="continue" ChapterNumberReset="continue" SectionNumberReset="continue" PageNumberReset="continue" ComputedFirstTopic="false" DescendantCount="0" /><TocEntry Title="sgx_key_id_t" Link="/Content/sgx_key_id_t.htm" VolumeNumberReset="continue" ChapterNumberReset="continue" SectionNumberReset="continue" PageNumberReset="continue" ComputedFirstTopic="false" DescendantCount="0" /><TocEntry Title="sgx_key_128bit_t" Link="/Content/sgx_key_128bit_t.htm" VolumeNumberReset="continue" ChapterNumberReset="continue" SectionNumberReset="continue" PageNumberReset="continue" ComputedFirstTopic="false" DescendantCount="0" /><TocEntry Title="sgx_key_request_t" Link="/Content/sgx_key_request_t.htm" VolumeNumberReset="continue" ChapterNumberReset="continue" SectionNumberReset="continue" PageNumberReset="continue" ComputedFirstTopic="false" DescendantCount="0" /><TocEntry Title="sgx_measurement_t" Link="/Content/sgx_measurement_t.htm" VolumeNumberReset="continue" ChapterNumberReset="continue" SectionNumberReset="continue" PageNumberReset="continue" ComputedFirstTopic="false" DescendantCount="0" /><TocEntry Title="sgx_mac_t" Link="/Content/sgx_mac_t.htm" VolumeNumberReset="continue" ChapterNumberReset="continue" SectionNumberReset="continue" PageNumberReset="continue" ComputedFirstTopic="false" DescendantCount="0" /><TocEntry Title="sgx_report_data_t" Link="/Content/sgx_report_data_t.htm" VolumeNumberReset="continue" ChapterNumberReset="continue" SectionNumberReset="continue" PageNumberReset="continue" ComputedFirstTopic="false" DescendantCount="0" /><TocEntry Title="sgx_prod_id_t" Link="/Content/sgx_prod_id_t.htm" VolumeNumberReset="continue" ChapterNumberReset="continue" SectionNumberReset="continue" PageNumberReset="continue" ComputedFirstTopic="false" DescendantCount="0" /><TocEntry Title="sgx_target_info_t" Link="/Content/sgx_target_info_t.htm" VolumeNumberReset="continue" ChapterNumberReset="continue" SectionNumberReset="continue" PageNumberReset="continue" ComputedFirstTopic="false" DescendantCount="0" /><TocEntry Title="sgx_report_body_t" Link="/Content/sgx_report_body_t.htm" VolumeNumberReset="continue" ChapterNumberReset="continue" SectionNumberReset="continue" PageNumberReset="continue" ComputedFirstTopic="false" DescendantCount="0" /><TocEntry Title="sgx_report_t" Link="/Content/sgx_report_t.htm" VolumeNumberReset="continue" ChapterNumberReset="continue" SectionNumberReset="continue" PageNumberReset="continue" ComputedFirstTopic="false" DescendantCount="0" /><TocEntry Title="sgx_aes_gcm_data_t" Link="/Content/sgx_aes_gcm_data_t.htm" VolumeNumberReset="continue" ChapterNumberReset="continue" SectionNumberReset="continue" PageNumberReset="continue" ComputedFirstTopic="false" DescendantCount="0" /><TocEntry Title="sgx_sealed_data_t" Link="/Content/sgx_sealed_data_t.htm" VolumeNumberReset="continue" ChapterNumberReset="continue" SectionNumberReset="continue" PageNumberReset="continue" ComputedFirstTopic="false" DescendantCount="0" /><TocEntry Title="sgx_epid_group_id_t" Link="/Content/sgx_epid_group_id_t.htm" VolumeNumberReset="continue" ChapterNumberReset="continue" SectionNumberReset="continue" PageNumberReset="continue" ComputedFirstTopic="false" DescendantCount="0" /><TocEntry Title="sgx_basename_t" Link="/Content/sgx_basename_t.htm" VolumeNumberReset="continue" ChapterNumberReset="continue" SectionNumberReset="continue" PageNumberReset="continue" ComputedFirstTopic="false" DescendantCount="0" /><TocEntry Title="sgx_quote_t" Link="/Content/sgx_quote_t.htm" VolumeNumberReset="continue" ChapterNumberReset="continue" SectionNumberReset="continue" PageNumberReset="continue" ComputedFirstTopic="false" DescendantCount="0" /><TocEntry Title="sgx_quote_sign_type_t" Link="/Content/sgx_quote_sign_type_t.htm" VolumeNumberReset="continue" ChapterNumberReset="continue" SectionNumberReset="continue" PageNumberReset="continue" ComputedFirstTopic="false" DescendantCount="0" /><TocEntry Title="sgx_spid_t" Link="/Content/sgx_spid_t.htm" VolumeNumberReset="continue" ChapterNumberReset="continue" SectionNumberReset="continue" PageNumberReset="continue" ComputedFirstTopic="false" DescendantCount="0" /><TocEntry Title="sgx_quote_nonce_t" Link="/Content/sgx_quote_nonce_t.htm" VolumeNumberReset="continue" ChapterNumberReset="continue" SectionNumberReset="continue" PageNumberReset="continue" ComputedFirstTopic="false" DescendantCount="0" /><TocEntry Title="sgx_time_source_nonce_t" Link="/Content/sgx_time_source_nonce_t.htm" VolumeNumberReset="continue" ChapterNumberReset="continue" SectionNumberReset="continue" PageNumberReset="continue" ComputedFirstTopic="false" DescendantCount="0" /><TocEntry Title="sgx_time_t" Link="/Content/sgx_time_t.htm" VolumeNumberReset="continue" ChapterNumberReset="continue" SectionNumberReset="continue" PageNumberReset="continue" ComputedFirstTopic="false" DescendantCount="0" /><TocEntry Title="sgx_ps_cap_t" Link="/Content/sgx_ps_cap_t.htm" ComputedFirstTopic="false" DescendantCount="0" /><TocEntry Title="sgx_ps_sec_prop_desc_t" Link="/Content/sgx_ps_sec_prop_desc_t.htm" VolumeNumberReset="continue" ChapterNumberReset="continue" SectionNumberReset="continue" PageNumberReset="continue" ComputedFirstTopic="false" DescendantCount="0" /><TocEntry Title="sgx_mc_uuid_t" Link="/Content/sgx_mc_uuid_t.htm" VolumeNumberReset="continue" ChapterNumberReset="continue" SectionNumberReset="continue" PageNumberReset="continue" ComputedFirstTopic="false" DescendantCount="0" /><TocEntry Title="sgx_ra_context_t" Link="/Content/sgx_ra_context_t.htm" VolumeNumberReset="continue" ChapterNumberReset="continue" SectionNumberReset="continue" PageNumberReset="continue" ComputedFirstTopic="false" DescendantCount="0" /><TocEntry Title="sgx_ra_key_128_t" Link="/Content/sgx_ra_key_128_t.htm" VolumeNumberReset="continue" ChapterNumberReset="continue" SectionNumberReset="continue" PageNumberReset="continue" ComputedFirstTopic="false" DescendantCount="0" /><TocEntry Title="sgx_ra_derive_secret_keys_t" Link="/Content/sgx_ra_derive_secret_keys_t.htm" VolumeNumberReset="continue" ChapterNumberReset="continue" SectionNumberReset="continue" PageNumberReset="continue" conditions="Default.Windows OS,Default.Windows_1_1_exclusion" ComputeToc="false" ReplaceMergeNode="false" ComputedFirstTopic="false" DescendantCount="0" /><TocEntry Title="sgx_ra_key_type_t" Link="/Content/sgx_ra_key_type_t.htm" VolumeNumberReset="continue" ChapterNumberReset="continue" SectionNumberReset="continue" PageNumberReset="continue" ComputedFirstTopic="false" DescendantCount="0" /><TocEntry Title="sgx_ra_msg1_t" Link="/Content/sgx_ra_msg1_t.htm" VolumeNumberReset="continue" ChapterNumberReset="continue" SectionNumberReset="continue" PageNumberReset="continue" ComputedFirstTopic="false" DescendantCount="0" /><TocEntry Title="sgx_ra_msg2_t" Link="/Content/sgx_ra_msg2_t.htm" VolumeNumberReset="continue" ChapterNumberReset="continue" SectionNumberReset="continue" PageNumberReset="continue" ComputedFirstTopic="false" DescendantCount="0" /><TocEntry Title="sgx_ra_msg3_t" Link="/Content/sgx_ra_msg3_t.htm" VolumeNumberReset="continue" ChapterNumberReset="continue" SectionNumberReset="continue" PageNumberReset="continue" ComputedFirstTopic="false" DescendantCount="0" /><TocEntry Title="sgx_ecall_get_ga_t" Link="/Content/sgx_ecall_get_ga_t.htm" VolumeNumberReset="continue" ChapterNumberReset="continue" SectionNumberReset="continue" PageNumberReset="continue" ComputedFirstTopic="false" DescendantCount="0" /><TocEntry Title="sgx_ecall_proc_msg2_t" Link="/Content/sgx_ecall_proc_msg2_t.htm" VolumeNumberReset="continue" ChapterNumberReset="continue" SectionNumberReset="continue" PageNumberReset="continue" ComputedFirstTopic="false" DescendantCount="0" /><TocEntry Title="sgx_ecall_get_msg3_t" Link="/Content/sgx_ecall_get_msg3_t.htm" VolumeNumberReset="continue" ChapterNumberReset="continue" SectionNumberReset="continue" PageNumberReset="continue" ComputedFirstTopic="false" DescendantCount="0" /><TocEntry Title="sgx_platform_info_t" Link="/Content/sgx_platform_info_t.htm" ComputedFirstTopic="false" DescendantCount="0" /><TocEntry Title="sgx_update_info_bit_t" Link="/Content/sgx_update_info_bit_t.htm" ComputedFirstTopic="false" DescendantCount="0" /><TocEntry Title="sgx_dh_msg1_t" Link="/Content/sgx_dh_msg1_t.htm" VolumeNumberReset="continue" ChapterNumberReset="continue" SectionNumberReset="continue" PageNumberReset="continue" ComputedFirstTopic="false" DescendantCount="0" /><TocEntry Title="sgx_dh_msg2_t" Link="/Content/sgx_dh_msg2_t.htm" VolumeNumberReset="continue" ChapterNumberReset="continue" SectionNumberReset="continue" PageNumberReset="continue" ComputedFirstTopic="false" DescendantCount="0" /><TocEntry Title="sgx_dh_msg3_t" Link="/Content/sgx_dh_msg3_t.htm" VolumeNumberReset="continue" ChapterNumberReset="continue" SectionNumberReset="continue" PageNumberReset="continue" ComputedFirstTopic="false" DescendantCount="0" /><TocEntry Title="sgx_dh_msg3_body_t" Link="/Content/sgx_dh_msg3_body_t.htm" VolumeNumberReset="continue" ChapterNumberReset="continue" SectionNumberReset="continue" PageNumberReset="continue" ComputedFirstTopic="false" DescendantCount="0" /><TocEntry Title="sgx_dh_session_enclave_identity_t" Link="/Content/sgx_dh_session_enclave_identity_t.htm" VolumeNumberReset="continue" ChapterNumberReset="continue" SectionNumberReset="continue" PageNumberReset="continue" ComputedFirstTopic="false" DescendantCount="0" /><TocEntry Title="sgx_dh_session_role_t" Link="/Content/sgx_dh_session_role_t.htm" VolumeNumberReset="continue" ChapterNumberReset="continue" SectionNumberReset="continue" PageNumberReset="continue" ComputedFirstTopic="false" DescendantCount="0" /><TocEntry Title="sgx_dh_session_t" Link="/Content/sgx_dh_session_t.htm" VolumeNumberReset="continue" ChapterNumberReset="continue" SectionNumberReset="continue" PageNumberReset="continue" ComputedFirstTopic="false" DescendantCount="0" /><TocEntry Title="sgx_device_status_t" Link="/Content/sgx_device_status_t.htm" VolumeNumberReset="continue" ChapterNumberReset="continue" SectionNumberReset="continue" PageNumberReset="continue" conditions="Default.Windows OS" ComputedFirstTopic="false" DescendantCount="0" /></TocEntry></TocEntry><TocEntry Title="Error Codes" Link="/Content/Error_Codes.htm" VolumeNumberReset="continue" ChapterNumberReset="continue" SectionNumberReset="continue" PageNumberReset="continue" ComputedFirstTopic="false" DescendantCount="0" /></CatapultToc>