<?xml version="1.0" encoding="utf-8"?><index><stem n="auto-gener"><phr n="auto-generated"><ent r="4" t="18" w="87" /><ent r="4" t="18" w="141" /></phr></stem><stem n="_enclave.edl"><phr n="_enclave.edl"><ent r="5" t="18" w="104" /><ent r="4" t="98" w="207" /></phr></stem><stem n="export"><phr n="exported"><ent r="4" t="18" w="115" /><ent r="3" t="72" w="60" /></phr><phr n="Export"><ent r="65" t="42" w="404" /><ent r="66" t="43" w="466" /><ent r="3" t="51" w="277" /><ent r="82" t="71" w="16" /><ent r="3" t="71" w="22" /></phr><phr n="exports"><ent r="3" t="51" w="49" /></phr></stem><stem n="(trusted)"><phr n="(trusted)"><ent r="4" t="18" w="117" /></phr></stem><stem n="(untrusted)"><phr n="(untrusted)"><ent r="4" t="18" w="120" /><ent r="7" t="39" w="534" /><ent r="3" t="69" w="86" /></phr></stem><stem n="explain"><phr n="explained"><ent r="4" t="18" w="126" /><ent r="4" t="18" w="172" /><ent r="3" t="39" w="253" /><ent r="3" t="57" w="33" /><ent r="4" t="57" w="44" /><ent r="3" t="65" w="69" /></phr></stem><stem n="chapter"><phr n="chapter"><ent r="4" t="18" w="130" /></phr></stem><stem n="_enclave_t.h"><phr n="_enclave_t.h"><ent r="5" t="18" w="138" /></phr></stem><stem n="resourc"><phr n="Resource"><ent r="3" t="18" w="158" /><ent r="7" t="39" w="583" /><ent r="4" t="42" w="552" /><ent r="4" t="42" w="571" /><ent r="3" t="74" w="336" /><ent r="4" t="118" w="47" /><ent r="4" t="118" w="81" /><ent r="4" t="119" w="54" /><ent r="4" t="119" w="87" /><ent r="4" t="120" w="48" /><ent r="4" t="120" w="81" /></phr><phr n="resources"><ent r="3" t="86" w="39" /><ent r="3" t="87" w="185" /><ent r="3" t="88" w="54" /><ent r="4" t="112" w="270" /><ent r="3" t="150" w="23" /><ent r="3" t="150" w="118" /><ent r="3" t="192" w="24" /><ent r="3" t="192" w="98" /></phr></stem><stem n="config"><phr n="config"><ent r="5" t="18" w="163" /><ent r="3" t="20" w="184" /><ent r="3" t="20" w="189" /><ent r="6" t="26" w="76" /><ent r="6" t="26" w="142" /><ent r="6" t="26" w="231" /><ent r="6" t="26" w="271" /><ent r="5" t="30" w="100" /><ent r="5" t="30" w="101" /><ent r="7" t="30" w="146" /><ent r="7" t="30" w="147" /><ent r="7" t="30" w="206" /><ent r="7" t="30" w="207" /><ent r="4" t="30" w="230" /><ent r="3" t="37" w="125" /></phr></stem><stem n="_enclave.config.xml"><phr n="_enclave.config.xml"><ent r="5" t="18" w="164" /></phr></stem><stem n="xml"><phr n="xml"><ent r="5" t="18" w="164" /><ent r="3" t="20" w="190" /><ent r="6" t="28" w="79" /><ent r="5" t="30" w="102" /><ent r="7" t="30" w="148" /><ent r="7" t="30" w="208" /><ent r="4" t="30" w="231" /><ent r="3" t="74" w="15" /><ent r="3" t="74" w="27" /></phr></stem><stem n="_enclave.private.pem"><phr n="_enclave.private.pem"><ent r="5" t="18" w="181" /></phr></stem><stem n="pem"><phr n="pem"><ent r="5" t="18" w="181" /><ent r="3" t="20" w="170" /><ent r="6" t="28" w="91" /><ent r="6" t="28" w="98" /><ent r="3" t="29" w="19" /><ent r="3" t="29" w="66" /><ent r="3" t="29" w="106" /><ent r="3" t="29" w="118" /><ent r="3" t="29" w="122" /><ent r="5" t="30" w="111" /><ent r="7" t="30" w="217" /><ent r="3" t="31" w="39" /><ent r="3" t="31" w="59" /><ent r="3" t="31" w="64" /><ent r="3" t="31" w="85" /><ent r="3" t="31" w="87" /></phr></stem><stem n="rsa"><phr n="RSA"><ent r="4" t="18" w="183" /><ent r="6" t="28" w="104" /><ent r="6" t="28" w="138" /><ent r="6" t="28" w="166" /><ent r="6" t="28" w="183" /><ent r="4" t="31" w="21" /><ent r="4" t="31" w="51" /><ent r="3" t="31" w="55" /><ent r="3" t="97" w="405" /><ent r="3" t="221" w="504" /></phr></stem><stem n="kept"><phr n="kept"><ent r="4" t="18" w="199" /></phr></stem><stem n="expos"><phr n="exposed"><ent r="4" t="18" w="206" /><ent r="4" t="43" w="124" /><ent r="4" t="99" w="463" /><ent r="3" t="155" w="457" /></phr><phr n="expose"><ent r="4" t="18" w="227" /><ent r="3" t="155" w="210" /><ent r="3" t="156" w="297" /><ent r="3" t="156" w="364" /></phr><phr n="exposes"><ent r="3" t="80" w="38" /><ent r="3" t="94" w="80" /><ent r="3" t="98" w="106" /><ent r="3" t="98" w="150" /><ent r="3" t="98" w="340" /><ent r="4" t="132" w="29" /><ent r="4" t="132" w="43" /><ent r="3" t="149" w="1176" /><ent r="3" t="150" w="175" /></phr></stem><stem n="could"><phr n="could"><ent r="4" t="18" w="209" /><ent r="5" t="27" w="129" /><ent r="4" t="43" w="122" /><ent r="3" t="58" w="917" /><ent r="4" t="77" w="282" /><ent r="3" t="191" w="315" /><ent r="3" t="212" w="147" /><ent r="3" t="212" w="172" /><ent r="3" t="212" w="307" /><ent r="3" t="212" w="608" /><ent r="3" t="212" w="622" /><ent r="3" t="213" w="149" /><ent r="3" t="213" w="174" /><ent r="3" t="213" w="310" /><ent r="3" t="213" w="631" /><ent r="3" t="227" w="344" /><ent r="3" t="232" w="458" /><ent r="3" t="233" w="368" /><ent r="3" t="234" w="351" /><ent r="3" t="235" w="366" /><ent r="4" t="269" w="271" /><ent r="4" t="269" w="297" /><ent r="4" t="277" w="165" /><ent r="4" t="315" w="97" /></phr></stem><stem n="malwar"><phr n="malware"><ent r="4" t="18" w="213" /><ent r="4" t="24" w="325" /></phr></stem><stem n="valid"><phr n="valid"><ent r="4" t="18" w="218" /><ent r="3" t="26" w="29" /><ent r="3" t="26" w="235" /><ent r="6" t="26" w="387" /><ent r="6" t="26" w="412" /><ent r="3" t="37" w="130" /><ent r="3" t="52" w="12" /><ent r="3" t="56" w="143" /><ent r="3" t="76" w="121" /><ent r="6" t="99" w="397" /><ent r="3" t="112" w="278" /><ent r="3" t="149" w="179" /><ent r="3" t="149" w="375" /><ent r="3" t="149" w="437" /><ent r="3" t="149" w="447" /><ent r="3" t="149" w="686" /><ent r="3" t="149" w="740" /><ent r="3" t="149" w="1106" /><ent r="3" t="150" w="87" /><ent r="3" t="168" w="137" /><ent r="3" t="170" w="86" /><ent r="3" t="186" w="47" /><ent r="3" t="197" w="185" /><ent r="3" t="225" w="23" /><ent r="3" t="225" w="85" /><ent r="4" t="225" w="170" /><ent r="3" t="225" w="194" /><ent r="3" t="225" w="215" /><ent r="3" t="225" w="260" /><ent r="3" t="225" w="289" /><ent r="3" t="225" w="298" /><ent r="3" t="227" w="396" /><ent r="3" t="227" w="405" /><ent r="4" t="241" w="137" /><ent r="4" t="243" w="109" /><ent r="4" t="243" w="154" /><ent r="4" t="243" w="205" /><ent r="4" t="244" w="114" /><ent r="4" t="244" w="166" /><ent r="4" t="244" w="217" /><ent r="4" t="244" w="363" /><ent r="4" t="244" w="453" /><ent r="4" t="245" w="111" /><ent r="4" t="245" w="161" /><ent r="4" t="245" w="307" /><ent r="4" t="245" w="393" /><ent r="3" t="315" w="16" /><ent r="3" t="315" w="42" /><ent r="3" t="315" w="64" /><ent r="4" t="315" w="141" /></phr><phr n="validate"><ent r="3" t="58" w="898" /><ent r="3" t="58" w="945" /><ent r="4" t="62" w="362" /></phr><phr n="validity"><ent r="3" t="225" w="102" /></phr><phr n="validation"><ent r="3" t="225" w="177" /><ent r="3" t="225" w="187" /><ent r="3" t="225" w="198" /><ent r="3" t="225" w="274" /></phr><phr n="validates"><ent r="3" t="225" w="253" /></phr></stem><stem n=".if"><phr n=".If"><ent r="4" t="18" w="221" /></phr></stem><stem n="_sign"><phr n="_sign"><ent r="4" t="18" w="239" /><ent r="4" t="25" w="24" /><ent r="4" t="25" w="99" /><ent r="1000" t="26" w="2" /><ent r="4" t="26" w="15" /><ent r="4" t="26" w="24" /><ent r="4" t="26" w="483" /><ent r="3" t="26" w="524" /><ent r="4" t="26" w="535" /><ent r="7" t="28" w="60" /><ent r="5" t="30" w="93" /><ent r="7" t="30" w="139" /><ent r="7" t="30" w="199" /><ent r="4" t="30" w="275" /><ent r="64" t="74" w="48" /><ent r="7" t="310" w="419" /></phr></stem><stem n="/compil"><phr n="/Compiler"><ent r="1000" t="19" w="6" /></phr></stem><stem n="context"><phr n="context"><ent r="3" t="19" w="65" /><ent r="3" t="22" w="68" /><ent r="3" t="59" w="74" /><ent r="3" t="98" w="258" /><ent r="3" t="98" w="261" /><ent r="3" t="98" w="273" /><ent r="3" t="98" w="275" /><ent r="4" t="99" w="321" /><ent r="4" t="99" w="332" /><ent r="4" t="99" w="440" /><ent r="4" t="99" w="597" /><ent r="3" t="100" w="56" /><ent r="3" t="101" w="106" /><ent r="3" t="142" w="24" /><ent r="65" t="146" w="120" /><ent r="65" t="146" w="125" /><ent r="3" t="155" w="62" /><ent r="3" t="155" w="90" /><ent r="3" t="155" w="92" /><ent r="4" t="155" w="121" /><ent r="3" t="155" w="124" /><ent r="3" t="156" w="94" /><ent r="3" t="156" w="156" /><ent r="3" t="156" w="158" /><ent r="4" t="156" w="215" /><ent r="3" t="156" w="218" /><ent r="3" t="171" w="45" /><ent r="3" t="171" w="63" /><ent r="3" t="208" w="20" /><ent r="3" t="208" w="101" /><ent r="3" t="209" w="144" /><ent r="3" t="210" w="74" /><ent r="3" t="211" w="62" /><ent r="3" t="215" w="20" /><ent r="3" t="215" w="136" /><ent r="3" t="216" w="146" /><ent r="3" t="217" w="72" /><ent r="3" t="218" w="20" /><ent r="3" t="218" w="64" /><ent r="3" t="218" w="151" /><ent r="1000" t="221" w="4" /><ent r="72" t="221" w="9" /><ent r="4" t="221" w="14" /><ent r="3" t="221" w="21" /><ent r="3" t="221" w="35" /><ent r="4" t="221" w="72" /><ent r="3" t="221" w="83" /><ent r="3" t="221" w="106" /><ent r="3" t="221" w="135" /><ent r="3" t="221" w="159" /><ent r="3" t="221" w="202" /><ent r="3" t="221" w="229" /><ent r="4" t="221" w="248" /><ent r="4" t="221" w="317" /><ent r="1000" t="222" w="4" /><ent r="72" t="222" w="9" /><ent r="4" t="222" w="14" /><ent r="4" t="222" w="35" /><ent r="3" t="222" w="59" /><ent r="3" t="222" w="86" /><ent r="3" t="222" w="110" /><ent r="4" t="222" w="162" /><ent r="4" t="223" w="52" /><ent r="3" t="223" w="63" /><ent r="3" t="223" w="204" /><ent r="3" t="223" w="228" /><ent r="3" t="223" w="269" /><ent r="3" t="223" w="434" /><ent r="4" t="223" w="458" /><ent r="3" t="224" w="180" /><ent r="3" t="224" w="204" /><ent r="3" t="224" w="245" /><ent r="4" t="224" w="673" /><ent r="4" t="225" w="38" /><ent r="3" t="225" w="49" /><ent r="3" t="225" w="126" /><ent r="3" t="225" w="150" /><ent r="3" t="226" w="156" /><ent r="3" t="226" w="180" /><ent r="3" t="226" w="219" /><ent r="4" t="226" w="410" /><ent r="3" t="227" w="186" /><ent r="3" t="227" w="210" /><ent r="3" t="227" w="258" /><ent r="4" t="227" w="421" /><ent r="3" t="237" w="18" /><ent r="3" t="237" w="52" /><ent r="3" t="237" w="55" /><ent r="4" t="237" w="134" /><ent r="3" t="237" w="139" /><ent r="3" t="237" w="255" /><ent r="3" t="238" w="20" /><ent r="3" t="238" w="78" /><ent r="3" t="238" w="81" /><ent r="4" t="238" w="214" /><ent r="3" t="238" w="219" /><ent r="3" t="238" w="335" /><ent r="3" t="239" w="75" /><ent r="3" t="239" w="77" /><ent r="4" t="239" w="98" /><ent r="3" t="239" w="101" /><ent r="3" t="239" w="143" /><ent r="3" t="239" w="327" /><ent r="3" t="240" w="25" /><ent r="3" t="240" w="33" /><ent r="3" t="240" w="50" /><ent r="3" t="240" w="52" /><ent r="4" t="240" w="58" /><ent r="3" t="240" w="61" /><ent r="3" t="240" w="86" /><ent r="65" t="247" w="44" /><ent r="65" t="247" w="232" /><ent r="1000" t="252" w="3" /><ent r="72" t="252" w="8" /><ent r="4" t="252" w="31" /><ent r="3" t="252" w="39" /><ent r="3" t="252" w="58" /><ent r="3" t="252" w="136" /><ent r="3" t="252" w="144" /><ent r="3" t="252" w="190" /><ent r="3" t="253" w="28" /><ent r="3" t="253" w="47" /><ent r="3" t="253" w="50" /><ent r="4" t="253" w="75" /><ent r="3" t="253" w="78" /><ent r="3" t="253" w="84" /><ent r="1000" t="290" w="3" /><ent r="72" t="290" w="8" /><ent r="3" t="290" w="14" /><ent r="3" t="290" w="29" /><ent r="1000" t="292" w="3" /><ent r="3" t="297" w="52" /><ent r="3" t="297" w="54" /><ent r="3" t="298" w="52" /><ent r="3" t="298" w="54" /><ent r="3" t="299" w="52" /><ent r="3" t="299" w="54" /></phr><phr n="contexts"><ent r="3" t="237" w="207" /><ent r="3" t="238" w="287" /><ent r="3" t="292" w="237" /></phr></stem><stem n="/c++-&gt;general-&gt;addit"><phr n="/C++-&gt;General-&gt;Additional"><ent r="4" t="20" w="29" /><ent r="4" t="21" w="32" /></phr></stem><stem n="c++-&gt;gener"><phr n="C++-&gt;General"><ent r="4" t="20" w="29" /><ent r="4" t="21" w="32" /></phr></stem><stem n="c++-&gt;general-&gt;addit"><phr n="C++-&gt;General-&gt;Additional"><ent r="4" t="20" w="29" /><ent r="4" t="21" w="32" /></phr></stem><stem n="&gt;gener"><phr n="&gt;General"><ent r="4" t="20" w="30" /><ent r="4" t="20" w="50" /><ent r="4" t="21" w="33" /><ent r="3" t="21" w="43" /></phr></stem><stem n="&gt;general-&gt;addit"><phr n="&gt;General-&gt;Additional"><ent r="4" t="20" w="30" /><ent r="4" t="20" w="50" /><ent r="4" t="21" w="33" /><ent r="3" t="21" w="43" /></phr></stem><stem n="&gt;addit"><phr n="&gt;Additional"><ent r="4" t="20" w="31" /><ent r="4" t="20" w="51" /><ent r="4" t="20" w="66" /><ent r="4" t="21" w="34" /><ent r="3" t="21" w="44" /><ent r="4" t="21" w="58" /></phr></stem><stem n="directori"><phr n="Directories"><ent r="4" t="20" w="33" /><ent r="4" t="20" w="53" /><ent r="4" t="21" w="36" /><ent r="3" t="21" w="46" /><ent r="7" t="129" w="115" /></phr><phr n="directory"><ent r="6" t="24" w="234" /><ent r="6" t="24" w="247" /><ent r="5" t="32" w="169" /><ent r="4" t="36" w="554" /><ent r="3" t="50" w="35" /><ent r="3" t="50" w="44" /><ent r="3" t="50" w="61" /><ent r="3" t="50" w="78" /><ent r="3" t="50" w="119" /><ent r="4" t="79" w="95" /><ent r="4" t="79" w="111" /><ent r="3" t="82" w="41" /><ent r="4" t="82" w="79" /><ent r="3" t="87" w="252" /><ent r="4" t="87" w="284" /><ent r="4" t="87" w="300" /><ent r="4" t="90" w="108" /><ent r="3" t="93" w="107" /><ent r="4" t="93" w="134" /><ent r="4" t="93" w="150" /><ent r="3" t="97" w="199" /><ent r="4" t="97" w="277" /><ent r="4" t="97" w="293" /><ent r="4" t="103" w="164" /><ent r="4" t="103" w="180" /><ent r="4" t="112" w="108" /><ent r="4" t="112" w="124" /><ent r="3" t="112" w="315" /></phr></stem><stem n="$"><phr n="$"><ent r="3" t="20" w="36" /><ent r="3" t="20" w="39" /><ent r="3" t="20" w="43" /><ent r="3" t="20" w="55" /><ent r="3" t="20" w="58" /><ent r="3" t="20" w="60" /><ent r="3" t="20" w="155" /><ent r="3" t="20" w="165" /><ent r="3" t="20" w="172" /><ent r="3" t="20" w="178" /><ent r="3" t="20" w="185" /><ent r="4" t="21" w="38" /><ent r="4" t="21" w="48" /><ent r="4" t="21" w="51" /><ent r="4" t="21" w="53" /><ent r="5" t="32" w="174" /><ent r="4" t="79" w="68" /><ent r="4" t="87" w="247" /><ent r="4" t="93" w="102" /><ent r="4" t="97" w="201" /><ent r="4" t="103" w="131" /><ent r="4" t="112" w="65" /><ent r="7" t="129" w="106" /><ent r="7" t="129" w="109" /><ent r="4" t="137" w="51" /></phr></stem><stem n="sgxsdkinstallpath"><phr n="SGXSDKInstallPath"><ent r="3" t="20" w="37" /><ent r="3" t="20" w="40" /><ent r="3" t="20" w="44" /><ent r="3" t="20" w="56" /><ent r="3" t="20" w="156" /><ent r="4" t="21" w="39" /><ent r="4" t="21" w="49" /><ent r="4" t="79" w="69" /><ent r="4" t="87" w="248" /><ent r="4" t="93" w="103" /><ent r="4" t="97" w="202" /><ent r="4" t="103" w="132" /><ent r="4" t="112" w="66" /><ent r="4" t="137" w="52" /></phr></stem><stem n="tlibc"><phr n="tlibc"><ent r="3" t="20" w="42" /><ent r="4" t="137" w="54" /></phr></stem><stem n="stlport"><phr n="stlport"><ent r="3" t="20" w="46" /><ent r="3" t="145" w="38" /></phr></stem><stem n="(sgxsdkinstallpath)include;$(sgxsdkinstallpath)include\tlibc;$(sgxsdkinstallpath)include\stlport;"><phr n="(SGXSDKInstallPath)include;$(SGXSDKInstallPath)include\tlibc;$(SGXSDKInstallPath)include\stlport;"><ent r="3" t="20" w="47" /></phr></stem><stem n="-&gt;general-&gt;addit"><phr n="-&gt;General-&gt;Additional"><ent r="4" t="20" w="49" /><ent r="4" t="20" w="50" /><ent r="3" t="21" w="42" /><ent r="3" t="21" w="43" /></phr></stem><stem n="linker-&gt;gener"><phr n="Linker-&gt;General"><ent r="4" t="20" w="49" /><ent r="3" t="21" w="42" /></phr></stem><stem n="linker-&gt;general-&gt;addit"><phr n="Linker-&gt;General-&gt;Additional"><ent r="4" t="20" w="49" /><ent r="3" t="21" w="42" /></phr></stem><stem n="bin"><phr n="bin"><ent r="3" t="20" w="57" /><ent r="3" t="20" w="157" /><ent r="4" t="21" w="50" /></phr></stem><stem n="(sgxsdkinstallpath)bin\$(platform)\$(configuration)"><phr n="(SGXSDKInstallPath)bin\$(Platform)\$(Configuration)"><ent r="3" t="20" w="62" /><ent r="4" t="21" w="55" /></phr></stem><stem n="-&gt;input-&gt;addit"><phr n="-&gt;Input-&gt;Additional"><ent r="4" t="20" w="64" /><ent r="4" t="20" w="65" /><ent r="4" t="21" w="56" /><ent r="4" t="21" w="57" /></phr></stem><stem n="linker-&gt;input"><phr n="Linker-&gt;Input"><ent r="4" t="20" w="64" /><ent r="4" t="20" w="110" /><ent r="4" t="21" w="56" /></phr></stem><stem n="linker-&gt;input-&gt;addit"><phr n="Linker-&gt;Input-&gt;Additional"><ent r="4" t="20" w="64" /><ent r="4" t="21" w="56" /></phr></stem><stem n="&gt;input"><phr n="&gt;Input"><ent r="4" t="20" w="65" /><ent r="4" t="20" w="111" /><ent r="4" t="21" w="57" /></phr></stem><stem n="&gt;input-&gt;addit"><phr n="&gt;Input-&gt;Additional"><ent r="4" t="20" w="65" /><ent r="4" t="21" w="57" /></phr></stem><stem n="hw"><phr n="HW"><ent r="3" t="20" w="69" /><ent r="3" t="21" w="61" /><ent r="6" t="47" w="69" /><ent r="6" t="47" w="146" /><ent r="6" t="49" w="61" /><ent r="6" t="49" w="140" /><ent r="3" t="97" w="16" /><ent r="3" t="97" w="23" /><ent r="3" t="97" w="63" /><ent r="3" t="123" w="61" /><ent r="4" t="126" w="144" /><ent r="3" t="168" w="187" /><ent r="3" t="253" w="122" /></phr></stem><stem n="trt"><phr n="trts"><ent r="4" t="20" w="73" /><ent r="4" t="20" w="92" /><ent r="3" t="34" w="317" /><ent r="3" t="34" w="336" /><ent r="3" t="34" w="370" /><ent r="57" t="47" w="56" /><ent r="57" t="47" w="73" /><ent r="3" t="98" w="238" /><ent r="3" t="124" w="16" /><ent r="3" t="125" w="15" /><ent r="3" t="125" w="47" /><ent r="3" t="139" w="45" /><ent r="3" t="141" w="45" /><ent r="6" t="166" w="197" /><ent r="7" t="166" w="203" /><ent r="7" t="166" w="209" /><ent r="6" t="167" w="161" /><ent r="7" t="167" w="167" /><ent r="7" t="167" w="173" /><ent r="6" t="168" w="213" /><ent r="7" t="168" w="219" /><ent r="7" t="168" w="225" /><ent r="6" t="169" w="381" /><ent r="7" t="169" w="388" /><ent r="7" t="169" w="394" /><ent r="6" t="170" w="157" /><ent r="7" t="170" w="164" /><ent r="7" t="170" w="170" /><ent r="7" t="171" w="81" /><ent r="7" t="171" w="87" /><ent r="7" t="172" w="67" /><ent r="7" t="172" w="73" /><ent r="7" t="173" w="89" /><ent r="7" t="173" w="95" /><ent r="3" t="186" w="78" /><ent r="6" t="250" w="157" /><ent r="6" t="251" w="84" /><ent r="6" t="252" w="269" /><ent r="6" t="253" w="140" /><ent r="6" t="254" w="112" /></phr></stem><stem n="lib"><phr n="lib"><ent r="4" t="20" w="74" /><ent r="4" t="20" w="77" /><ent r="4" t="20" w="80" /><ent r="4" t="20" w="83" /><ent r="4" t="20" w="86" /><ent r="4" t="20" w="94" /><ent r="4" t="20" w="98" /><ent r="4" t="20" w="101" /><ent r="4" t="20" w="104" /><ent r="4" t="20" w="107" /><ent r="4" t="21" w="67" /><ent r="4" t="21" w="70" /><ent r="4" t="21" w="79" /><ent r="4" t="21" w="83" /><ent r="55" t="42" w="335" /><ent r="55" t="42" w="347" /><ent r="56" t="42" w="497" /><ent r="4" t="42" w="502" /><ent r="4" t="42" w="520" /><ent r="4" t="43" w="211" /><ent r="4" t="43" w="234" /><ent r="57" t="47" w="57" /><ent r="57" t="47" w="75" /><ent r="57" t="47" w="94" /><ent r="57" t="47" w="110" /><ent r="57" t="47" w="121" /><ent r="57" t="47" w="152" /><ent r="57" t="47" w="160" /><ent r="57" t="47" w="175" /><ent r="57" t="47" w="186" /><ent r="57" t="49" w="46" /><ent r="6" t="49" w="94" /><ent r="6" t="49" w="102" /><ent r="57" t="49" w="119" /><ent r="6" t="49" w="178" /><ent r="6" t="49" w="188" /><ent r="57" t="49" w="205" /><ent r="6" t="49" w="221" /><ent r="3" t="71" w="153" /><ent r="3" t="71" w="165" /><ent r="54" t="94" w="113" /><ent r="55" t="98" w="71" /><ent r="55" t="101" w="202" /><ent r="55" t="101" w="351" /><ent r="4" t="123" w="146" /><ent r="4" t="146" w="183" /><ent r="4" t="149" w="1135" /><ent r="55" t="149" w="1174" /><ent r="7" t="149" w="1347" /><ent r="7" t="149" w="1354" /><ent r="55" t="150" w="173" /><ent r="4" t="150" w="192" /><ent r="7" t="150" w="223" /><ent r="7" t="150" w="230" /><ent r="7" t="151" w="156" /><ent r="7" t="152" w="348" /><ent r="7" t="152" w="356" /><ent r="7" t="153" w="182" /><ent r="7" t="153" w="190" /><ent r="7" t="154" w="607" /><ent r="7" t="154" w="615" /><ent r="7" t="155" w="520" /><ent r="7" t="155" w="527" /><ent r="7" t="156" w="769" /><ent r="7" t="156" w="776" /><ent r="7" t="157" w="514" /><ent r="7" t="157" w="522" /><ent r="7" t="158" w="209" /><ent r="7" t="158" w="217" /><ent r="7" t="159" w="195" /><ent r="7" t="159" w="203" /><ent r="7" t="164" w="219" /><ent r="7" t="164" w="227" /><ent r="7" t="165" w="208" /><ent r="7" t="165" w="216" /><ent r="7" t="166" w="204" /><ent r="7" t="166" w="211" /><ent r="7" t="167" w="168" /><ent r="7" t="167" w="175" /><ent r="7" t="168" w="220" /><ent r="7" t="168" w="227" /><ent r="7" t="169" w="389" /><ent r="7" t="169" w="396" /><ent r="7" t="170" w="165" /><ent r="7" t="170" w="172" /><ent r="7" t="171" w="82" /><ent r="7" t="171" w="89" /><ent r="7" t="172" w="68" /><ent r="7" t="172" w="75" /><ent r="7" t="172" w="81" /><ent r="7" t="173" w="90" /><ent r="7" t="173" w="97" /><ent r="7" t="174" w="123" /><ent r="7" t="175" w="117" /><ent r="7" t="176" w="247" /><ent r="7" t="177" w="197" /><ent r="7" t="178" w="305" /><ent r="7" t="179" w="223" /><ent r="7" t="180" w="200" /><ent r="7" t="181" w="215" /><ent r="7" t="182" w="196" /><ent r="7" t="183" w="416" /><ent r="7" t="184" w="203" /><ent r="7" t="185" w="149" /><ent r="7" t="186" w="116" /><ent r="7" t="187" w="274" /><ent r="7" t="188" w="161" /><ent r="7" t="189" w="136" /><ent r="7" t="190" w="231" /><ent r="7" t="191" w="340" /><ent r="7" t="192" w="216" /><ent r="7" t="193" w="344" /><ent r="7" t="194" w="360" /><ent r="7" t="195" w="426" /><ent r="7" t="195" w="433" /><ent r="7" t="196" w="506" /><ent r="7" t="196" w="513" /><ent r="7" t="197" w="201" /><ent r="7" t="197" w="208" /><ent r="7" t="198" w="251" /><ent r="7" t="198" w="258" /><ent r="7" t="199" w="194" /><ent r="7" t="199" w="201" /><ent r="7" t="200" w="180" /><ent r="7" t="200" w="187" /><ent r="7" t="201" w="667" /><ent r="7" t="201" w="674" /><ent r="7" t="202" w="807" /><ent r="7" t="202" w="814" /><ent r="7" t="203" w="740" /><ent r="7" t="203" w="747" /><ent r="7" t="204" w="480" /><ent r="7" t="204" w="487" /><ent r="7" t="205" w="653" /><ent r="7" t="205" w="660" /><ent r="7" t="206" w="462" /><ent r="7" t="206" w="469" /><ent r="7" t="207" w="301" /><ent r="7" t="208" w="298" /><ent r="7" t="209" w="328" /><ent r="7" t="210" w="245" /><ent r="7" t="211" w="165" /><ent r="7" t="212" w="649" /><ent r="7" t="213" w="653" /><ent r="7" t="214" w="333" /><ent r="7" t="215" w="327" /><ent r="7" t="216" w="388" /><ent r="7" t="217" w="298" /><ent r="7" t="218" w="167" /><ent r="7" t="219" w="386" /><ent r="7" t="220" w="386" /><ent r="7" t="221" w="544" /><ent r="7" t="222" w="200" /><ent r="7" t="223" w="474" /><ent r="7" t="224" w="689" /><ent r="7" t="225" w="312" /><ent r="7" t="226" w="426" /><ent r="7" t="227" w="437" /><ent r="7" t="228" w="253" /><ent r="7" t="228" w="260" /><ent r="7" t="229" w="137" /><ent r="7" t="229" w="144" /><ent r="7" t="230" w="181" /><ent r="7" t="230" w="188" /><ent r="7" t="231" w="380" /><ent r="7" t="231" w="387" /><ent r="7" t="232" w="645" /><ent r="7" t="232" w="652" /><ent r="7" t="233" w="552" /><ent r="7" t="233" w="559" /><ent r="7" t="234" w="417" /><ent r="7" t="234" w="424" /><ent r="7" t="235" w="432" /><ent r="7" t="235" w="439" /><ent r="7" t="236" w="334" /><ent r="7" t="236" w="341" /><ent r="7" t="237" w="292" /><ent r="7" t="238" w="372" /><ent r="7" t="239" w="506" /><ent r="7" t="240" w="140" /><ent r="7" t="241" w="189" /><ent r="7" t="241" w="196" /><ent r="7" t="242" w="241" /><ent r="7" t="242" w="248" /><ent r="7" t="243" w="298" /><ent r="7" t="243" w="305" /><ent r="7" t="244" w="560" /><ent r="7" t="244" w="567" /><ent r="7" t="245" w="483" /><ent r="7" t="245" w="490" /><ent r="6" t="313" w="128" /><ent r="6" t="313" w="233" /><ent r="6" t="313" w="259" /><ent r="6" t="314" w="41" /><ent r="6" t="314" w="49" /><ent r="6" t="314" w="52" /><ent r="6" t="314" w="62" /><ent r="6" t="314" w="65" /><ent r="6" t="314" w="68" /><ent r="6" t="314" w="75" /><ent r="6" t="314" w="89" /><ent r="6" t="314" w="92" /><ent r="6" t="314" w="104" /><ent r="6" t="314" w="121" /><ent r="6" t="314" w="138" /></phr></stem><stem n="_trts.lib;"><phr n="_trts.lib;"><ent r="4" t="20" w="75" /></phr></stem><stem n="tservic"><phr n="tservice"><ent r="4" t="20" w="76" /><ent r="4" t="20" w="96" /><ent r="55" t="42" w="346" /><ent r="57" t="47" w="120" /><ent r="57" t="47" w="150" /><ent r="57" t="47" w="159" /><ent r="54" t="94" w="112" /><ent r="4" t="130" w="27" /><ent r="4" t="130" w="38" /><ent r="4" t="131" w="19" /><ent r="4" t="132" w="21" /><ent r="4" t="135" w="14" /><ent r="4" t="146" w="43" /><ent r="7" t="195" w="425" /><ent r="7" t="195" w="431" /><ent r="7" t="196" w="505" /><ent r="7" t="196" w="511" /><ent r="7" t="197" w="200" /><ent r="7" t="197" w="206" /><ent r="7" t="198" w="250" /><ent r="7" t="198" w="256" /><ent r="7" t="199" w="193" /><ent r="7" t="199" w="199" /><ent r="7" t="200" w="179" /><ent r="7" t="200" w="185" /><ent r="7" t="201" w="666" /><ent r="7" t="201" w="672" /><ent r="7" t="202" w="806" /><ent r="7" t="202" w="812" /><ent r="7" t="203" w="739" /><ent r="7" t="203" w="745" /><ent r="7" t="204" w="479" /><ent r="7" t="204" w="485" /><ent r="7" t="205" w="652" /><ent r="7" t="205" w="658" /><ent r="7" t="206" w="461" /><ent r="7" t="206" w="467" /><ent r="7" t="228" w="252" /><ent r="7" t="228" w="258" /><ent r="7" t="229" w="136" /><ent r="7" t="229" w="142" /><ent r="7" t="230" w="180" /><ent r="7" t="230" w="186" /><ent r="7" t="231" w="379" /><ent r="7" t="231" w="385" /><ent r="7" t="232" w="644" /><ent r="7" t="232" w="650" /><ent r="7" t="233" w="551" /><ent r="7" t="233" w="557" /><ent r="7" t="234" w="416" /><ent r="7" t="234" w="422" /><ent r="7" t="235" w="431" /><ent r="7" t="235" w="437" /><ent r="7" t="236" w="333" /><ent r="7" t="236" w="339" /><ent r="7" t="241" w="188" /><ent r="7" t="241" w="194" /><ent r="7" t="242" w="240" /><ent r="7" t="242" w="246" /><ent r="7" t="243" w="297" /><ent r="7" t="243" w="303" /><ent r="7" t="244" w="559" /><ent r="7" t="244" w="565" /><ent r="7" t="245" w="482" /><ent r="7" t="245" w="488" /></phr></stem><stem n="_tservice.lib;"><phr n="_tservice.lib;"><ent r="4" t="20" w="78" /></phr></stem><stem n="tstdc"><phr n="tstdc"><ent r="4" t="20" w="79" /><ent r="4" t="20" w="100" /><ent r="55" t="42" w="334" /><ent r="56" t="42" w="496" /><ent r="4" t="42" w="501" /><ent r="4" t="42" w="519" /><ent r="57" t="47" w="93" /><ent r="4" t="123" w="145" /><ent r="4" t="123" w="155" /><ent r="4" t="127" w="55" /><ent r="4" t="137" w="31" /><ent r="4" t="137" w="58" /><ent r="4" t="142" w="164" /><ent r="7" t="174" w="122" /><ent r="7" t="175" w="116" /><ent r="6" t="176" w="240" /><ent r="7" t="176" w="246" /><ent r="6" t="177" w="190" /><ent r="7" t="177" w="196" /><ent r="7" t="178" w="304" /><ent r="6" t="179" w="216" /><ent r="7" t="179" w="222" /><ent r="7" t="180" w="199" /><ent r="6" t="181" w="208" /><ent r="7" t="181" w="214" /><ent r="6" t="182" w="189" /><ent r="7" t="182" w="195" /><ent r="6" t="183" w="409" /><ent r="7" t="183" w="415" /><ent r="6" t="184" w="196" /><ent r="7" t="184" w="202" /><ent r="6" t="185" w="142" /><ent r="7" t="185" w="148" /><ent r="6" t="186" w="109" /><ent r="7" t="186" w="115" /><ent r="6" t="187" w="267" /><ent r="7" t="187" w="273" /><ent r="6" t="188" w="154" /><ent r="7" t="188" w="160" /><ent r="6" t="189" w="129" /><ent r="7" t="189" w="135" /><ent r="6" t="190" w="224" /><ent r="7" t="190" w="230" /><ent r="6" t="191" w="333" /><ent r="7" t="191" w="339" /><ent r="6" t="192" w="209" /><ent r="7" t="192" w="215" /><ent r="6" t="193" w="337" /><ent r="7" t="193" w="343" /><ent r="6" t="194" w="353" /><ent r="7" t="194" w="359" /><ent r="4" t="316" w="517" /></phr></stem></index>