<?xml version="1.0" encoding="utf-8"?><index><stem n="peak"><phr n="peak"><ent r="3" t="36" w="64" /><ent r="3" t="36" w="75" /></phr></stem><stem n="accur"><phr n="accurate"><ent r="3" t="36" w="86" /><ent r="3" t="46" w="51" /></phr></stem><stem n="rework"><phr n="rework"><ent r="3" t="36" w="97" /></phr></stem><stem n="full"><phr n="full"><ent r="3" t="36" w="108" /><ent r="3" t="58" w="353" /><ent r="3" t="58" w="621" /><ent r="3" t="71" w="94" /><ent r="3" t="104" w="105" /><ent r="3" t="109" w="46" /><ent r="3" t="149" w="117" /><ent r="3" t="160" w="110" /><ent r="3" t="277" w="91" /></phr></stem><stem n="consumpt"><phr n="consumption"><ent r="3" t="36" w="137" /></phr></stem><stem n="leverag"><phr n="leverage"><ent r="3" t="36" w="141" /></phr><phr n="leverages"><ent r="4" t="92" w="82" /></phr></stem><stem n="turn"><phr n="turns"><ent r="3" t="36" w="151" /></phr><phr n="turn"><ent r="3" t="71" w="204" /><ent r="4" t="75" w="283" /><ent r="4" t="94" w="206" /></phr></stem><stem n="[–-enclave=&lt;enclav"><phr n="[–-enclave=&lt;enclave"><ent r="3" t="36" w="168" /></phr></stem><stem n="&lt;enclav"><phr n="&lt;enclave"><ent r="3" t="36" w="168" /><ent r="4" t="36" w="194" /><ent r="4" t="36" w="235" /></phr></stem><stem n="list&gt;"><phr n="list&gt;"><ent r="3" t="36" w="169" /><ent r="4" t="36" w="195" /><ent r="4" t="36" w="236" /></phr></stem><stem n="]"><phr n="]"><ent r="3" t="36" w="170" /><ent r="3" t="59" w="217" /><ent r="3" t="59" w="262" /><ent r="3" t="64" w="222" /><ent r="3" t="64" w="233" /><ent r="3" t="64" w="244" /><ent r="3" t="64" w="255" /><ent r="3" t="64" w="357" /><ent r="3" t="68" w="118" /><ent r="3" t="69" w="246" /><ent r="3" t="69" w="264" /><ent r="3" t="69" w="274" /><ent r="54" t="70" w="153" /><ent r="54" t="70" w="174" /><ent r="54" t="70" w="187" /><ent r="4" t="149" w="509" /><ent r="4" t="172" w="36" /><ent r="3" t="176" w="78" /><ent r="3" t="181" w="76" /><ent r="4" t="193" w="75" /><ent r="4" t="194" w="81" /><ent r="4" t="203" w="208" /><ent r="4" t="203" w="317" /><ent r="4" t="206" w="151" /></phr></stem><stem n="_name"><phr n="_name"><ent r="3" t="36" w="171" /><ent r="4" t="149" w="112" /><ent r="55" t="149" w="149" /><ent r="55" t="149" w="167" /><ent r="4" t="269" w="119" /></phr></stem><stem n="&lt;applic"><phr n="&lt;application"><ent r="3" t="36" w="172" /><ent r="4" t="36" w="266" /></phr></stem><stem n="args&gt;"><phr n="args&gt;"><ent r="3" t="36" w="173" /><ent r="4" t="36" w="267" /></phr></stem><stem n="--enclave:"><phr n="--enclave:"><ent r="4" t="36" w="178" /><ent r="4" t="36" w="179" /></phr></stem><stem n="comma"><phr n="comma"><ent r="3" t="36" w="240" /></phr><phr n="commas"><ent r="3" t="71" w="148" /></phr></stem><stem n="(,)"><phr n="(,)"><ent r="3" t="36" w="241" /></phr></stem><stem n="blank"><phr n="blank"><ent r="3" t="36" w="243" /></phr></stem><stem n="myapp"><phr n="myApp"><ent r="4" t="36" w="283" /><ent r="3" t="36" w="314" /><ent r="3" t="36" w="336" /></phr></stem><stem n="myenclave1"><phr n="myEnclave1"><ent r="4" t="36" w="297" /><ent r="3" t="36" w="330" /></phr></stem><stem n="myenclave2"><phr n="myEnclave2"><ent r="4" t="36" w="300" /><ent r="3" t="36" w="333" /></phr></stem><stem n="myenclave3"><phr n="myEnclave3"><ent r="4" t="36" w="303" /></phr></stem><stem n="app"><phr n="app"><ent r="3" t="36" w="316" /><ent r="3" t="36" w="318" /><ent r="3" t="36" w="338" /><ent r="3" t="36" w="340" /><ent r="3" t="76" w="251" /><ent r="3" t="97" w="47" /><ent r="4" t="98" w="205" /><ent r="3" t="98" w="214" /><ent r="3" t="99" w="142" /><ent r="4" t="99" w="154" /><ent r="4" t="99" w="177" /><ent r="4" t="99" w="289" /><ent r="4" t="99" w="305" /><ent r="4" t="99" w="324" /><ent r="4" t="99" w="328" /><ent r="4" t="99" w="335" /><ent r="4" t="99" w="445" /><ent r="4" t="99" w="498" /><ent r="4" t="99" w="501" /><ent r="4" t="99" w="639" /><ent r="3" t="99" w="740" /><ent r="3" t="99" w="787" /><ent r="3" t="99" w="803" /><ent r="4" t="101" w="221" /><ent r="4" t="101" w="254" /><ent r="4" t="101" w="302" /><ent r="4" t="101" w="307" /></phr></stem><stem n="_arg1"><phr n="_arg1"><ent r="3" t="36" w="317" /><ent r="3" t="36" w="339" /></phr></stem><stem n="arg1"><phr n="arg1"><ent r="3" t="36" w="317" /><ent r="3" t="36" w="339" /></phr></stem><stem n="_arg2"><phr n="_arg2"><ent r="3" t="36" w="319" /><ent r="3" t="36" w="341" /></phr></stem><stem n="arg2"><phr n="arg2"><ent r="3" t="36" w="319" /><ent r="3" t="36" w="341" /></phr></stem><stem n="–-enclave=myenclave1.signed.dll,myenclave2.signed.dl"><phr n="–-enclave=myEnclave1.signed.dll,myEnclave2.signed.dll"><ent r="3" t="36" w="335" /></phr></stem><stem n="assumpt"><phr n="assumption"><ent r="4" t="36" w="354" /></phr></stem><stem n="meet"><phr n="meet"><ent r="4" t="36" w="379" /><ent r="3" t="99" w="718" /><ent r="3" t="195" w="177" /><ent r="3" t="201" w="370" /><ent r="3" t="202" w="542" /><ent r="3" t="203" w="416" /><ent r="3" t="204" w="252" /><ent r="3" t="205" w="421" /><ent r="3" t="206" w="228" /></phr></stem><stem n="zi"><phr n="Zi"><ent r="6" t="36" w="427" /><ent r="6" t="36" w="428" /></phr></stem><stem n="/zi/zi/z7"><phr n="/Zi/ZI/Z7"><ent r="6" t="36" w="429" /></phr></stem><stem n="z7"><phr n="Z7"><ent r="6" t="36" w="429" /></phr></stem><stem n="/debug"><phr n="/DEBUG"><ent r="6" t="36" w="433" /><ent r="6" t="315" w="230" /></phr></stem><stem n="cross"><phr n="Cross"><ent r="4" t="36" w="496" /><ent r="4" t="201" w="211" /><ent r="4" t="201" w="409" /><ent r="4" t="201" w="472" /><ent r="4" t="202" w="379" /><ent r="4" t="202" w="580" /><ent r="4" t="202" w="643" /><ent r="4" t="203" w="512" /><ent r="4" t="204" w="114" /><ent r="4" t="204" w="273" /><ent r="4" t="204" w="318" /><ent r="4" t="205" w="286" /><ent r="4" t="205" w="442" /><ent r="4" t="205" w="487" /><ent r="4" t="206" w="249" /><ent r="4" t="206" w="284" /></phr></stem><stem n="failur"><phr n="failure"><ent r="4" t="36" w="504" /><ent r="4" t="58" w="596" /><ent r="4" t="123" w="203" /><ent r="4" t="152" w="192" /><ent r="4" t="154" w="424" /><ent r="4" t="155" w="398" /><ent r="4" t="156" w="620" /><ent r="1000" t="157" w="5" /><ent r="4" t="157" w="433" /><ent r="4" t="159" w="127" /><ent r="3" t="201" w="498" /><ent r="3" t="202" w="668" /><ent r="3" t="203" w="624" /><ent r="3" t="204" w="344" /><ent r="3" t="205" w="512" /><ent r="3" t="206" w="382" /><ent r="3" t="208" w="193" /><ent r="3" t="209" w="207" /><ent r="3" t="210" w="172" /><ent r="3" t="212" w="476" /><ent r="3" t="213" w="500" /><ent r="3" t="215" w="220" /><ent r="3" t="216" w="226" /><ent r="3" t="217" w="190" /><ent r="3" t="219" w="261" /><ent r="3" t="220" w="261" /><ent r="3" t="221" w="241" /><ent r="3" t="223" w="310" /><ent r="3" t="224" w="289" /><ent r="3" t="225" w="243" /><ent r="3" t="226" w="267" /><ent r="3" t="227" w="306" /><ent r="4" t="228" w="112" /><ent r="4" t="231" w="194" /><ent r="4" t="232" w="324" /><ent r="4" t="233" w="220" /><ent r="4" t="234" w="199" /><ent r="4" t="235" w="214" /><ent r="4" t="236" w="184" /><ent r="6" t="310" w="679" /></phr></stem><stem n="place"><phr n="place"><ent r="4" t="36" w="547" /><ent r="3" t="133" w="136" /><ent r="3" t="154" w="534" /><ent r="3" t="281" w="190" /><ent r="4" t="316" w="725" /></phr><phr n="placed"><ent r="3" t="46" w="60" /></phr></stem><stem n="stand"><phr n="stands"><ent r="3" t="37" w="10" /></phr><phr n="stand"><ent r="3" t="224" w="370" /></phr></stem><stem n="numer"><phr n="numeric"><ent r="3" t="37" w="31" /><ent r="5" t="312" w="130" /><ent r="6" t="312" w="156" /><ent r="6" t="316" w="242" /></phr></stem><stem n="concept"><phr n="concept"><ent r="3" t="37" w="32" /><ent r="3" t="97" w="13" /></phr></stem><stem n="along"><phr n="along"><ent r="3" t="37" w="38" /><ent r="4" t="78" w="209" /></phr></stem><stem n="/downgrade."><phr n="/downgrade."><ent r="3" t="37" w="44" /></phr></stem><stem n="_config_cpusvn"><phr n="_config_cpusvn"><ent r="3" t="37" w="126" /></phr></stem><stem n="[command]"><phr n="[Command]"><ent r="3" t="37" w="128" /><ent r="4" t="37" w="176" /></phr></stem><stem n="-upgrad"><phr n="-upgrade"><ent r="7" t="37" w="148" /><ent r="7" t="37" w="148" /></phr></stem><stem n="-downgrad"><phr n="-downgrade"><ent r="7" t="37" w="155" /><ent r="7" t="37" w="155" /></phr></stem><stem n="-reset"><phr n="-reset"><ent r="7" t="37" w="162" /><ent r="7" t="37" w="162" /><ent r="3" t="188" w="98" /><ent r="3" t="188" w="98" /><ent r="3" t="188" w="117" /><ent r="3" t="188" w="117" /><ent r="3" t="188" w="139" /><ent r="3" t="188" w="139" /></phr></stem><stem n="reset"><phr n="reset"><ent r="7" t="37" w="162" /><ent r="3" t="37" w="203" /><ent r="67" t="142" w="372" /><ent r="3" t="187" w="42" /><ent r="4" t="187" w="70" /><ent r="3" t="187" w="83" /><ent r="3" t="187" w="95" /><ent r="3" t="187" w="224" /><ent r="3" t="188" w="99" /><ent r="3" t="188" w="118" /><ent r="3" t="188" w="126" /><ent r="4" t="188" w="131" /><ent r="3" t="188" w="140" /><ent r="1000" t="189" w="2" /><ent r="72" t="189" w="6" /><ent r="4" t="189" w="23" /><ent r="3" t="189" w="41" /><ent r="3" t="189" w="78" /><ent r="4" t="189" w="95" /><ent r="3" t="189" w="112" /><ent r="3" t="189" w="119" /></phr><phr n="resets"><ent r="3" t="175" w="75" /><ent r="3" t="177" w="112" /></phr></stem><stem n="restor"><phr n="Restore"><ent r="6" t="37" w="164" /><ent r="3" t="77" w="208" /><ent r="3" t="87" w="201" /><ent r="4" t="91" w="157" /><ent r="3" t="203" w="655" /><ent r="3" t="232" w="572" /><ent r="3" t="233" w="479" /><ent r="5" t="315" w="332" /></phr><phr n="restored"><ent r="3" t="203" w="648" /></phr></stem><stem n="omit"><phr n="omitted"><ent r="3" t="37" w="178" /></phr></stem><stem n="/downgrade/reset"><phr n="/downgrade/reset"><ent r="3" t="37" w="203" /></phr></stem><stem n="unload"><phr n="Unload"><ent r="65" t="38" w="54" /><ent r="1000" t="76" w="3" /><ent r="92" t="76" w="9" /><ent r="3" t="76" w="130" /><ent r="3" t="76" w="158" /><ent r="64" t="150" w="206" /><ent r="64" t="249" w="48" /></phr><phr n="unloaded"><ent r="3" t="150" w="72" /></phr></stem><stem n="plug"><phr n="plug"><ent r="4" t="38" w="70" /></phr></stem><stem n="plug-in"><phr n="plug-in"><ent r="4" t="38" w="70" /></phr></stem><stem n="implement"><phr n="Implement"><ent r="4" t="38" w="110" /><ent r="3" t="71" w="21" /><ent r="3" t="92" w="100" /><ent r="3" t="97" w="323" /><ent r="3" t="103" w="54" /><ent r="3" t="103" w="109" /><ent r="3" t="104" w="103" /><ent r="3" t="109" w="45" /><ent r="3" t="221" w="398" /></phr><phr n="implemented"><ent r="3" t="40" w="306" /><ent r="3" t="69" w="88" /><ent r="3" t="90" w="67" /></phr><phr n="implementations"><ent r="6" t="43" w="556" /><ent r="4" t="315" w="129" /></phr><phr n="implementing"><ent r="4" t="62" w="356" /></phr><phr n="implementation"><ent r="3" t="85" w="44" /><ent r="3" t="93" w="164" /><ent r="3" t="96" w="69" /><ent r="3" t="109" w="15" /><ent r="3" t="127" w="231" /><ent r="3" t="133" w="302" /><ent r="4" t="137" w="108" /><ent r="4" t="144" w="176" /><ent r="3" t="191" w="87" /><ent r="5" t="193" w="297" /><ent r="5" t="194" w="313" /><ent r="3" t="208" w="236" /><ent r="3" t="215" w="266" /><ent r="3" t="221" w="283" /><ent r="3" t="239" w="366" /><ent r="3" t="292" w="49" /><ent r="4" t="316" w="732" /></phr><phr n="implements"><ent r="3" t="96" w="54" /></phr></stem><stem n="/bridg"><phr n="/bridge"><ent r="4" t="38" w="136" /><ent r="4" t="43" w="482" /><ent r="5" t="43" w="520" /><ent r="5" t="43" w="580" /></phr></stem><stem n="perspect"><phr n="perspective"><ent r="3" t="39" w="12" /></phr></stem><stem n="(ecall)"><phr n="(ECALL)"><ent r="3" t="39" w="18" /><ent r="3" t="40" w="234" /><ent r="3" t="76" w="272" /></phr></stem><stem n="plain"><phr n="plain"><ent r="3" t="39" w="33" /><ent r="3" t="201" w="612" /><ent r="3" t="204" w="72" /><ent r="3" t="204" w="89" /><ent r="3" t="205" w="237" /><ent r="3" t="205" w="256" /><ent r="3" t="206" w="113" /><ent r="3" t="206" w="158" /><ent r="4" t="206" w="266" /><ent r="3" t="239" w="260" /><ent r="3" t="239" w="283" /><ent r="3" t="244" w="290" /><ent r="3" t="244" w="317" /><ent r="3" t="245" w="234" /><ent r="3" t="245" w="261" /><ent r="3" t="277" w="88" /><ent r="3" t="277" w="123" /><ent r="3" t="277" w="147" /><ent r="4" t="277" w="163" /><ent r="3" t="278" w="105" /><ent r="3" t="278" w="143" /><ent r="3" t="295" w="293" /><ent r="3" t="295" w="320" /><ent r="3" t="296" w="128" /><ent r="3" t="296" w="155" /><ent r="3" t="296" w="408" /><ent r="3" t="296" w="435" /><ent r="3" t="303" w="227" /><ent r="3" t="303" w="254" /><ent r="3" t="304" w="116" /><ent r="3" t="304" w="143" /></phr></stem><stem n="(nativ"><phr n="(native"><ent r="3" t="39" w="51" /></phr></stem><stem n="reli"><phr n="rely"><ent r="3" t="39" w="62" /><ent r="3" t="138" w="24" /><ent r="3" t="149" w="1281" /><ent r="3" t="256" w="57" /></phr><phr n="relies"><ent r="4" t="137" w="118" /></phr></stem><stem n="synchron"><phr n="synchronization"><ent r="3" t="39" w="73" /><ent r="7" t="39" w="484" /><ent r="7" t="39" w="502" /><ent r="68" t="39" w="549" /><ent r="3" t="123" w="40" /><ent r="1000" t="142" w="2" /><ent r="72" t="142" w="6" /><ent r="3" t="142" w="50" /><ent r="3" t="142" w="85" /><ent r="3" t="142" w="113" /><ent r="3" t="142" w="140" /><ent r="3" t="142" w="204" /><ent r="6" t="142" w="226" /><ent r="6" t="142" w="272" /><ent r="6" t="142" w="331" /><ent r="3" t="187" w="64" /><ent r="3" t="188" w="52" /><ent r="3" t="189" w="64" /><ent r="3" t="190" w="71" /><ent r="3" t="191" w="111" /><ent r="3" t="192" w="53" /><ent r="4" t="261" w="22" /></phr><phr n="synchronous"><ent r="6" t="312" w="93" /></phr></stem><stem n="sure"><phr n="sure"><ent r="3" t="39" w="112" /><ent r="3" t="50" w="106" /><ent r="3" t="91" w="77" /><ent r="3" t="237" w="103" /><ent r="3" t="238" w="129" /></phr></stem><stem n="’t"><phr n="’t"><ent r="4" t="39" w="128" /><ent r="3" t="53" w="55" /><ent r="3" t="64" w="363" /><ent r="3" t="149" w="611" /><ent r="3" t="240" w="35" /><ent r="6" t="310" w="464" /></phr></stem><stem n="illeg"><phr n="illegal"><ent r="4" t="39" w="144" /><ent r="3" t="56" w="36" /><ent r="3" t="59" w="269" /><ent r="4" t="62" w="542" /><ent r="4" t="64" w="297" /><ent r="3" t="67" w="117" /><ent r="3" t="69" w="322" /><ent r="3" t="193" w="212" /><ent r="3" t="194" w="228" /><ent r="4" t="315" w="460" /></phr></stem><stem n="program"><phr n="Programming"><ent r="65" t="39" w="156" /><ent r="64" t="126" w="131" /></phr><phr n="program"><ent r="3" t="252" w="219" /><ent r="3" t="252" w="251" /><ent r="6" t="313" w="75" /></phr></stem><stem n="(ring"><phr n="(ring"><ent r="4" t="39" w="168" /></phr></stem><stem n="ring"><phr n="ring"><ent r="4" t="39" w="168" /><ent r="4" t="129" w="67" /><ent r="4" t="315" w="93" /><ent r="6" t="315" w="365" /></phr></stem><stem n="fault"><phr n="fault"><ent r="4" t="39" w="181" /><ent r="4" t="42" w="585" /><ent r="3" t="126" w="84" /><ent r="3" t="169" w="206" /></phr><phr n="faulting"><ent r="4" t="127" w="307" /></phr></stem><stem n="unresolv"><phr n="unresolved"><ent r="4" t="39" w="233" /><ent r="4" t="42" w="508" /><ent r="4" t="42" w="526" /><ent r="4" t="46" w="96" /></phr></stem><stem n="what"><phr n="what"><ent r="3" t="39" w="247" /><ent r="3" t="70" w="109" /><ent r="3" t="120" w="16" /><ent r="3" t="301" w="16" /></phr></stem><stem n="summari"><phr n="Summary"><ent r="3" t="39" w="267" /><ent r="3" t="43" w="202" /><ent r="3" t="145" w="91" /></phr></stem><stem n="comment"><phr n="Comment"><ent r="6" t="39" w="280" /><ent r="6" t="47" w="53" /><ent r="6" t="49" w="42" /></phr><phr n="Comments"><ent r="1000" t="52" w="1" /><ent r="82" t="52" w="3" /><ent r="3" t="52" w="10" /></phr></stem><stem n="partial"><phr n="Partially"><ent r="7" t="39" w="284" /><ent r="7" t="39" w="383" /><ent r="7" t="39" w="411" /><ent r="7" t="39" w="438" /><ent r="7" t="39" w="449" /><ent r="7" t="39" w="460" /><ent r="7" t="39" w="475" /><ent r="7" t="39" w="486" /><ent r="7" t="39" w="513" /><ent r="57" t="39" w="558" /><ent r="6" t="317" w="59" /></phr></stem><stem n="(no"><phr n="(no"><ent r="7" t="39" w="296" /></phr></stem><stem n="done"><phr n="done"><ent r="7" t="39" w="311" /><ent r="7" t="39" w="367" /><ent r="3" t="59" w="161" /><ent r="3" t="71" w="77" /><ent r="55" t="75" w="363" /><ent r="4" t="99" w="68" /><ent r="4" t="133" w="57" /><ent r="3" t="240" w="30" /><ent r="3" t="245" w="418" /></phr></stem><stem n="explicit"><phr n="explicit"><ent r="7" t="39" w="313" /><ent r="7" t="39" w="369" /><ent r="6" t="320" w="79" /></phr></stem><stem n="(ocalls)."><phr n="(OCALLs)."><ent r="7" t="39" w="317" /><ent r="7" t="39" w="373" /><ent r="3" t="69" w="225" /><ent r="3" t="142" w="149" /></phr></stem><stem n="/c++/stl"><phr n="/C++/STL"><ent r="7" t="39" w="326" /></phr></stem><stem n="suppli"><phr n="supplied"><ent r="7" t="39" w="339" /><ent r="3" t="97" w="319" /></phr></stem><stem n="instead"><phr n="instead"><ent r="7" t="39" w="353" /><ent r="4" t="59" w="490" /><ent r="55" t="75" w="55" /><ent r="3" t="104" w="110" /><ent r="3" t="109" w="49" /><ent r="3" t="125" w="90" /><ent r="3" t="140" w="39" /><ent r="3" t="153" w="136" /><ent r="3" t="164" w="173" /><ent r="3" t="176" w="230" /><ent r="3" t="190" w="124" /><ent r="3" t="191" w="227" /><ent r="3" t="209" w="253" /><ent r="3" t="216" w="312" /><ent r="3" t="219" w="346" /><ent r="3" t="220" w="346" /><ent r="6" t="312" w="74" /><ent r="4" t="316" w="636" /></phr></stem><stem n="mfc"><phr n="MFC"><ent r="7" t="39" w="380" /></phr></stem><stem n="qt"><phr n="QT"><ent r="7" t="39" w="381" /></phr></stem><stem n="boost"><phr n="Boost"><ent r="7" t="39" w="382" /><ent r="7" t="39" w="387" /></phr></stem><stem n="(partial"><phr n="(partially"><ent r="7" t="39" w="383" /></phr></stem><stem n="class"><phr n="class"><ent r="7" t="39" w="395" /><ent r="3" t="149" w="1330" /><ent r="6" t="317" w="56" /><ent r="6" t="318" w="68" /><ent r="6" t="318" w="71" /><ent r="6" t="318" w="89" /><ent r="6" t="318" w="93" /><ent r="6" t="320" w="102" /></phr><phr n="classes"><ent r="7" t="39" w="402" /><ent r="4" t="145" w="106" /><ent r="65" t="311" w="44" /><ent r="1000" t="317" w="4" /><ent r="92" t="317" w="13" /><ent r="3" t="317" w="23" /><ent r="3" t="317" w="52" /><ent r="6" t="317" w="63" /></phr></stem><stem n="inlin"><phr n="inline"><ent r="7" t="39" w="405" /><ent r="7" t="39" w="435" /><ent r="6" t="320" w="218" /></phr><phr n="inlining"><ent r="6" t="313" w="336" /></phr></stem><stem n="intrins"><phr n="Intrinsic"><ent r="7" t="39" w="408" /><ent r="7" t="39" w="443" /><ent r="65" t="124" w="66" /><ent r="1000" t="129" w="1" /><ent r="82" t="129" w="4" /><ent r="3" t="129" w="52" /><ent r="4" t="129" w="134" /><ent r="3" t="193" w="146" /><ent r="3" t="194" w="166" /></phr><phr n="intrinsics"><ent r="3" t="127" w="82" /><ent r="3" t="127" w="101" /><ent r="3" t="129" w="13" /><ent r="3" t="129" w="42" /><ent r="4" t="129" w="82" /><ent r="4" t="129" w="138" /><ent r="3" t="129" w="152" /><ent r="65" t="311" w="34" /><ent r="1000" t="315" w="2" /><ent r="92" t="315" w="8" /><ent r="3" t="315" w="14" /><ent r="3" t="315" w="37" /><ent r="3" t="315" w="52" /><ent r="3" t="315" w="60" /><ent r="4" t="315" w="109" /><ent r="4" t="315" w="137" /><ent r="3" t="315" w="161" /><ent r="3" t="315" w="173" /><ent r="4" t="315" w="464" /></phr></stem><stem n="assembl"><phr n="assembly"><ent r="7" t="39" w="436" /><ent r="67" t="312" w="265" /></phr></stem><stem n="ellips"><phr n="Ellipse"><ent r="7" t="39" w="458" /><ent r="4" t="42" w="669" /></phr></stem><stem n="(…)"><phr n="(…)"><ent r="7" t="39" w="459" /><ent r="4" t="42" w="670" /><ent r="4" t="129" w="135" /></phr></stem><stem n="vararg"><phr n="Varargs"><ent r="7" t="39" w="469" /></phr></stem><stem n="va"><phr n="va"><ent r="8" t="39" w="471" /><ent r="5" t="42" w="673" /></phr></stem><stem n="_list"><phr n="_list"><ent r="8" t="39" w="472" /><ent r="5" t="42" w="674" /></phr></stem><stem n="/object"><phr n="/objects"><ent r="7" t="39" w="500" /><ent r="3" t="123" w="47" /></phr></stem><stem n="spin"><phr n="spin"><ent r="7" t="39" w="503" /><ent r="7" t="39" w="535" /><ent r="1000" t="174" w="2" /><ent r="72" t="174" w="6" /><ent r="4" t="174" w="12" /><ent r="3" t="174" w="18" /><ent r="3" t="174" w="29" /><ent r="3" t="174" w="46" /><ent r="4" t="174" w="72" /><ent r="3" t="174" w="80" /><ent r="1000" t="175" w="2" /><ent r="72" t="175" w="6" /><ent r="4" t="175" w="12" /><ent r="3" t="175" w="18" /><ent r="3" t="175" w="29" /><ent r="3" t="175" w="46" /><ent r="4" t="175" w="72" /><ent r="3" t="175" w="80" /><ent r="3" t="178" w="91" /><ent r="3" t="178" w="95" /><ent r="3" t="178" w="243" /><ent r="3" t="179" w="113" /><ent r="3" t="179" w="148" /><ent r="3" t="179" w="158" /><ent r="3" t="182" w="124" /><ent r="3" t="183" w="162" /><ent r="3" t="183" w="166" /><ent r="3" t="183" w="189" /><ent r="3" t="183" w="233" /><ent r="3" t="183" w="253" /><ent r="3" t="183" w="300" /><ent r="3" t="183" w="334" /><ent r="3" t="184" w="92" /><ent r="3" t="184" w="175" /><ent r="3" t="255" w="14" /><ent r="3" t="255" w="36" /><ent r="3" t="257" w="131" /><ent r="3" t="259" w="53" /></phr></stem><stem n="spin-lock"><phr n="spin-lock"><ent r="7" t="39" w="503" /><ent r="3" t="184" w="92" /><ent r="3" t="184" w="175" /></phr><phr n="Spin-locks"><ent r="7" t="39" w="535" /></phr></stem><stem n="lock"><phr n="lock"><ent r="7" t="39" w="504" /><ent r="3" t="50" w="38" /><ent r="66" t="142" w="243" /><ent r="1000" t="174" w="3" /><ent r="72" t="174" w="7" /><ent r="4" t="174" w="13" /><ent r="3" t="174" w="19" /><ent r="3" t="174" w="30" /><ent r="3" t="174" w="35" /><ent r="4" t="174" w="41" /><ent r="3" t="174" w="47" /><ent r="3" t="174" w="65" /><ent r="4" t="174" w="73" /><ent r="3" t="174" w="81" /><ent r="3" t="174" w="89" /><ent r="3" t="174" w="103" /><ent r="3" t="175" w="19" /><ent r="3" t="175" w="35" /><ent r="4" t="175" w="41" /><ent r="3" t="175" w="47" /><ent r="3" t="175" w="65" /><ent r="3" t="175" w="81" /><ent r="3" t="175" w="97" /><ent r="3" t="175" w="101" /><ent r="3" t="176" w="161" /><ent r="1000" t="178" w="4" /><ent r="72" t="178" w="9" /><ent r="4" t="178" w="16" /><ent r="3" t="178" w="34" /><ent r="3" t="178" w="92" /><ent r="3" t="178" w="96" /><ent r="3" t="178" w="177" /><ent r="3" t="178" w="218" /><ent r="3" t="178" w="244" /><ent r="3" t="179" w="21" /><ent r="3" t="179" w="114" /><ent r="3" t="179" w="149" /><ent r="3" t="179" w="159" /><ent r="4" t="180" w="182" /><ent r="3" t="182" w="125" /><ent r="3" t="183" w="163" /><ent r="3" t="183" w="167" /><ent r="3" t="183" w="190" /><ent r="3" t="183" w="234" /><ent r="3" t="183" w="254" /><ent r="3" t="183" w="301" /><ent r="3" t="183" w="335" /><ent r="3" t="184" w="93" /><ent r="3" t="184" w="176" /><ent r="3" t="255" w="15" /><ent r="3" t="255" w="37" /><ent r="3" t="257" w="42" /><ent r="4" t="257" w="128" /><ent r="3" t="257" w="132" /><ent r="3" t="259" w="32" /><ent r="4" t="259" w="50" /><ent r="3" t="259" w="54" /></phr><phr n="locks"><ent r="7" t="39" w="536" /><ent r="3" t="178" w="19" /></phr><phr n="locked"><ent r="3" t="141" w="110" /><ent r="3" t="177" w="92" /><ent r="3" t="178" w="55" /><ent r="3" t="178" w="65" /><ent r="3" t="179" w="58" /><ent r="3" t="179" w="68" /><ent r="3" t="179" w="85" /><ent r="3" t="180" w="80" /><ent r="3" t="180" w="90" /><ent r="3" t="183" w="121" /><ent r="3" t="183" w="129" /></phr><phr n="Locking"><ent r="4" t="177" w="151" /></phr></stem><stem n="-lock,"><phr n="-lock,"><ent r="7" t="39" w="505" /><ent r="7" t="39" w="505" /></phr></stem><stem n="mutex"><phr n="mutex"><ent r="7" t="39" w="505" /><ent r="7" t="39" w="538" /><ent r="4" t="42" w="325" /><ent r="5" t="42" w="487" /><ent r="4" t="42" w="504" /><ent r="4" t="42" w="522" /><ent r="6" t="85" w="214" /><ent r="3" t="142" w="109" /><ent r="6" t="142" w="225" /><ent r="66" t="142" w="230" /><ent r="66" t="142" w="236" /><ent r="66" t="142" w="242" /><ent r="66" t="142" w="254" /><ent r="66" t="142" w="260" /><ent r="1000" t="176" w="3" /><ent r="72" t="176" w="8" /><ent r="4" t="176" w="15" /><ent r="3" t="176" w="22" /><ent r="3" t="176" w="33" /><ent r="3" t="176" w="38" /><ent r="3" t="176" w="40" /><ent r="4" t="176" w="53" /><ent r="3" t="176" w="58" /><ent r="3" t="176" w="74" /><ent r="3" t="176" w="85" /><ent r="3" t="176" w="94" /><ent r="3" t="176" w="116" /><ent r="4" t="176" w="123" /><ent r="3" t="176" w="133" /><ent r="3" t="176" w="139" /><ent r="4" t="176" w="145" /><ent r="3" t="176" w="152" /><ent r="3" t="176" w="158" /><ent r="4" t="176" w="180" /><ent r="3" t="176" w="196" /><ent r="3" t="176" w="203" /><ent r="4" t="176" w="210" /><ent r="4" t="176" w="218" /><ent r="4" t="176" w="227" /><ent r="1000" t="177" w="3" /><ent r="72" t="177" w="8" /><ent r="4" t="177" w="15" /><ent r="3" t="177" w="22" /><ent r="3" t="177" w="33" /><ent r="3" t="177" w="38" /><ent r="3" t="177" w="40" /><ent r="4" t="177" w="46" /><ent r="3" t="177" w="51" /><ent r="3" t="177" w="63" /><ent r="3" t="177" w="72" /><ent r="3" t="177" w="90" /><ent r="3" t="177" w="103" /><ent r="4" t="177" w="109" /><ent r="3" t="177" w="114" /><ent r="3" t="177" w="133" /><ent r="4" t="177" w="155" /><ent r="4" t="177" w="167" /><ent r="1000" t="178" w="3" /><ent r="72" t="178" w="8" /><ent r="4" t="178" w="15" /><ent r="3" t="178" w="22" /><ent r="3" t="178" w="33" /><ent r="3" t="178" w="38" /><ent r="3" t="178" w="40" /><ent r="4" t="178" w="46" /><ent r="3" t="178" w="51" /><ent r="3" t="178" w="63" /><ent r="3" t="178" w="72" /><ent r="3" t="178" w="82" /><ent r="3" t="178" w="104" /><ent r="3" t="178" w="131" /><ent r="3" t="178" w="146" /><ent r="3" t="178" w="179" /><ent r="3" t="178" w="220" /><ent r="3" t="178" w="248" /><ent r="4" t="178" w="275" /><ent r="4" t="178" w="285" /><ent r="1000" t="179" w="3" /><ent r="72" t="179" w="8" /><ent r="4" t="179" w="15" /><ent r="3" t="179" w="24" /><ent r="3" t="179" w="35" /><ent r="3" t="179" w="40" /><ent r="3" t="179" w="42" /><ent r="4" t="179" w="48" /><ent r="3" t="179" w="53" /><ent r="3" t="179" w="66" /><ent r="3" t="179" w="75" /><ent r="3" t="179" w="83" /><ent r="3" t="179" w="96" /><ent r="3" t="179" w="108" /><ent r="3" t="179" w="119" /><ent r="3" t="179" w="145" /><ent r="4" t="179" w="193" /><ent r="4" t="179" w="203" /><ent r="1000" t="180" w="3" /><ent r="72" t="180" w="8" /><ent r="4" t="180" w="15" /><ent r="3" t="180" w="22" /><ent r="3" t="180" w="33" /><ent r="3" t="180" w="38" /><ent r="3" t="180" w="40" /><ent r="4" t="180" w="46" /><ent r="3" t="180" w="51" /><ent r="3" t="180" w="63" /><ent r="3" t="180" w="72" /><ent r="3" t="180" w="88" /><ent r="3" t="180" w="102" /><ent r="3" t="180" w="113" /><ent r="3" t="180" w="149" /><ent r="3" t="180" w="162" /><ent r="3" t="180" w="169" /><ent r="4" t="180" w="181" /><ent r="3" t="183" w="44" /><ent r="3" t="183" w="46" /><ent r="4" t="183" w="64" /><ent r="3" t="183" w="69" /><ent r="3" t="183" w="112" /><ent r="3" t="183" w="118" /><ent r="3" t="183" w="127" /><ent r="3" t="183" w="146" /><ent r="3" t="183" w="195" /><ent r="3" t="183" w="204" /><ent r="3" t="183" w="223" /><ent r="3" t="183" w="339" /><ent r="3" t="183" w="353" /><ent r="3" t="191" w="323" /><ent r="65" t="247" w="67" /><ent r="1000" t="257" w="3" /><ent r="72" t="257" w="8" /><ent r="3" t="257" w="16" /><ent r="3" t="257" w="25" /><ent r="3" t="257" w="59" /><ent r="3" t="257" w="73" /><ent r="3" t="257" w="86" /><ent r="3" t="257" w="96" /><ent r="3" t="257" w="107" /><ent r="4" t="257" w="123" /><ent r="3" t="257" w="140" /><ent r="3" t="257" w="152" /><ent r="3" t="257" w="182" /><ent r="3" t="257" w="200" /><ent r="3" t="258" w="15" /><ent r="3" t="258" w="24" /></phr></stem></index>