<?xml version="1.0" encoding="utf-8"?><index><stem n="catan"><phr n="catan"><ent r="6" t="316" w="79" /></phr></stem><stem n="catanf"><phr n="catanf"><ent r="6" t="316" w="80" /></phr></stem><stem n="catanl"><phr n="catanl"><ent r="6" t="316" w="81" /></phr></stem><stem n="cco"><phr n="ccos"><ent r="6" t="316" w="82" /></phr></stem><stem n="ccosf"><phr n="ccosf"><ent r="6" t="316" w="83" /></phr></stem><stem n="ccosl"><phr n="ccosl"><ent r="6" t="316" w="84" /></phr></stem><stem n="csin"><phr n="csin"><ent r="6" t="316" w="85" /></phr></stem><stem n="csinf"><phr n="csinf"><ent r="6" t="316" w="86" /></phr></stem><stem n="csinl"><phr n="csinl"><ent r="6" t="316" w="87" /></phr></stem><stem n="ctan"><phr n="ctan"><ent r="6" t="316" w="88" /></phr></stem><stem n="ctanf"><phr n="ctanf"><ent r="6" t="316" w="89" /></phr></stem><stem n="ctanl"><phr n="ctanl"><ent r="6" t="316" w="90" /></phr></stem><stem n="cacosh"><phr n="cacosh"><ent r="6" t="316" w="91" /></phr></stem><stem n="cacoshf"><phr n="cacoshf"><ent r="6" t="316" w="92" /></phr></stem><stem n="cacoshl"><phr n="cacoshl"><ent r="6" t="316" w="93" /></phr></stem><stem n="casinh"><phr n="casinh"><ent r="6" t="316" w="94" /></phr></stem><stem n="casinhf"><phr n="casinhf"><ent r="6" t="316" w="95" /></phr></stem><stem n="casinhl"><phr n="casinhl"><ent r="6" t="316" w="96" /></phr></stem><stem n="catanh"><phr n="catanh"><ent r="6" t="316" w="97" /></phr></stem><stem n="catanhf"><phr n="catanhf"><ent r="6" t="316" w="98" /></phr></stem><stem n="catanhl"><phr n="catanhl"><ent r="6" t="316" w="99" /></phr></stem><stem n="ccosh"><phr n="ccosh"><ent r="6" t="316" w="100" /></phr></stem><stem n="ccoshf"><phr n="ccoshf"><ent r="6" t="316" w="101" /></phr></stem><stem n="ccoshl"><phr n="ccoshl"><ent r="6" t="316" w="102" /></phr></stem><stem n="csinh"><phr n="csinh"><ent r="6" t="316" w="103" /></phr></stem><stem n="csinhf"><phr n="csinhf"><ent r="6" t="316" w="104" /></phr></stem><stem n="csinhl"><phr n="csinhl"><ent r="6" t="316" w="105" /></phr></stem><stem n="ctanh"><phr n="ctanh"><ent r="6" t="316" w="106" /></phr></stem><stem n="ctanhf"><phr n="ctanhf"><ent r="6" t="316" w="107" /></phr></stem><stem n="ctanhl"><phr n="ctanhl"><ent r="6" t="316" w="108" /></phr></stem><stem n="cexp"><phr n="cexp"><ent r="6" t="316" w="109" /></phr></stem><stem n="cexpf"><phr n="cexpf"><ent r="6" t="316" w="110" /></phr></stem><stem n="cexpl"><phr n="cexpl"><ent r="6" t="316" w="111" /></phr></stem><stem n="clog"><phr n="clog"><ent r="6" t="316" w="112" /></phr></stem><stem n="clogf"><phr n="clogf"><ent r="6" t="316" w="113" /></phr></stem><stem n="clogl"><phr n="clogl"><ent r="6" t="316" w="114" /></phr></stem><stem n="cab"><phr n="cabs"><ent r="6" t="316" w="115" /></phr></stem><stem n="cabsf"><phr n="cabsf"><ent r="6" t="316" w="116" /></phr></stem><stem n="cabsl"><phr n="cabsl"><ent r="6" t="316" w="117" /></phr></stem><stem n="cpow"><phr n="cpow"><ent r="6" t="316" w="118" /></phr></stem><stem n="cpowf"><phr n="cpowf"><ent r="6" t="316" w="119" /></phr></stem><stem n="cpowl"><phr n="cpowl"><ent r="6" t="316" w="120" /></phr></stem><stem n="csqrt"><phr n="csqrt"><ent r="6" t="316" w="121" /></phr></stem><stem n="csqrtf"><phr n="csqrtf"><ent r="6" t="316" w="122" /></phr></stem><stem n="csqrtl"><phr n="csqrtl"><ent r="6" t="316" w="123" /></phr></stem><stem n="carg"><phr n="carg"><ent r="6" t="316" w="124" /></phr></stem><stem n="cargf"><phr n="cargf"><ent r="6" t="316" w="125" /></phr></stem><stem n="cargl"><phr n="cargl"><ent r="6" t="316" w="126" /></phr></stem><stem n="cimag"><phr n="cimag"><ent r="6" t="316" w="127" /></phr></stem><stem n="cimagf"><phr n="cimagf"><ent r="6" t="316" w="128" /></phr></stem><stem n="cimagl"><phr n="cimagl"><ent r="6" t="316" w="129" /></phr></stem><stem n="conj"><phr n="conj"><ent r="6" t="316" w="130" /></phr></stem><stem n="conjf"><phr n="conjf"><ent r="6" t="316" w="131" /></phr></stem><stem n="conjl"><phr n="conjl"><ent r="6" t="316" w="132" /></phr></stem><stem n="cproj"><phr n="cproj"><ent r="6" t="316" w="133" /></phr></stem><stem n="cprojf"><phr n="cprojf"><ent r="6" t="316" w="134" /></phr></stem><stem n="cprojl"><phr n="cprojl"><ent r="6" t="316" w="135" /></phr></stem><stem n="creal"><phr n="creal"><ent r="6" t="316" w="136" /></phr></stem><stem n="crealf"><phr n="crealf"><ent r="6" t="316" w="137" /></phr></stem><stem n="creall"><phr n="creall"><ent r="6" t="316" w="138" /></phr></stem><stem n="fenv"><phr n="fenv"><ent r="6" t="316" w="140" /><ent r="6" t="316" w="145" /><ent r="6" t="316" w="176" /></phr></stem><stem n="fexcept"><phr n="fexcept"><ent r="6" t="316" w="147" /></phr></stem><stem n="fe"><phr n="FE"><ent r="6" t="316" w="149" /><ent r="6" t="316" w="151" /><ent r="6" t="316" w="153" /><ent r="6" t="316" w="155" /><ent r="6" t="316" w="157" /><ent r="6" t="316" w="159" /><ent r="6" t="316" w="162" /><ent r="6" t="316" w="164" /><ent r="6" t="316" w="166" /><ent r="6" t="316" w="168" /><ent r="6" t="316" w="170" /></phr></stem><stem n="divbyzero"><phr n="DIVBYZERO"><ent r="6" t="316" w="150" /></phr></stem><stem n="_divbyzero,"><phr n="_DIVBYZERO,"><ent r="6" t="316" w="151" /></phr></stem><stem n="inexact"><phr n="INEXACT"><ent r="6" t="316" w="152" /></phr></stem><stem n="_inexact,"><phr n="_INEXACT,"><ent r="6" t="316" w="153" /></phr></stem><stem n="_invalid,"><phr n="_INVALID,"><ent r="6" t="316" w="155" /></phr></stem><stem n="overflow"><phr n="OVERFLOW"><ent r="6" t="316" w="156" /></phr></stem><stem n="_overflow,"><phr n="_OVERFLOW,"><ent r="6" t="316" w="157" /></phr></stem><stem n="underflow"><phr n="UNDERFLOW"><ent r="6" t="316" w="158" /></phr></stem><stem n="_underflow,"><phr n="_UNDERFLOW,"><ent r="6" t="316" w="159" /></phr></stem><stem n="_all_except,"><phr n="_ALL_EXCEPT,"><ent r="6" t="316" w="162" /></phr></stem><stem n="downward"><phr n="DOWNWARD"><ent r="6" t="316" w="163" /></phr></stem><stem n="_downward,"><phr n="_DOWNWARD,"><ent r="6" t="316" w="164" /></phr></stem><stem n="tonearest"><phr n="TONEAREST"><ent r="6" t="316" w="165" /></phr></stem><stem n="_tonearest,"><phr n="_TONEAREST,"><ent r="6" t="316" w="166" /></phr></stem><stem n="towardzero"><phr n="TOWARDZERO"><ent r="6" t="316" w="167" /></phr></stem><stem n="_towardzero,"><phr n="_TOWARDZERO,"><ent r="6" t="316" w="168" /></phr></stem><stem n="upward"><phr n="UPWARD"><ent r="6" t="316" w="169" /></phr></stem><stem n="_upward,"><phr n="_UPWARD,"><ent r="6" t="316" w="170" /></phr></stem><stem n="dfl"><phr n="DFL"><ent r="6" t="316" w="171" /><ent r="6" t="316" w="271" /></phr></stem><stem n="env"><phr n="ENV"><ent r="6" t="316" w="172" /></phr></stem><stem n="_dfl_env,"><phr n="_DFL_ENV,"><ent r="6" t="316" w="173" /></phr></stem><stem n="_access"><phr n="_ACCESS"><ent r="6" t="316" w="177" /></phr></stem><stem n="feclearexcept"><phr n="feclearexcept"><ent r="6" t="316" w="182" /></phr></stem><stem n="fegetexceptflag"><phr n="fegetexceptflag"><ent r="6" t="316" w="183" /></phr></stem><stem n="feraiseexcept"><phr n="feraiseexcept"><ent r="6" t="316" w="184" /></phr></stem><stem n="fesetexceptflag"><phr n="fesetexceptflag"><ent r="6" t="316" w="185" /></phr></stem><stem n="fetestexcept"><phr n="fetestexcept"><ent r="6" t="316" w="186" /></phr></stem><stem n="fegetround"><phr n="fegetround"><ent r="6" t="316" w="187" /></phr></stem><stem n="fesetround"><phr n="fesetround"><ent r="6" t="316" w="188" /></phr></stem><stem n="fegetenv"><phr n="fegetenv"><ent r="6" t="316" w="189" /></phr></stem><stem n="feholdexcept"><phr n="feholdexcept"><ent r="6" t="316" w="190" /></phr></stem><stem n="fesetenv"><phr n="fesetenv"><ent r="6" t="316" w="191" /></phr></stem><stem n="feupdateenv"><phr n="feupdateenv"><ent r="6" t="316" w="192" /></phr></stem><stem n="inttyp"><phr n="inttypes"><ent r="6" t="316" w="194" /></phr></stem><stem n="scndn"><phr n="SCNdN"><ent r="6" t="316" w="199" /></phr></stem><stem n="scnin"><phr n="SCNiN"><ent r="6" t="316" w="200" /></phr></stem><stem n="scnon"><phr n="SCNoN"><ent r="6" t="316" w="201" /></phr></stem><stem n="scnun"><phr n="SCNuN"><ent r="6" t="316" w="202" /></phr></stem><stem n="scnxn"><phr n="SCNxN"><ent r="6" t="316" w="203" /></phr></stem><stem n="scndleastn"><phr n="SCNdLEASTN"><ent r="6" t="316" w="204" /></phr></stem><stem n="scnileastn"><phr n="SCNiLEASTN"><ent r="6" t="316" w="205" /></phr></stem><stem n="scnoleastn"><phr n="SCNoLEASTN"><ent r="6" t="316" w="206" /></phr></stem><stem n="scnuleastn"><phr n="SCNuLEASTN"><ent r="6" t="316" w="207" /></phr></stem><stem n="scnxleastn"><phr n="SCNxLEASTN"><ent r="6" t="316" w="208" /></phr></stem><stem n="scndfastn"><phr n="SCNdFASTN"><ent r="6" t="316" w="209" /></phr></stem><stem n="scnifastn"><phr n="SCNiFASTN"><ent r="6" t="316" w="210" /></phr></stem><stem n="scnofastn"><phr n="SCNoFASTN"><ent r="6" t="316" w="211" /></phr></stem><stem n="scnufastn"><phr n="SCNuFASTN"><ent r="6" t="316" w="212" /></phr></stem><stem n="scnxfastn"><phr n="SCNxFASTN"><ent r="6" t="316" w="213" /></phr></stem><stem n="scndmax"><phr n="SCNdMAX"><ent r="6" t="316" w="214" /></phr></stem><stem n="scnimax"><phr n="SCNiMAX"><ent r="6" t="316" w="215" /></phr></stem><stem n="scnomax"><phr n="SCNoMAX"><ent r="6" t="316" w="216" /></phr></stem><stem n="scnumax"><phr n="SCNuMAX"><ent r="6" t="316" w="217" /></phr></stem><stem n="scnxmax"><phr n="SCNxMAX"><ent r="6" t="316" w="218" /></phr></stem><stem n="scndptr"><phr n="SCNdPTR"><ent r="6" t="316" w="219" /></phr></stem><stem n="scniptr"><phr n="SCNiPTR"><ent r="6" t="316" w="220" /></phr></stem><stem n="scnoptr"><phr n="SCNoPTR"><ent r="6" t="316" w="221" /></phr></stem><stem n="scnuptr"><phr n="SCNuPTR"><ent r="6" t="316" w="222" /></phr></stem><stem n="scnxptr"><phr n="SCNxPTR"><ent r="6" t="316" w="223" /></phr></stem><stem n="wcstoimax"><phr n="wcstoimax"><ent r="6" t="316" w="225" /></phr></stem><stem n="wcstoumax"><phr n="wcstoumax"><ent r="6" t="316" w="226" /></phr></stem><stem n="lc"><phr n="LC"><ent r="6" t="316" w="233" /><ent r="6" t="316" w="235" /><ent r="6" t="316" w="237" /><ent r="6" t="316" w="239" /><ent r="6" t="316" w="241" /><ent r="6" t="316" w="243" /></phr></stem><stem n="collat"><phr n="COLLATE"><ent r="6" t="316" w="236" /></phr></stem><stem n="_collate,"><phr n="_COLLATE,"><ent r="6" t="316" w="237" /></phr></stem><stem n="ctype"><phr n="CTYPE"><ent r="6" t="316" w="238" /></phr></stem><stem n="_ctype,"><phr n="_CTYPE,"><ent r="6" t="316" w="239" /></phr></stem><stem n="monetari"><phr n="MONETARY"><ent r="6" t="316" w="240" /></phr></stem><stem n="_monetary,"><phr n="_MONETARY,"><ent r="6" t="316" w="241" /></phr></stem><stem n="_numeric,"><phr n="_NUMERIC,"><ent r="6" t="316" w="243" /></phr></stem><stem n="lconv"><phr n="lconv"><ent r="6" t="316" w="246" /></phr></stem><stem n="setlocal"><phr n="setlocale"><ent r="6" t="316" w="248" /></phr></stem><stem n="localeconv"><phr n="localeconv"><ent r="6" t="316" w="249" /></phr></stem><stem n="jmp"><phr n="jmp"><ent r="6" t="316" w="256" /></phr></stem><stem n="_buf"><phr n="_buf"><ent r="6" t="316" w="257" /></phr></stem><stem n="buf"><phr n="buf"><ent r="6" t="316" w="257" /></phr></stem><stem n="longjmp"><phr n="longjmp"><ent r="6" t="316" w="260" /></phr></stem><stem n="_atomic_t,"><phr n="_atomic_t,"><ent r="6" t="316" w="270" /></phr></stem><stem n="_dfl,"><phr n="_DFL,"><ent r="6" t="316" w="272" /></phr></stem><stem n="err"><phr n="ERR"><ent r="6" t="316" w="273" /></phr></stem><stem n="_err,"><phr n="_ERR,"><ent r="6" t="316" w="274" /></phr></stem><stem n="ign"><phr n="IGN"><ent r="6" t="316" w="275" /></phr></stem><stem n="_ign,"><phr n="_IGN,"><ent r="6" t="316" w="276" /></phr></stem><stem n="sigabrt"><phr n="SIGABRT"><ent r="6" t="316" w="276" /></phr></stem><stem n="sigfp"><phr n="SIGFPE"><ent r="6" t="316" w="277" /></phr></stem><stem n="sigil"><phr n="SIGILL"><ent r="6" t="316" w="278" /></phr></stem><stem n="sigint"><phr n="SIGINT"><ent r="6" t="316" w="279" /></phr></stem><stem n="sigsegv"><phr n="SIGSEGV"><ent r="6" t="316" w="280" /></phr></stem><stem n="sigterm"><phr n="SIGTERM"><ent r="6" t="316" w="281" /></phr></stem><stem n="fpo"><phr n="fpos"><ent r="6" t="316" w="291" /></phr></stem><stem n="iofbf"><phr n="IOFBF"><ent r="6" t="316" w="293" /></phr></stem><stem n="_iofbf,"><phr n="_IOFBF,"><ent r="6" t="316" w="294" /></phr></stem><stem n="iolbf"><phr n="IOLBF"><ent r="6" t="316" w="294" /></phr></stem><stem n="_iolbf,"><phr n="_IOLBF,"><ent r="6" t="316" w="295" /></phr></stem><stem n="ionbf"><phr n="IONBF"><ent r="6" t="316" w="295" /></phr></stem><stem n="_ionbf,"><phr n="_IONBF,"><ent r="6" t="316" w="296" /></phr></stem><stem n="_max,"><phr n="_MAX,"><ent r="6" t="316" w="298" /><ent r="6" t="316" w="300" /><ent r="6" t="316" w="310" /></phr></stem><stem n="l"><phr n="L"><ent r="6" t="316" w="300" /></phr></stem><stem n="tmpnam"><phr n="tmpnam"><ent r="6" t="316" w="301" /><ent r="6" t="316" w="317" /></phr></stem><stem n="_tmpnam,"><phr n="_tmpnam,"><ent r="6" t="316" w="302" /></phr></stem><stem n="cur"><phr n="CUR"><ent r="6" t="316" w="303" /></phr></stem><stem n="_cur,"><phr n="_CUR,"><ent r="6" t="316" w="304" /></phr></stem><stem n="_end,"><phr n="_END,"><ent r="6" t="316" w="306" /></phr></stem><stem n="_set,"><phr n="_SET,"><ent r="6" t="316" w="308" /></phr></stem><stem n="tmp"><phr n="TMP"><ent r="6" t="316" w="308" /></phr></stem><stem n="stderr"><phr n="stderr"><ent r="6" t="316" w="310" /></phr></stem><stem n="stdin"><phr n="stdin"><ent r="6" t="316" w="311" /></phr></stem><stem n="stdout"><phr n="stdout"><ent r="6" t="316" w="312" /></phr></stem><stem n="renam"><phr n="rename"><ent r="6" t="316" w="315" /></phr></stem><stem n="tmpfile"><phr n="tmpfile"><ent r="6" t="316" w="316" /></phr></stem><stem n="fflush"><phr n="fflush"><ent r="6" t="316" w="319" /></phr></stem><stem n="freopen"><phr n="freopen"><ent r="6" t="316" w="321" /></phr></stem><stem n="setbuf"><phr n="setbuf"><ent r="6" t="316" w="322" /></phr></stem><stem n="setvbuf"><phr n="setvbuf"><ent r="6" t="316" w="323" /></phr></stem><stem n="fprintf"><phr n="fprintf"><ent r="6" t="316" w="324" /></phr></stem><stem n="fscanf"><phr n="fscanf"><ent r="6" t="316" w="325" /></phr></stem><stem n="scanf"><phr n="scanf"><ent r="6" t="316" w="327" /></phr></stem><stem n="sprintf"><phr n="sprintf"><ent r="6" t="316" w="328" /></phr></stem><stem n="sscanf"><phr n="sscanf"><ent r="6" t="316" w="329" /></phr></stem><stem n="vfprintf"><phr n="vfprintf"><ent r="6" t="316" w="330" /></phr></stem><stem n="vfscanf"><phr n="vfscanf"><ent r="6" t="316" w="331" /></phr></stem><stem n="vprintf"><phr n="vprintf"><ent r="6" t="316" w="332" /></phr></stem><stem n="vscanf"><phr n="vscanf"><ent r="6" t="316" w="333" /></phr></stem><stem n="vsprintf"><phr n="vsprintf"><ent r="6" t="316" w="334" /></phr></stem><stem n="vsscanf"><phr n="vsscanf"><ent r="6" t="316" w="335" /></phr></stem><stem n="fgetc"><phr n="fgetc"><ent r="6" t="316" w="336" /></phr></stem><stem n="fget"><phr n="fgets"><ent r="6" t="316" w="337" /></phr></stem><stem n="fputc"><phr n="fputc"><ent r="6" t="316" w="338" /></phr></stem><stem n="fput"><phr n="fputs"><ent r="6" t="316" w="339" /></phr></stem><stem n="getc"><phr n="getc"><ent r="6" t="316" w="340" /></phr></stem><stem n="getchar"><phr n="getchar"><ent r="6" t="316" w="341" /></phr></stem><stem n="putc"><phr n="putc"><ent r="6" t="316" w="343" /></phr></stem><stem n="putchar"><phr n="putchar"><ent r="6" t="316" w="344" /></phr></stem><stem n="ungetc"><phr n="ungetc"><ent r="6" t="316" w="346" /></phr></stem><stem n="fread"><phr n="fread"><ent r="6" t="316" w="347" /></phr></stem><stem n="fgetpo"><phr n="fgetpos"><ent r="6" t="316" w="349" /></phr></stem><stem n="fseek"><phr n="fseek"><ent r="6" t="316" w="350" /></phr></stem><stem n="fsetpo"><phr n="fsetpos"><ent r="6" t="316" w="351" /></phr></stem><stem n="ftell"><phr n="ftell"><ent r="6" t="316" w="352" /></phr></stem><stem n="rewind"><phr n="rewind"><ent r="6" t="316" w="353" /></phr></stem><stem n="clearerr"><phr n="clearerr"><ent r="6" t="316" w="354" /></phr></stem><stem n="feof"><phr n="feof"><ent r="6" t="316" w="355" /></phr></stem><stem n="ferror"><phr n="ferror"><ent r="6" t="316" w="356" /></phr></stem><stem n="perror"><phr n="perror"><ent r="6" t="316" w="357" /></phr></stem><stem n="stdlib"><phr n="stdlib"><ent r="6" t="316" w="359" /></phr></stem><stem n="atexit"><phr n="atexit"><ent r="6" t="316" w="367" /></phr></stem><stem n="_exit(),"><phr n="_Exit(),"><ent r="6" t="316" w="370" /></phr></stem><stem n="getenv"><phr n="getenv"><ent r="6" t="316" w="370" /></phr></stem><stem n="strstr"><phr n="strstr"><ent r="6" t="316" w="381" /><ent r="4" t="316" w="477" /><ent r="4" t="316" w="494" /></phr></stem><stem n="tgmath"><phr n="tgmath"><ent r="6" t="316" w="384" /></phr></stem><stem n="clock"><phr n="clock"><ent r="6" t="316" w="397" /></phr></stem><stem n="mktime"><phr n="mktime"><ent r="6" t="316" w="398" /></phr></stem><stem n="ctime"><phr n="ctime"><ent r="6" t="316" w="400" /></phr></stem><stem n="gmtime"><phr n="gmtime"><ent r="6" t="316" w="401" /></phr></stem><stem n="localtim"><phr n="localtime"><ent r="6" t="316" w="402" /></phr></stem><stem n="fwprintf"><phr n="fwprintf"><ent r="6" t="316" w="410" /></phr></stem><stem n="fwscanf"><phr n="fwscanf"><ent r="6" t="316" w="411" /></phr></stem><stem n="swscanf"><phr n="swscanf"><ent r="6" t="316" w="412" /></phr></stem><stem n="vfwprintf"><phr n="vfwprintf"><ent r="6" t="316" w="413" /></phr></stem><stem n="vfwscanf"><phr n="vfwscanf"><ent r="6" t="316" w="414" /></phr></stem><stem n="vswscanf"><phr n="vswscanf"><ent r="6" t="316" w="415" /></phr></stem><stem n="vwprintf"><phr n="vwprintf"><ent r="6" t="316" w="416" /></phr></stem><stem n="vwscanf"><phr n="vwscanf"><ent r="6" t="316" w="417" /></phr></stem><stem n="wprintf"><phr n="wprintf"><ent r="6" t="316" w="418" /></phr></stem><stem n="wscanf"><phr n="wscanf"><ent r="6" t="316" w="419" /></phr></stem><stem n="fgetwc"><phr n="fgetwc"><ent r="6" t="316" w="420" /></phr></stem><stem n="fgetw"><phr n="fgetws"><ent r="6" t="316" w="421" /></phr></stem><stem n="fputwc"><phr n="fputwc"><ent r="6" t="316" w="422" /></phr></stem><stem n="fputw"><phr n="fputws"><ent r="6" t="316" w="423" /></phr></stem><stem n="fwide"><phr n="fwide"><ent r="6" t="316" w="424" /></phr></stem><stem n="getwc"><phr n="getwc"><ent r="6" t="316" w="425" /></phr></stem><stem n="getwchar"><phr n="getwchar"><ent r="6" t="316" w="426" /></phr></stem><stem n="putwc"><phr n="putwc"><ent r="6" t="316" w="427" /></phr></stem><stem n="putwchar"><phr n="putwchar"><ent r="6" t="316" w="428" /></phr></stem><stem n="ungetwc"><phr n="ungetwc"><ent r="6" t="316" w="429" /></phr></stem><stem n="wcstod"><phr n="wcstod"><ent r="6" t="316" w="430" /></phr></stem><stem n="wcstof"><phr n="wcstof"><ent r="6" t="316" w="431" /></phr></stem><stem n="wcstold"><phr n="wcstold"><ent r="6" t="316" w="432" /></phr></stem><stem n="wcstol"><phr n="wcstol"><ent r="6" t="316" w="433" /></phr></stem><stem n="wcstoll"><phr n="wcstoll"><ent r="6" t="316" w="434" /></phr></stem><stem n="wcstoul"><phr n="wcstoul"><ent r="6" t="316" w="435" /></phr></stem><stem n="wcstoull"><phr n="wcstoull"><ent r="6" t="316" w="436" /></phr></stem><stem n="wcsftime"><phr n="wcsftime"><ent r="6" t="316" w="439" /></phr></stem><stem n="wctob"><phr n="wctob"><ent r="6" t="316" w="440" /></phr></stem><stem n="(),wctob()"><phr n="(),wctob()"><ent r="6" t="316" w="441" /></phr></stem><stem n="wctype"><phr n="wctype"><ent r="6" t="316" w="442" /><ent r="6" t="316" w="460" /></phr></stem><stem n="iswalnum"><phr n="iswalnum"><ent r="6" t="316" w="448" /></phr></stem><stem n="iswalpha"><phr n="iswalpha"><ent r="6" t="316" w="449" /></phr></stem><stem n="iswblank"><phr n="iswblank"><ent r="6" t="316" w="450" /></phr></stem><stem n="iswcntrl"><phr n="iswcntrl"><ent r="6" t="316" w="451" /></phr></stem><stem n="iswdigit"><phr n="iswdigit"><ent r="6" t="316" w="452" /></phr></stem><stem n="iswgraph"><phr n="iswgraph"><ent r="6" t="316" w="453" /></phr></stem><stem n="iswlow"><phr n="iswlower"><ent r="6" t="316" w="454" /></phr></stem><stem n="iswprint"><phr n="iswprint"><ent r="6" t="316" w="455" /></phr></stem><stem n="iswpunct"><phr n="iswpunct"><ent r="6" t="316" w="456" /></phr></stem><stem n="iswspac"><phr n="iswspace"><ent r="6" t="316" w="457" /></phr></stem><stem n="iswupp"><phr n="iswupper"><ent r="6" t="316" w="458" /></phr></stem><stem n="iswxdigit"><phr n="iswxdigit"><ent r="6" t="316" w="459" /></phr></stem><stem n="towlow"><phr n="towlower"><ent r="6" t="316" w="461" /></phr></stem><stem n="towupp"><phr n="towupper"><ent r="6" t="316" w="462" /></phr></stem><stem n="towctran"><phr n="towctrans"><ent r="6" t="316" w="463" /></phr></stem><stem n="wctran"><phr n="wctrans"><ent r="6" t="316" w="464" /></phr></stem><stem n="(const"><phr n="(const"><ent r="4" t="316" w="478" /><ent r="4" t="316" w="495" /></phr></stem><stem n="*)"><phr n="*)"><ent r="4" t="316" w="482" /><ent r="4" t="316" w="499" /></phr></stem><stem n="sthe"><phr n="sthe"><ent r="3" t="316" w="489" /></phr></stem><stem n="variant"><phr n="variant"><ent r="3" t="316" w="490" /></phr></stem><stem n="memset"><phr n="memset"><ent r="4" t="316" w="508" /><ent r="4" t="316" w="522" /><ent r="4" t="316" w="536" /><ent r="4" t="316" w="540" /><ent r="5" t="316" w="586" /><ent r="5" t="316" w="624" /><ent r="5" t="316" w="632" /><ent r="5" t="316" w="642" /><ent r="5" t="316" w="686" /><ent r="5" t="316" w="717" /><ent r="5" t="316" w="728" /><ent r="5" t="316" w="735" /></phr></stem><stem n="_s()"><phr n="_s()"><ent r="4" t="316" w="524" /><ent r="4" t="316" w="542" /><ent r="5" t="316" w="634" /><ent r="5" t="316" w="688" /><ent r="5" t="316" w="719" /><ent r="5" t="316" w="737" /></phr></stem><stem n="versu"><phr n="versus"><ent r="3" t="316" w="538" /></phr></stem><stem n="%n"><phr n="%n"><ent r="5" t="316" w="561" /></phr></stem><stem n="-famili"><phr n="-family"><ent r="4" t="316" w="564" /><ent r="4" t="316" w="564" /></phr></stem><stem n="printf-famili"><phr n="printf-family"><ent r="4" t="316" w="564" /></phr></stem><stem n="famili"><phr n="family"><ent r="4" t="316" w="565" /></phr></stem><stem n="snprintf"><phr n="snprintf"><ent r="5" t="316" w="570" /></phr></stem><stem n="recogn"><phr n="recognizes"><ent r="4" t="316" w="675" /></phr></stem><stem n="awai"><phr n="away"><ent r="4" t="316" w="697" /></phr></stem><stem n="istream"><phr n="istream"><ent r="6" t="317" w="70" /><ent r="6" t="317" w="88" /></phr></stem><stem n="_iterator,"><phr n="_iterator,"><ent r="6" t="317" w="72" /><ent r="6" t="317" w="74" /><ent r="6" t="317" w="76" /></phr></stem><stem n="ostream"><phr n="ostream"><ent r="6" t="317" w="72" /><ent r="6" t="317" w="90" /></phr></stem><stem n="istreambuf"><phr n="istreambuf"><ent r="6" t="317" w="74" /></phr></stem><stem n="ostreambuf"><phr n="ostreambuf"><ent r="6" t="317" w="76" /></phr></stem><stem n="_iter"><phr n="_iterator"><ent r="6" t="317" w="77" /></phr></stem><stem n="/output"><phr n="/Output"><ent r="6" t="317" w="80" /></phr></stem><stem n="streambuf"><phr n="streambuf"><ent r="6" t="317" w="86" /></phr></stem><stem n="_streambuf,"><phr n="_streambuf,"><ent r="6" t="317" w="87" /></phr></stem><stem n="_istream,"><phr n="_istream,"><ent r="6" t="317" w="89" /></phr></stem><stem n="_ostream,"><phr n="_ostream,"><ent r="6" t="317" w="91" /></phr></stem><stem n="iostream"><phr n="iostream"><ent r="6" t="317" w="92" /></phr></stem><stem n="_iostream,"><phr n="_iostream,"><ent r="6" t="317" w="93" /></phr></stem><stem n="filebuf"><phr n="filebuf"><ent r="6" t="317" w="94" /></phr></stem><stem n="_filebuf,"><phr n="_filebuf,"><ent r="6" t="317" w="95" /></phr></stem><stem n="ifstream"><phr n="ifstream"><ent r="6" t="317" w="96" /></phr></stem><stem n="_ifstream,"><phr n="_ifstream,"><ent r="6" t="317" w="97" /></phr></stem><stem n="ofstream"><phr n="ofstream"><ent r="6" t="317" w="98" /></phr></stem><stem n="_ofstream,"><phr n="_ofstream,"><ent r="6" t="317" w="99" /></phr></stem><stem n="fstream"><phr n="fstream"><ent r="6" t="317" w="100" /></phr></stem><stem n="_fstream,"><phr n="_fstream,"><ent r="6" t="317" w="101" /></phr></stem><stem n="stringbuf"><phr n="stringbuf"><ent r="6" t="317" w="102" /></phr></stem><stem n="_stringbuf,"><phr n="_stringbuf,"><ent r="6" t="317" w="103" /></phr></stem><stem n="istringstream"><phr n="istringstream"><ent r="6" t="317" w="104" /></phr></stem><stem n="_istringstream,"><phr n="_istringstream,"><ent r="6" t="317" w="105" /></phr></stem><stem n="ostringstream"><phr n="ostringstream"><ent r="6" t="317" w="106" /></phr></stem><stem n="_ostringstream,"><phr n="_ostringstream,"><ent r="6" t="317" w="107" /></phr></stem><stem n="_stringstream"><phr n="_stringstream"><ent r="6" t="317" w="108" /></phr></stem><stem n="stringstream"><phr n="stringstream"><ent r="6" t="317" w="108" /></phr></stem><stem n="facet"><phr n="facet"><ent r="6" t="317" w="116" /><ent r="6" t="317" w="118" /></phr></stem><stem n="_facet,"><phr n="_facet,"><ent r="6" t="317" w="117" /></phr></stem><stem n="_facet"><phr n="_facet"><ent r="6" t="317" w="118" /></phr></stem><stem n="__try,"><phr n="__try,"><ent r="6" t="318" w="41" /></phr></stem><stem n="__except,"><phr n="__except,"><ent r="6" t="318" w="42" /></phr></stem><stem n="__finally,"><phr n="__finally,"><ent r="6" t="318" w="43" /></phr></stem><stem n="__leav"><phr n="__leave"><ent r="6" t="318" w="43" /></phr></stem><stem n="abstract"><phr n="abstract"><ent r="6" t="318" w="48" /></phr></stem><stem n="__abstract,"><phr n="__abstract,"><ent r="6" t="318" w="49" /></phr></stem><stem n="__box,"><phr n="__box,"><ent r="6" t="318" w="50" /></phr></stem><stem n="__sealed,"><phr n="__sealed,"><ent r="6" t="318" w="51" /></phr></stem><stem n="__value,"><phr n="__value,"><ent r="6" t="318" w="52" /></phr></stem><stem n="deleg"><phr n="delegate"><ent r="6" t="318" w="52" /><ent r="6" t="318" w="69" /></phr><phr n="Delegating"><ent r="6" t="320" w="76" /></phr></stem><stem n="__delegate,"><phr n="__delegate,"><ent r="6" t="318" w="53" /></phr></stem><stem n="gc"><phr n="gc"><ent r="6" t="318" w="53" /></phr></stem><stem n="__gc,"><phr n="__gc,"><ent r="6" t="318" w="54" /></phr></stem><stem n="nogc"><phr n="nogc"><ent r="6" t="318" w="54" /></phr></stem><stem n="__nogc,"><phr n="__nogc,"><ent r="6" t="318" w="55" /></phr></stem><stem n="__property,"><phr n="__property,"><ent r="6" t="318" w="56" /></phr></stem><stem n="cast"><phr n="cast"><ent r="6" t="318" w="57" /></phr></stem><stem n="__try_cast,"><phr n="__try_cast,"><ent r="6" t="318" w="58" /></phr></stem><stem n="__pin"><phr n="__pin"><ent r="6" t="318" w="58" /></phr></stem><stem n="pin"><phr n="pin"><ent r="6" t="318" w="58" /></phr></stem><stem n="__identifier,"><phr n="__identifier,"><ent r="6" t="318" w="65" /></phr></stem><stem n="nullptr"><phr n="nullptr"><ent r="6" t="318" w="65" /><ent r="6" t="320" w="160" /></phr></stem><stem n="typeid"><phr n="typeid"><ent r="6" t="318" w="72" /></phr></stem><stem n="initonli"><phr n="initonly"><ent r="6" t="318" w="78" /></phr></stem><stem n="‘for"><phr n="‘for"><ent r="6" t="318" w="79" /></phr></stem><stem n="’,"><phr n="’,"><ent r="6" t="318" w="82" /></phr></stem><stem n="ref"><phr n="ref"><ent r="6" t="318" w="82" /><ent r="6" t="318" w="92" /></phr></stem><stem n="friend"><phr n="friend"><ent r="6" t="318" w="84" /><ent r="6" t="320" w="87" /></phr></stem><stem n="_as,"><phr n="_as,"><ent r="6" t="318" w="86" /></phr></stem><stem n="gcnew"><phr n="gcnew"><ent r="6" t="318" w="86" /></phr></stem><stem n="safecast"><phr n="safecast"><ent r="6" t="318" w="87" /></phr></stem><stem n="interior"><phr n="interior"><ent r="6" t="318" w="94" /></phr></stem><stem n="_ptr,"><phr n="_ptr,"><ent r="6" t="318" w="96" /></phr></stem><stem n="liter"><phr n="literal"><ent r="6" t="318" w="96" /></phr><phr n="literals"><ent r="6" t="320" w="136" /><ent r="6" t="320" w="223" /><ent r="6" t="320" w="229" /><ent r="6" t="320" w="233" /></phr></stem><stem n="__event,"><phr n="__event,"><ent r="6" t="318" w="106" /></phr></stem><stem n="hook"><phr n="hook"><ent r="6" t="318" w="106" /></phr></stem><stem n="__hook,"><phr n="__hook,"><ent r="6" t="318" w="107" /></phr></stem><stem n="unhook"><phr n="unhook"><ent r="6" t="318" w="107" /></phr></stem><stem n="__unhook,"><phr n="__unhook,"><ent r="6" t="318" w="108" /></phr></stem></index>