<?xml version="1.0" encoding="utf-8"?><CatapultToc Version="1" DescendantCount="321"><TocEntry Title="Intel(R) Software Guard Extensions SDK Developer Reference" Link="/Content/Intel_SGX_SDK_Developer_Reference.htm" VolumeNumberReset="continue" ChapterNumberReset="continue" SectionNumberReset="continue" PageNumberReset="continue" ComputedResetPageLayout="true" ComputedFirstTopic="true" DescendantCount="0" /><TocEntry Title="Legal Information" Link="/Content/Legal_Information.htm" VolumeNumberReset="continue" ChapterNumberReset="continue" SectionNumberReset="continue" PageNumberReset="continue" ComputedFirstTopic="false" DescendantCount="0" /><TocEntry Title="Revision History" Link="/Content/Revision_History.htm" VolumeNumberReset="continue" ChapterNumberReset="continue" SectionNumberReset="continue" PageNumberReset="continue" ComputedFirstTopic="false" DescendantCount="0" /><TocEntry Title="Introduction" Link="/Content/Introduction.htm" VolumeNumberReset="continue" ChapterNumberReset="continue" SectionNumberReset="continue" PageNumberReset="continue" ComputedFirstTopic="false" DescendantCount="5"><TocEntry Title="Intel(R) Software Guard Extensions Technology Overview" Link="/Content/Intel_SGX_Technology_Overview.htm" VolumeNumberReset="continue" ChapterNumberReset="continue" SectionNumberReset="continue" PageNumberReset="continue" ComputedFirstTopic="false" DescendantCount="0" /><TocEntry Title="Intel(R) Software Guard Extensions Security Properties" Link="/Content/Intel_SGX_Security_Properties.htm" VolumeNumberReset="continue" ChapterNumberReset="continue" SectionNumberReset="continue" PageNumberReset="continue" ComputedFirstTopic="false" DescendantCount="0" /><TocEntry Title="Application Design Considerations" Link="/Content/Application_Design_Considerations.htm" VolumeNumberReset="continue" ChapterNumberReset="continue" SectionNumberReset="continue" PageNumberReset="continue" ComputedFirstTopic="false" DescendantCount="0" /><TocEntry Title="Terminology and Acronyms" Link="/Content/Terminology_and_Acronyms.htm" VolumeNumberReset="continue" ChapterNumberReset="continue" SectionNumberReset="continue" PageNumberReset="continue" ComputedFirstTopic="false" DescendantCount="0" /><TocEntry Title="Tested Environments" Link="/Content/Tested_Environments.htm" VolumeNumberReset="continue" ChapterNumberReset="continue" SectionNumberReset="continue" PageNumberReset="continue" ComputedFirstTopic="false" DescendantCount="0" /></TocEntry><TocEntry Title="Setting up an Intel(R) Software Guard Extension Project" Link="/Content/Setting_up_an_Intel_SGX_Project.htm" VolumeNumberReset="continue" ChapterNumberReset="continue" SectionNumberReset="continue" PageNumberReset="continue" ComputedFirstTopic="false" DescendantCount="13"><TocEntry Title="Using Microsoft* Visual Studio*  Intel(R) SGX Wizard" Link="/Content/Using_Microsoft_Visual_Studio_Intel_SGX_Wizard.htm" conditions="Default.Windows OS" VolumeNumberReset="continue" ChapterNumberReset="continue" SectionNumberReset="continue" PageNumberReset="continue" ComputedFirstTopic="false" DescendantCount="2"><TocEntry Title="Creating an Enclave" Link="/Content/Creating_an_Enclave.htm" conditions="Default.Windows OS" VolumeNumberReset="continue" ChapterNumberReset="continue" SectionNumberReset="continue" PageNumberReset="continue" ComputedFirstTopic="false" DescendantCount="0" /><TocEntry Title="Add 64-bit Build Support (Optional)" Link="/Content/Add_64_bit_Build_Support.htm" conditions="Default.Windows OS" VolumeNumberReset="continue" ChapterNumberReset="continue" SectionNumberReset="continue" PageNumberReset="continue" ComputedFirstTopic="false" DescendantCount="0" /></TocEntry><TocEntry Title="Using Microsoft* Visual Studio*  Intel(R) Software Guard Extensions Add-in" Link="/Content/Using_Microsoft_Visual_Studio_Intel_SGX_Add_in.htm" conditions="Default.Windows OS" VolumeNumberReset="continue" ChapterNumberReset="continue" SectionNumberReset="continue" PageNumberReset="continue" ComputedFirstTopic="false" DescendantCount="4"><TocEntry Title="EnclaveSettings" Link="/Content/Enclave_Settings.htm" conditions="Default.Windows OS" VolumeNumberReset="continue" ChapterNumberReset="continue" SectionNumberReset="continue" PageNumberReset="continue" ComputedFirstTopic="false" DescendantCount="0" /><TocEntry Title="Enclave Preferred Load Address" Link="/Content/Enclave_Preferred_Load_Address.htm" conditions="Default.Windows OS,Default.Windows_1_1_exclusion" ComputedFirstTopic="false" DescendantCount="0" /><TocEntry Title="Enclave Signing" Link="/Content/Enclave_Signing.htm" conditions="Default.Windows OS" ComputedFirstTopic="false" DescendantCount="0" /><TocEntry Title="Import Enclave" Link="/Content/Import_Enclave.htm" conditions="Default.Windows OS" VolumeNumberReset="continue" ChapterNumberReset="continue" SectionNumberReset="continue" PageNumberReset="continue" ComputedFirstTopic="false" DescendantCount="0" /></TocEntry><TocEntry Title="Enclave Project Files" Link="/Content/Enclave_Project Files.htm" conditions="Default.Windows OS" VolumeNumberReset="continue" ChapterNumberReset="continue" SectionNumberReset="continue" PageNumberReset="continue" ComputedFirstTopic="false" DescendantCount="0" /><TocEntry Title="Microsoft* Visual Studio* Project Settings" Link="/Content/Microsoft_Visual_Studio_Project_Settings.htm" conditions="Default.Windows OS" VolumeNumberReset="continue" ChapterNumberReset="continue" SectionNumberReset="continue" PageNumberReset="continue" ComputedFirstTopic="false" DescendantCount="2"><TocEntry Title="Recommended Project Settings for an Enclave Project" Link="/Content/Recommended_Project_Settings_for_an_Enclave_Project.htm" StartSection="false" SectionNumberReset="continue" VolumeNumberReset="continue" ChapterNumberReset="continue" ComputeToc="false" ReplaceMergeNode="false" conditions="Default.Windows OS" PageNumberReset="continue" ComputedFirstTopic="false" DescendantCount="0" /><TocEntry Title="Recommended Project Settings for an Untrusted Application" Link="/Content/Recommended_Project_Settings_for_an_Untrusted_App.htm" conditions="Default.Windows OS" VolumeNumberReset="continue" ChapterNumberReset="continue" SectionNumberReset="continue" PageNumberReset="continue" ComputedFirstTopic="false" DescendantCount="0" /></TocEntry><TocEntry Title="Supported Application Types" Link="/Content/Supported_Application_Types.htm" conditions="Default.Windows OS" ComputedFirstTopic="false" DescendantCount="0" /></TocEntry><TocEntry Title="Using Intel(R) Software Guard Extensions SDK Tools" Link="/Content/Using_Intel_SGX_SDK_Tools.htm" VolumeNumberReset="continue" ChapterNumberReset="continue" SectionNumberReset="continue" PageNumberReset="continue" ComputedFirstTopic="false" DescendantCount="14"><TocEntry Title="The Edger8r Tool" Link="/Content/The_Edger8r_Tool.htm" VolumeNumberReset="continue" ChapterNumberReset="continue" SectionNumberReset="continue" PageNumberReset="continue" StartSection="false" ComputeToc="false" ReplaceMergeNode="false" ComputedFirstTopic="false" DescendantCount="0" /><TocEntry Title="The Enclave Signing Tool" Link="/Content/The_Enclave_Signing_Tool.htm" VolumeNumberReset="continue" ChapterNumberReset="continue" SectionNumberReset="continue" PageNumberReset="continue" ComputedFirstTopic="false" DescendantCount="6"><TocEntry Title="sgx_sign Command-Line Syntax" Link="/Content/sgx_sign Command-Line Syntax.htm" VolumeNumberReset="continue" ChapterNumberReset="continue" SectionNumberReset="continue" PageNumberReset="continue" ComputedFirstTopic="false" DescendantCount="0" /><TocEntry Title="Enclave&#160;Signing Key Management" Link="/Content/Enclave_Signing_Key_Management.htm" ComputedFirstTopic="false" DescendantCount="0" /><TocEntry Title="File Formats" Link="/Content/File_Formats.htm" VolumeNumberReset="continue" ChapterNumberReset="continue" SectionNumberReset="continue" PageNumberReset="continue" ComputedFirstTopic="false" DescendantCount="0" /><TocEntry Title="Signing Key Files" Link="/Content/Signing_Key_Files.htm" VolumeNumberReset="continue" ChapterNumberReset="continue" SectionNumberReset="continue" PageNumberReset="continue" ComputedFirstTopic="false" DescendantCount="0" /><TocEntry Title="Enclave Signer Examples" Link="/Content/Enclave_Signing_Examples.htm" VolumeNumberReset="continue" ChapterNumberReset="continue" SectionNumberReset="continue" PageNumberReset="continue" ComputedFirstTopic="false" DescendantCount="0" /><TocEntry Title="OpenSSL* Examples" Link="/Content/OpenSSL_Examples.htm" VolumeNumberReset="continue" ChapterNumberReset="continue" SectionNumberReset="continue" PageNumberReset="continue" ComputedFirstTopic="false" DescendantCount="0" /></TocEntry><TocEntry Title="Enclave&#160;Debugger" Link="/Content/Debugging_an_Enclave_on_Windows.htm" conditions="Default.Windows OS" StartSection="false" SectionNumberReset="continue" VolumeNumberReset="continue" ChapterNumberReset="continue" ComputeToc="false" PageNumberReset="continue" ComputedFirstTopic="false" DescendantCount="2"><TocEntry Title="Starting and Debugging an Enclavized Application from within Microsoft* Visual Studio" Link="/Content/Starting_and_Debugging_an_Enclavized_Application.htm" conditions="Default.Windows OS" VolumeNumberReset="continue" ChapterNumberReset="continue" SectionNumberReset="continue" PageNumberReset="continue" ComputedFirstTopic="false" DescendantCount="0" /><TocEntry Title="Attaching to and Debugging an Enclave inside a Running Process" Link="/Content/Attaching_to_and_Debugging_an_Enclave.htm" conditions="Default.Windows OS" VolumeNumberReset="continue" ChapterNumberReset="continue" SectionNumberReset="continue" PageNumberReset="continue" ComputedFirstTopic="false" DescendantCount="0" /></TocEntry><TocEntry Title="Performance Measurement using VTune" Link="/Content/Performance_Measurement_using_VTune.htm" ComputedFirstTopic="false" DescendantCount="0" /><TocEntry Title="Enclave Memory Measurement Tool" Link="/Content/Enclave_Memory_Measurement_Tool.htm" VolumeNumberReset="continue" ChapterNumberReset="continue" SectionNumberReset="continue" PageNumberReset="continue" ComputedFirstTopic="false" DescendantCount="0" /><TocEntry Title="CPUSVN Configuration Tool" Link="/Content/CPUSVN_Configuration_Tool.htm" VolumeNumberReset="continue" ChapterNumberReset="continue" SectionNumberReset="continue" PageNumberReset="continue" ComputedFirstTopic="false" DescendantCount="0" /></TocEntry><TocEntry Title="Enclave Development Basics" Link="/Content/Enclave_Development_Basics.htm" VolumeNumberReset="continue" ChapterNumberReset="continue" SectionNumberReset="continue" PageNumberReset="continue" ComputedFirstTopic="false" DescendantCount="39"><TocEntry Title="Writing Enclave Functions" Link="/Content/Writing_Enclave_Functions.htm" VolumeNumberReset="continue" ChapterNumberReset="continue" SectionNumberReset="continue" PageNumberReset="continue" ComputedFirstTopic="false" DescendantCount="0" /><TocEntry Title="Calling Functions Inside the Enclave" Link="/Content/Calling_Functions_Inside_the_Enclave.htm" VolumeNumberReset="continue" ChapterNumberReset="continue" SectionNumberReset="continue" PageNumberReset="continue" ComputedFirstTopic="false" DescendantCount="1"><TocEntry Title="Checking the Return Value" Link="/Content/Checking_Return_Value.htm" VolumeNumberReset="continue" ChapterNumberReset="continue" SectionNumberReset="continue" PageNumberReset="continue" ComputedFirstTopic="false" DescendantCount="0" /></TocEntry><TocEntry Title="Calling Functions Outside the Enclave" Link="/Content/Calling_Functions_Outside_the_Enclave.htm" VolumeNumberReset="continue" ChapterNumberReset="continue" SectionNumberReset="continue" PageNumberReset="continue" ComputedFirstTopic="false" DescendantCount="0" /><TocEntry Title="Library Development for Enclaves" Link="/Content/Library_Development_for_Enclaves.htm" ComputedFirstTopic="false" DescendantCount="0" /><TocEntry Title="Avoiding Name Collisions" Link="/Content/Avoiding_Name_Collisions.htm" ComputedFirstTopic="false" DescendantCount="0" /><TocEntry Title="Linking Enclave with Libraries" Link="/Content/Linking_Enclave_with_Libraries.htm" VolumeNumberReset="continue" ChapterNumberReset="continue" SectionNumberReset="continue" PageNumberReset="continue" ComputedFirstTopic="false" DescendantCount="3"><TocEntry Title="Dynamic Libraries" Link="/Content/Dynamic_Libraries.htm" VolumeNumberReset="continue" ChapterNumberReset="continue" SectionNumberReset="continue" PageNumberReset="continue" ComputedFirstTopic="false" DescendantCount="0" /><TocEntry Title="Static Libraries" Link="/Content/Static_Libraries.htm" VolumeNumberReset="continue" ChapterNumberReset="continue" SectionNumberReset="continue" PageNumberReset="continue" ComputedFirstTopic="false" DescendantCount="0" /><TocEntry Title="Simulation Libraries" Link="/Content/Simulation_Libraries.htm" VolumeNumberReset="continue" ChapterNumberReset="continue" SectionNumberReset="continue" PageNumberReset="continue" ComputedFirstTopic="false" DescendantCount="0" /></TocEntry><TocEntry Title="Linking Application with Untrusted Libraries" Link="/Content/Linking_Application_with_Untrusted_Libraries.htm" ComputedFirstTopic="false" DescendantCount="1"><TocEntry Title="Loading SGX&#160;DLLs" Link="/Content/Loading_Untrusted_SGX_DLLs.htm" conditions="Default.Windows OS" ComputedFirstTopic="false" DescendantCount="0" /></TocEntry><TocEntry Title="Enclave Definition Language File Syntax" Link="/Content/Enclave_Definition_Language_File_Syntax.htm" VolumeNumberReset="continue" ChapterNumberReset="continue" SectionNumberReset="continue" PageNumberReset="continue" ComputedFirstTopic="false" DescendantCount="22"><TocEntry Title="Comments" Link="/Content/Comments.htm" VolumeNumberReset="continue" ChapterNumberReset="continue" SectionNumberReset="continue" PageNumberReset="continue" ComputedFirstTopic="false" DescendantCount="0" /><TocEntry Title="Include Headers" Link="/Content/Include_Headers.htm" VolumeNumberReset="continue" ChapterNumberReset="continue" SectionNumberReset="continue" PageNumberReset="continue" ComputedFirstTopic="false" DescendantCount="0" /><TocEntry Title="Keywords" Link="/Content/Keywords.htm" VolumeNumberReset="continue" ChapterNumberReset="continue" SectionNumberReset="continue" PageNumberReset="continue" ComputedFirstTopic="false" DescendantCount="0" /><TocEntry Title="Basic Types" Link="/Content/Basic_Types.htm" VolumeNumberReset="continue" ChapterNumberReset="continue" SectionNumberReset="continue" PageNumberReset="continue" ComputedFirstTopic="false" DescendantCount="0" /><TocEntry Title="Structures, Enums and Unions" Link="/Content/Structures_Enums_and_Unions.htm" VolumeNumberReset="continue" ChapterNumberReset="continue" SectionNumberReset="continue" PageNumberReset="continue" ComputedFirstTopic="false" DescendantCount="0" /><TocEntry Title="Pointers" Link="/Content/Pointers.htm" VolumeNumberReset="continue" ChapterNumberReset="continue" SectionNumberReset="continue" PageNumberReset="continue" ComputedFirstTopic="false" DescendantCount="9"><TocEntry Title="Pointer Handling" Link="/Content/Pointer_Handling.htm" ComputedFirstTopic="false" DescendantCount="1"><TocEntry Title="Attribute: user_check" Link="/Content/Attribute_user_check.htm" VolumeNumberReset="continue" ChapterNumberReset="continue" SectionNumberReset="continue" PageNumberReset="continue" ComputedFirstTopic="false" DescendantCount="0" /></TocEntry><TocEntry Title="Buffer Size Calculation" Link="/Content/Buffer_Size_Calculation.htm" ComputedFirstTopic="false" DescendantCount="3"><TocEntry Title="Attribute: size" Link="/Content/Attribute_size.htm" VolumeNumberReset="continue" ChapterNumberReset="continue" SectionNumberReset="continue" PageNumberReset="continue" ComputedFirstTopic="false" DescendantCount="0" /><TocEntry Title="Attribute: sizefunc" Link="/Content/Attribute_sizefunc.htm" VolumeNumberReset="continue" ChapterNumberReset="continue" SectionNumberReset="continue" PageNumberReset="continue" ComputedFirstTopic="false" DescendantCount="0" /><TocEntry Title="Attribute: count" Link="/Content/Attribute_count.htm" VolumeNumberReset="continue" ChapterNumberReset="continue" SectionNumberReset="continue" PageNumberReset="continue" ComputedFirstTopic="false" DescendantCount="0" /></TocEntry><TocEntry Title="Strings" Link="/Content/Strings.htm" VolumeNumberReset="continue" ChapterNumberReset="continue" SectionNumberReset="continue" PageNumberReset="continue" ComputedFirstTopic="false" DescendantCount="0" /><TocEntry Title="User Defined Data Types" Link="/Content/User_Defined_Data_Types.htm" VolumeNumberReset="continue" ChapterNumberReset="continue" SectionNumberReset="continue" PageNumberReset="continue" ComputedFirstTopic="false" DescendantCount="1"><TocEntry Title="const Keyword and readonly Attribute" Link="/Content/const_Keyword_and_readonly_Attribute.htm" ComputedFirstTopic="false" DescendantCount="0" /></TocEntry></TocEntry><TocEntry Title="Arrays" Link="/Content/Arrays.htm" VolumeNumberReset="continue" ChapterNumberReset="continue" SectionNumberReset="continue" PageNumberReset="continue" ComputedFirstTopic="false" DescendantCount="0" /><TocEntry Title="Preprocessor Capability" Link="/Content/Preprocessor_Capability.htm" conditions="Default.Windows_1_1_exclusion,Default.Windows OS" ComputedFirstTopic="false" DescendantCount="0" /><TocEntry Title="Function Calling Convention for OCALLs" Link="/Content/Function_Calling_Convention_for_OCALLs.htm" conditions="Default.Windows OS" VolumeNumberReset="continue" ChapterNumberReset="continue" SectionNumberReset="continue" PageNumberReset="continue" ComputedFirstTopic="false" DescendantCount="0" /><TocEntry Title="Propagating errno in OCALLs" Link="/Content/Propagating_errno_in_OCALLs.htm" conditions="Default.Windows_1_1_exclusion" ComputedFirstTopic="false" DescendantCount="0" /><TocEntry Title="Enclave Definition Language Libraries - Create a Trusted Library with Import/Export Functions" Link="/Content/Enclave_Definition_Language_Libraries.htm" VolumeNumberReset="continue" ChapterNumberReset="continue" SectionNumberReset="continue" PageNumberReset="continue" ComputedFirstTopic="false" DescendantCount="0" /><TocEntry Title="Allowing Untrusted Functions to Call Trusted Functions" Link="/Content/Allowing_Untrusted_Functions_to_Call_Trusted_Functions.htm" VolumeNumberReset="continue" ChapterNumberReset="continue" SectionNumberReset="continue" PageNumberReset="continue" ComputedFirstTopic="false" DescendantCount="0" /><TocEntry Title="Public and Private ECALLs" Link="/Content/Public_and_Private_ECALLs.htm" VolumeNumberReset="continue" ChapterNumberReset="continue" SectionNumberReset="continue" PageNumberReset="continue" ComputedFirstTopic="false" DescendantCount="0" />
        VolumeNumberReset="continue"
        ChapterNumberReset="continue"
        SectionNumberReset="continue"
        PageNumberReset="continue" /&gt;
    </TocEntry><TocEntry Title="Enclave Configuration File" Link="/Content/Enclave_Configuration_File.htm" VolumeNumberReset="continue" ChapterNumberReset="continue" SectionNumberReset="continue" PageNumberReset="continue" ComputedFirstTopic="false" DescendantCount="0" /><TocEntry Title="Enclave Project&#160;Configuration" Link="/Content/Enclave_Project_Configuration.htm" conditions="Default.Android OS,Default.Windows OS" ComputedFirstTopic="false" DescendantCount="0" /><TocEntry Title="Load and Unload an Enclave" Link="/Content/Load_and_Unload_an_Enclave.htm" VolumeNumberReset="continue" ChapterNumberReset="continue" SectionNumberReset="continue" PageNumberReset="continue" ComputedFirstTopic="false" DescendantCount="0" /><TocEntry Title="Handling Power Events" Link="/Content/Handling_Power_Events.htm" ComputedFirstTopic="false" DescendantCount="0" /></TocEntry><TocEntry Title="Intel(R) Software Guard Extensions Sample Code" Link="/Content/Intel_SGX_Sample_Code.htm" VolumeNumberReset="continue" ChapterNumberReset="continue" SectionNumberReset="continue" PageNumberReset="continue" ComputedFirstTopic="false" DescendantCount="35"><TocEntry Title="Sample Enclave" Link="/Content/Sample_Enclave.htm" VolumeNumberReset="continue" ChapterNumberReset="continue" SectionNumberReset="continue" PageNumberReset="continue" ComputedFirstTopic="false" DescendantCount="7"><TocEntry Title="Configure and Enable SGX" Link="/Content/Configure_and_Enable_Intel_SGX.htm" ComputedFirstTopic="false" DescendantCount="0" /><TocEntry Title="Initialize an Enclave" Link="/Content/Initialize_an_Enclave.htm" VolumeNumberReset="continue" ChapterNumberReset="continue" SectionNumberReset="continue" PageNumberReset="continue" ComputedFirstTopic="false" DescendantCount="3"><TocEntry Title="Retrieve the Saved Token" Link="/Content/Retrieve_the_Saved_Token.htm" VolumeNumberReset="continue" ChapterNumberReset="continue" SectionNumberReset="continue" PageNumberReset="continue" ComputedFirstTopic="false" DescendantCount="0" /><TocEntry Title="Create an Enclave" Link="/Content/Create_an_Enclave.htm" VolumeNumberReset="continue" ChapterNumberReset="continue" SectionNumberReset="continue" PageNumberReset="continue" ComputedFirstTopic="false" DescendantCount="0" /><TocEntry Title="Store the Updated Token" Link="/Content/Store_the_Updated_Token.htm" VolumeNumberReset="continue" ChapterNumberReset="continue" SectionNumberReset="continue" PageNumberReset="continue" ComputedFirstTopic="false" DescendantCount="0" /></TocEntry><TocEntry Title="ECALL/OCALL Functions" Link="/Content/ECALL_OCALL_Functions.htm" VolumeNumberReset="continue" ChapterNumberReset="continue" SectionNumberReset="continue" PageNumberReset="continue" ComputedFirstTopic="false" DescendantCount="0" /><TocEntry Title="Destroy an Enclave" Link="/Content/Destroy_an_Enclave.htm" VolumeNumberReset="continue" ChapterNumberReset="continue" SectionNumberReset="continue" PageNumberReset="continue" ComputedFirstTopic="false" DescendantCount="0" /></TocEntry><TocEntry Title="Power Transition" Link="/Content/Power_Transition.htm" conditions="Default.Windows OS,Default.Linux OS,Default.WW52 Linux exclusion" VolumeNumberReset="continue" ChapterNumberReset="continue" SectionNumberReset="continue" PageNumberReset="continue" ComputeToc="false" ReplaceMergeNode="false" ComputedFirstTopic="false" DescendantCount="4"><TocEntry Title="ECALL-Error-Code Based Retry" Link="/Content/ECALL_Error_Code_Based_Retry.htm" conditions="Default.Windows OS,Default.Linux OS,Default.WW52 Linux exclusion" VolumeNumberReset="continue" ChapterNumberReset="continue" SectionNumberReset="continue" PageNumberReset="continue" ComputedFirstTopic="false" DescendantCount="0" /><TocEntry Title="ECALLs in Demonstration" Link="/Content/ECALLs_in_Demonstration.htm" conditions="Default.Windows OS,Default.Linux OS,Default.WW52 Linux exclusion" VolumeNumberReset="continue" ChapterNumberReset="continue" SectionNumberReset="continue" PageNumberReset="continue" ComputedFirstTopic="false" DescendantCount="2"><TocEntry Title="Initialization ECALL after Enclave Creation" Link="/Content/Initialization_ECALL_after_Enclave_Creation.htm" conditions="Default.Windows OS,Default.Linux OS,Default.WW52 Linux exclusion" VolumeNumberReset="continue" ChapterNumberReset="continue" SectionNumberReset="continue" PageNumberReset="continue" ComputedFirstTopic="false" DescendantCount="0" /><TocEntry Title="Normal ECALL to Process Secrets within the Enclave" Link="/Content/Normal_ECALL_to_Process_Secrets_within_the_Enclave.htm" conditions="Default.Windows OS,Default.Linux OS,Default.WW52 Linux exclusion" VolumeNumberReset="continue" ChapterNumberReset="continue" SectionNumberReset="continue" PageNumberReset="continue" ComputedFirstTopic="false" DescendantCount="0" /></TocEntry></TocEntry><TocEntry Title="Attestation" Link="/Content/Attestation.htm" VolumeNumberReset="continue" ChapterNumberReset="continue" SectionNumberReset="continue" PageNumberReset="continue" ComputedFirstTopic="false" DescendantCount="10"><TocEntry Title="Local Attestation" Link="/Content/Local_Attestation.htm" VolumeNumberReset="continue" ChapterNumberReset="continue" SectionNumberReset="continue" PageNumberReset="continue" ComputedFirstTopic="false" DescendantCount="3"><TocEntry Title="Diffie-Hellman Key Exchange Library and Local Attestation Flow" Link="/Content/DH_Key_Exchange_Library_and_Local_Attestation_Flow.htm" VolumeNumberReset="continue" ChapterNumberReset="continue" SectionNumberReset="continue" PageNumberReset="continue" ComputedFirstTopic="false" DescendantCount="0" /><TocEntry Title="Protected Channel Establishment" Link="/Content/Protected_Channel_Establishment.htm" VolumeNumberReset="continue" ChapterNumberReset="continue" SectionNumberReset="continue" PageNumberReset="continue" ComputedFirstTopic="false" DescendantCount="0" /><TocEntry Title="Secret Message Exchange" Link="/Content/Secret_Message_Exchange.htm" VolumeNumberReset="continue" ChapterNumberReset="continue" SectionNumberReset="continue" PageNumberReset="continue" ComputedFirstTopic="false" DescendantCount="0" /></TocEntry><TocEntry Title="Remote Attestation" Link="/Content/Remote_Attestation.htm" VolumeNumberReset="continue" ChapterNumberReset="continue" SectionNumberReset="continue" PageNumberReset="continue" ComputedFirstTopic="false" DescendantCount="5"><TocEntry Title="Remote Key Exchange Libraries" Link="/Content/Remote_Key_Exchange_Libraries.htm" VolumeNumberReset="continue" ChapterNumberReset="continue" SectionNumberReset="continue" PageNumberReset="continue" ComputedFirstTopic="false" DescendantCount="0" /><TocEntry Title="Remote Attestation and Protected Session Establishment" Link="/Content/Remote_Attestation_and_Protected_Session_Establishment.htm" VolumeNumberReset="continue" ChapterNumberReset="continue" SectionNumberReset="continue" PageNumberReset="continue" ComputedFirstTopic="false" DescendantCount="0" /><TocEntry Title="Remote Attestation with a Custom Key Derivation Function" Link="/Content/Remote_Attestation_with_a_Custom_KDF.htm" conditions="Default.Windows OS" ComputedFirstTopic="false" DescendantCount="0" /><TocEntry Title="Debugging a Remote Attestation Service Provider" Link="/Content/Debugging_a_Remote_Attestation_Service_Provider.htm" ComputedFirstTopic="false" DescendantCount="0" /><TocEntry Title="Using a different extended EPID Group for Remote Attestation" Link="/Content/Using_a_Different_Extended_EPID_Group.htm" conditions="Default.Windows OS" ComputedFirstTopic="false" DescendantCount="0" /></TocEntry></TocEntry><TocEntry Title="Sealed Data" Link="/Content/Sealed_Data.htm" conditions="Default.Windows OS,Default.Android OS" VolumeNumberReset="continue" ChapterNumberReset="continue" SectionNumberReset="continue" PageNumberReset="continue" ComputedFirstTopic="false" DescendantCount="8"><TocEntry Title="Replay Protected Policy" Link="/Content/Replay_Protected_Policy.htm" conditions="Default.Windows OS,Default.Android OS" VolumeNumberReset="continue" ChapterNumberReset="continue" SectionNumberReset="continue" PageNumberReset="continue" ComputedFirstTopic="false" DescendantCount="4"><TocEntry Title="Initializing a Policy" Link="/Content/Initializing_a_Policy.htm" conditions="Default.Windows OS,Default.Android OS" VolumeNumberReset="continue" ChapterNumberReset="continue" SectionNumberReset="continue" PageNumberReset="continue" ComputedFirstTopic="false" DescendantCount="0" /><TocEntry Title="Verifying a Policy" Link="/Content/Verifying_a_Replay_Protected_Policy.htm" conditions="Default.Windows OS,Default.Android OS" VolumeNumberReset="continue" ChapterNumberReset="continue" SectionNumberReset="continue" PageNumberReset="continue" ComputedFirstTopic="false" DescendantCount="0" /><TocEntry Title="Updating a Policy" Link="/Content/Updating_a_Policy.htm" conditions="Default.Windows OS,Default.Android OS" VolumeNumberReset="continue" ChapterNumberReset="continue" SectionNumberReset="continue" PageNumberReset="continue" ComputedFirstTopic="false" DescendantCount="0" /><TocEntry Title="Deleting a Policy" Link="/Content/Deleting_a_Policy.htm" conditions="Default.Windows OS,Default.Android OS" VolumeNumberReset="continue" ChapterNumberReset="continue" SectionNumberReset="continue" PageNumberReset="continue" ComputedFirstTopic="false" DescendantCount="0" /></TocEntry><TocEntry Title="Time Based Policy" Link="/Content/Time_Based_Policy.htm" conditions="Default.Windows OS,Default.Android OS" VolumeNumberReset="continue" ChapterNumberReset="continue" SectionNumberReset="continue" PageNumberReset="continue" ComputedFirstTopic="false" DescendantCount="2"><TocEntry Title="Initializing a Policy" Link="/Content/Initializing_a_Policy_Time_Base_Policy.htm" conditions="Default.Windows OS,Default.Android OS" VolumeNumberReset="continue" ChapterNumberReset="continue" SectionNumberReset="continue" PageNumberReset="continue" ComputedFirstTopic="false" DescendantCount="0" /><TocEntry Title="Verifying a Policy" Link="/Content/Verifying_a_Time_Base_Policy.htm" conditions="Default.Windows OS,Default.Android OS" VolumeNumberReset="continue" ChapterNumberReset="continue" SectionNumberReset="continue" PageNumberReset="continue" ComputedFirstTopic="false" DescendantCount="0" /></TocEntry></TocEntry><TocEntry Title="Reference Code for X509 Certificate Verification" Link="/Content/Reference_Code_for_X509_Certificate_Verification.htm" conditions="Default.Android OS,Default.Windows OS" ComputedFirstTopic="false" DescendantCount="1"><TocEntry Title="Verify X509 certificate chain" Link="/Content/Verify_X509_certificate_chain.htm" conditions="Default.Android OS,Default.Windows OS" ComputedFirstTopic="false" DescendantCount="0" /></TocEntry></TocEntry><TocEntry Title="Library Functions and Type Reference" Link="/Content/Library_Functions_and_Type_Reference.htm" VolumeNumberReset="continue" ChapterNumberReset="continue" SectionNumberReset="continue" PageNumberReset="continue" ComputedFirstTopic="false" DescendantCount="196" Chunk="Toc_Chunk1.xml"></TocEntry><TocEntry Title="Appendix" Link="/Content/Appendix.htm" VolumeNumberReset="continue" ChapterNumberReset="continue" SectionNumberReset="continue" PageNumberReset="continue" ComputedFirstTopic="false" DescendantCount="9"><TocEntry Title="Unsupported MSVC* Options for Enclaves" Link="/Content/Unsupported_MSVC_Options_for_Enclaves.htm" conditions="Default.Windows OS" ComputedFirstTopic="false" DescendantCount="0" /><TocEntry Title="Unsupported Intel(R) Compiler Options for Enclaves" Link="/Content/Unsupported_ICC_Options_for_Enclaves_on_Windows.htm" conditions="Default.Windows OS" ComputedFirstTopic="false" DescendantCount="0" /><TocEntry Title="Unsupported Intel(R) Compiler Libraries for Enclaves" Link="/Content/Unsupported_Intel_Compiler_Libraries_for_Enclaves.htm" ComputedFirstTopic="false" DescendantCount="0" /><TocEntry Title="Unsupported Intrinsics within Enclaves" Link="/Content/Unsupported_Intrinsics_within_Enclaves_on_Windows.htm" conditions="Default.Windows OS" ComputedFirstTopic="false" DescendantCount="0" /><TocEntry Title="Unsupported C Standard Functions" Link="/Content/Unsupported_C_Standard_Functions_on_Windows.htm" conditions="Default.Windows OS" ComputedFirstTopic="false" DescendantCount="0" /><TocEntry Title="Unsupported C++ Standard Functions" Link="/Content/Unsupported_C++03_Standard_Functions_on_Windows.htm" conditions="Default.Windows OS" ComputedFirstTopic="false" DescendantCount="0" /><TocEntry Title="Unsupported C and C++ Keywords" Link="/Content/Unsupported_C_and_C++_Keywords_on_Windows.htm" conditions="Default.Windows OS" ComputedFirstTopic="false" DescendantCount="0" /><TocEntry Title="C11 Support on Windows* OS" Link="/Content/C11_Support_on_Windows.htm" conditions="Default.Windows_1_1_exclusion,Default.Windows OS" ReplaceMergeNode="false" ComputedFirstTopic="false" DescendantCount="0" /><TocEntry Title="C++11 Support on Windows* OS" Link="/Content/C++11_Support_on_Windows.htm" conditions="Default.Windows_1_1_exclusion,Default.Windows OS" ComputedFirstTopic="false" DescendantCount="0" /></TocEntry></CatapultToc>