<?xml version="1.0" encoding="utf-8"?><index><stem n="fwai"><phr n="FWAI"><ent r="3" t="250" w="120" /></phr></stem><stem n="_exception_vector_ac"><phr n="_EXCEPTION_VECTOR_AC"><ent r="3" t="250" w="126" /></phr></stem><stem n="ac"><phr n="AC"><ent r="3" t="250" w="126" /></phr></stem><stem n="17"><phr n="17"><ent r="3" t="250" w="127" /></phr></stem><stem n="_exception_vector_xm"><phr n="_EXCEPTION_VECTOR_XM"><ent r="3" t="250" w="137" /></phr></stem><stem n="xm"><phr n="XM"><ent r="3" t="250" w="137" /></phr></stem><stem n="19"><phr n="19"><ent r="3" t="250" w="138" /></phr></stem><stem n="sse"><phr n="SSE"><ent r="3" t="250" w="139" /><ent r="5" t="263" w="251" /></phr></stem><stem n="/sse2/sse3"><phr n="/SSE2/SSE3"><ent r="3" t="250" w="141" /></phr></stem><stem n="_exception_vector_t;"><phr n="_exception_vector_t;"><ent r="3" t="250" w="150" /></phr></stem><stem n="#bp"><phr n="#BP"><ent r="3" t="251" w="31" /></phr></stem><stem n="(breakpoint),"><phr n="(BreakPoint),"><ent r="3" t="251" w="33" /></phr></stem><stem n="_sgx_exception_type_t"><phr n="_sgx_exception_type_t"><ent r="3" t="251" w="60" /></phr></stem><stem n="_exception_type_t;"><phr n="_exception_type_t;"><ent r="3" t="251" w="77" /></phr></stem><stem n="_cpu_content_t"><phr n="_cpu_content_t"><ent r="4" t="252" w="16" /></phr></stem><stem n="processor-specif"><phr n="processor-specific"><ent r="3" t="252" w="20" /></phr></stem><stem n="#if"><phr n="#if"><ent r="3" t="252" w="46" /></phr></stem><stem n="(_m_x64)"><phr n="(_M_X64)"><ent r="3" t="252" w="50" /></phr></stem><stem n="x86"><phr n="x86"><ent r="3" t="252" w="52" /></phr></stem><stem n="(__x86_64__)"><phr n="(__x86_64__)"><ent r="3" t="252" w="54" /></phr></stem><stem n="rax"><phr n="rax"><ent r="3" t="252" w="64" /><ent r="4" t="252" w="198" /></phr></stem><stem n="rcx"><phr n="rcx"><ent r="3" t="252" w="68" /><ent r="4" t="252" w="199" /></phr></stem><stem n="rdx"><phr n="rdx"><ent r="3" t="252" w="72" /><ent r="4" t="252" w="200" /></phr></stem><stem n="rbx"><phr n="rbx"><ent r="3" t="252" w="76" /><ent r="4" t="252" w="201" /></phr></stem><stem n="rsp"><phr n="rsp"><ent r="3" t="252" w="80" /><ent r="4" t="252" w="202" /></phr></stem><stem n="rbp"><phr n="rbp"><ent r="3" t="252" w="84" /><ent r="4" t="252" w="203" /></phr></stem><stem n="rsi"><phr n="rsi"><ent r="3" t="252" w="88" /><ent r="4" t="252" w="204" /></phr></stem><stem n="rdi"><phr n="rdi"><ent r="3" t="252" w="92" /><ent r="4" t="252" w="205" /></phr></stem><stem n="r8"><phr n="r8"><ent r="3" t="252" w="96" /><ent r="4" t="252" w="206" /></phr></stem><stem n="r9"><phr n="r9"><ent r="3" t="252" w="100" /></phr></stem><stem n="r10"><phr n="r10"><ent r="3" t="252" w="104" /></phr></stem><stem n="r11"><phr n="r11"><ent r="3" t="252" w="108" /></phr></stem><stem n="r12"><phr n="r12"><ent r="3" t="252" w="112" /></phr></stem><stem n="r13"><phr n="r13"><ent r="3" t="252" w="116" /></phr></stem><stem n="r14"><phr n="r14"><ent r="3" t="252" w="120" /></phr></stem><stem n="r15"><phr n="r15"><ent r="3" t="252" w="124" /><ent r="4" t="252" w="207" /></phr></stem><stem n="rflag"><phr n="rflags"><ent r="3" t="252" w="128" /><ent r="4" t="252" w="215" /></phr></stem><stem n="_cpu_context_t;"><phr n="_cpu_context_t;"><ent r="3" t="252" w="138" /><ent r="3" t="252" w="192" /></phr></stem><stem n="#els"><phr n="#else"><ent r="3" t="252" w="139" /></phr></stem><stem n="els"><phr n="else"><ent r="3" t="252" w="139" /></phr></stem><stem n="esp"><phr n="esp"><ent r="3" t="252" w="166" /><ent r="3" t="252" w="236" /></phr></stem><stem n="ebp"><phr n="ebp"><ent r="3" t="252" w="170" /><ent r="3" t="252" w="237" /></phr></stem><stem n="esi"><phr n="esi"><ent r="3" t="252" w="174" /><ent r="3" t="252" w="238" /></phr></stem><stem n="edi"><phr n="edi"><ent r="3" t="252" w="178" /><ent r="3" t="252" w="239" /></phr></stem><stem n="eflag"><phr n="eflags"><ent r="3" t="252" w="182" /><ent r="4" t="252" w="247" /></phr></stem><stem n="eip"><phr n="eip"><ent r="3" t="252" w="186" /><ent r="4" t="252" w="257" /></phr></stem><stem n="_context;"><phr n="_context;"><ent r="3" t="253" w="51" /></phr></stem><stem n="_vector;"><phr n="_vector;"><ent r="3" t="253" w="58" /></phr></stem><stem n="_type;"><phr n="_type;"><ent r="3" t="253" w="65" /><ent r="3" t="281" w="33" /><ent r="3" t="295" w="56" /></phr></stem><stem n="_exception_info_t;"><phr n="_exception_info_t;"><ent r="3" t="253" w="70" /></phr></stem><stem n="_vector"><phr n="_vector"><ent r="4" t="253" w="91" /></phr></stem><stem n="_exception_hardware(3)"><phr n="_EXCEPTION_HARDWARE(3)"><ent r="4" t="253" w="119" /></phr></stem><stem n="_exception_software(6)"><phr n="_EXCEPTION_SOFTWARE(6)"><ent r="4" t="253" w="129" /></phr></stem><stem n="(*"><phr n="(*"><ent r="3" t="254" w="25" /><ent r="3" t="297" w="34" /><ent r="3" t="298" w="34" /><ent r="3" t="299" w="34" /></phr></stem><stem n="_exception_handler_t)"><phr n="_exception_handler_t)"><ent r="3" t="254" w="29" /></phr></stem><stem n="(sgx_exception_info_t"><phr n="(sgx_exception_info_t"><ent r="3" t="254" w="32" /></phr></stem><stem n="*info);"><phr n="*info);"><ent r="3" t="254" w="34" /></phr></stem><stem n="_continue_search"><phr n="_CONTINUE_SEARCH"><ent r="4" t="254" w="61" /></phr></stem><stem n="(0)"><phr n="(0)"><ent r="4" t="254" w="63" /></phr></stem><stem n="_continue_execut"><phr n="_CONTINUE_EXECUTION"><ent r="4" t="254" w="87" /></phr></stem><stem n="(-1)"><phr n="(-1)"><ent r="4" t="254" w="89" /></phr></stem><stem n="_spinlock_t;"><phr n="_spinlock_t;"><ent r="3" t="255" w="26" /></phr></stem><stem n="uintptr"><phr n="uintptr"><ent r="3" t="256" w="21" /></phr></stem><stem n="_thread_t;"><phr n="_thread_t;"><ent r="3" t="256" w="25" /></phr></stem><stem n="_thread_mutex"><phr n="_thread_mutex"><ent r="3" t="257" w="25" /></phr></stem><stem n="_refcount;"><phr n="_refcount;"><ent r="3" t="257" w="32" /></phr></stem><stem n="_control;"><phr n="_control;"><ent r="3" t="257" w="37" /></phr></stem><stem n="_lock;"><phr n="_lock;"><ent r="3" t="257" w="43" /><ent r="3" t="259" w="33" /></phr></stem><stem n="_owner;"><phr n="_owner;"><ent r="3" t="257" w="49" /></phr></stem><stem n="_thread_queue_t"><phr n="_thread_queue_t"><ent r="3" t="257" w="53" /><ent r="3" t="259" w="37" /></phr></stem><stem n="_queue;"><phr n="_queue;"><ent r="3" t="257" w="56" /><ent r="3" t="259" w="40" /></phr></stem><stem n="_thread_mutex_t;"><phr n="_thread_mutex_t;"><ent r="3" t="257" w="61" /></phr></stem><stem n="_control"><phr n="_control"><ent r="4" t="257" w="66" /></phr></stem><stem n="_refcount"><phr n="_refcount"><ent r="4" t="257" w="80" /></phr></stem><stem n="_lock"><phr n="_lock"><ent r="4" t="257" w="128" /><ent r="4" t="259" w="50" /></phr></stem><stem n="_owner"><phr n="_owner"><ent r="4" t="257" w="144" /></phr></stem><stem n="_queue"><phr n="_queue"><ent r="4" t="257" w="187" /><ent r="4" t="259" w="66" /></phr></stem><stem n="tail"><phr n="tail"><ent r="3" t="257" w="212" /><ent r="3" t="259" w="88" /></phr></stem><stem n="fifo"><phr n="FIFO"><ent r="3" t="257" w="219" /><ent r="3" t="259" w="95" /></phr></stem><stem n="_thread_mutex_attr"><phr n="_thread_mutex_attr"><ent r="3" t="258" w="25" /></phr></stem><stem n="dummi"><phr n="dummy"><ent r="3" t="258" w="31" /><ent r="4" t="258" w="42" /><ent r="3" t="258" w="44" /><ent r="3" t="260" w="31" /><ent r="4" t="260" w="42" /><ent r="3" t="260" w="44" /></phr></stem><stem n="_dummy;"><phr n="_dummy;"><ent r="3" t="258" w="32" /><ent r="3" t="260" w="32" /></phr></stem><stem n="_thread_mutexattr_t;"><phr n="_thread_mutexattr_t;"><ent r="3" t="258" w="37" /></phr></stem><stem n="_dummi"><phr n="_dummy"><ent r="4" t="258" w="42" /><ent r="4" t="260" w="42" /></phr></stem><stem n="_thread_cond"><phr n="_thread_cond"><ent r="3" t="259" w="25" /></phr></stem><stem n="_thread_cond_t;"><phr n="_thread_cond_t;"><ent r="3" t="259" w="45" /></phr></stem><stem n="_thread_cond_attr"><phr n="_thread_cond_attr"><ent r="3" t="260" w="25" /></phr></stem><stem n="_thread_condattr_t;"><phr n="_thread_condattr_t;"><ent r="3" t="260" w="37" /></phr></stem><stem n="_sgx_thread_sync_object_t"><phr n="_sgx_thread_sync_object_t"><ent r="3" t="261" w="34" /></phr></stem><stem n="*sgx_thread_sync_object_handle_t;"><phr n="*sgx_thread_sync_object_handle_t;"><ent r="3" t="261" w="41" /></phr></stem><stem n="_attributes.h"><phr n="_attributes.h"><ent r="6" t="262" w="38" /><ent r="3" t="263" w="271" /><ent r="6" t="264" w="75" /></phr></stem><stem n="xgetbv"><phr n="XGETBV"><ent r="4" t="263" w="44" /></phr></stem><stem n="xsave"><phr n="XSAVE"><ent r="4" t="263" w="59" /></phr></stem><stem n="(xfrm"><phr n="(XFRM"><ent r="4" t="263" w="91" /></phr></stem><stem n="_sgx_attributes_t"><phr n="_sgx_attributes_t"><ent r="3" t="263" w="103" /></phr></stem><stem n="_attributes_t;"><phr n="_attributes_t;"><ent r="3" t="263" w="117" /></phr></stem><stem n="_flags_init"><phr n="_FLAGS_INITTED"><ent r="5" t="263" w="138" /></phr></stem><stem n="0x0000000000000001ull"><phr n="0x0000000000000001ULL"><ent r="5" t="263" w="139" /></phr></stem><stem n="_flags_debug"><phr n="_FLAGS_DEBUG"><ent r="5" t="263" w="148" /></phr></stem><stem n="0x0000000000000002ull"><phr n="0x0000000000000002ULL"><ent r="5" t="263" w="149" /></phr></stem><stem n="_flags_mode64bit"><phr n="_FLAGS_MODE64BIT"><ent r="5" t="263" w="160" /></phr></stem><stem n="mode64bit"><phr n="MODE64BIT"><ent r="5" t="263" w="160" /></phr></stem><stem n="0x0000000000000004ull"><phr n="0x0000000000000004ULL"><ent r="5" t="263" w="161" /></phr></stem><stem n="_flags_provision_kei"><phr n="_FLAGS_PROVISION_KEY"><ent r="5" t="263" w="174" /></phr></stem><stem n="0x0000000000000010ull"><phr n="0x0000000000000010ULL"><ent r="5" t="263" w="175" /></phr></stem><stem n="_flags_license_kei"><phr n="_FLAGS_LICENSE_KEY"><ent r="5" t="263" w="189" /></phr></stem><stem n="0x0000000000000020ull"><phr n="0x0000000000000020ULL"><ent r="5" t="263" w="190" /></phr></stem><stem n="_flags_reserv"><phr n="_FLAGS_RESERVED"><ent r="5" t="263" w="203" /></phr></stem><stem n="0xffffffffffffffc8ull"><phr n="0xFFFFFFFFFFFFFFC8ULL"><ent r="5" t="263" w="204" /></phr></stem><stem n="6-63"><phr n="6-63"><ent r="5" t="263" w="223" /></phr></stem><stem n="63"><phr n="63"><ent r="5" t="263" w="224" /></phr></stem><stem n="-63."><phr n="-63."><ent r="5" t="263" w="225" /><ent r="5" t="263" w="225" /></phr></stem><stem n="xcr0"><phr n="XCR0"><ent r="3" t="263" w="230" /></phr></stem><stem n="_xfrm_legaci"><phr n="_XFRM_LEGACY"><ent r="5" t="263" w="246" /></phr></stem><stem n="0x0000000000000003ull"><phr n="0x0000000000000003ULL"><ent r="5" t="263" w="247" /></phr></stem><stem n="_xfrm_avx"><phr n="_XFRM_AVX"><ent r="5" t="263" w="258" /></phr></stem><stem n="avx"><phr n="AVX"><ent r="5" t="263" w="258" /><ent r="5" t="263" w="261" /></phr></stem><stem n="0x0000000000000006ull"><phr n="0x0000000000000006ULL"><ent r="5" t="263" w="259" /></phr></stem><stem n="_sgx_misc_attributes_t"><phr n="_sgx_misc_attributes_t"><ent r="3" t="264" w="30" /></phr></stem><stem n="_attr;"><phr n="_attr;"><ent r="3" t="264" w="38" /></phr></stem><stem n="_select;"><phr n="_select;"><ent r="3" t="264" w="45" /><ent r="3" t="274" w="88" /><ent r="3" t="275" w="53" /></phr></stem><stem n="_misc_attribute_t;"><phr n="_misc_attribute_t;"><ent r="3" t="264" w="50" /></phr></stem><stem n="_key.h"><phr n="_key.h"><ent r="6" t="265" w="47" /><ent r="6" t="266" w="80" /><ent r="6" t="267" w="77" /><ent r="6" t="268" w="41" /><ent r="6" t="269" w="457" /></phr></stem><stem n="_cpusvn_siz"><phr n="_CPUSVN_SIZE"><ent r="3" t="266" w="51" /></phr></stem><stem n="_sgx_cpu_svn_t"><phr n="_sgx_cpu_svn_t"><ent r="3" t="266" w="59" /></phr></stem><stem n="[sgx_cpusvn_size];"><phr n="[SGX_CPUSVN_SIZE];"><ent r="3" t="266" w="67" /></phr></stem><stem n="_cpu_svn_t;"><phr n="_cpu_svn_t;"><ent r="3" t="266" w="72" /></phr></stem><stem n="keyid"><phr n="KEYID"><ent r="3" t="267" w="47" /><ent r="3" t="267" w="62" /></phr></stem><stem n="_keyid_s"><phr n="_KEYID_SIZE"><ent r="3" t="267" w="48" /></phr></stem><stem n="_sgx_key_id_t"><phr n="_sgx_key_id_t"><ent r="3" t="267" w="56" /></phr></stem><stem n="[sgx_keyid_size];"><phr n="[SGX_KEYID_SIZE];"><ent r="3" t="267" w="64" /></phr></stem><stem n="_key_id_t;"><phr n="_key_id_t;"><ent r="3" t="267" w="69" /></phr></stem><stem n="_policy;"><phr n="_policy;"><ent r="3" t="269" w="66" /></phr></stem><stem n="_svn;"><phr n="_svn;"><ent r="3" t="269" w="73" /><ent r="3" t="269" w="84" /><ent r="3" t="275" w="46" /><ent r="3" t="275" w="100" /><ent r="3" t="281" w="49" /><ent r="3" t="281" w="56" /><ent r="3" t="306" w="48" /><ent r="3" t="306" w="98" /></phr></stem><stem n="reserved1"><phr n="reserved1"><ent r="3" t="269" w="76" /><ent r="4" t="269" w="329" /><ent r="3" t="274" w="79" /><ent r="4" t="274" w="121" /><ent r="3" t="275" w="56" /><ent r="4" t="275" w="152" /></phr></stem><stem n="_mask;"><phr n="_mask;"><ent r="3" t="269" w="90" /><ent r="3" t="269" w="104" /></phr></stem><stem n="_id;"><phr n="_id;"><ent r="3" t="269" w="97" /><ent r="3" t="276" w="66" /><ent r="3" t="295" w="61" /></phr></stem><stem n="reserved2"><phr n="reserved2"><ent r="3" t="269" w="107" /><ent r="4" t="269" w="439" /><ent r="3" t="274" w="91" /><ent r="4" t="274" w="150" /><ent r="3" t="275" w="72" /><ent r="4" t="275" w="194" /></phr></stem><stem n="436"><phr n="436"><ent r="3" t="269" w="108" /></phr></stem><stem n="[436];"><phr n="[436];"><ent r="3" t="269" w="109" /></phr></stem><stem n="_key_request_t;"><phr n="_key_request_t;"><ent r="3" t="269" w="114" /></phr></stem><stem n="keyselect"><phr n="KEYSELECT"><ent r="6" t="269" w="139" /><ent r="6" t="269" w="147" /><ent r="6" t="269" w="155" /><ent r="6" t="269" w="165" /><ent r="6" t="269" w="173" /></phr></stem><stem n="_licens"><phr n="_LICENSE"><ent r="6" t="269" w="140" /></phr></stem><stem n="0x0000"><phr n="0x0000"><ent r="6" t="269" w="142" /><ent r="6" t="310" w="17" /></phr></stem><stem n="_provis"><phr n="_PROVISION"><ent r="6" t="269" w="148" /></phr></stem><stem n="_provision_s"><phr n="_PROVISION_SEAL"><ent r="6" t="269" w="157" /></phr></stem><stem n="0x0003"><phr n="0x0003"><ent r="6" t="269" w="168" /><ent r="6" t="310" w="45" /></phr></stem><stem n="_seal"><phr n="_SEAL"><ent r="6" t="269" w="174" /></phr></stem><stem n="0x0004"><phr n="0x0004"><ent r="6" t="269" w="176" /><ent r="6" t="310" w="64" /></phr></stem><stem n="rederiv"><phr n="rederived"><ent r="4" t="269" w="251" /></phr></stem><stem n="_svn"><phr n="_SVN"><ent r="4" t="269" w="270" /><ent r="4" t="269" w="313" /><ent r="4" t="269" w="340" /><ent r="4" t="275" w="122" /><ent r="3" t="275" w="246" /><ent r="4" t="281" w="126" /><ent r="4" t="281" w="135" /><ent r="4" t="306" w="110" /><ent r="4" t="306" w="177" /></phr></stem><stem n="_mak"><phr n="_maks"><ent r="4" t="269" w="415" /></phr></stem><stem n="mak"><phr n="maks"><ent r="4" t="269" w="415" /></phr></stem><stem n="_hash_siz"><phr n="_HASH_SIZE"><ent r="3" t="270" w="28" /></phr></stem><stem n="_sgx_measurement_t"><phr n="_sgx_measurement_t"><ent r="3" t="270" w="35" /></phr></stem><stem n="[sgx_hash_size];"><phr n="[SGX_HASH_SIZE];"><ent r="3" t="270" w="43" /></phr></stem><stem n="_measurement_t;"><phr n="_measurement_t;"><ent r="3" t="270" w="47" /></phr></stem><stem n="_report.h"><phr n="_report.h"><ent r="6" t="270" w="55" /><ent r="6" t="271" w="32" /><ent r="6" t="272" w="82" /><ent r="6" t="273" w="38" /><ent r="6" t="274" w="168" /><ent r="6" t="275" w="293" /><ent r="6" t="276" w="119" /></phr></stem><stem n="512-bit"><phr n="512-bit"><ent r="3" t="272" w="18" /></phr></stem><stem n="_report_data_s"><phr n="_REPORT_DATA_SIZE"><ent r="3" t="272" w="52" /></phr></stem><stem n="_sgx_report_data_t"><phr n="_sgx_report_data_t"><ent r="3" t="272" w="60" /></phr></stem><stem n="d"><phr n="d"><ent r="3" t="272" w="64" /></phr></stem><stem n="[sgx_report_data_size];"><phr n="[SGX_REPORT_DATA_SIZE];"><ent r="3" t="272" w="69" /></phr></stem><stem n="_report_data_t;"><phr n="_report_data_t;"><ent r="3" t="272" w="74" /></phr></stem><stem n="16-bit"><phr n="16-bit"><ent r="3" t="273" w="12" /></phr></stem><stem n="(it"><phr n="(its"><ent r="3" t="274" w="41" /></phr></stem><stem n="targ"><phr n="targe"><ent r="3" t="274" w="61" /></phr></stem><stem n="_targe_info_t"><phr n="_targe_info_t"><ent r="3" t="274" w="63" /></phr></stem><stem n="_enclave;"><phr n="_enclave;"><ent r="3" t="274" w="71" /><ent r="3" t="275" w="69" /><ent r="3" t="306" w="65" /></phr></stem><stem n="[4];"><phr n="[4];"><ent r="3" t="274" w="81" /></phr></stem><stem n="456"><phr n="456"><ent r="3" t="274" w="92" /></phr></stem><stem n="[456];"><phr n="[456];"><ent r="3" t="274" w="93" /></phr></stem><stem n="_target_info_t;"><phr n="_target_info_t;"><ent r="3" t="274" w="98" /></phr></stem><stem n="28"><phr n="28"><ent r="3" t="275" w="57" /></phr></stem><stem n="[28];"><phr n="[28];"><ent r="3" t="275" w="58" /></phr></stem><stem n="[32];"><phr n="[32];"><ent r="3" t="275" w="74" /><ent r="3" t="280" w="31" /></phr></stem><stem n="_signer;"><phr n="_signer;"><ent r="3" t="275" w="80" /><ent r="3" t="306" w="77" /></phr></stem><stem n="reserved3"><phr n="reserved3"><ent r="3" t="275" w="83" /><ent r="4" t="275" w="221" /></phr></stem><stem n="[96];"><phr n="[96];"><ent r="3" t="275" w="85" /></phr></stem><stem n="_prod_id;"><phr n="_prod_id;"><ent r="3" t="275" w="93" /><ent r="3" t="306" w="91" /></phr></stem><stem n="reserved4"><phr n="reserved4"><ent r="3" t="275" w="103" /><ent r="4" t="275" w="257" /></phr></stem><stem n="60"><phr n="60"><ent r="3" t="275" w="104" /></phr></stem><stem n="[60];"><phr n="[60];"><ent r="3" t="275" w="105" /></phr></stem><stem n="_data;"><phr n="_data;"><ent r="3" t="275" w="112" /><ent r="3" t="278" w="121" /></phr></stem><stem n="_report_body_t;"><phr n="_report_body_t;"><ent r="3" t="275" w="117" /></phr></stem><stem n="(cpu)."><phr n="(CPU)."><ent r="3" t="275" w="134" /></phr></stem><stem n="_prod_id"><phr n="_prod_id"><ent r="4" t="275" w="235" /><ent r="4" t="306" w="166" /></phr></stem><stem n="_report_t;"><phr n="_report_t;"><ent r="3" t="276" w="75" /></phr></stem><stem n="_size;"><phr n="_size;"><ent r="3" t="277" w="40" /></phr></stem><stem n="[12];"><phr n="[12];"><ent r="3" t="277" w="45" /><ent r="3" t="278" w="113" /></phr></stem><stem n="_tag[sgx_seal_tag_size];"><phr n="_tag[SGX_SEAL_TAG_SIZE];"><ent r="3" t="277" w="54" /></phr></stem><stem n="[];"><phr n="[];"><ent r="3" t="277" w="58" /><ent r="3" t="281" w="83" /><ent r="3" t="296" w="64" /></phr></stem><stem n="_aes_gcm_data_t;"><phr n="_aes_gcm_data_t;"><ent r="3" t="277" w="64" /></phr></stem><stem n="(plain"><phr n="(plain"><ent r="3" t="277" w="88" /><ent r="3" t="277" w="147" /></phr></stem><stem n="_tag"><phr n="_tag"><ent r="3" t="277" w="117" /></phr></stem><stem n="),which"><phr n="),which"><ent r="3" t="277" w="149" /></phr></stem><stem n="(mac"><phr n="(MAC"><ent r="4" t="277" w="161" /></phr></stem><stem n="laid"><phr n="laid"><ent r="3" t="278" w="30" /></phr></stem><stem n="_request;"><phr n="_request;"><ent r="3" t="278" w="102" /></phr></stem><stem n="_text_offset;"><phr n="_text_offset;"><ent r="3" t="278" w="108" /></phr></stem><stem n="_sealed_data_t;"><phr n="_sealed_data_t;"><ent r="3" t="278" w="126" /></phr></stem><stem n="_text_offset"><phr n="_text_offset"><ent r="3" t="278" w="145" /></phr></stem><stem n="(payload"><phr n="(payload"><ent r="3" t="278" w="189" /></phr></stem><stem n="_epid_group_id_t[4];"><phr n="_epid_group_id_t[4];"><ent r="3" t="279" w="30" /></phr></stem><stem n="_quote.h"><phr n="_quote.h"><ent r="6" t="279" w="38" /><ent r="6" t="280" w="57" /><ent r="6" t="281" w="204" /><ent r="6" t="282" w="49" /><ent r="6" t="283" w="50" /><ent r="6" t="284" w="58" /><ent r="6" t="300" w="70" /><ent r="6" t="301" w="94" /></phr></stem><stem n="_quote."><phr n="_quote."><ent r="4" t="280" w="18" /><ent r="3" t="281" w="163" /></phr></stem><stem n="_basename_t;"><phr n="_basename_t;"><ent r="3" t="280" w="35" /></phr></stem><stem n="_group_id;"><phr n="_group_id;"><ent r="3" t="281" w="42" /></phr></stem><stem n="_epid_group_id;"><phr n="_epid_group_id;"><ent r="3" t="281" w="62" /></phr></stem><stem n="_body;"><phr n="_body;"><ent r="3" t="281" w="74" /><ent r="3" t="304" w="46" /></phr></stem><stem n="_len;"><phr n="_len;"><ent r="3" t="281" w="79" /></phr></stem><stem n="_quote_t;"><phr n="_quote_t;"><ent r="3" t="281" w="87" /></phr></stem><stem n="_group_id"><phr n="_group_id"><ent r="4" t="281" w="113" /></phr></stem><stem n="sextend"><phr n="sextended"><ent r="4" t="281" w="143" /></phr></stem><stem n="_epid_group_id"><phr n="_epid_group_id"><ent r="4" t="281" w="146" /></phr></stem><stem n="_bodi"><phr n="_body"><ent r="4" t="281" w="165" /><ent r="4" t="304" w="180" /></phr></stem><stem n="holder"><phr n="holder"><ent r="3" t="281" w="191" /></phr></stem><stem n="_unlinkable_signature,"><phr n="_UNLINKABLE_SIGNATURE,"><ent r="3" t="282" w="31" /></phr></stem><stem n="_quote_sign_type_t;"><phr n="_quote_sign_type_t;"><ent r="3" t="282" w="41" /></phr></stem><stem n="[16];"><phr n="[16];"><ent r="3" t="283" w="28" /><ent r="3" t="284" w="32" /></phr></stem><stem n="_spid_t;"><phr n="_spid_t;"><ent r="3" t="283" w="32" /></phr></stem><stem n="_sgx_quote_nonc"><phr n="_sgx_quote_nonce"><ent r="3" t="284" w="25" /></phr></stem><stem n="_quote_nonce_t;"><phr n="_quote_nonce_t;"><ent r="3" t="284" w="37" /></phr></stem><stem n="_time_source_nonce_t[32];"><phr n="_time_source_nonce_t[32];"><ent r="3" t="285" w="34" /></phr></stem><stem n="_time_t;"><phr n="_time_t;"><ent r="3" t="286" w="22" /></phr></stem><stem n="_sgx_ps_cap_t"><phr n="_sgx_ps_cap_t"><ent r="3" t="287" w="25" /></phr></stem><stem n="cap0"><phr n="cap0"><ent r="3" t="287" w="31" /><ent r="4" t="287" w="47" /></phr></stem><stem n="_cap0;"><phr n="_cap0;"><ent r="3" t="287" w="32" /></phr></stem><stem n="cap1"><phr n="cap1"><ent r="3" t="287" w="36" /><ent r="4" t="287" w="67" /></phr></stem><stem n="_cap1;"><phr n="_cap1;"><ent r="3" t="287" w="37" /></phr></stem><stem n="_ps_cap_t;"><phr n="_ps_cap_t;"><ent r="3" t="287" w="42" /></phr></stem><stem n="_cap0"><phr n="_cap0"><ent r="4" t="287" w="47" /></phr></stem><stem n="-31"><phr n="-31"><ent r="3" t="287" w="62" /><ent r="3" t="287" w="62" /><ent r="3" t="287" w="70" /><ent r="3" t="287" w="70" /></phr></stem><stem n="2-31"><phr n="2-31"><ent r="3" t="287" w="62" /></phr></stem><stem n="31"><phr n="31"><ent r="3" t="287" w="63" /><ent r="3" t="287" w="71" /></phr></stem><stem n="_cap1"><phr n="_cap1"><ent r="4" t="287" w="67" /></phr></stem><stem n="0-31"><phr n="0-31"><ent r="3" t="287" w="70" /></phr></stem><stem n="_ps_sec_prop_desc"><phr n="_ps_sec_prop_desc"><ent r="3" t="288" w="34" /></phr></stem><stem n="_ps_sec_prop_desc[256];"><phr n="_ps_sec_prop_desc[256];"><ent r="3" t="288" w="45" /></phr></stem><stem n="_ps_sec_prop_desc_t;"><phr n="_ps_sec_prop_desc_t;"><ent r="3" t="288" w="52" /></phr></stem><stem n="_mc_uuid_counter_id_s"><phr n="_MC_UUID_COUNTER_ID_SIZE"><ent r="3" t="289" w="27" /></phr></stem><stem n="_mc_uuid_nonce_s"><phr n="_MC_UUID_NONCE_SIZE"><ent r="3" t="289" w="35" /></phr></stem><stem n="13"><phr n="13"><ent r="3" t="289" w="36" /></phr></stem><stem n="_mc_uuid"><phr n="_mc_uuid"><ent r="3" t="289" w="41" /></phr></stem><stem n="_id[sgx_mc_uuid_counter_id_size];"><phr n="_id[SGX_MC_UUID_COUNTER_ID_SIZE];"><ent r="3" t="289" w="54" /></phr></stem><stem n="[sgx_mc_uuid_nonce_size];"><phr n="[SGX_MC_UUID_NONCE_SIZE];"><ent r="3" t="289" w="63" /></phr></stem><stem n="_mc_uuid_t;"><phr n="_mc_uuid_t;"><ent r="3" t="289" w="68" /></phr></stem><stem n="_ra_context_t;"><phr n="_ra_context_t;"><ent r="3" t="290" w="31" /></phr></stem><stem n="_ra_key_128_t[16];"><phr n="_ra_key_128_t[16];"><ent r="3" t="291" w="34" /></phr></stem><stem n="_status_t(*sgx_ra_derive_secret_keys_t)("><phr n="_status_t(*sgx_ra_derive_secret_keys_t)("><ent r="3" t="292" w="72" /></phr></stem><stem n="_ec256_dh_shared_t*"><phr n="_ec256_dh_shared_t*"><ent r="3" t="292" w="79" /></phr></stem><stem n="_shared_key,"><phr n="_shared_key,"><ent r="3" t="292" w="82" /></phr></stem><stem n="_id,"><phr n="_id,"><ent r="3" t="292" w="87" /></phr></stem><stem n="_ec_key_128bit_t*"><phr n="_ec_key_128bit_t*"><ent r="3" t="292" w="93" /><ent r="3" t="292" w="102" /><ent r="3" t="292" w="111" /><ent r="3" t="292" w="120" /></phr></stem><stem n="_smk_key,"><phr n="_smk_key,"><ent r="3" t="292" w="96" /></phr></stem><stem n="_sk_key,"><phr n="_sk_key,"><ent r="3" t="292" w="105" /></phr></stem><stem n="_mk_key,"><phr n="_mk_key,"><ent r="3" t="292" w="114" /></phr></stem><stem n="_vk_kei"><phr n="_vk_key"><ent r="3" t="292" w="122" /><ent r="4" t="292" w="177" /></phr></stem><stem n="_smk_kei"><phr n="_smk_key"><ent r="4" t="292" w="150" /></phr></stem><stem n="_sk_kei"><phr n="_sk_key"><ent r="4" t="292" w="159" /></phr></stem><stem n="_mk_kei"><phr n="_mk_key"><ent r="4" t="292" w="168" /></phr></stem><stem n="_sgx_ra_key_type_t"><phr n="_sgx_ra_key_type_t"><ent r="3" t="293" w="31" /></phr></stem><stem n="_ra_key_mk,"><phr n="_RA_KEY_MK,"><ent r="3" t="293" w="44" /></phr></stem><stem n="_ra_key_vk,"><phr n="_RA_KEY_VK,"><ent r="3" t="293" w="49" /></phr></stem><stem n="_ra_key_type_t;"><phr n="_ra_key_type_t;"><ent r="3" t="293" w="55" /></phr></stem><stem n="_sgx_ra_msg1_t"><phr n="_sgx_ra_msg1_t"><ent r="3" t="294" w="36" /></phr></stem><stem n="_a;"><phr n="_a;"><ent r="3" t="294" w="45" /><ent r="3" t="296" w="50" /><ent r="3" t="302" w="37" /></phr></stem><stem n="_ra_msg1_t;"><phr n="_ra_msg1_t;"><ent r="3" t="294" w="57" /></phr></stem><stem n="_a"><phr n="_a"><ent r="4" t="294" w="62" /><ent r="3" t="295" w="202" /><ent r="4" t="296" w="256" /><ent r="4" t="302" w="53" /><ent r="3" t="303" w="115" /><ent r="3" t="303" w="121" /><ent r="3" t="305" w="99" /></phr></stem><stem n="_sgx_ra_msg2_t"><phr n="_sgx_ra_msg2_t"><ent r="3" t="295" w="37" /></phr></stem><stem n="_b;"><phr n="_b;"><ent r="3" t="295" w="46" /><ent r="3" t="303" w="37" /></phr></stem><stem n="_gb_ga;"><phr n="_gb_ga;"><ent r="3" t="295" w="69" /></phr></stem><stem n="_rl_size;"><phr n="_rl_size;"><ent r="3" t="295" w="80" /></phr></stem><stem n="_rl[];"><phr n="_rl[];"><ent r="3" t="295" w="85" /></phr></stem><stem n="_ra_msg2_t;"><phr n="_ra_msg2_t;"><ent r="3" t="295" w="90" /></phr></stem><stem n="_b"><phr n="_b"><ent r="4" t="295" w="95" /><ent r="3" t="295" w="190" /><ent r="4" t="303" w="60" /><ent r="3" t="303" w="133" /><ent r="4" t="303" w="170" /><ent r="3" t="305" w="93" /><ent r="3" t="305" w="111" /></phr></stem><stem n="(1)"><phr n="(1)"><ent r="3" t="295" w="133" /></phr></stem><stem n="(0)."><phr n="(0)."><ent r="3" t="295" w="137" /></phr></stem><stem n="(litt"><phr n="(Litte"><ent r="4" t="295" w="140" /><ent r="4" t="295" w="151" /></phr></stem><stem n="litt"><phr n="Litte"><ent r="4" t="295" w="140" /><ent r="4" t="295" w="151" /></phr></stem><stem n="_gb_ga"><phr n="_gb_ga"><ent r="4" t="295" w="150" /><ent r="4" t="295" w="243" /></phr></stem><stem n="b||g"><phr n="b||g"><ent r="3" t="295" w="158" /></phr></stem><stem n="(g_b||g_a),"><phr n="(g_b||g_a),"><ent r="3" t="295" w="160" /></phr></stem><stem n="-id,"><phr n="-ID,"><ent r="3" t="295" w="239" /><ent r="3" t="295" w="239" /><ent r="3" t="303" w="177" /><ent r="3" t="303" w="177" /></phr></stem><stem n="’smk’||0x00||0x80||0x00)"><phr n="’SMK’||0x00||0x80||0x00)"><ent r="4" t="295" w="274" /><ent r="4" t="296" w="109" /><ent r="4" t="303" w="208" /><ent r="4" t="304" w="97" /></phr></stem><stem n="'smk'"><phr n="'SMK'"><ent r="4" t="295" w="344" /><ent r="4" t="296" w="179" /><ent r="4" t="296" w="459" /><ent r="4" t="303" w="278" /><ent r="4" t="304" w="167" /></phr></stem><stem n="_rl"><phr n="_rl"><ent r="4" t="295" w="429" /><ent r="4" t="295" w="435" /></phr></stem><stem n="_sgx_ra_msg3_t"><phr n="_sgx_ra_msg3_t"><ent r="3" t="296" w="36" /></phr></stem><stem n="_sec_prop;"><phr n="_sec_prop;"><ent r="3" t="296" w="60" /></phr></stem><stem n="_ra_msg3_t;"><phr n="_ra_msg3_t;"><ent r="3" t="296" w="69" /></phr></stem><stem n="_a,"><phr n="_a,"><ent r="3" t="296" w="80" /><ent r="3" t="305" w="97" /></phr></stem></index>