<?xml version="1.0" encoding="utf-8"?><index><stem n="/unseal"><phr n="/unseal"><ent r="6" t="47" w="125" /></phr></stem><stem n="unseal"><phr n="unseal"><ent r="6" t="47" w="125" /><ent r="5" t="106" w="22" /><ent r="5" t="111" w="22" /><ent r="4" t="132" w="47" /><ent r="65" t="132" w="86" /><ent r="3" t="134" w="79" /><ent r="5" t="134" w="193" /><ent r="64" t="199" w="57" /><ent r="64" t="199" w="177" /><ent r="64" t="200" w="51" /><ent r="3" t="200" w="164" /><ent r="1000" t="203" w="2" /><ent r="72" t="203" w="6" /><ent r="3" t="203" w="76" /><ent r="4" t="203" w="246" /><ent r="4" t="203" w="351" /><ent r="4" t="203" w="631" /></phr><phr n="Unsealing"><ent r="65" t="130" w="65" /><ent r="1000" t="132" w="5" /><ent r="72" t="132" w="15" /><ent r="4" t="133" w="198" /><ent r="3" t="134" w="146" /><ent r="4" t="134" w="199" /><ent r="3" t="203" w="570" /><ent r="3" t="278" w="85" /></phr><phr n="unsealed"><ent r="3" t="201" w="556" /></phr></stem><stem n="(encryption),"><phr n="(encryption),"><ent r="6" t="47" w="127" /></phr></stem><stem n="ellipt"><phr n="Elliptic"><ent r="6" t="47" w="131" /><ent r="3" t="221" w="24" /><ent r="3" t="221" w="143" /><ent r="3" t="221" w="350" /><ent r="3" t="221" w="368" /><ent r="3" t="221" w="379" /><ent r="3" t="221" w="394" /><ent r="3" t="221" w="407" /><ent r="3" t="221" w="450" /><ent r="3" t="221" w="463" /><ent r="3" t="221" w="482" /><ent r="3" t="222" w="94" /><ent r="3" t="223" w="137" /><ent r="3" t="223" w="162" /><ent r="3" t="223" w="181" /><ent r="3" t="223" w="212" /><ent r="3" t="223" w="357" /><ent r="3" t="223" w="394" /><ent r="3" t="223" w="408" /><ent r="3" t="223" w="430" /><ent r="3" t="223" w="444" /><ent r="3" t="224" w="157" /><ent r="3" t="224" w="188" /><ent r="3" t="224" w="394" /><ent r="3" t="224" w="471" /><ent r="3" t="224" w="513" /><ent r="3" t="224" w="655" /><ent r="3" t="224" w="658" /><ent r="3" t="225" w="134" /><ent r="3" t="226" w="164" /><ent r="3" t="226" w="370" /><ent r="3" t="226" w="397" /><ent r="3" t="227" w="194" /><ent r="3" t="227" w="368" /><ent r="3" t="227" w="408" /><ent r="3" t="237" w="82" /><ent r="3" t="238" w="108" /><ent r="3" t="239" w="180" /><ent r="3" t="239" w="274" /><ent r="3" t="244" w="307" /><ent r="3" t="245" w="251" /><ent r="3" t="294" w="79" /><ent r="3" t="295" w="111" /><ent r="3" t="295" w="310" /><ent r="3" t="296" w="145" /><ent r="3" t="296" w="360" /><ent r="3" t="296" w="425" /><ent r="3" t="302" w="73" /><ent r="3" t="303" w="80" /><ent r="3" t="303" w="244" /><ent r="3" t="304" w="133" /></phr><phr n="Elliptical"><ent r="4" t="78" w="128" /></phr></stem><stem n="curv"><phr n="Curve"><ent r="6" t="47" w="132" /><ent r="4" t="78" w="129" /><ent r="3" t="221" w="25" /><ent r="3" t="221" w="144" /><ent r="3" t="221" w="380" /><ent r="3" t="221" w="395" /><ent r="3" t="221" w="408" /><ent r="3" t="222" w="95" /><ent r="3" t="223" w="28" /><ent r="3" t="223" w="138" /><ent r="3" t="223" w="163" /><ent r="3" t="223" w="182" /><ent r="3" t="223" w="213" /><ent r="3" t="223" w="395" /><ent r="3" t="223" w="409" /><ent r="3" t="223" w="431" /><ent r="3" t="223" w="445" /><ent r="3" t="224" w="158" /><ent r="3" t="224" w="189" /><ent r="3" t="224" w="395" /><ent r="3" t="224" w="472" /><ent r="3" t="224" w="514" /><ent r="3" t="224" w="656" /><ent r="3" t="224" w="659" /><ent r="3" t="225" w="28" /><ent r="3" t="225" w="135" /><ent r="3" t="225" w="265" /><ent r="3" t="226" w="165" /><ent r="3" t="226" w="371" /><ent r="3" t="226" w="398" /><ent r="3" t="227" w="195" /><ent r="3" t="227" w="369" /><ent r="3" t="227" w="409" /><ent r="3" t="237" w="83" /><ent r="3" t="238" w="109" /><ent r="3" t="239" w="181" /><ent r="3" t="239" w="275" /><ent r="3" t="244" w="308" /><ent r="3" t="245" w="252" /><ent r="3" t="294" w="80" /><ent r="3" t="295" w="112" /><ent r="3" t="295" w="311" /><ent r="3" t="296" w="146" /><ent r="3" t="296" w="361" /><ent r="3" t="296" w="426" /><ent r="3" t="302" w="74" /><ent r="3" t="303" w="81" /><ent r="3" t="303" w="245" /><ent r="3" t="304" w="134" /></phr><phr n="curves"><ent r="3" t="221" w="351" /><ent r="3" t="221" w="369" /><ent r="3" t="221" w="451" /><ent r="3" t="221" w="464" /><ent r="3" t="221" w="483" /></phr></stem><stem n="-hellman"><phr n="-Hellman"><ent r="6" t="47" w="133" /><ent r="6" t="47" w="133" /><ent r="4" t="78" w="130" /><ent r="4" t="78" w="130" /><ent r="3" t="93" w="79" /><ent r="3" t="93" w="79" /><ent r="72" t="94" w="10" /><ent r="72" t="94" w="10" /><ent r="3" t="94" w="29" /><ent r="3" t="94" w="29" /><ent r="4" t="94" w="185" /><ent r="4" t="94" w="185" /><ent r="3" t="97" w="338" /><ent r="3" t="97" w="338" /><ent r="3" t="224" w="297" /><ent r="3" t="224" w="297" /><ent r="3" t="224" w="409" /><ent r="3" t="224" w="409" /><ent r="3" t="238" w="189" /><ent r="3" t="238" w="189" /><ent r="3" t="239" w="176" /><ent r="3" t="239" w="176" /><ent r="3" t="239" w="270" /><ent r="3" t="239" w="270" /><ent r="3" t="244" w="303" /><ent r="3" t="244" w="303" /><ent r="3" t="245" w="247" /><ent r="3" t="245" w="247" /><ent r="3" t="292" w="26" /><ent r="3" t="292" w="26" /><ent r="3" t="292" w="134" /><ent r="3" t="292" w="134" /><ent r="3" t="295" w="306" /><ent r="3" t="295" w="306" /><ent r="3" t="296" w="141" /><ent r="3" t="296" w="141" /><ent r="3" t="296" w="356" /><ent r="3" t="296" w="356" /><ent r="3" t="296" w="421" /><ent r="3" t="296" w="421" /><ent r="3" t="303" w="240" /><ent r="3" t="303" w="240" /><ent r="3" t="304" w="129" /><ent r="3" t="304" w="129" /></phr></stem><stem n="diffi"><phr n="Diffie"><ent r="6" t="47" w="133" /><ent r="4" t="78" w="130" /><ent r="3" t="93" w="79" /><ent r="72" t="94" w="10" /><ent r="3" t="94" w="29" /><ent r="4" t="94" w="185" /><ent r="3" t="97" w="338" /><ent r="65" t="130" w="73" /><ent r="82" t="136" w="6" /><ent r="3" t="224" w="297" /><ent r="3" t="224" w="409" /><ent r="3" t="238" w="189" /><ent r="3" t="239" w="176" /><ent r="3" t="239" w="270" /><ent r="3" t="244" w="303" /><ent r="3" t="245" w="247" /><ent r="3" t="292" w="26" /><ent r="3" t="292" w="134" /><ent r="3" t="295" w="306" /><ent r="3" t="296" w="141" /><ent r="3" t="296" w="356" /><ent r="3" t="296" w="421" /><ent r="3" t="303" w="240" /><ent r="3" t="304" w="129" /></phr></stem><stem n="diffie-hellman"><phr n="Diffie-Hellman"><ent r="6" t="47" w="133" /><ent r="4" t="78" w="130" /><ent r="3" t="93" w="79" /><ent r="72" t="94" w="10" /><ent r="3" t="94" w="29" /><ent r="4" t="94" w="185" /><ent r="3" t="97" w="338" /><ent r="3" t="224" w="297" /><ent r="3" t="224" w="409" /><ent r="3" t="238" w="189" /><ent r="3" t="239" w="176" /><ent r="3" t="239" w="270" /><ent r="3" t="244" w="303" /><ent r="3" t="245" w="247" /><ent r="3" t="292" w="26" /><ent r="3" t="292" w="134" /><ent r="3" t="295" w="306" /><ent r="3" t="296" w="141" /><ent r="3" t="296" w="356" /><ent r="3" t="296" w="421" /><ent r="3" t="303" w="240" /><ent r="3" t="304" w="129" /></phr></stem><stem n="hellman"><phr n="Hellman"><ent r="6" t="47" w="134" /><ent r="4" t="78" w="131" /><ent r="3" t="93" w="80" /><ent r="72" t="94" w="11" /><ent r="3" t="94" w="30" /><ent r="4" t="94" w="186" /><ent r="3" t="97" w="339" /><ent r="65" t="130" w="74" /><ent r="82" t="136" w="7" /><ent r="3" t="224" w="298" /><ent r="3" t="224" w="410" /><ent r="3" t="238" w="190" /><ent r="3" t="239" w="177" /><ent r="3" t="239" w="271" /><ent r="3" t="244" w="304" /><ent r="3" t="245" w="248" /><ent r="3" t="292" w="27" /><ent r="3" t="292" w="135" /><ent r="3" t="295" w="307" /><ent r="3" t="296" w="142" /><ent r="3" t="296" w="357" /><ent r="3" t="296" w="422" /><ent r="3" t="303" w="241" /><ent r="3" t="304" w="130" /></phr></stem><stem n="(ec"><phr n="(EC"><ent r="6" t="47" w="135" /></phr></stem><stem n="ec"><phr n="EC"><ent r="6" t="47" w="135" /><ent r="3" t="136" w="27" /><ent r="3" t="237" w="69" /><ent r="3" t="238" w="95" /><ent r="3" t="292" w="89" /><ent r="3" t="292" w="98" /><ent r="3" t="292" w="107" /><ent r="3" t="292" w="116" /><ent r="3" t="294" w="68" /><ent r="3" t="295" w="100" /><ent r="3" t="295" w="194" /><ent r="3" t="296" w="261" /><ent r="3" t="302" w="58" /><ent r="3" t="303" w="65" /><ent r="3" t="303" w="124" /><ent r="3" t="303" w="136" /><ent r="3" t="305" w="102" /><ent r="3" t="305" w="114" /></phr></stem><stem n="dh"><phr n="DH"><ent r="6" t="47" w="136" /><ent r="1000" t="94" w="1" /><ent r="3" t="94" w="31" /><ent r="3" t="94" w="44" /><ent r="4" t="94" w="53" /><ent r="3" t="94" w="128" /><ent r="3" t="94" w="140" /><ent r="4" t="94" w="231" /><ent r="4" t="94" w="242" /><ent r="4" t="94" w="285" /><ent r="4" t="94" w="300" /><ent r="4" t="94" w="325" /><ent r="4" t="94" w="330" /><ent r="4" t="94" w="344" /><ent r="4" t="94" w="349" /><ent r="4" t="94" w="364" /><ent r="4" t="94" w="400" /><ent r="3" t="95" w="110" /><ent r="3" t="96" w="228" /><ent r="3" t="97" w="348" /><ent r="65" t="130" w="75" /><ent r="1000" t="136" w="1" /><ent r="82" t="136" w="8" /><ent r="3" t="136" w="28" /><ent r="65" t="136" w="34" /><ent r="65" t="136" w="39" /><ent r="65" t="136" w="45" /><ent r="65" t="136" w="51" /><ent r="65" t="136" w="57" /><ent r="3" t="224" w="76" /><ent r="1000" t="241" w="2" /><ent r="72" t="241" w="7" /><ent r="3" t="241" w="12" /><ent r="3" t="241" w="31" /><ent r="3" t="241" w="36" /><ent r="3" t="241" w="43" /><ent r="4" t="241" w="82" /><ent r="4" t="241" w="102" /><ent r="3" t="241" w="117" /><ent r="6" t="241" w="182" /><ent r="1000" t="242" w="2" /><ent r="72" t="242" w="8" /><ent r="3" t="242" w="19" /><ent r="3" t="242" w="38" /><ent r="3" t="242" w="44" /><ent r="3" t="242" w="50" /><ent r="3" t="242" w="53" /><ent r="4" t="242" w="69" /><ent r="3" t="242" w="94" /><ent r="4" t="242" w="108" /><ent r="4" t="242" w="123" /><ent r="3" t="242" w="131" /><ent r="4" t="242" w="151" /><ent r="6" t="242" w="234" /><ent r="1000" t="243" w="2" /><ent r="72" t="243" w="8" /><ent r="3" t="243" w="16" /><ent r="3" t="243" w="37" /><ent r="3" t="243" w="47" /><ent r="3" t="243" w="54" /><ent r="3" t="243" w="60" /><ent r="3" t="243" w="66" /><ent r="3" t="243" w="69" /><ent r="3" t="243" w="81" /><ent r="3" t="243" w="130" /><ent r="4" t="243" w="170" /><ent r="3" t="243" w="177" /><ent r="6" t="243" w="291" /><ent r="1000" t="244" w="2" /><ent r="72" t="244" w="8" /><ent r="3" t="244" w="37" /><ent r="3" t="244" w="44" /><ent r="3" t="244" w="50" /><ent r="3" t="244" w="56" /><ent r="3" t="244" w="59" /><ent r="3" t="244" w="69" /><ent r="3" t="244" w="86" /><ent r="3" t="244" w="135" /><ent r="4" t="244" w="182" /><ent r="3" t="244" w="189" /><ent r="4" t="244" w="392" /><ent r="6" t="244" w="553" /><ent r="1000" t="245" w="2" /><ent r="72" t="245" w="8" /><ent r="3" t="245" w="40" /><ent r="3" t="245" w="47" /><ent r="3" t="245" w="53" /><ent r="3" t="245" w="56" /><ent r="3" t="245" w="66" /><ent r="3" t="245" w="83" /><ent r="4" t="245" w="127" /><ent r="3" t="245" w="133" /><ent r="6" t="245" w="476" /><ent r="65" t="247" w="302" /><ent r="65" t="247" w="307" /><ent r="65" t="247" w="312" /><ent r="65" t="247" w="317" /><ent r="65" t="247" w="323" /><ent r="65" t="247" w="330" /><ent r="65" t="247" w="336" /><ent r="3" t="292" w="76" /><ent r="1000" t="302" w="2" /><ent r="72" t="302" w="7" /><ent r="3" t="302" w="16" /><ent r="3" t="302" w="26" /><ent r="3" t="302" w="45" /><ent r="3" t="302" w="64" /><ent r="3" t="302" w="101" /><ent r="6" t="302" w="111" /><ent r="1000" t="303" w="2" /><ent r="72" t="303" w="7" /><ent r="3" t="303" w="16" /><ent r="3" t="303" w="26" /><ent r="3" t="303" w="47" /><ent r="3" t="303" w="52" /><ent r="3" t="303" w="71" /><ent r="3" t="303" w="93" /><ent r="3" t="303" w="160" /><ent r="6" t="303" w="295" /><ent r="1000" t="304" w="2" /><ent r="72" t="304" w="7" /><ent r="3" t="304" w="16" /><ent r="3" t="304" w="26" /><ent r="3" t="304" w="35" /><ent r="3" t="304" w="40" /><ent r="3" t="304" w="48" /><ent r="3" t="304" w="57" /><ent r="6" t="304" w="194" /><ent r="1000" t="305" w="2" /><ent r="72" t="305" w="8" /><ent r="3" t="305" w="23" /><ent r="3" t="305" w="33" /><ent r="3" t="305" w="57" /><ent r="6" t="305" w="170" /><ent r="1000" t="306" w="2" /><ent r="72" t="306" w="9" /><ent r="3" t="306" w="25" /><ent r="3" t="306" w="35" /><ent r="3" t="306" w="100" /><ent r="6" t="306" w="193" /><ent r="1000" t="307" w="2" /><ent r="72" t="307" w="8" /><ent r="3" t="307" w="19" /><ent r="3" t="307" w="24" /><ent r="3" t="307" w="34" /><ent r="3" t="307" w="41" /><ent r="3" t="307" w="46" /><ent r="3" t="307" w="51" /><ent r="4" t="307" w="60" /><ent r="3" t="307" w="67" /><ent r="4" t="307" w="72" /><ent r="3" t="307" w="79" /><ent r="6" t="307" w="88" /><ent r="1000" t="308" w="2" /><ent r="72" t="308" w="7" /><ent r="3" t="308" w="16" /><ent r="3" t="308" w="26" /><ent r="3" t="308" w="34" /><ent r="3" t="308" w="37" /><ent r="3" t="308" w="43" /><ent r="3" t="308" w="51" /><ent r="3" t="308" w="56" /><ent r="3" t="308" w="64" /><ent r="3" t="308" w="67" /><ent r="6" t="308" w="82" /><ent r="1000" t="309" w="2" /></phr></stem><stem n="_tservice_sim.lib"><phr n="_tservice_sim.lib"><ent r="57" t="47" w="152" /><ent r="7" t="195" w="433" /><ent r="7" t="196" w="513" /><ent r="7" t="197" w="208" /><ent r="7" t="198" w="258" /><ent r="7" t="199" w="201" /><ent r="7" t="200" w="187" /><ent r="7" t="201" w="674" /><ent r="7" t="202" w="814" /><ent r="7" t="203" w="747" /><ent r="7" t="204" w="487" /><ent r="7" t="205" w="660" /><ent r="7" t="206" w="469" /><ent r="7" t="228" w="260" /><ent r="7" t="229" w="144" /><ent r="7" t="230" w="188" /><ent r="7" t="231" w="387" /><ent r="7" t="232" w="652" /><ent r="7" t="233" w="559" /><ent r="7" t="234" w="424" /><ent r="7" t="235" w="439" /><ent r="7" t="236" w="341" /><ent r="7" t="241" w="196" /><ent r="7" t="242" w="248" /><ent r="7" t="243" w="305" /><ent r="7" t="244" w="567" /><ent r="7" t="245" w="490" /></phr></stem><stem n="counterpart"><phr n="counterpart"><ent r="6" t="47" w="155" /><ent r="5" t="49" w="97" /><ent r="5" t="49" w="182" /><ent r="3" t="93" w="49" /><ent r="3" t="150" w="197" /></phr></stem><stem n="tkei"><phr n="tkey"><ent r="57" t="47" w="184" /><ent r="4" t="98" w="170" /><ent r="3" t="98" w="225" /><ent r="4" t="98" w="322" /><ent r="4" t="155" w="192" /><ent r="4" t="155" w="200" /><ent r="4" t="156" w="275" /><ent r="4" t="156" w="284" /><ent r="4" t="156" w="342" /><ent r="4" t="156" w="351" /><ent r="6" t="237" w="279" /><ent r="6" t="237" w="283" /><ent r="7" t="237" w="290" /><ent r="6" t="238" w="359" /><ent r="6" t="238" w="363" /><ent r="7" t="238" w="370" /><ent r="6" t="239" w="493" /><ent r="6" t="239" w="497" /><ent r="7" t="239" w="504" /><ent r="6" t="240" w="127" /><ent r="7" t="240" w="138" /><ent r="6" t="292" w="273" /><ent r="4" t="297" w="23" /><ent r="4" t="298" w="23" /><ent r="4" t="299" w="23" /></phr></stem><stem n="exchang"><phr n="exchange"><ent r="57" t="47" w="185" /><ent r="6" t="47" w="190" /><ent r="57" t="49" w="204" /><ent r="6" t="49" w="209" /><ent r="5" t="49" w="225" /><ent r="4" t="78" w="133" /><ent r="4" t="78" w="164" /><ent r="3" t="93" w="54" /><ent r="3" t="93" w="82" /><ent r="3" t="93" w="175" /><ent r="1000" t="94" w="3" /><ent r="72" t="94" w="13" /><ent r="3" t="94" w="33" /><ent r="3" t="94" w="46" /><ent r="3" t="94" w="58" /><ent r="3" t="94" w="92" /><ent r="3" t="94" w="130" /><ent r="3" t="94" w="142" /><ent r="4" t="94" w="162" /><ent r="4" t="94" w="211" /><ent r="4" t="94" w="227" /><ent r="4" t="94" w="280" /><ent r="4" t="94" w="339" /><ent r="4" t="94" w="396" /><ent r="3" t="95" w="90" /><ent r="3" t="95" w="101" /><ent r="3" t="95" w="112" /><ent r="1000" t="96" w="3" /><ent r="72" t="96" w="7" /><ent r="3" t="96" w="20" /><ent r="3" t="96" w="162" /><ent r="3" t="96" w="224" /><ent r="3" t="96" w="230" /><ent r="3" t="97" w="175" /><ent r="3" t="97" w="321" /><ent r="3" t="97" w="341" /><ent r="3" t="97" w="424" /><ent r="1000" t="98" w="3" /><ent r="72" t="98" w="8" /><ent r="3" t="98" w="46" /><ent r="55" t="98" w="69" /><ent r="4" t="98" w="92" /><ent r="4" t="98" w="171" /><ent r="3" t="98" w="226" /><ent r="3" t="98" w="233" /><ent r="4" t="98" w="288" /><ent r="3" t="98" w="297" /><ent r="4" t="98" w="323" /><ent r="1000" t="119" w="3" /><ent r="82" t="119" w="8" /><ent r="3" t="119" w="32" /><ent r="3" t="136" w="30" /><ent r="1000" t="147" w="3" /><ent r="82" t="147" w="8" /><ent r="3" t="147" w="17" /><ent r="3" t="147" w="33" /><ent r="3" t="155" w="25" /><ent r="3" t="155" w="60" /><ent r="4" t="155" w="193" /><ent r="4" t="155" w="201" /><ent r="3" t="155" w="235" /><ent r="3" t="155" w="462" /><ent r="6" t="155" w="512" /><ent r="7" t="155" w="519" /><ent r="3" t="156" w="25" /><ent r="3" t="156" w="101" /><ent r="4" t="156" w="276" /><ent r="4" t="156" w="285" /><ent r="4" t="156" w="343" /><ent r="4" t="156" w="352" /><ent r="4" t="156" w="435" /><ent r="6" t="156" w="761" /><ent r="7" t="156" w="768" /><ent r="3" t="224" w="417" /><ent r="3" t="237" w="25" /><ent r="3" t="237" w="126" /><ent r="3" t="237" w="147" /><ent r="3" t="237" w="252" /><ent r="3" t="237" w="271" /><ent r="6" t="237" w="280" /><ent r="6" t="237" w="284" /><ent r="7" t="237" w="291" /><ent r="3" t="238" w="27" /><ent r="3" t="238" w="152" /><ent r="3" t="238" w="227" /><ent r="3" t="238" w="332" /><ent r="3" t="238" w="351" /><ent r="6" t="238" w="360" /><ent r="6" t="238" w="364" /><ent r="7" t="238" w="371" /><ent r="3" t="239" w="32" /><ent r="3" t="239" w="50" /><ent r="3" t="239" w="464" /><ent r="3" t="239" w="485" /><ent r="6" t="239" w="494" /><ent r="6" t="239" w="498" /><ent r="7" t="239" w="505" /><ent r="3" t="240" w="24" /><ent r="3" t="240" w="98" /><ent r="6" t="240" w="128" /><ent r="6" t="240" w="132" /><ent r="7" t="240" w="139" /><ent r="3" t="290" w="19" /><ent r="6" t="290" w="39" /><ent r="6" t="291" w="41" /><ent r="6" t="292" w="274" /><ent r="6" t="293" w="63" /><ent r="3" t="294" w="26" /><ent r="6" t="294" w="103" /><ent r="3" t="295" w="27" /><ent r="3" t="295" w="221" /><ent r="3" t="295" w="459" /><ent r="6" t="295" w="469" /><ent r="3" t="296" w="26" /><ent r="3" t="296" w="299" /><ent r="6" t="296" w="541" /><ent r="4" t="297" w="24" /><ent r="6" t="297" w="87" /><ent r="4" t="298" w="24" /><ent r="6" t="298" w="94" /><ent r="4" t="299" w="24" /><ent r="6" t="299" w="87" /><ent r="6" t="310" w="805" /></phr><phr n="exchanging"><ent r="3" t="93" w="27" /><ent r="3" t="119" w="14" /></phr><phr n="exchanged"><ent r="4" t="94" w="409" /><ent r="3" t="96" w="44" /><ent r="3" t="99" w="685" /></phr></stem><stem n="_tkey_exchange.lib"><phr n="_tkey_exchange.lib"><ent r="57" t="47" w="186" /><ent r="7" t="237" w="292" /><ent r="7" t="238" w="372" /><ent r="7" t="239" w="506" /><ent r="7" t="240" w="140" /></phr></stem><stem n="ecreat"><phr n="ECREATE"><ent r="3" t="48" w="76" /><ent r="3" t="48" w="82" /></phr></stem><stem n="eadd"><phr n="EADD"><ent r="3" t="48" w="77" /></phr></stem><stem n="eextend"><phr n="EEXTEND"><ent r="3" t="48" w="78" /></phr></stem><stem n="einit"><phr n="EINIT"><ent r="3" t="48" w="79" /></phr></stem><stem n="eremov"><phr n="EREMOVE"><ent r="3" t="48" w="80" /></phr></stem><stem n="primarili"><phr n="primarily"><ent r="3" t="48" w="88" /><ent r="3" t="138" w="16" /></phr></stem><stem n="eexit"><phr n="EEXIT"><ent r="3" t="48" w="103" /></phr></stem><stem n="egetkei"><phr n="EGETKEY"><ent r="3" t="48" w="104" /><ent r="3" t="195" w="34" /></phr></stem><stem n="ereport"><phr n="EREPORT"><ent r="3" t="48" w="106" /><ent r="4" t="196" w="45" /><ent r="4" t="196" w="423" /></phr></stem><stem n="_urts_sim.dl"><phr n="_urts_sim.dll"><ent r="57" t="49" w="79" /></phr></stem><stem n="_uae_service.lib"><phr n="_uae_service.lib"><ent r="57" t="49" w="119" /><ent r="6" t="49" w="188" /><ent r="7" t="152" w="348" /><ent r="7" t="153" w="182" /><ent r="7" t="154" w="607" /><ent r="7" t="157" w="514" /><ent r="7" t="158" w="209" /><ent r="7" t="159" w="195" /><ent r="7" t="164" w="219" /><ent r="7" t="165" w="208" /></phr></stem><stem n="_uae_service.dl"><phr n="_uae_service.dll"><ent r="7" t="49" w="146" /><ent r="4" t="50" w="28" /><ent r="4" t="50" w="136" /><ent r="7" t="161" w="346" /></phr></stem><stem n="_uae_service_sim.dl"><phr n="_uae_service_sim.dll"><ent r="57" t="49" w="160" /></phr></stem><stem n="_uae_service_sim.lib"><phr n="_uae_service_sim.lib"><ent r="6" t="49" w="178" /><ent r="7" t="152" w="356" /><ent r="7" t="153" w="190" /><ent r="7" t="154" w="615" /><ent r="7" t="157" w="522" /><ent r="7" t="158" w="217" /><ent r="7" t="159" w="203" /><ent r="7" t="164" w="227" /><ent r="7" t="165" w="216" /></phr></stem><stem n="ukei"><phr n="ukey"><ent r="57" t="49" w="203" /><ent r="6" t="49" w="219" /><ent r="55" t="98" w="68" /><ent r="4" t="98" w="91" /><ent r="6" t="155" w="511" /><ent r="7" t="155" w="518" /><ent r="7" t="155" w="525" /><ent r="4" t="156" w="434" /><ent r="6" t="156" w="760" /><ent r="7" t="156" w="767" /><ent r="7" t="156" w="774" /><ent r="6" t="297" w="86" /><ent r="6" t="298" w="93" /><ent r="6" t="299" w="86" /></phr></stem><stem n="_ukey_exchange.lib"><phr n="_ukey_exchange.lib"><ent r="57" t="49" w="205" /><ent r="7" t="155" w="520" /><ent r="7" t="156" w="769" /></phr></stem><stem n="(built"><phr n="(built"><ent r="57" t="49" w="212" /><ent r="5" t="49" w="227" /></phr></stem><stem n="md"><phr n="MD"><ent r="57" t="49" w="214" /><ent r="6" t="312" w="53" /></phr></stem><stem n="/md)"><phr n="/MD)"><ent r="57" t="49" w="215" /></phr></stem><stem n="exchangemt"><phr n="exchangemt"><ent r="6" t="49" w="220" /><ent r="7" t="155" w="526" /><ent r="7" t="156" w="775" /></phr></stem><stem n="_ukey_exchangemt.lib"><phr n="_ukey_exchangemt.lib"><ent r="6" t="49" w="221" /><ent r="7" t="155" w="527" /><ent r="7" t="156" w="776" /></phr></stem><stem n="mt"><phr n="MT"><ent r="5" t="49" w="229" /><ent r="55" t="98" w="70" /><ent r="6" t="312" w="57" /></phr></stem><stem n="/mt)"><phr n="/MT)"><ent r="5" t="49" w="230" /></phr></stem><stem n="_status.dl"><phr n="_status.dll"><ent r="6" t="49" w="235" /><ent r="7" t="160" w="212" /></phr></stem><stem n="chain"><phr n="Chain"><ent r="5" t="49" w="249" /><ent r="4" t="112" w="250" /><ent r="1000" t="113" w="4" /><ent r="82" t="113" w="9" /><ent r="3" t="113" w="24" /><ent r="3" t="113" w="96" /><ent r="3" t="113" w="128" /><ent r="3" t="121" w="59" /><ent r="3" t="121" w="67" /><ent r="3" t="121" w="101" /><ent r="3" t="121" w="106" /><ent r="4" t="121" w="117" /><ent r="54" t="121" w="139" /><ent r="54" t="121" w="149" /><ent r="65" t="121" w="155" /><ent r="1000" t="160" w="5" /><ent r="72" t="160" w="11" /><ent r="4" t="160" w="17" /><ent r="3" t="160" w="30" /><ent r="3" t="160" w="38" /><ent r="3" t="160" w="68" /><ent r="3" t="160" w="73" /><ent r="4" t="160" w="84" /><ent r="3" t="160" w="96" /><ent r="3" t="160" w="117" /><ent r="3" t="160" w="182" /><ent r="4" t="160" w="192" /><ent r="3" t="169" w="47" /><ent r="3" t="169" w="273" /><ent r="3" t="169" w="305" /><ent r="3" t="254" w="83" /></phr><phr n="chains"><ent r="3" t="113" w="47" /></phr></stem><stem n="capabl"><phr n="capable"><ent r="6" t="49" w="254" /><ent r="65" t="122" w="51" /><ent r="6" t="162" w="397" /><ent r="7" t="162" w="403" /><ent r="1000" t="163" w="3" /><ent r="72" t="163" w="7" /><ent r="4" t="163" w="11" /><ent r="3" t="163" w="22" /><ent r="3" t="163" w="51" /><ent r="3" t="163" w="55" /><ent r="4" t="163" w="62" /><ent r="3" t="163" w="69" /><ent r="4" t="163" w="142" /><ent r="4" t="163" w="238" /><ent r="4" t="163" w="248" /><ent r="6" t="163" w="297" /><ent r="7" t="163" w="303" /></phr><phr n="Capability"><ent r="1000" t="68" w="2" /><ent r="82" t="68" w="5" /><ent r="3" t="68" w="20" /><ent r="3" t="77" w="98" /><ent r="3" t="87" w="76" /><ent r="3" t="104" w="67" /><ent r="1000" t="122" w="5" /><ent r="82" t="122" w="12" /><ent r="3" t="122" w="19" /><ent r="3" t="159" w="20" /><ent r="3" t="159" w="68" /><ent r="3" t="159" w="176" /><ent r="3" t="287" w="16" /></phr><phr n="capabilities"><ent r="3" t="68" w="76" /><ent r="3" t="85" w="23" /><ent r="3" t="85" w="62" /></phr></stem><stem n="_capable.dl"><phr n="_capable.dll"><ent r="6" t="49" w="255" /><ent r="7" t="162" w="404" /><ent r="4" t="163" w="249" /><ent r="7" t="163" w="304" /></phr></stem><stem n="client"><phr n="client"><ent r="5" t="49" w="265" /><ent r="3" t="122" w="27" /><ent r="4" t="157" w="212" /><ent r="3" t="158" w="29" /><ent r="3" t="162" w="298" /><ent r="3" t="162" w="317" /><ent r="3" t="163" w="19" /><ent r="3" t="163" w="207" /><ent r="3" t="163" w="268" /></phr></stem><stem n="devic"><phr n="device"><ent r="5" t="49" w="278" /><ent r="4" t="80" w="56" /><ent r="3" t="80" w="64" /><ent r="4" t="80" w="134" /><ent r="3" t="121" w="34" /><ent r="65" t="121" w="42" /><ent r="65" t="121" w="47" /><ent r="1000" t="122" w="4" /><ent r="82" t="122" w="11" /><ent r="3" t="122" w="18" /><ent r="3" t="122" w="47" /><ent r="4" t="149" w="733" /><ent r="3" t="149" w="737" /><ent r="4" t="149" w="803" /><ent r="1000" t="161" w="3" /><ent r="72" t="161" w="7" /><ent r="4" t="161" w="11" /><ent r="3" t="161" w="22" /><ent r="3" t="161" w="54" /><ent r="3" t="161" w="57" /><ent r="3" t="161" w="61" /><ent r="4" t="161" w="69" /><ent r="3" t="161" w="78" /><ent r="3" t="161" w="85" /><ent r="3" t="161" w="97" /><ent r="3" t="161" w="124" /><ent r="3" t="161" w="131" /><ent r="4" t="161" w="156" /><ent r="4" t="161" w="224" /><ent r="3" t="161" w="230" /><ent r="5" t="161" w="359" /><ent r="5" t="161" w="369" /><ent r="1000" t="162" w="4" /><ent r="72" t="162" w="9" /><ent r="4" t="162" w="14" /><ent r="3" t="162" w="26" /><ent r="3" t="162" w="60" /><ent r="3" t="162" w="63" /><ent r="3" t="162" w="67" /><ent r="4" t="162" w="75" /><ent r="3" t="162" w="85" /><ent r="3" t="162" w="92" /><ent r="3" t="162" w="104" /><ent r="3" t="162" w="133" /><ent r="3" t="162" w="140" /><ent r="4" t="162" w="165" /><ent r="3" t="162" w="248" /><ent r="4" t="162" w="271" /><ent r="3" t="162" w="278" /><ent r="4" t="162" w="343" /><ent r="3" t="162" w="356" /><ent r="5" t="162" w="417" /><ent r="5" t="162" w="427" /><ent r="3" t="163" w="98" /><ent r="3" t="163" w="177" /><ent r="65" t="247" w="341" /><ent r="72" t="309" w="8" /><ent r="3" t="309" w="20" /><ent r="3" t="309" w="31" /><ent r="3" t="309" w="58" /><ent r="3" t="309" w="70" /><ent r="3" t="309" w="81" /><ent r="3" t="309" w="112" /><ent r="3" t="309" w="120" /><ent r="3" t="309" w="131" /><ent r="6" t="310" w="360" /><ent r="6" t="310" w="364" /><ent r="6" t="310" w="396" /><ent r="6" t="310" w="399" /></phr></stem></index>