<?xml version="1.0" encoding="utf-8"?><index><stem n="remoteattest"><phr n="RemoteAttestation"><ent r="5" t="78" w="151" /><ent r="4" t="97" w="204" /><ent r="3" t="98" w="13" /></phr></stem><stem n="sealeddata"><phr n="SealedData"><ent r="56" t="78" w="174" /><ent r="4" t="103" w="117" /><ent r="4" t="103" w="134" /></phr></stem><stem n="integrity-protect"><phr n="integrity-protect"><ent r="55" t="78" w="186" /><ent r="3" t="103" w="17" /></phr></stem><stem n="disk"><phr n="disk"><ent r="55" t="78" w="194" /><ent r="3" t="103" w="30" /></phr></stem><stem n="x509"><phr n="X509"><ent r="5" t="78" w="198" /><ent r="4" t="78" w="215" /><ent r="1000" t="112" w="4" /><ent r="92" t="112" w="11" /><ent r="3" t="112" w="38" /><ent r="4" t="112" w="49" /><ent r="4" t="112" w="252" /><ent r="3" t="112" w="298" /><ent r="3" t="112" w="302" /><ent r="1000" t="113" w="2" /><ent r="82" t="113" w="7" /><ent r="3" t="113" w="131" /><ent r="4" t="113" w="134" /></phr></stem><stem n="scratch"><phr n="scratch"><ent r="3" t="79" w="23" /></phr></stem><stem n="aspect"><phr n="aspects"><ent r="3" t="79" w="30" /></phr></stem><stem n="(sgxsdkinstallpath)src\sampleenclav"><phr n="(SGXSDKInstallPath)src\SampleEnclave"><ent r="4" t="79" w="71" /></phr></stem><stem n="permiss"><phr n="permission"><ent r="4" t="79" w="114" /><ent r="4" t="87" w="303" /><ent r="4" t="93" w="153" /><ent r="4" t="97" w="296" /><ent r="4" t="103" w="183" /><ent r="4" t="112" w="127" /></phr></stem><stem n="bio"><phr n="BIOS"><ent r="3" t="80" w="28" /><ent r="3" t="80" w="75" /><ent r="3" t="80" w="91" /><ent r="3" t="161" w="310" /><ent r="3" t="162" w="333" /><ent r="4" t="162" w="370" /></phr></stem><stem n="sw"><phr n="SW"><ent r="3" t="80" w="31" /><ent r="3" t="97" w="25" /><ent r="3" t="103" w="36" /><ent r="3" t="162" w="326" /><ent r="3" t="253" w="132" /></phr></stem><stem n="prior"><phr n="prior"><ent r="3" t="80" w="46" /><ent r="3" t="209" w="254" /><ent r="3" t="216" w="313" /><ent r="3" t="221" w="39" /><ent r="3" t="223" w="64" /><ent r="3" t="225" w="50" /></phr></stem><stem n="_enable_devic"><phr n="_enable_device"><ent r="4" t="80" w="56" /><ent r="4" t="80" w="134" /><ent r="65" t="121" w="42" /><ent r="1000" t="161" w="3" /><ent r="72" t="161" w="7" /><ent r="4" t="161" w="11" /><ent r="4" t="161" w="224" /><ent r="5" t="161" w="369" /><ent r="5" t="162" w="427" /></phr></stem><stem n="previous"><phr n="previously"><ent r="3" t="80" w="71" /><ent r="4" t="107" w="113" /><ent r="3" t="149" w="420" /><ent r="3" t="150" w="181" /><ent r="3" t="170" w="50" /><ent r="3" t="178" w="174" /><ent r="3" t="232" w="562" /><ent r="3" t="233" w="469" /></phr></stem><stem n="reboot"><phr n="reboot"><ent r="3" t="80" w="86" /><ent r="3" t="80" w="107" /><ent r="3" t="161" w="29" /><ent r="4" t="161" w="92" /><ent r="3" t="161" w="103" /><ent r="3" t="161" w="254" /><ent r="5" t="161" w="292" /><ent r="3" t="162" w="33" /><ent r="4" t="162" w="99" /><ent r="3" t="162" w="110" /><ent r="3" t="309" w="41" /><ent r="4" t="309" w="76" /><ent r="3" t="309" w="86" /></phr></stem><stem n="(intel"><phr n="(Intel"><ent r="3" t="80" w="96" /></phr></stem><stem n="queri"><phr n="query"><ent r="4" t="80" w="113" /><ent r="3" t="102" w="100" /><ent r="1000" t="143" w="1" /><ent r="72" t="143" w="6" /><ent r="3" t="143" w="25" /><ent r="3" t="163" w="173" /><ent r="3" t="193" w="29" /><ent r="3" t="194" w="32" /></phr></stem><stem n="_sgx_statu"><phr n="_sgx_status"><ent r="4" t="80" w="115" /></phr></stem><stem n="transact"><phr n="transaction"><ent r="3" t="81" w="13" /><ent r="3" t="82" w="20" /><ent r="3" t="156" w="135" /><ent r="3" t="157" w="54" /></phr></stem><stem n="itself"><phr n="itself"><ent r="3" t="81" w="22" /><ent r="4" t="133" w="66" /><ent r="3" t="154" w="260" /><ent r="3" t="208" w="249" /><ent r="3" t="215" w="280" /><ent r="3" t="221" w="297" /><ent r="3" t="257" w="203" /><ent r="3" t="259" w="79" /></phr></stem><stem n="retriev"><phr n="Retrieve"><ent r="1000" t="82" w="1" /><ent r="72" t="82" w="6" /><ent r="6" t="127" w="319" /><ent r="3" t="133" w="142" /><ent r="3" t="156" w="78" /></phr><phr n="retrieved"><ent r="3" t="82" w="24" /><ent r="3" t="83" w="14" /><ent r="3" t="193" w="101" /><ent r="3" t="194" w="107" /><ent r="3" t="194" w="119" /></phr><phr n="retrieves"><ent r="3" t="99" w="750" /><ent r="4" t="106" w="27" /><ent r="4" t="110" w="11" /><ent r="4" t="111" w="28" /><ent r="4" t="196" w="135" /><ent r="3" t="201" w="519" /><ent r="3" t="204" w="365" /></phr></stem><stem n="-user"><phr n="-user"><ent r="3" t="82" w="39" /><ent r="3" t="82" w="39" /><ent r="3" t="82" w="54" /><ent r="3" t="82" w="54" /></phr></stem><stem n="per-us"><phr n="per-user"><ent r="3" t="82" w="39" /></phr></stem><stem n="registri"><phr n="registry"><ent r="3" t="82" w="44" /><ent r="4" t="82" w="92" /></phr></stem><stem n="multi-us"><phr n="multi-user"><ent r="3" t="82" w="54" /></phr></stem><stem n="csidl"><phr n="CSIDL"><ent r="5" t="82" w="72" /><ent r="4" t="82" w="129" /></phr></stem><stem n="_local_appdata"><phr n="_LOCAL_APPDATA"><ent r="5" t="82" w="74" /></phr></stem><stem n="appdata"><phr n="APPDATA"><ent r="5" t="82" w="74" /></phr></stem><stem n="-specif"><phr n="-specific"><ent r="4" t="82" w="81" /><ent r="4" t="82" w="81" /><ent r="3" t="99" w="804" /><ent r="3" t="99" w="804" /><ent r="3" t="252" w="20" /><ent r="3" t="252" w="20" /></phr></stem><stem n="application-specif"><phr n="application-specific"><ent r="4" t="82" w="81" /></phr></stem><stem n="hkei"><phr n="HKEY"><ent r="5" t="82" w="87" /></phr></stem><stem n="_current_us"><phr n="_CURRENT_USER"><ent r="5" t="82" w="89" /></phr></stem><stem n="log"><phr n="logged"><ent r="4" t="82" w="104" /></phr><phr n="log"><ent r="3" t="104" w="19" /><ent r="3" t="104" w="53" /><ent r="4" t="104" w="125" /><ent r="4" t="104" w="149" /><ent r="4" t="104" w="170" /><ent r="4" t="105" w="29" /><ent r="4" t="105" w="65" /><ent r="4" t="106" w="82" /><ent r="4" t="107" w="13" /><ent r="4" t="107" w="27" /><ent r="4" t="107" w="44" /><ent r="4" t="107" w="130" /><ent r="4" t="107" w="144" /><ent r="4" t="108" w="20" /><ent r="4" t="108" w="51" /><ent r="4" t="108" w="63" /><ent r="4" t="108" w="86" /><ent r="4" t="108" w="100" /></phr></stem><stem n="desktop"><phr n="desktop"><ent r="3" t="82" w="119" /></phr></stem><stem n="bb762494"><phr n="bb762494"><ent r="3" t="82" w="120" /></phr></stem><stem n="v"><phr n="v"><ent r="3" t="82" w="121" /><ent r="3" t="149" w="1015" /><ent r="3" t="149" w="1026" /><ent r="3" t="161" w="190" /><ent r="3" t="161" w="199" /><ent r="3" t="162" w="187" /><ent r="3" t="162" w="196" /><ent r="6" t="310" w="112" /><ent r="6" t="310" w="123" /></phr></stem><stem n="vs"><phr n="vs"><ent r="3" t="82" w="122" /></phr></stem><stem n="85"><phr n="85"><ent r="3" t="82" w="123" /></phr></stem><stem n="://msdn.microsoft.com/en-us/library/windows/desktop/bb762494(v=vs.85).aspx"><phr n="://msdn.microsoft.com/en-us/library/windows/desktop/bb762494(v=vs.85).aspx"><ent r="3" t="82" w="124" /></phr></stem><stem n="_local_appdat"><phr n="_LOCAL_APPDAT"><ent r="4" t="82" w="131" /></phr></stem><stem n="appdat"><phr n="APPDAT"><ent r="4" t="82" w="131" /></phr></stem><stem n="_urt"><phr n="_urts"><ent r="4" t="83" w="35" /><ent r="4" t="86" w="28" /></phr></stem><stem n="simpli"><phr n="simply"><ent r="3" t="83" w="51" /><ent r="54" t="133" w="416" /><ent r="3" t="154" w="535" /><ent r="3" t="166" w="131" /><ent r="3" t="167" w="131" /><ent r="3" t="175" w="89" /><ent r="3" t="176" w="126" /><ent r="3" t="178" w="207" /><ent r="3" t="181" w="120" /><ent r="3" t="183" w="306" /><ent r="3" t="187" w="194" /></phr></stem><stem n="meaning"><phr n="meaningful"><ent r="3" t="83" w="55" /></phr></stem><stem n="particularli"><phr n="Particularly"><ent r="54" t="83" w="67" /></phr></stem><stem n="fourth"><phr n="fourth"><ent r="3" t="84" w="32" /></phr></stem><stem n="/ocal"><phr n="/OCALL"><ent r="1000" t="85" w="2" /><ent r="82" t="85" w="6" /><ent r="3" t="85" w="99" /><ent r="6" t="310" w="157" /></phr></stem><stem n="/o"><phr n="/O"><ent r="3" t="85" w="71" /><ent r="4" t="129" w="61" /><ent r="4" t="145" w="102" /><ent r="6" t="314" w="108" /><ent r="6" t="314" w="112" /><ent r="4" t="315" w="88" /><ent r="6" t="315" w="244" /></phr></stem><stem n="o"><phr n="O"><ent r="3" t="85" w="71" /><ent r="4" t="129" w="61" /><ent r="4" t="145" w="102" /><ent r="6" t="314" w="108" /><ent r="6" t="314" w="112" /><ent r="4" t="315" w="88" /><ent r="6" t="315" w="244" /></phr></stem><stem n="mandatori"><phr n="mandatory"><ent r="3" t="85" w="80" /></phr></stem><stem n="categori"><phr n="Category"><ent r="6" t="85" w="136" /><ent r="6" t="85" w="186" /><ent r="6" t="317" w="57" /><ent r="6" t="318" w="31" /></phr><phr n="categories"><ent r="3" t="129" w="58" /><ent r="3" t="315" w="85" /></phr></stem><stem n="[],"><phr n="[],"><ent r="6" t="85" w="143" /><ent r="3" t="296" w="86" /></phr></stem><stem n="&lt;map&gt;"><phr n="&lt;map&gt;"><ent r="6" t="85" w="207" /></phr></stem><stem n="_destroy_enclav"><phr n="_destroy_enclave"><ent r="64" t="86" w="21" /><ent r="5" t="112" w="267" /><ent r="65" t="116" w="28" /><ent r="1000" t="150" w="3" /><ent r="72" t="150" w="7" /><ent r="4" t="150" w="13" /><ent r="4" t="150" w="108" /><ent r="4" t="150" w="150" /></phr></stem><stem n="recycl"><phr n="recycle"><ent r="3" t="86" w="33" /></phr><phr n="recycles"><ent r="4" t="112" w="269" /></phr><phr n="recycled"><ent r="3" t="144" w="145" /></phr></stem><stem n="inaccess"><phr n="inaccessible"><ent r="3" t="87" w="25" /></phr></stem><stem n="consequ"><phr n="Consequently"><ent r="3" t="87" w="26" /></phr></stem><stem n="-process"><phr n="-process"><ent r="3" t="87" w="35" /><ent r="3" t="87" w="35" /></phr></stem><stem n="in-process"><phr n="in-process"><ent r="3" t="87" w="35" /></phr></stem><stem n="-error-cod"><phr n="-Error-Code"><ent r="64" t="87" w="110" /><ent r="64" t="87" w="111" /><ent r="1000" t="88" w="1" /><ent r="1000" t="88" w="2" /><ent r="82" t="88" w="7" /><ent r="82" t="88" w="8" /></phr></stem><stem n="ecall-error"><phr n="ECALL-Error"><ent r="64" t="87" w="110" /><ent r="1000" t="88" w="1" /><ent r="82" t="88" w="7" /></phr></stem><stem n="ecall-error-cod"><phr n="ECALL-Error-Code"><ent r="64" t="87" w="110" /><ent r="1000" t="88" w="1" /><ent r="82" t="88" w="7" /></phr></stem><stem n="error-cod"><phr n="Error-Code"><ent r="64" t="87" w="111" /><ent r="1000" t="88" w="2" /><ent r="82" t="88" w="8" /></phr></stem><stem n="retri"><phr n="Retry"><ent r="64" t="87" w="114" /><ent r="1000" t="88" w="5" /><ent r="82" t="88" w="11" /><ent r="3" t="88" w="58" /><ent r="4" t="118" w="83" /><ent r="4" t="119" w="89" /><ent r="4" t="120" w="83" /><ent r="3" t="152" w="322" /><ent r="3" t="154" w="581" /><ent r="3" t="155" w="494" /><ent r="3" t="156" w="743" /><ent r="3" t="228" w="224" /></phr><phr n="retrying"><ent r="3" t="154" w="361" /><ent r="3" t="155" w="297" /><ent r="3" t="156" w="519" /><ent r="6" t="310" w="652" /></phr></stem><stem n="info"><phr n="info"><ent r="3" t="87" w="118" /><ent r="3" t="152" w="43" /><ent r="3" t="152" w="47" /><ent r="4" t="152" w="63" /><ent r="4" t="152" w="287" /><ent r="3" t="157" w="61" /><ent r="3" t="157" w="228" /><ent r="3" t="157" w="232" /><ent r="3" t="157" w="240" /><ent r="3" t="157" w="245" /><ent r="4" t="157" w="253" /><ent r="4" t="157" w="297" /><ent r="3" t="193" w="103" /><ent r="3" t="193" w="202" /><ent r="3" t="194" w="109" /><ent r="3" t="194" w="121" /><ent r="3" t="194" w="218" /><ent r="3" t="196" w="61" /><ent r="3" t="196" w="64" /><ent r="4" t="196" w="84" /><ent r="64" t="196" w="94" /><ent r="5" t="196" w="166" /><ent r="64" t="196" w="179" /><ent r="4" t="196" w="447" /><ent r="3" t="242" w="106" /><ent r="65" t="247" w="49" /><ent r="65" t="247" w="151" /><ent r="65" t="247" w="292" /><ent r="65" t="247" w="297" /><ent r="1000" t="253" w="3" /><ent r="72" t="253" w="8" /><ent r="3" t="253" w="41" /><ent r="3" t="253" w="68" /><ent r="3" t="254" w="31" /><ent r="3" t="254" w="33" /><ent r="3" t="254" w="38" /><ent r="4" t="254" w="46" /><ent r="1000" t="274" w="3" /><ent r="72" t="274" w="8" /><ent r="3" t="274" w="62" /><ent r="3" t="274" w="96" /><ent r="3" t="298" w="67" /><ent r="1000" t="300" w="3" /><ent r="72" t="300" w="8" /><ent r="3" t="300" w="30" /><ent r="3" t="300" w="37" /><ent r="3" t="300" w="43" /><ent r="3" t="300" w="46" /><ent r="3" t="300" w="51" /><ent r="4" t="300" w="58" /><ent r="1000" t="301" w="3" /><ent r="72" t="301" w="8" /><ent r="3" t="301" w="35" /><ent r="3" t="301" w="50" /><ent r="3" t="302" w="40" /><ent r="3" t="302" w="80" /><ent r="6" t="313" w="309" /><ent r="6" t="313" w="314" /></phr></stem><stem n="child"><phr n="child"><ent r="3" t="87" w="142" /><ent r="3" t="87" w="146" /><ent r="3" t="87" w="171" /><ent r="3" t="91" w="44" /><ent r="3" t="91" w="70" /><ent r="3" t="91" w="82" /></phr></stem><stem n="repeatedli"><phr n="repeatedly"><ent r="3" t="87" w="148" /></phr></stem><stem n="backup"><phr n="backup"><ent r="3" t="87" w="160" /><ent r="4" t="91" w="154" /></phr></stem><stem n="continu"><phr n="continues"><ent r="3" t="87" w="218" /><ent r="3" t="184" w="184" /></phr><phr n="continue"><ent r="3" t="88" w="40" /><ent r="3" t="141" w="68" /><ent r="5" t="161" w="274" /><ent r="3" t="180" w="130" /><ent r="4" t="254" w="60" /><ent r="4" t="254" w="86" /><ent r="3" t="254" w="100" /></phr></stem><stem n="(sgxsdkinstallpath)src\powertransit"><phr n="(SGXSDKInstallPath)src\PowerTransition"><ent r="4" t="87" w="250" /></phr></stem><stem n="invalid"><phr n="invalid"><ent r="3" t="88" w="50" /><ent r="3" t="112" w="282" /><ent r="3" t="126" w="85" /><ent r="4" t="149" w="559" /><ent r="4" t="149" w="570" /><ent r="4" t="149" w="635" /><ent r="4" t="149" w="652" /><ent r="4" t="149" w="676" /><ent r="4" t="149" w="922" /><ent r="4" t="149" w="991" /><ent r="4" t="150" w="77" /><ent r="4" t="152" w="113" /><ent r="3" t="152" w="121" /><ent r="4" t="152" w="126" /><ent r="4" t="153" w="93" /><ent r="3" t="153" w="104" /><ent r="4" t="154" w="317" /><ent r="3" t="154" w="325" /><ent r="4" t="154" w="330" /><ent r="4" t="155" w="253" /><ent r="3" t="155" w="261" /><ent r="4" t="155" w="266" /><ent r="4" t="155" w="411" /><ent r="4" t="156" w="475" /><ent r="3" t="156" w="483" /><ent r="4" t="156" w="488" /><ent r="4" t="156" w="633" /><ent r="4" t="156" w="648" /><ent r="3" t="156" w="654" /><ent r="4" t="157" w="344" /><ent r="3" t="157" w="352" /><ent r="4" t="157" w="357" /><ent r="4" t="158" w="106" /><ent r="3" t="158" w="119" /><ent r="4" t="159" w="88" /><ent r="3" t="159" w="96" /><ent r="4" t="160" w="135" /><ent r="3" t="160" w="143" /><ent r="4" t="161" w="150" /><ent r="3" t="161" w="161" /><ent r="4" t="162" w="159" /><ent r="3" t="162" w="170" /><ent r="4" t="163" w="136" /><ent r="3" t="163" w="146" /><ent r="4" t="164" w="74" /><ent r="3" t="164" w="85" /><ent r="3" t="164" w="148" /><ent r="4" t="165" w="95" /><ent r="3" t="165" w="105" /><ent r="3" t="165" w="177" /><ent r="4" t="168" w="118" /><ent r="3" t="168" w="121" /><ent r="3" t="169" w="207" /><ent r="3" t="176" w="97" /><ent r="3" t="177" w="75" /><ent r="3" t="178" w="75" /><ent r="3" t="179" w="78" /><ent r="3" t="180" w="75" /><ent r="3" t="181" w="96" /><ent r="3" t="182" w="76" /><ent r="3" t="183" w="115" /><ent r="3" t="184" w="76" /><ent r="3" t="185" w="77" /><ent r="3" t="187" w="164" /><ent r="3" t="188" w="78" /><ent r="3" t="189" w="90" /><ent r="4" t="193" w="116" /><ent r="3" t="193" w="124" /><ent r="4" t="194" w="134" /><ent r="3" t="194" w="142" /><ent r="4" t="195" w="166" /><ent r="4" t="195" w="247" /><ent r="4" t="195" w="273" /><ent r="4" t="195" w="291" /><ent r="4" t="195" w="311" /><ent r="4" t="196" w="298" /><ent r="4" t="197" w="101" /><ent r="3" t="197" w="108" /><ent r="4" t="201" w="359" /><ent r="4" t="202" w="531" /><ent r="4" t="203" w="405" /><ent r="4" t="203" w="519" /><ent r="4" t="203" w="540" /><ent r="4" t="204" w="241" /><ent r="4" t="205" w="410" /><ent r="4" t="206" w="215" /><ent r="4" t="206" w="291" /><ent r="4" t="206" w="311" /><ent r="4" t="207" w="158" /><ent r="3" t="207" w="164" /><ent r="4" t="208" w="147" /><ent r="3" t="208" w="158" /><ent r="4" t="209" w="189" /><ent r="4" t="210" w="147" /><ent r="4" t="211" w="106" /><ent r="4" t="212" w="391" /><ent r="4" t="213" w="400" /><ent r="4" t="214" w="199" /><ent r="4" t="215" w="185" /><ent r="4" t="216" w="190" /><ent r="4" t="217" w="145" /><ent r="4" t="218" w="108" /><ent r="4" t="219" w="224" /><ent r="4" t="220" w="224" /><ent r="4" t="221" w="197" /><ent r="4" t="222" w="148" /><ent r="4" t="223" w="264" /><ent r="3" t="223" w="277" /><ent r="4" t="224" w="240" /><ent r="4" t="225" w="203" /><ent r="4" t="226" w="214" /><ent r="4" t="227" w="253" /><ent r="4" t="230" w="95" /><ent r="3" t="230" w="103" /><ent r="4" t="230" w="109" /><ent r="4" t="231" w="129" /><ent r="3" t="231" w="137" /><ent r="4" t="231" w="143" /><ent r="5" t="232" w="137" /><ent r="4" t="232" w="215" /><ent r="3" t="232" w="223" /><ent r="4" t="232" w="272" /><ent r="4" t="233" w="112" /><ent r="3" t="233" w="120" /><ent r="4" t="233" w="169" /><ent r="4" t="234" w="85" /><ent r="3" t="234" w="93" /><ent r="4" t="234" w="148" /><ent r="4" t="235" w="100" /><ent r="3" t="235" w="108" /><ent r="4" t="235" w="163" /><ent r="4" t="236" w="98" /><ent r="3" t="236" w="106" /><ent r="4" t="236" w="129" /><ent r="4" t="237" w="178" /><ent r="3" t="237" w="189" /><ent r="4" t="237" w="216" /><ent r="3" t="237" w="221" /><ent r="4" t="238" w="258" /><ent r="3" t="238" w="269" /><ent r="4" t="238" w="296" /><ent r="3" t="238" w="301" /><ent r="4" t="239" w="402" /><ent r="3" t="239" w="413" /><ent r="4" t="239" w="417" /><ent r="4" t="240" w="81" /><ent r="3" t="240" w="88" /><ent r="4" t="241" w="166" /><ent r="4" t="242" w="181" /><ent r="4" t="242" w="194" /><ent r="4" t="243" w="238" /><ent r="4" t="243" w="251" /><ent r="4" t="244" w="486" /><ent r="4" t="244" w="499" /><ent r="4" t="245" w="423" /><ent r="4" t="245" w="436" /><ent r="4" t="292" w="195" /><ent r="3" t="292" w="206" /><ent r="6" t="310" w="37" /><ent r="6" t="310" w="84" /><ent r="6" t="310" w="152" /><ent r="6" t="310" w="266" /><ent r="6" t="310" w="279" /><ent r="6" t="310" w="287" /><ent r="6" t="310" w="293" /><ent r="6" t="310" w="299" /><ent r="6" t="310" w="384" /><ent r="6" t="310" w="407" /><ent r="6" t="310" w="473" /><ent r="6" t="310" w="499" /><ent r="6" t="310" w="512" /><ent r="6" t="310" w="532" /><ent r="6" t="310" w="553" /><ent r="6" t="310" w="601" /><ent r="6" t="310" w="616" /><ent r="6" t="310" w="696" /><ent r="6" t="310" w="701" /><ent r="6" t="316" w="154" /></phr><phr n="invalidated"><ent r="4" t="104" w="180" /><ent r="4" t="107" w="31" /><ent r="4" t="107" w="53" /><ent r="4" t="108" w="102" /><ent r="3" t="234" w="122" /><ent r="3" t="235" w="137" /><ent r="3" t="236" w="123" /><ent r="6" t="310" w="738" /></phr><phr n="invalidate"><ent r="3" t="149" w="418" /></phr><phr n="invalidates"><ent r="3" t="150" w="120" /></phr></stem><stem n="depict"><phr n="depicted"><ent r="3" t="88" w="68" /><ent r="3" t="91" w="57" /></phr></stem><stem n="figur"><phr n="figure"><ent r="3" t="88" w="72" /><ent r="3" t="90" w="28" /><ent r="3" t="91" w="60" /><ent r="3" t="94" w="134" /><ent r="3" t="95" w="11" /><ent r="3" t="96" w="16" /><ent r="3" t="99" w="136" /><ent r="3" t="99" w="138" /><ent r="4" t="99" w="441" /><ent r="3" t="99" w="773" /></phr></stem><stem n="flow"><phr n="Flow"><ent r="3" t="88" w="77" /><ent r="3" t="90" w="36" /><ent r="3" t="91" w="124" /><ent r="1000" t="94" w="8" /><ent r="72" t="94" w="18" /><ent r="3" t="94" w="125" /><ent r="3" t="94" w="147" /><ent r="3" t="95" w="107" /><ent r="3" t="96" w="225" /><ent r="3" t="99" w="95" /><ent r="4" t="99" w="150" /><ent r="3" t="101" w="31" /><ent r="3" t="101" w="141" /><ent r="3" t="101" w="280" /><ent r="3" t="112" w="212" /><ent r="5" t="193" w="327" /><ent r="5" t="194" w="343" /></phr></stem><stem n="chart"><phr n="Chart"><ent r="3" t="88" w="78" /><ent r="3" t="90" w="37" /><ent r="3" t="91" w="125" /></phr></stem><stem n="_create_enclave,"><phr n="_create_enclave,"><ent r="3" t="90" w="59" /></phr></stem><stem n="unnecessari"><phr n="unnecessary"><ent r="3" t="90" w="75" /></phr></stem><stem n="concentr"><phr n="concentrate"><ent r="4" t="90" w="88" /><ent r="3" t="112" w="296" /></phr></stem><stem n="common"><phr n="common"><ent r="3" t="91" w="23" /><ent r="3" t="224" w="153" /><ent r="3" t="224" w="389" /><ent r="6" t="312" w="48" /><ent r="6" t="312" w="282" /><ent r="6" t="318" w="60" /></phr></stem><stem n="-creat"><phr n="-creates"><ent r="3" t="91" w="85" /><ent r="3" t="91" w="85" /></phr><phr n="-created"><ent r="3" t="91" w="102" /><ent r="3" t="91" w="102" /><ent r="4" t="177" w="173" /><ent r="4" t="177" w="173" /><ent r="4" t="182" w="172" /><ent r="4" t="182" w="172" /></phr></stem><stem n="re"><phr n="re"><ent r="3" t="91" w="85" /><ent r="3" t="91" w="88" /><ent r="3" t="91" w="102" /><ent r="3" t="133" w="266" /><ent r="3" t="149" w="402" /><ent r="3" t="161" w="247" /><ent r="4" t="177" w="173" /><ent r="4" t="182" w="172" /></phr></stem><stem n="re-creat"><phr n="re-creates"><ent r="3" t="91" w="85" /></phr><phr n="re-created"><ent r="3" t="91" w="102" /><ent r="4" t="177" w="173" /><ent r="4" t="182" w="172" /></phr></stem><stem n="-initi"><phr n="-initializes"><ent r="3" t="91" w="88" /><ent r="3" t="91" w="88" /></phr></stem><stem n="re-initi"><phr n="re-initializes"><ent r="3" t="91" w="88" /></phr></stem><stem n="confidenti"><phr n="confidential"><ent r="4" t="91" w="140" /><ent r="3" t="133" w="337" /><ent r="54" t="133" w="437" /><ent r="3" t="212" w="516" /><ent r="3" t="213" w="541" /></phr><phr n="confidentiality"><ent r="3" t="93" w="63" /><ent r="4" t="132" w="38" /><ent r="3" t="133" w="16" /></phr></stem><stem n="cipher"><phr n="cipher"><ent r="4" t="91" w="143" /></phr></stem><stem n="frequent"><phr n="frequently"><ent r="4" t="91" w="148" /></phr></stem><stem n="assert"><phr n="assertion"><ent r="4" t="92" w="43" /></phr><phr n="assertions"><ent r="4" t="92" w="66" /></phr><phr n="assert"><ent r="6" t="319" w="46" /><ent r="6" t="320" w="167" /></phr></stem><stem n="extend"><phr n="extends"><ent r="4" t="92" w="61" /></phr><phr n="extended"><ent r="6" t="99" w="343" /><ent r="6" t="99" w="356" /><ent r="5" t="99" w="374" /><ent r="6" t="99" w="398" /><ent r="1000" t="102" w="4" /><ent r="72" t="102" w="14" /><ent r="3" t="102" w="39" /><ent r="3" t="102" w="55" /><ent r="3" t="102" w="77" /><ent r="4" t="102" w="85" /><ent r="3" t="102" w="92" /><ent r="3" t="102" w="104" /><ent r="3" t="102" w="128" /><ent r="3" t="102" w="145" /><ent r="65" t="119" w="103" /><ent r="72" t="158" w="8" /><ent r="4" t="158" w="18" /><ent r="3" t="158" w="25" /><ent r="3" t="158" w="46" /><ent r="3" t="158" w="61" /><ent r="3" t="158" w="69" /><ent r="4" t="158" w="79" /><ent r="3" t="158" w="86" /><ent r="4" t="158" w="112" /><ent r="3" t="158" w="186" /><ent r="3" t="202" w="691" /><ent r="3" t="205" w="535" /><ent r="3" t="281" w="58" /><ent r="3" t="281" w="149" /><ent r="6" t="320" w="86" /><ent r="6" t="320" w="90" /></phr></stem><stem n="collabor"><phr n="collaborate"><ent r="3" t="93" w="38" /></phr></stem><stem n="trustworthi"><phr n="trustworthy"><ent r="3" t="93" w="51" /></phr></stem><stem n="(sgxsdkinstallpath)src\localattest"><phr n="(SGXSDKInstallPath)src\LocalAttestation"><ent r="4" t="93" w="105" /></phr></stem><stem n="(dh)"><phr n="(DH)"><ent r="3" t="94" w="32" /><ent r="65" t="130" w="76" /><ent r="82" t="136" w="9" /></phr></stem><stem n="_dh.h"><phr n="_dh.h"><ent r="4" t="94" w="54" /><ent r="6" t="241" w="183" /><ent r="6" t="242" w="235" /><ent r="6" t="243" w="292" /><ent r="6" t="244" w="554" /><ent r="6" t="245" w="477" /><ent r="6" t="302" w="112" /><ent r="6" t="303" w="296" /><ent r="6" t="304" w="195" /><ent r="6" t="305" w="171" /><ent r="6" t="306" w="194" /><ent r="6" t="307" w="89" /><ent r="6" t="308" w="83" /></phr></stem><stem n="ecdh"><phr n="ECDH"><ent r="4" t="94" w="160" /><ent r="4" t="94" w="209" /><ent r="3" t="95" w="99" /><ent r="3" t="97" w="419" /></phr></stem><stem n="role"><phr n="role"><ent r="4" t="94" w="171" /><ent r="4" t="94" w="220" /><ent r="3" t="241" w="20" /><ent r="3" t="241" w="38" /><ent r="3" t="241" w="40" /><ent r="4" t="241" w="52" /><ent r="3" t="241" w="57" /><ent r="3" t="241" w="70" /><ent r="3" t="241" w="90" /><ent r="65" t="247" w="332" /><ent r="1000" t="307" w="4" /><ent r="72" t="307" w="10" /><ent r="3" t="307" w="15" /><ent r="3" t="307" w="36" /><ent r="3" t="307" w="53" /><ent r="1000" t="309" w="4" /></phr></stem><stem n="respond"><phr n="responder"><ent r="4" t="94" w="219" /><ent r="65" t="136" w="40" /><ent r="65" t="136" w="52" /><ent r="3" t="241" w="93" /><ent r="4" t="241" w="104" /><ent r="1000" t="242" w="3" /><ent r="72" t="242" w="9" /><ent r="3" t="242" w="17" /><ent r="3" t="242" w="39" /><ent r="3" t="242" w="98" /><ent r="4" t="242" w="156" /><ent r="3" t="243" w="24" /><ent r="3" t="243" w="88" /><ent r="1000" t="244" w="3" /><ent r="72" t="244" w="9" /><ent r="3" t="244" w="14" /><ent r="3" t="244" w="38" /><ent r="3" t="244" w="142" /><ent r="3" t="245" w="19" /><ent r="3" t="245" w="29" /><ent r="3" t="245" w="71" /><ent r="3" t="245" w="90" /><ent r="4" t="245" w="323" /><ent r="3" t="245" w="330" /><ent r="3" t="302" w="61" /><ent r="3" t="303" w="129" /><ent r="3" t="305" w="72" /><ent r="3" t="305" w="107" /><ent r="3" t="305" w="160" /><ent r="3" t="306" w="22" /><ent r="3" t="307" w="48" /><ent r="4" t="307" w="74" /><ent r="3" t="307" w="76" /></phr><phr n="respond"><ent r="3" t="99" w="126" /><ent r="3" t="126" w="112" /><ent r="3" t="152" w="173" /><ent r="3" t="154" w="406" /><ent r="3" t="155" w="380" /><ent r="3" t="156" w="602" /><ent r="3" t="157" w="405" /><ent r="3" t="158" w="147" /><ent r="3" t="159" w="108" /><ent r="3" t="160" w="155" /><ent r="3" t="161" w="173" /><ent r="3" t="164" w="125" /><ent r="3" t="165" w="154" /><ent r="3" t="228" w="58" /><ent r="3" t="229" w="63" /><ent r="3" t="231" w="168" /><ent r="3" t="232" w="298" /><ent r="3" t="233" w="194" /><ent r="3" t="234" w="173" /><ent r="3" t="235" w="188" /><ent r="3" t="236" w="158" /><ent r="6" t="310" w="572" /></phr></stem><stem n="ga"><phr n="ga"><ent r="5" t="94" w="235" /><ent r="5" t="94" w="294" /><ent r="5" t="94" w="357" /><ent r="5" t="99" w="461" /><ent r="4" t="99" w="490" /><ent r="5" t="99" w="555" /><ent r="5" t="99" w="578" /><ent r="5" t="99" w="621" /><ent r="4" t="101" w="58" /><ent r="4" t="101" w="65" /><ent r="3" t="155" w="103" /><ent r="3" t="155" w="108" /><ent r="4" t="155" w="163" /><ent r="4" t="155" w="176" /><ent r="4" t="155" w="219" /><ent r="4" t="155" w="453" /><ent r="3" t="224" w="72" /><ent r="4" t="224" w="117" /><ent r="3" t="224" w="315" /><ent r="65" t="247" w="272" /><ent r="3" t="295" w="68" /><ent r="4" t="295" w="150" /><ent r="4" t="295" w="243" /><ent r="3" t="296" w="337" /><ent r="1000" t="297" w="4" /><ent r="72" t="297" w="10" /><ent r="3" t="297" w="37" /></phr></stem></index>