<?xml version="1.0" encoding="utf-8"?><index><stem n="togeth"><phr n="together"><ent r="6" t="26" w="201" /><ent r="3" t="62" w="590" /><ent r="4" t="104" w="126" /><ent r="3" t="112" w="27" /><ent r="3" t="112" w="53" /><ent r="3" t="112" w="149" /></phr></stem><stem n="complet"><phr n="complete"><ent r="6" t="26" w="208" /><ent r="3" t="98" w="201" /><ent r="6" t="127" w="343" /><ent r="3" t="149" w="594" /><ent r="3" t="149" w="726" /><ent r="3" t="151" w="95" /><ent r="3" t="152" w="159" /><ent r="3" t="152" w="224" /><ent r="3" t="154" w="392" /><ent r="3" t="154" w="456" /><ent r="3" t="155" w="341" /><ent r="3" t="155" w="366" /><ent r="3" t="156" w="563" /><ent r="3" t="156" w="588" /><ent r="3" t="157" w="391" /><ent r="3" t="157" w="465" /><ent r="3" t="158" w="133" /><ent r="3" t="164" w="111" /><ent r="3" t="165" w="140" /><ent r="3" t="207" w="178" /><ent r="3" t="207" w="244" /><ent r="3" t="208" w="46" /><ent r="3" t="208" w="172" /><ent r="3" t="212" w="464" /><ent r="3" t="213" w="488" /><ent r="3" t="214" w="223" /><ent r="3" t="214" w="277" /><ent r="3" t="215" w="46" /><ent r="3" t="215" w="208" /><ent r="3" t="216" w="214" /><ent r="3" t="217" w="169" /><ent r="3" t="219" w="249" /><ent r="3" t="220" w="249" /><ent r="3" t="221" w="219" /><ent r="3" t="223" w="291" /><ent r="3" t="224" w="270" /><ent r="3" t="225" w="231" /><ent r="3" t="226" w="248" /><ent r="3" t="227" w="288" /><ent r="3" t="228" w="105" /><ent r="3" t="228" w="144" /><ent r="3" t="231" w="217" /><ent r="3" t="231" w="242" /><ent r="3" t="232" w="347" /><ent r="3" t="232" w="372" /><ent r="3" t="233" w="243" /><ent r="3" t="233" w="268" /><ent r="3" t="234" w="222" /><ent r="3" t="234" w="247" /><ent r="3" t="235" w="237" /><ent r="3" t="235" w="262" /><ent r="3" t="236" w="207" /><ent r="3" t="236" w="232" /><ent r="3" t="237" w="203" /><ent r="3" t="238" w="283" /><ent r="3" t="292" w="233" /><ent r="6" t="310" w="60" /><ent r="6" t="310" w="350" /></phr><phr n="completion"><ent r="3" t="70" w="78" /></phr><phr n="completed"><ent r="3" t="208" w="258" /><ent r="3" t="215" w="289" /><ent r="3" t="221" w="62" /><ent r="3" t="221" w="308" /></phr></stem><stem n="&#8209;out,"><phr n="&#8209;out,"><ent r="6" t="26" w="227" /></phr></stem><stem n="sig"><phr n="sig"><ent r="6" t="26" w="227" /><ent r="6" t="26" w="370" /><ent r="7" t="30" w="218" /><ent r="3" t="153" w="39" /><ent r="4" t="153" w="53" /><ent r="3" t="154" w="64" /><ent r="3" t="154" w="69" /><ent r="4" t="154" w="164" /><ent r="4" t="154" w="177" /><ent r="4" t="154" w="186" /><ent r="4" t="154" w="195" /><ent r="4" t="154" w="202" /><ent r="3" t="295" w="77" /><ent r="3" t="295" w="83" /><ent r="4" t="295" w="420" /><ent r="4" t="295" w="428" /><ent r="4" t="295" w="434" /><ent r="6" t="316" w="267" /><ent r="6" t="316" w="270" /><ent r="6" t="316" w="272" /><ent r="6" t="316" w="274" /></phr></stem><stem n="&#8209;sig,"><phr n="&#8209;sig,"><ent r="6" t="26" w="228" /></phr></stem><stem n="&#8209;unisgn"><phr n="&#8209;unisgned"><ent r="6" t="26" w="228" /></phr></stem><stem n="unisgn"><phr n="unisgned"><ent r="6" t="26" w="228" /></phr></stem><stem n="&lt;file&gt;"><phr n="&lt;file&gt;"><ent r="6" t="26" w="251" /><ent r="6" t="26" w="272" /><ent r="6" t="26" w="291" /><ent r="6" t="26" w="335" /><ent r="6" t="26" w="371" /><ent r="6" t="26" w="395" /><ent r="4" t="26" w="465" /></phr></stem><stem n="-sig"><phr n="-sig"><ent r="6" t="26" w="370" /><ent r="6" t="26" w="370" /></phr></stem><stem n="-unsign"><phr n="-unsigned"><ent r="6" t="26" w="394" /><ent r="6" t="26" w="394" /></phr></stem><stem n="unsign"><phr n="unsigned"><ent r="6" t="26" w="394" /><ent r="7" t="30" w="221" /><ent r="6" t="54" w="73" /><ent r="3" t="55" w="41" /><ent r="3" t="62" w="448" /><ent r="3" t="62" w="471" /><ent r="3" t="62" w="537" /><ent r="3" t="168" w="36" /><ent r="3" t="258" w="28" /><ent r="3" t="260" w="28" /></phr></stem><stem n="filenam"><phr n="filenames"><ent r="3" t="26" w="424" /><ent r="3" t="26" w="436" /></phr><phr n="FILENAME"><ent r="3" t="35" w="215" /><ent r="3" t="53" w="197" /><ent r="3" t="69" w="253" /><ent r="3" t="70" w="161" /><ent r="3" t="71" w="154" /><ent r="3" t="71" w="166" /><ent r="6" t="313" w="120" /><ent r="6" t="313" w="125" /><ent r="6" t="313" w="215" /><ent r="6" t="313" w="237" /><ent r="6" t="316" w="296" /></phr></stem><stem n=",can"><phr n=",can"><ent r="3" t="26" w="425" /></phr></stem><stem n="tab"><phr n="tabs"><ent r="3" t="26" w="443" /></phr></stem><stem n="identifi"><phr n="identifier"><ent r="3" t="26" w="453" /><ent r="3" t="186" w="85" /><ent r="4" t="186" w="90" /><ent r="3" t="257" w="157" /><ent r="6" t="318" w="64" /></phr><phr n="identify"><ent r="4" t="42" w="426" /><ent r="3" t="133" w="34" /><ent r="3" t="201" w="603" /><ent r="3" t="202" w="705" /><ent r="3" t="205" w="549" /><ent r="3" t="256" w="13" /><ent r="3" t="269" w="184" /><ent r="3" t="274" w="38" /></phr><phr n="identifiers"><ent r="3" t="54" w="6" /></phr><phr n="identifying"><ent r="4" t="127" w="247" /><ent r="3" t="212" w="625" /></phr><phr n="Identifies"><ent r="3" t="202" w="225" /><ent r="3" t="205" w="168" /><ent r="4" t="277" w="169" /></phr><phr n="identified"><ent r="3" t="295" w="449" /></phr></stem><stem n="dash"><phr n="dash"><ent r="3" t="26" w="455" /></phr></stem><stem n="(-),"><phr n="(-),"><ent r="3" t="26" w="456" /></phr></stem><stem n="absolut"><phr n="absolute"><ent r="3" t="26" w="470" /></phr></stem><stem n="rel"><phr n="relative"><ent r="3" t="26" w="472" /><ent r="3" t="71" w="92" /><ent r="3" t="71" w="98" /><ent r="3" t="71" w="101" /><ent r="3" t="231" w="62" /></phr><phr n="relatively"><ent r="3" t="221" w="511" /></phr></stem><stem n="start"><phr n="start"><ent r="3" t="26" w="480" /><ent r="3" t="134" w="16" /><ent r="3" t="166" w="72" /><ent r="3" t="166" w="134" /><ent r="3" t="167" w="72" /><ent r="3" t="167" w="134" /><ent r="3" t="278" w="159" /></phr><phr n="Starting"><ent r="1000" t="33" w="1" /><ent r="82" t="33" w="8" /><ent r="3" t="134" w="52" /></phr><phr n="starts"><ent r="4" t="99" w="151" /><ent r="3" t="102" w="45" /><ent r="3" t="184" w="87" /></phr></stem><stem n="prompt"><phr n="prompt"><ent r="3" t="26" w="489" /></phr></stem><stem n="charact"><phr n="character"><ent r="3" t="26" w="517" /><ent r="3" t="64" w="105" /><ent r="3" t="138" w="82" /><ent r="54" t="149" w="145" /><ent r="54" t="149" w="163" /><ent r="6" t="320" w="226" /></phr></stem><stem n="rule"><phr n="rules"><ent r="3" t="26" w="519" /><ent r="3" t="39" w="118" /><ent r="3" t="39" w="272" /><ent r="3" t="42" w="595" /></phr></stem><stem n="-insensit"><phr n="-insensitive"><ent r="3" t="26" w="528" /><ent r="3" t="26" w="528" /></phr></stem><stem n="case-insensit"><phr n="case-insensitive"><ent r="3" t="26" w="528" /></phr></stem><stem n="insensit"><phr n="insensitive"><ent r="3" t="26" w="529" /></phr></stem><stem n="success"><phr n="success"><ent r="3" t="26" w="545" /><ent r="4" t="41" w="37" /><ent r="3" t="42" w="779" /><ent r="3" t="76" w="209" /><ent r="3" t="76" w="248" /><ent r="3" t="76" w="289" /><ent r="4" t="149" w="547" /><ent r="4" t="149" w="1116" /><ent r="4" t="150" w="67" /><ent r="4" t="152" w="101" /><ent r="4" t="153" w="82" /><ent r="4" t="154" w="306" /><ent r="4" t="155" w="242" /><ent r="4" t="156" w="464" /><ent r="4" t="157" w="333" /><ent r="4" t="158" w="95" /><ent r="4" t="159" w="77" /><ent r="4" t="160" w="124" /><ent r="4" t="161" w="139" /><ent r="4" t="162" w="148" /><ent r="4" t="163" w="125" /><ent r="4" t="164" w="63" /><ent r="4" t="165" w="84" /><ent r="4" t="168" w="111" /><ent r="3" t="168" w="114" /><ent r="4" t="193" w="109" /><ent r="3" t="193" w="112" /><ent r="4" t="194" w="127" /><ent r="3" t="194" w="130" /><ent r="4" t="195" w="159" /><ent r="3" t="195" w="162" /><ent r="4" t="196" w="291" /><ent r="3" t="196" w="294" /><ent r="4" t="197" w="94" /><ent r="3" t="197" w="97" /><ent r="4" t="201" w="352" /><ent r="3" t="201" w="355" /><ent r="4" t="202" w="524" /><ent r="3" t="202" w="527" /><ent r="4" t="203" w="398" /><ent r="3" t="203" w="401" /><ent r="4" t="204" w="234" /><ent r="3" t="204" w="237" /><ent r="4" t="205" w="403" /><ent r="3" t="205" w="406" /><ent r="4" t="206" w="195" /><ent r="4" t="207" w="146" /><ent r="4" t="208" w="134" /><ent r="4" t="209" w="178" /><ent r="4" t="210" w="137" /><ent r="4" t="211" w="95" /><ent r="4" t="212" w="380" /><ent r="4" t="213" w="389" /><ent r="4" t="214" w="187" /><ent r="4" t="215" w="171" /><ent r="4" t="216" w="179" /><ent r="4" t="217" w="135" /><ent r="4" t="218" w="97" /><ent r="4" t="219" w="213" /><ent r="4" t="220" w="213" /><ent r="4" t="221" w="182" /><ent r="4" t="222" w="134" /><ent r="4" t="223" w="251" /><ent r="4" t="224" w="227" /><ent r="4" t="225" w="184" /><ent r="4" t="226" w="203" /><ent r="4" t="227" w="233" /><ent r="4" t="228" w="41" /><ent r="4" t="229" w="46" /><ent r="4" t="230" w="85" /><ent r="4" t="231" w="119" /><ent r="4" t="232" w="205" /><ent r="4" t="233" w="102" /><ent r="4" t="234" w="75" /><ent r="4" t="235" w="90" /><ent r="4" t="236" w="88" /><ent r="4" t="237" w="171" /><ent r="3" t="237" w="174" /><ent r="4" t="238" w="251" /><ent r="3" t="238" w="254" /><ent r="4" t="239" w="395" /><ent r="3" t="239" w="398" /><ent r="3" t="239" w="435" /><ent r="4" t="240" w="74" /><ent r="3" t="240" w="77" /><ent r="4" t="241" w="157" /><ent r="4" t="242" w="172" /><ent r="4" t="243" w="225" /><ent r="4" t="244" w="473" /><ent r="4" t="245" w="413" /><ent r="4" t="292" w="188" /><ent r="3" t="292" w="191" /><ent r="6" t="310" w="20" /></phr><phr n="successful"><ent r="3" t="70" w="84" /><ent r="3" t="206" w="165" /><ent r="3" t="239" w="462" /></phr><phr n="successive"><ent r="3" t="219" w="302" /><ent r="3" t="219" w="322" /><ent r="3" t="220" w="302" /><ent r="3" t="220" w="322" /></phr></stem><stem n="-1."><phr n="-1."><ent r="3" t="26" w="555" /><ent r="3" t="26" w="555" /></phr></stem><stem n="headertyp"><phr n="HEADERTYPE"><ent r="6" t="26" w="566" /></phr></stem><stem n="headerlen"><phr n="HEADERLEN"><ent r="6" t="26" w="568" /></phr></stem><stem n="headervers"><phr n="HEADERVERSION"><ent r="6" t="26" w="570" /></phr></stem><stem n="modvendor"><phr n="MODVENDOR"><ent r="6" t="26" w="574" /></phr></stem><stem n="keysiz"><phr n="KEYSIZE"><ent r="6" t="26" w="580" /></phr></stem><stem n="moduluss"><phr n="MODULUSSIZE"><ent r="6" t="26" w="582" /></phr></stem><stem n="enponents"><phr n="ENPONENTSIZE"><ent r="6" t="26" w="584" /></phr></stem><stem n="swdefin"><phr n="SWDEFINED"><ent r="6" t="26" w="586" /></phr></stem><stem n="modulu"><phr n="MODULUS"><ent r="6" t="26" w="592" /></phr></stem><stem n="expon"><phr n="EXPONENT"><ent r="6" t="26" w="594" /><ent r="6" t="28" w="110" /><ent r="4" t="31" w="31" /></phr></stem><stem n="attributemask"><phr n="ATTRIBUTEMASK"><ent r="6" t="26" w="608" /></phr></stem><stem n="enclavehash"><phr n="ENCLAVEHASH"><ent r="6" t="26" w="610" /></phr></stem><stem n="isvprodid"><phr n="ISVPRODID"><ent r="6" t="26" w="614" /></phr></stem><stem n="q1"><phr n="Q1"><ent r="6" t="26" w="622" /></phr></stem><stem n="q2"><phr n="Q2"><ent r="6" t="26" w="624" /></phr></stem><stem n="method"><phr n="methods"><ent r="3" t="27" w="17" /><ent r="7" t="39" w="396" /><ent r="3" t="75" w="494" /></phr><phr n="method"><ent r="5" t="27" w="30" /><ent r="5" t="27" w="158" /><ent r="5" t="27" w="163" /><ent r="4" t="27" w="188" /><ent r="5" t="27" w="333" /><ent r="5" t="27" w="349" /><ent r="3" t="30" w="26" /><ent r="4" t="75" w="72" /><ent r="4" t="75" w="169" /><ent r="4" t="75" w="174" /><ent r="4" t="75" w="296" /><ent r="4" t="75" w="302" /><ent r="4" t="75" w="464" /><ent r="4" t="75" w="469" /><ent r="3" t="87" w="95" /></phr></stem><stem n="life"><phr n="life"><ent r="3" t="27" w="25" /><ent r="4" t="186" w="96" /></phr></stem><stem n="singl"><phr n="Single"><ent r="5" t="27" w="28" /><ent r="5" t="27" w="44" /><ent r="5" t="27" w="156" /><ent r="3" t="30" w="253" /><ent r="3" t="62" w="92" /><ent r="3" t="69" w="193" /><ent r="4" t="75" w="66" /><ent r="4" t="75" w="167" /><ent r="4" t="75" w="294" /><ent r="54" t="133" w="446" /><ent r="67" t="142" w="410" /><ent r="3" t="185" w="131" /><ent r="4" t="187" w="230" /><ent r="1000" t="190" w="4" /><ent r="72" t="190" w="10" /><ent r="4" t="190" w="18" /><ent r="3" t="190" w="44" /><ent r="4" t="190" w="180" /><ent r="5" t="192" w="142" /><ent r="6" t="192" w="173" /><ent r="3" t="208" w="65" /><ent r="3" t="209" w="241" /><ent r="3" t="215" w="66" /><ent r="3" t="216" w="299" /></phr></stem><stem n="single-step"><phr n="Single-step"><ent r="5" t="27" w="28" /><ent r="5" t="27" w="44" /><ent r="5" t="27" w="156" /><ent r="4" t="75" w="66" /><ent r="4" t="75" w="167" /><ent r="4" t="75" w="294" /></phr></stem><stem n="pair"><phr n="pair"><ent r="5" t="27" w="56" /><ent r="5" t="27" w="127" /><ent r="3" t="97" w="407" /><ent r="3" t="101" w="82" /><ent r="65" t="146" w="131" /><ent r="4" t="221" w="47" /><ent r="1000" t="223" w="5" /><ent r="72" t="223" w="11" /><ent r="4" t="223" w="17" /><ent r="3" t="223" w="24" /><ent r="3" t="223" w="79" /><ent r="3" t="223" w="257" /><ent r="3" t="223" w="320" /><ent r="3" t="224" w="233" /><ent r="3" t="226" w="343" /><ent r="4" t="226" w="393" /><ent r="3" t="227" w="336" /><ent r="3" t="242" w="27" /><ent r="3" t="243" w="35" /></phr></stem><stem n="local"><phr n="local"><ent r="5" t="27" w="59" /><ent r="7" t="39" w="554" /><ent r="55" t="44" w="257" /><ent r="116" t="44" w="291" /><ent r="5" t="82" w="73" /><ent r="4" t="82" w="130" /><ent r="4" t="92" w="55" /><ent r="4" t="92" w="62" /><ent r="1000" t="93" w="1" /><ent r="82" t="93" w="4" /><ent r="3" t="93" w="7" /><ent r="3" t="93" w="69" /><ent r="3" t="93" w="166" /><ent r="1000" t="94" w="6" /><ent r="72" t="94" w="16" /><ent r="3" t="94" w="21" /><ent r="3" t="94" w="90" /><ent r="3" t="94" w="123" /><ent r="3" t="94" w="145" /><ent r="3" t="224" w="104" /><ent r="3" t="224" w="307" /><ent r="6" t="320" w="109" /></phr><phr n="Locale"><ent r="1000" t="138" w="1" /><ent r="72" t="138" w="4" /><ent r="3" t="138" w="11" /><ent r="3" t="138" w="72" /><ent r="3" t="138" w="86" /><ent r="4" t="145" w="115" /><ent r="6" t="316" w="228" /><ent r="6" t="317" w="114" /></phr><phr n="localization"><ent r="3" t="138" w="28" /><ent r="3" t="138" w="76" /></phr><phr n="Locales"><ent r="6" t="317" w="110" /></phr></stem><stem n="-list"><phr n="-listed"><ent r="5" t="27" w="69" /><ent r="5" t="27" w="69" /><ent r="5" t="27" w="97" /><ent r="5" t="27" w="97" /><ent r="4" t="75" w="321" /><ent r="4" t="75" w="321" /><ent r="4" t="75" w="482" /><ent r="4" t="75" w="482" /></phr><phr n="-list"><ent r="3" t="164" w="55" /><ent r="3" t="164" w="55" /><ent r="3" t="164" w="145" /><ent r="3" t="164" w="145" /><ent r="3" t="165" w="16" /><ent r="3" t="165" w="16" /><ent r="3" t="165" w="64" /><ent r="3" t="165" w="64" /><ent r="3" t="165" w="174" /><ent r="3" t="165" w="174" /><ent r="3" t="165" w="185" /><ent r="3" t="165" w="185" /></phr></stem><stem n="white"><phr n="white"><ent r="5" t="27" w="69" /><ent r="5" t="27" w="97" /><ent r="5" t="49" w="246" /><ent r="4" t="75" w="191" /><ent r="4" t="75" w="321" /><ent r="4" t="75" w="482" /><ent r="3" t="121" w="56" /><ent r="3" t="121" w="64" /><ent r="3" t="121" w="98" /><ent r="54" t="121" w="136" /><ent r="3" t="160" w="27" /><ent r="3" t="160" w="35" /><ent r="3" t="160" w="65" /><ent r="3" t="160" w="114" /><ent r="3" t="160" w="179" /><ent r="3" t="164" w="23" /><ent r="3" t="164" w="55" /><ent r="3" t="164" w="145" /><ent r="3" t="165" w="16" /><ent r="3" t="165" w="53" /><ent r="3" t="165" w="64" /><ent r="3" t="165" w="174" /><ent r="3" t="165" w="185" /></phr></stem><stem n="white-list"><phr n="white-listed"><ent r="5" t="27" w="69" /><ent r="5" t="27" w="97" /><ent r="4" t="75" w="191" /><ent r="4" t="75" w="321" /><ent r="4" t="75" w="482" /></phr><phr n="white-list"><ent r="3" t="164" w="23" /><ent r="3" t="164" w="55" /><ent r="3" t="164" w="145" /><ent r="3" t="165" w="16" /><ent r="3" t="165" w="53" /><ent r="3" t="165" w="64" /><ent r="3" t="165" w="174" /><ent r="3" t="165" w="185" /></phr></stem><stem n="prereleas"><phr n="prerelease"><ent r="6" t="27" w="115" /><ent r="6" t="27" w="182" /><ent r="4" t="75" w="194" /><ent r="106" t="75" w="201" /><ent r="4" t="75" w="305" /><ent r="4" t="75" w="414" /></phr></stem><stem n="mean"><phr n="means"><ent r="5" t="27" w="155" /><ent r="5" t="27" w="344" /><ent r="5" t="36" w="392" /><ent r="55" t="46" w="100" /><ent r="3" t="68" w="58" /><ent r="3" t="98" w="159" /><ent r="3" t="101" w="193" /><ent r="3" t="142" w="116" /><ent r="3" t="178" w="169" /><ent r="3" t="183" w="271" /><ent r="3" t="184" w="110" /><ent r="4" t="232" w="77" /><ent r="4" t="232" w="90" /><ent r="4" t="232" w="102" /><ent r="3" t="233" w="305" /></phr><phr n="mean"><ent r="3" t="53" w="56" /></phr><phr n="meaning"><ent r="3" t="66" w="22" /></phr></stem><stem n="-product"><phr n="-production"><ent r="5" t="27" w="165" /><ent r="5" t="27" w="165" /></phr></stem><stem n="non-product"><phr n="non-production"><ent r="5" t="27" w="165" /></phr></stem><stem n="profil"><phr n="profiles"><ent r="5" t="27" w="184" /><ent r="3" t="35" w="370" /></phr><phr n="profile"><ent r="5" t="27" w="342" /><ent r="3" t="35" w="53" /><ent r="3" t="35" w="70" /><ent r="3" t="35" w="84" /><ent r="3" t="35" w="108" /><ent r="3" t="35" w="277" /><ent r="3" t="35" w="427" /><ent r="7" t="35" w="546" /><ent r="7" t="35" w="650" /><ent r="4" t="82" w="97" /><ent r="6" t="313" w="223" /><ent r="6" t="314" w="79" /></phr><phr n="profiling"><ent r="3" t="35" w="118" /><ent r="7" t="35" w="459" /><ent r="7" t="35" w="482" /><ent r="7" t="35" w="499" /><ent r="7" t="35" w="523" /><ent r="7" t="35" w="567" /><ent r="7" t="35" w="584" /><ent r="7" t="35" w="626" /><ent r="7" t="35" w="674" /><ent r="6" t="313" w="194" /></phr></stem><stem n="/facil"><phr n="/facility"><ent r="7" t="27" w="251" /></phr></stem><stem n="hash"><phr n="hash"><ent r="7" t="27" w="300" /><ent r="7" t="30" w="151" /><ent r="7" t="30" w="168" /><ent r="7" t="30" w="223" /><ent r="3" t="31" w="89" /><ent r="3" t="133" w="350" /><ent r="65" t="146" w="72" /><ent r="3" t="207" w="20" /><ent r="3" t="207" w="49" /><ent r="3" t="207" w="52" /><ent r="4" t="207" w="111" /><ent r="3" t="207" w="120" /><ent r="3" t="207" w="150" /><ent r="3" t="207" w="188" /><ent r="3" t="207" w="206" /><ent r="3" t="207" w="220" /><ent r="3" t="207" w="265" /><ent r="3" t="208" w="36" /><ent r="3" t="208" w="62" /><ent r="3" t="208" w="113" /><ent r="3" t="208" w="123" /><ent r="3" t="208" w="212" /><ent r="3" t="208" w="252" /><ent r="3" t="208" w="265" /><ent r="3" t="209" w="16" /><ent r="3" t="209" w="30" /><ent r="3" t="209" w="44" /><ent r="3" t="209" w="156" /><ent r="3" t="209" w="166" /><ent r="3" t="209" w="213" /><ent r="3" t="209" w="236" /><ent r="3" t="209" w="284" /><ent r="4" t="209" w="295" /><ent r="3" t="209" w="303" /><ent r="1000" t="210" w="4" /><ent r="72" t="210" w="9" /><ent r="4" t="210" w="14" /><ent r="3" t="210" w="19" /><ent r="3" t="210" w="44" /><ent r="3" t="210" w="56" /><ent r="3" t="210" w="59" /><ent r="3" t="210" w="86" /><ent r="3" t="210" w="96" /><ent r="4" t="210" w="103" /><ent r="3" t="210" w="114" /><ent r="3" t="210" w="123" /><ent r="3" t="210" w="140" /><ent r="3" t="210" w="181" /><ent r="3" t="210" w="203" /><ent r="3" t="211" w="74" /><ent r="3" t="211" w="84" /><ent r="3" t="211" w="132" /><ent r="3" t="212" w="529" /><ent r="3" t="213" w="554" /><ent r="3" t="214" w="24" /><ent r="3" t="214" w="87" /><ent r="3" t="214" w="161" /><ent r="3" t="214" w="191" /><ent r="3" t="214" w="252" /><ent r="3" t="214" w="266" /><ent r="3" t="214" w="297" /><ent r="3" t="215" w="36" /><ent r="3" t="215" w="63" /><ent r="3" t="215" w="114" /><ent r="3" t="215" w="150" /><ent r="3" t="215" w="160" /><ent r="3" t="215" w="175" /><ent r="3" t="215" w="242" /><ent r="3" t="215" w="283" /><ent r="3" t="215" w="296" /><ent r="3" t="216" w="18" /><ent r="3" t="216" w="32" /><ent r="3" t="216" w="46" /><ent r="3" t="216" w="158" /><ent r="3" t="216" w="168" /><ent r="3" t="216" w="232" /><ent r="3" t="216" w="286" /><ent r="3" t="216" w="294" /><ent r="3" t="216" w="345" /><ent r="3" t="216" w="363" /><ent r="3" t="217" w="18" /><ent r="3" t="217" w="56" /><ent r="3" t="217" w="84" /><ent r="3" t="217" w="94" /><ent r="4" t="217" w="102" /><ent r="3" t="217" w="113" /><ent r="3" t="217" w="122" /><ent r="3" t="217" w="138" /><ent r="3" t="217" w="149" /><ent r="3" t="217" w="231" /><ent r="3" t="217" w="238" /><ent r="3" t="217" w="256" /><ent r="3" t="218" w="76" /><ent r="3" t="218" w="86" /><ent r="3" t="218" w="133" /><ent r="3" t="226" w="304" /><ent r="3" t="270" w="27" /><ent r="3" t="270" w="41" /><ent r="3" t="274" w="106" /><ent r="3" t="296" w="335" /><ent r="3" t="303" w="112" /><ent r="3" t="305" w="90" /></phr><phr n="hashed"><ent r="3" t="207" w="71" /><ent r="3" t="207" w="101" /><ent r="3" t="209" w="95" /><ent r="3" t="209" w="125" /><ent r="3" t="214" w="111" /><ent r="3" t="214" w="141" /><ent r="3" t="216" w="97" /><ent r="3" t="216" w="127" /></phr></stem><stem n="unencrypt"><phr n="unencrypted"><ent r="6" t="28" w="103" /><ent r="3" t="29" w="22" /><ent r="3" t="29" w="69" /><ent r="3" t="29" w="105" /></phr></stem><stem n="3072"><phr n="3072"><ent r="6" t="28" w="105" /><ent r="4" t="31" w="19" /><ent r="3" t="31" w="41" /></phr></stem><stem n="3072-bit"><phr n="3072-bit"><ent r="6" t="28" w="105" /><ent r="4" t="31" w="19" /></phr></stem><stem n="3"><phr n="3"><ent r="6" t="28" w="113" /><ent r="5" t="31" w="26" /><ent r="3" t="31" w="40" /><ent r="4" t="39" w="169" /><ent r="3" t="42" w="786" /><ent r="3" t="56" w="95" /><ent r="3" t="56" w="107" /><ent r="3" t="56" w="217" /><ent r="4" t="94" w="332" /><ent r="4" t="94" w="351" /><ent r="4" t="94" w="366" /><ent r="4" t="94" w="402" /><ent r="4" t="99" w="442" /><ent r="3" t="156" w="36" /><ent r="3" t="156" w="49" /><ent r="3" t="156" w="142" /><ent r="3" t="156" w="417" /><ent r="3" t="156" w="710" /><ent r="3" t="156" w="712" /><ent r="3" t="224" w="483" /><ent r="3" t="237" w="98" /><ent r="3" t="238" w="124" /><ent r="3" t="239" w="53" /><ent r="3" t="244" w="137" /><ent r="3" t="245" w="85" /><ent r="3" t="250" w="85" /><ent r="3" t="250" w="87" /><ent r="3" t="251" w="66" /><ent r="4" t="253" w="118" /><ent r="5" t="263" w="220" /><ent r="3" t="289" w="28" /><ent r="3" t="296" w="16" /><ent r="3" t="306" w="81" /><ent r="4" t="306" w="157" /></phr></stem><stem n="hex"><phr n="hex"><ent r="6" t="28" w="116" /><ent r="7" t="30" w="152" /><ent r="7" t="30" w="169" /><ent r="7" t="30" w="179" /><ent r="7" t="30" w="220" /><ent r="7" t="30" w="224" /><ent r="3" t="31" w="81" /><ent r="3" t="31" w="90" /></phr></stem><stem n="raw"><phr n="RAW"><ent r="6" t="28" w="119" /><ent r="6" t="28" w="144" /><ent r="6" t="320" w="134" /></phr></stem><stem n="rsa-pkcs1"><phr n="RSA-PKCS1"><ent r="6" t="28" w="166" /></phr></stem><stem n="pkcs1"><phr n="PKCS1"><ent r="6" t="28" w="167" /><ent r="3" t="29" w="121" /></phr></stem><stem n="-pkcs1.5"><phr n="-PKCS1.5"><ent r="6" t="28" w="168" /><ent r="6" t="28" w="168" /></phr></stem><stem n="pad"><phr n="padding"><ent r="6" t="28" w="169" /><ent r="3" t="277" w="105" /><ent r="3" t="278" w="169" /></phr></stem><stem n="scheme"><phr n="scheme"><ent r="6" t="28" w="170" /><ent r="6" t="28" w="184" /><ent r="3" t="97" w="308" /><ent r="3" t="224" w="413" /><ent r="3" t="224" w="432" /><ent r="3" t="226" w="357" /><ent r="3" t="226" w="368" /><ent r="3" t="226" w="375" /><ent r="3" t="227" w="355" /><ent r="3" t="227" w="366" /><ent r="3" t="227" w="373" /></phr><phr n="schemes"><ent r="3" t="221" w="365" /><ent r="3" t="221" w="446" /></phr></stem><stem n="v1"><phr n="v1"><ent r="6" t="28" w="178" /><ent r="3" t="97" w="365" /></phr></stem><stem n=".5"><phr n=".5"><ent r="6" t="28" w="179" /></phr></stem><stem n="-256"><phr n="-256"><ent r="6" t="28" w="187" /><ent r="6" t="28" w="187" /><ent r="3" t="237" w="80" /><ent r="3" t="237" w="80" /><ent r="3" t="238" w="106" /><ent r="3" t="238" w="106" /><ent r="3" t="294" w="77" /><ent r="3" t="294" w="77" /><ent r="3" t="295" w="109" /><ent r="3" t="295" w="109" /><ent r="3" t="302" w="71" /><ent r="3" t="302" w="71" /><ent r="3" t="303" w="78" /><ent r="3" t="303" w="78" /></phr></stem><stem n="sha"><phr n="SHA"><ent r="6" t="28" w="187" /><ent r="3" t="207" w="219" /><ent r="3" t="208" w="18" /><ent r="3" t="208" w="35" /><ent r="3" t="208" w="78" /><ent r="3" t="208" w="83" /><ent r="4" t="208" w="91" /><ent r="4" t="208" w="154" /><ent r="3" t="209" w="36" /><ent r="3" t="209" w="71" /><ent r="3" t="209" w="75" /><ent r="4" t="209" w="134" /><ent r="3" t="210" w="47" /><ent r="3" t="210" w="51" /><ent r="4" t="210" w="64" /><ent r="3" t="211" w="41" /><ent r="3" t="211" w="45" /><ent r="4" t="211" w="52" /></phr></stem><stem n="sha-256"><phr n="SHA-256"><ent r="6" t="28" w="187" /></phr></stem><stem n="digest"><phr n="digest"><ent r="6" t="28" w="190" /><ent r="3" t="226" w="290" /><ent r="3" t="226" w="326" /></phr></stem><stem n="accept"><phr n="accepts"><ent r="3" t="29" w="14" /><ent r="3" t="66" w="13" /><ent r="3" t="156" w="47" /><ent r="3" t="239" w="44" /></phr><phr n="accepted"><ent r="3" t="29" w="83" /><ent r="3" t="62" w="204" /><ent r="4" t="64" w="171" /><ent r="3" t="71" w="97" /></phr><phr n="acceptable"><ent r="3" t="64" w="223" /></phr></stem><stem n="alreadi"><phr n="already"><ent r="3" t="29" w="40" /><ent r="3" t="29" w="135" /><ent r="5" t="35" w="303" /><ent r="3" t="53" w="130" /><ent r="3" t="90" w="66" /><ent r="4" t="99" w="300" /><ent r="3" t="133" w="177" /><ent r="3" t="142" w="104" /><ent r="3" t="150" w="98" /><ent r="3" t="161" w="87" /><ent r="3" t="162" w="94" /><ent r="3" t="162" w="304" /><ent r="3" t="178" w="159" /><ent r="3" t="183" w="276" /></phr></stem><stem n="-exist"><phr n="-existing"><ent r="3" t="29" w="57" /><ent r="3" t="29" w="57" /></phr><phr n="-existent"><ent r="4" t="42" w="548" /><ent r="4" t="42" w="548" /><ent r="4" t="42" w="566" /><ent r="4" t="42" w="566" /></phr></stem><stem n="pre"><phr n="pre"><ent r="3" t="29" w="57" /><ent r="3" t="35" w="184" /><ent r="4" t="35" w="206" /><ent r="5" t="35" w="242" /><ent r="3" t="101" w="41" /><ent r="3" t="101" w="152" /><ent r="3" t="101" w="356" /><ent r="3" t="149" w="304" /></phr></stem><stem n="pre-exist"><phr n="pre-existing"><ent r="3" t="29" w="57" /></phr></stem><stem n="convert"><phr n="convert"><ent r="3" t="29" w="76" /><ent r="3" t="83" w="52" /></phr><phr n="converts"><ent r="3" t="29" w="94" /></phr></stem><stem n="instanc"><phr n="instance"><ent r="3" t="29" w="90" /><ent r="5" t="30" w="130" /><ent r="4" t="42" w="451" /><ent r="55" t="44" w="251" /><ent r="3" t="59" w="33" /><ent r="3" t="83" w="22" /><ent r="3" t="86" w="44" /><ent r="3" t="87" w="128" /><ent r="3" t="88" w="66" /><ent r="3" t="91" w="65" /><ent r="3" t="91" w="92" /><ent r="3" t="91" w="105" /><ent r="3" t="123" w="142" /><ent r="3" t="149" w="1311" /><ent r="3" t="241" w="114" /><ent r="3" t="242" w="119" /><ent r="3" t="244" w="241" /><ent r="3" t="244" w="388" /><ent r="3" t="245" w="185" /><ent r="3" t="257" w="173" /></phr></stem></index>