<?xml version="1.0" encoding="utf-8"?><index><stem n="doe"><phr n="does"><ent r="6" t="1" w="260" /><ent r="3" t="14" w="357" /><ent r="3" t="15" w="87" /><ent r="3" t="15" w="183" /><ent r="3" t="33" w="47" /><ent r="3" t="34" w="353" /><ent r="3" t="58" w="325" /><ent r="4" t="58" w="547" /><ent r="3" t="58" w="931" /><ent r="3" t="61" w="68" /><ent r="3" t="64" w="619" /><ent r="3" t="68" w="132" /><ent r="3" t="70" w="88" /><ent r="4" t="75" w="186" /><ent r="4" t="75" w="316" /><ent r="4" t="94" w="176" /><ent r="4" t="94" w="196" /><ent r="4" t="94" w="316" /><ent r="3" t="95" w="72" /><ent r="3" t="95" w="82" /><ent r="4" t="99" w="52" /><ent r="3" t="102" w="140" /><ent r="4" t="108" w="87" /><ent r="3" t="112" w="317" /><ent r="3" t="127" w="223" /><ent r="54" t="145" w="61" /><ent r="3" t="149" w="1191" /><ent r="3" t="149" w="1201" /><ent r="3" t="152" w="270" /><ent r="3" t="156" w="138" /><ent r="3" t="156" w="679" /><ent r="4" t="157" w="148" /><ent r="4" t="157" w="157" /><ent r="3" t="161" w="118" /><ent r="3" t="162" w="125" /><ent r="3" t="162" w="212" /><ent r="3" t="162" w="226" /><ent r="3" t="163" w="155" /><ent r="3" t="166" w="147" /><ent r="3" t="167" w="147" /><ent r="3" t="169" w="315" /><ent r="3" t="172" w="50" /><ent r="3" t="173" w="72" /><ent r="4" t="186" w="91" /><ent r="3" t="190" w="112" /><ent r="3" t="191" w="214" /><ent r="3" t="208" w="218" /><ent r="3" t="213" w="469" /><ent r="3" t="215" w="248" /><ent r="3" t="221" w="265" /><ent r="3" t="228" w="171" /><ent r="3" t="231" w="70" /><ent r="3" t="231" w="332" /><ent r="3" t="234" w="116" /><ent r="3" t="234" w="313" /><ent r="3" t="235" w="131" /><ent r="3" t="235" w="148" /><ent r="3" t="235" w="328" /><ent r="3" t="236" w="117" /><ent r="3" t="236" w="298" /><ent r="3" t="244" w="522" /><ent r="4" t="263" w="86" /><ent r="3" t="292" w="217" /><ent r="3" t="309" w="106" /><ent r="6" t="310" w="732" /><ent r="6" t="310" w="751" /><ent r="6" t="310" w="800" /><ent r="6" t="310" w="818" /><ent r="6" t="312" w="291" /><ent r="6" t="313" w="55" /><ent r="6" t="313" w="93" /><ent r="3" t="316" w="472" /><ent r="4" t="316" w="671" /><ent r="3" t="317" w="32" /></phr></stem><stem n="guarante"><phr n="guarantee"><ent r="6" t="1" w="262" /><ent r="3" t="257" w="135" /><ent r="3" t="259" w="57" /></phr><phr n="guarantees"><ent r="4" t="316" w="689" /></phr></stem><stem n="function"><phr n="functionality"><ent r="6" t="1" w="265" /><ent r="3" t="6" w="110" /><ent r="3" t="14" w="452" /><ent r="3" t="22" w="78" /><ent r="3" t="48" w="46" /><ent r="6" t="49" w="49" /><ent r="5" t="49" w="238" /><ent r="5" t="49" w="258" /><ent r="3" t="62" w="42" /><ent r="3" t="99" w="19" /><ent r="3" t="104" w="109" /><ent r="3" t="109" w="48" /><ent r="3" t="130" w="45" /><ent r="3" t="138" w="73" /><ent r="3" t="146" w="48" /><ent r="3" t="146" w="157" /></phr><phr n="function"><ent r="6" t="5" w="117" /><ent r="6" t="5" w="132" /><ent r="6" t="5" w="144" /><ent r="6" t="7" w="72" /><ent r="6" t="7" w="134" /><ent r="6" t="7" w="140" /><ent r="4" t="24" w="112" /><ent r="4" t="24" w="140" /><ent r="3" t="35" w="172" /><ent r="3" t="39" w="22" /><ent r="3" t="39" w="29" /><ent r="4" t="39" w="183" /><ent r="4" t="39" w="193" /><ent r="4" t="39" w="201" /><ent r="3" t="40" w="137" /><ent r="3" t="40" w="145" /><ent r="3" t="40" w="152" /><ent r="3" t="40" w="175" /><ent r="3" t="40" w="197" /><ent r="3" t="40" w="214" /><ent r="3" t="40" w="294" /><ent r="3" t="40" w="302" /><ent r="3" t="41" w="29" /><ent r="3" t="42" w="35" /><ent r="3" t="42" w="82" /><ent r="4" t="42" w="144" /><ent r="4" t="42" w="630" /><ent r="4" t="42" w="663" /><ent r="3" t="42" w="688" /><ent r="3" t="42" w="734" /><ent r="3" t="42" w="746" /><ent r="3" t="42" w="751" /><ent r="3" t="42" w="792" /><ent r="3" t="42" w="804" /><ent r="3" t="42" w="811" /><ent r="3" t="42" w="823" /><ent r="4" t="43" w="175" /><ent r="3" t="44" w="104" /><ent r="3" t="44" w="119" /><ent r="3" t="44" w="155" /><ent r="4" t="44" w="247" /><ent r="4" t="44" w="313" /><ent r="3" t="51" w="31" /><ent r="3" t="51" w="85" /><ent r="3" t="51" w="113" /><ent r="3" t="51" w="141" /><ent r="3" t="51" w="307" /><ent r="3" t="51" w="364" /><ent r="3" t="51" w="390" /><ent r="6" t="54" w="139" /><ent r="4" t="57" w="53" /><ent r="4" t="57" w="66" /><ent r="4" t="57" w="75" /><ent r="4" t="58" w="102" /><ent r="4" t="58" w="119" /><ent r="3" t="58" w="445" /><ent r="3" t="58" w="449" /><ent r="3" t="58" w="497" /><ent r="3" t="58" w="502" /><ent r="4" t="58" w="560" /><ent r="3" t="58" w="706" /><ent r="3" t="58" w="710" /><ent r="3" t="58" w="758" /><ent r="3" t="58" w="763" /><ent r="3" t="58" w="814" /><ent r="3" t="58" w="827" /><ent r="3" t="58" w="843" /><ent r="3" t="59" w="305" /><ent r="4" t="59" w="339" /><ent r="4" t="59" w="367" /><ent r="4" t="59" w="387" /><ent r="4" t="59" w="449" /><ent r="4" t="59" w="500" /><ent r="4" t="59" w="525" /><ent r="4" t="59" w="583" /><ent r="4" t="59" w="640" /><ent r="4" t="59" w="701" /><ent r="4" t="59" w="741" /><ent r="4" t="59" w="766" /><ent r="3" t="59" w="821" /><ent r="3" t="59" w="831" /><ent r="6" t="59" w="919" /><ent r="6" t="59" w="955" /><ent r="3" t="61" w="113" /><ent r="3" t="62" w="19" /><ent r="3" t="62" w="306" /><ent r="3" t="62" w="344" /><ent r="4" t="62" w="355" /><ent r="4" t="62" w="373" /><ent r="3" t="62" w="488" /><ent r="3" t="63" w="93" /><ent r="3" t="63" w="137" /><ent r="3" t="64" w="431" /><ent r="3" t="64" w="466" /><ent r="3" t="64" w="498" /><ent r="3" t="64" w="645" /><ent r="3" t="67" w="48" /><ent r="1000" t="69" w="1" /><ent r="82" t="69" w="7" /><ent r="3" t="69" w="204" /><ent r="3" t="70" w="99" /><ent r="3" t="70" w="113" /><ent r="3" t="71" w="135" /><ent r="3" t="71" w="144" /><ent r="3" t="72" w="55" /><ent r="3" t="72" w="61" /><ent r="4" t="75" w="166" /><ent r="3" t="80" w="117" /><ent r="3" t="83" w="43" /><ent r="6" t="85" w="160" /><ent r="3" t="93" w="180" /><ent r="3" t="96" w="75" /><ent r="3" t="96" w="82" /><ent r="3" t="96" w="182" /><ent r="3" t="96" w="201" /><ent r="3" t="96" w="206" /><ent r="1000" t="100" w="8" /><ent r="72" t="100" w="17" /><ent r="3" t="100" w="92" /><ent r="4" t="104" w="159" /><ent r="4" t="107" w="57" /><ent r="4" t="109" w="82" /><ent r="3" t="113" w="132" /><ent r="1000" t="114" w="9" /><ent r="65" t="114" w="49" /><ent r="3" t="117" w="9" /><ent r="3" t="117" w="31" /><ent r="1000" t="120" w="4" /><ent r="82" t="120" w="9" /><ent r="3" t="120" w="12" /><ent r="3" t="121" w="25" /><ent r="3" t="121" w="50" /><ent r="3" t="122" w="20" /><ent r="3" t="125" w="101" /><ent r="3" t="126" w="102" /><ent r="65" t="130" w="71" /><ent r="3" t="133" w="351" /><ent r="54" t="133" w="450" /><ent r="3" t="139" w="35" /><ent r="3" t="139" w="61" /><ent r="1000" t="141" w="2" /><ent r="72" t="141" w="5" /><ent r="3" t="141" w="11" /><ent r="3" t="141" w="27" /><ent r="3" t="142" w="215" /><ent r="6" t="142" w="219" /><ent r="6" t="142" w="223" /><ent r="1000" t="148" w="1" /><ent r="92" t="148" w="4" /><ent r="4" t="148" w="26" /><ent r="3" t="149" w="46" /><ent r="3" t="149" w="369" /><ent r="3" t="149" w="439" /><ent r="3" t="149" w="1050" /><ent r="3" t="149" w="1108" /><ent r="3" t="149" w="1139" /><ent r="3" t="149" w="1302" /><ent r="3" t="150" w="15" /><ent r="3" t="150" w="110" /><ent r="3" t="150" w="128" /><ent r="3" t="150" w="152" /><ent r="3" t="150" w="177" /><ent r="3" t="151" w="134" /><ent r="3" t="155" w="52" /><ent r="3" t="155" w="76" /><ent r="3" t="155" w="140" /><ent r="3" t="155" w="166" /><ent r="3" t="156" w="76" /><ent r="3" t="156" w="90" /><ent r="3" t="156" w="247" /><ent r="3" t="156" w="314" /><ent r="3" t="156" w="678" /><ent r="3" t="158" w="14" /><ent r="3" t="163" w="114" /><ent r="3" t="166" w="18" /><ent r="3" t="166" w="157" /><ent r="3" t="166" w="167" /><ent r="3" t="167" w="18" /><ent r="3" t="168" w="15" /><ent r="3" t="168" w="151" /><ent r="3" t="168" w="190" /><ent r="3" t="168" w="201" /><ent r="3" t="169" w="293" /><ent r="3" t="170" w="60" /><ent r="3" t="172" w="49" /><ent r="4" t="173" w="38" /><ent r="3" t="173" w="71" /><ent r="3" t="174" w="15" /><ent r="3" t="174" w="59" /><ent r="3" t="175" w="15" /><ent r="3" t="175" w="59" /><ent r="3" t="175" w="88" /><ent r="3" t="176" w="18" /><ent r="3" t="176" w="174" /><ent r="3" t="177" w="18" /><ent r="3" t="178" w="18" /><ent r="3" t="179" w="18" /><ent r="3" t="180" w="18" /><ent r="3" t="181" w="18" /><ent r="3" t="181" w="159" /><ent r="3" t="182" w="18" /><ent r="3" t="183" w="18" /><ent r="3" t="183" w="200" /><ent r="3" t="183" w="346" /><ent r="3" t="183" w="398" /><ent r="3" t="184" w="18" /><ent r="3" t="185" w="18" /><ent r="3" t="186" w="15" /><ent r="3" t="186" w="64" /><ent r="3" t="187" w="15" /><ent r="3" t="188" w="15" /><ent r="3" t="189" w="26" /><ent r="3" t="189" w="110" /><ent r="3" t="190" w="21" /><ent r="3" t="190" w="111" /><ent r="3" t="190" w="170" /><ent r="3" t="191" w="21" /><ent r="3" t="191" w="149" /><ent r="3" t="191" w="172" /><ent r="3" t="191" w="213" /><ent r="3" t="191" w="239" /><ent r="3" t="191" w="271" /><ent r="3" t="192" w="15" /><ent r="3" t="192" w="73" /><ent r="3" t="192" w="104" /><ent r="3" t="193" w="12" /><ent r="3" t="193" w="19" /><ent r="4" t="193" w="43" /><ent r="3" t="193" w="137" /><ent r="3" t="193" w="144" /><ent r="3" t="193" w="148" /><ent r="5" t="193" w="300" /><ent r="5" t="193" w="307" /><ent r="3" t="194" w="12" /><ent r="3" t="194" w="22" /><ent r="4" t="194" w="46" /><ent r="3" t="194" w="155" /><ent r="3" t="194" w="164" /><ent r="3" t="194" w="168" /><ent r="5" t="194" w="316" /><ent r="5" t="194" w="323" /><ent r="3" t="195" w="15" /><ent r="3" t="195" w="27" /><ent r="3" t="195" w="126" /><ent r="3" t="195" w="349" /><ent r="3" t="195" w="371" /><ent r="3" t="196" w="15" /><ent r="3" t="196" w="37" /><ent r="4" t="196" w="134" /><ent r="3" t="196" w="355" /><ent r="3" t="196" w="415" /><ent r="3" t="197" w="15" /><ent r="3" t="197" w="33" /><ent r="3" t="197" w="147" /><ent r="3" t="197" w="167" /><ent r="3" t="198" w="21" /><ent r="3" t="198" w="25" /><ent r="3" t="198" w="142" /><ent r="3" t="198" w="169" /><ent r="3" t="198" w="197" /><ent r="3" t="199" w="24" /><ent r="3" t="199" w="28" /><ent r="3" t="199" w="60" /><ent r="3" t="199" w="105" /><ent r="3" t="199" w="112" /><ent r="3" t="199" w="129" /><ent r="3" t="199" w="157" /><ent r="3" t="199" w="180" /><ent r="3" t="200" w="21" /><ent r="3" t="200" w="25" /><ent r="3" t="200" w="54" /><ent r="3" t="200" w="101" /><ent r="3" t="200" w="108" /><ent r="3" t="200" w="148" /><ent r="3" t="200" w="166" /><ent r="3" t="201" w="10" /><ent r="3" t="201" w="279" /><ent r="4" t="201" w="325" /><ent r="4" t="201" w="449" /><ent r="3" t="201" w="518" /><ent r="3" t="201" w="537" /><ent r="3" t="202" w="12" /><ent r="3" t="202" w="70" /><ent r="3" t="202" w="166" /><ent r="3" t="202" w="252" /><ent r="3" t="202" w="278" /><ent r="3" t="202" w="450" /><ent r="3" t="202" w="479" /><ent r="4" t="202" w="497" /><ent r="4" t="202" w="620" /><ent r="3" t="202" w="764" /><ent r="3" t="203" w="10" /><ent r="3" t="203" w="52" /><ent r="3" t="203" w="171" /><ent r="3" t="203" w="227" /><ent r="3" t="203" w="249" /><ent r="3" t="203" w="354" /><ent r="3" t="203" w="634" /><ent r="3" t="203" w="650" /><ent r="3" t="204" w="10" /><ent r="3" t="204" w="143" /><ent r="4" t="204" w="194" /><ent r="4" t="204" w="295" /><ent r="3" t="204" w="364" /><ent r="3" t="204" w="388" /><ent r="3" t="205" w="12" /><ent r="3" t="205" w="31" /><ent r="3" t="205" w="115" /><ent r="3" t="205" w="195" /><ent r="3" t="205" w="226" /><ent r="3" t="205" w="315" /><ent r="3" t="205" w="344" /><ent r="4" t="205" w="363" /><ent r="4" t="205" w="464" /><ent r="3" t="205" w="609" /><ent r="3" t="206" w="11" /><ent r="3" t="206" w="28" /><ent r="3" t="206" w="127" /><ent r="3" t="206" w="392" /><ent r="3" t="206" w="401" /><ent r="3" t="206" w="440" /><ent r="3" t="207" w="15" /><ent r="3" t="207" w="151" /><ent r="3" t="207" w="201" /><ent r="3" t="207" w="238" /><ent r="3" t="208" w="228" /><ent r="3" t="209" w="23" /><ent r="3" t="209" w="220" /><ent r="3" t="209" w="244" /><ent r="3" t="209" w="258" /><ent r="3" t="209" w="267" /><ent r="3" t="209" w="290" /><ent r="3" t="209" w="313" /><ent r="3" t="210" w="178" /><ent r="3" t="210" w="199" /><ent r="3" t="210" w="210" /><ent r="3" t="211" w="24" /><ent r="3" t="211" w="140" /><ent r="3" t="212" w="530" /><ent r="3" t="213" w="555" /><ent r="3" t="214" w="18" /><ent r="3" t="214" w="192" /><ent r="3" t="214" w="247" /><ent r="3" t="214" w="271" /><ent r="3" t="215" w="258" /><ent r="3" t="216" w="25" /><ent r="3" t="216" w="275" /><ent r="3" t="216" w="302" /><ent r="3" t="216" w="317" /><ent r="3" t="216" w="328" /><ent r="3" t="216" w="351" /><ent r="3" t="216" w="373" /><ent r="3" t="217" w="228" /><ent r="3" t="217" w="252" /><ent r="3" t="218" w="26" /><ent r="3" t="218" w="141" /><ent r="3" t="219" w="268" /><ent r="3" t="220" w="268" /><ent r="3" t="221" w="275" /><ent r="3" t="221" w="302" /><ent r="3" t="222" w="30" /><ent r="3" t="223" w="315" /><ent r="3" t="223" w="337" /><ent r="3" t="223" w="453" /><ent r="3" t="224" w="45" /><ent r="3" t="224" w="149" /><ent r="3" t="224" w="294" /><ent r="3" t="224" w="330" /><ent r="3" t="224" w="333" /><ent r="3" t="224" w="668" /><ent r="3" t="226" w="113" /><ent r="3" t="226" w="134" /><ent r="3" t="226" w="272" /><ent r="3" t="226" w="305" /><ent r="3" t="226" w="353" /><ent r="3" t="226" w="387" /><ent r="3" t="226" w="405" /><ent r="3" t="227" w="171" /><ent r="3" t="227" w="311" /><ent r="3" t="227" w="348" /><ent r="3" t="227" w="416" /><ent r="3" t="228" w="170" /><ent r="3" t="237" w="15" /><ent r="3" t="237" w="259" /><ent r="3" t="238" w="17" /><ent r="3" t="238" w="40" /><ent r="3" t="238" w="186" /><ent r="3" t="238" w="339" /><ent r="3" t="239" w="18" /><ent r="3" t="239" w="35" /><ent r="3" t="239" w="197" /><ent r="3" t="239" w="371" /><ent r="3" t="239" w="381" /><ent r="3" t="240" w="16" /><ent r="3" t="244" w="145" /><ent r="3" t="244" w="521" /><ent r="3" t="245" w="416" /><ent r="3" t="254" w="12" /><ent r="3" t="268" w="33" /><ent r="3" t="269" w="47" /><ent r="3" t="269" w="436" /><ent r="3" t="272" w="44" /><ent r="3" t="274" w="22" /><ent r="3" t="274" w="147" /><ent r="3" t="275" w="149" /><ent r="3" t="276" w="31" /><ent r="3" t="276" w="44" /><ent r="3" t="292" w="22" /><ent r="3" t="292" w="52" /><ent r="3" t="292" w="145" /><ent r="3" t="292" w="216" /><ent r="3" t="292" w="264" /><ent r="3" t="295" w="145" /><ent r="3" t="295" w="187" /><ent r="3" t="295" w="391" /><ent r="3" t="296" w="226" /><ent r="3" t="296" w="506" /><ent r="3" t="297" w="14" /><ent r="3" t="297" w="18" /><ent r="3" t="297" w="72" /><ent r="3" t="298" w="14" /><ent r="3" t="298" w="18" /><ent r="3" t="299" w="14" /><ent r="3" t="299" w="18" /><ent r="6" t="310" w="153" /><ent r="6" t="310" w="158" /><ent r="6" t="310" w="799" /><ent r="6" t="313" w="81" /><ent r="3" t="316" w="510" /><ent r="4" t="316" w="626" /><ent r="4" t="316" w="635" /><ent r="3" t="319" w="54" /><ent r="6" t="320" w="61" /><ent r="6" t="320" w="68" /><ent r="6" t="320" w="212" /></phr><phr n="functions"><ent r="6" t="5" w="151" /><ent r="3" t="6" w="148" /><ent r="3" t="17" w="43" /><ent r="3" t="17" w="420" /><ent r="3" t="17" w="425" /><ent r="4" t="18" w="70" /><ent r="4" t="18" w="90" /><ent r="4" t="18" w="113" /><ent r="4" t="18" w="146" /><ent r="3" t="36" w="58" /><ent r="65" t="38" w="22" /><ent r="65" t="38" w="25" /><ent r="65" t="38" w="31" /><ent r="4" t="38" w="115" /><ent r="4" t="38" w="137" /><ent r="1000" t="39" w="3" /><ent r="92" t="39" w="7" /><ent r="3" t="39" w="31" /><ent r="3" t="39" w="36" /><ent r="3" t="39" w="46" /><ent r="3" t="39" w="60" /><ent r="3" t="39" w="123" /><ent r="4" t="39" w="126" /><ent r="4" t="39" w="161" /><ent r="3" t="39" w="240" /><ent r="64" t="39" w="260" /><ent r="7" t="39" w="291" /><ent r="7" t="39" w="406" /><ent r="7" t="39" w="409" /><ent r="7" t="39" w="423" /><ent r="7" t="39" w="444" /><ent r="7" t="39" w="447" /><ent r="7" t="39" w="456" /><ent r="7" t="39" w="467" /><ent r="7" t="39" w="482" /><ent r="7" t="39" w="499" /><ent r="7" t="39" w="626" /><ent r="1000" t="40" w="2" /><ent r="92" t="40" w="8" /><ent r="3" t="40" w="190" /><ent r="3" t="40" w="254" /><ent r="3" t="41" w="15" /><ent r="1000" t="42" w="2" /><ent r="92" t="42" w="8" /><ent r="3" t="42" w="25" /><ent r="3" t="42" w="43" /><ent r="3" t="42" w="100" /><ent r="3" t="42" w="110" /><ent r="4" t="42" w="130" /><ent r="4" t="42" w="276" /><ent r="4" t="42" w="373" /><ent r="65" t="42" w="405" /><ent r="4" t="42" w="414" /><ent r="4" t="42" w="434" /><ent r="3" t="42" w="590" /><ent r="4" t="42" w="598" /><ent r="4" t="42" w="602" /><ent r="4" t="42" w="605" /><ent r="4" t="43" w="161" /><ent r="4" t="43" w="277" /><ent r="5" t="43" w="394" /><ent r="5" t="43" w="409" /><ent r="66" t="43" w="467" /><ent r="4" t="43" w="490" /><ent r="4" t="43" w="497" /><ent r="5" t="43" w="521" /><ent r="6" t="43" w="549" /><ent r="5" t="43" w="593" /><ent r="3" t="44" w="79" /><ent r="3" t="44" w="94" /><ent r="3" t="44" w="113" /><ent r="3" t="44" w="173" /><ent r="3" t="51" w="25" /><ent r="3" t="51" w="45" /><ent r="3" t="51" w="196" /><ent r="3" t="51" w="219" /><ent r="3" t="51" w="278" /><ent r="3" t="51" w="337" /><ent r="3" t="53" w="43" /><ent r="3" t="53" w="46" /><ent r="3" t="53" w="223" /><ent r="3" t="53" w="235" /><ent r="3" t="58" w="309" /><ent r="3" t="58" w="866" /><ent r="3" t="69" w="14" /><ent r="3" t="69" w="84" /><ent r="3" t="69" w="214" /><ent r="3" t="69" w="223" /><ent r="82" t="71" w="17" /><ent r="3" t="71" w="25" /><ent r="3" t="71" w="41" /><ent r="3" t="71" w="117" /><ent r="3" t="71" w="128" /><ent r="3" t="71" w="231" /><ent r="1000" t="72" w="3" /><ent r="1000" t="72" w="7" /><ent r="82" t="72" w="11" /><ent r="82" t="72" w="15" /><ent r="3" t="72" w="24" /><ent r="3" t="72" w="43" /><ent r="3" t="73" w="12" /><ent r="3" t="73" w="106" /><ent r="64" t="80" w="141" /><ent r="1000" t="85" w="3" /><ent r="82" t="85" w="7" /><ent r="3" t="85" w="100" /><ent r="3" t="93" w="42" /><ent r="3" t="101" w="197" /><ent r="4" t="106" w="91" /><ent r="4" t="107" w="162" /><ent r="4" t="111" w="97" /><ent r="4" t="112" w="253" /><ent r="102" t="114" w="15" /><ent r="3" t="114" w="30" /><ent r="65" t="114" w="44" /><ent r="1000" t="115" w="3" /><ent r="92" t="115" w="7" /><ent r="3" t="115" w="12" /><ent r="3" t="116" w="12" /><ent r="1000" t="118" w="2" /><ent r="82" t="118" w="5" /><ent r="3" t="118" w="8" /><ent r="1000" t="119" w="4" /><ent r="82" t="119" w="9" /><ent r="3" t="119" w="12" /><ent r="3" t="119" w="33" /><ent r="1000" t="121" w="8" /><ent r="82" t="121" w="17" /><ent r="1000" t="122" w="6" /><ent r="82" t="122" w="13" /><ent r="3" t="123" w="46" /><ent r="3" t="124" w="40" /><ent r="65" t="124" w="54" /><ent r="65" t="124" w="67" /><ent r="1000" t="125" w="4" /><ent r="72" t="125" w="12" /><ent r="3" t="125" w="20" /><ent r="3" t="125" w="68" /><ent r="3" t="125" w="76" /><ent r="3" t="126" w="24" /><ent r="3" t="127" w="49" /><ent r="3" t="127" w="87" /><ent r="3" t="127" w="99" /><ent r="1000" t="129" w="2" /><ent r="82" t="129" w="5" /><ent r="3" t="129" w="53" /><ent r="4" t="129" w="63" /><ent r="4" t="129" w="80" /><ent r="65" t="130" w="56" /><ent r="65" t="130" w="66" /><ent r="65" t="130" w="78" /><ent r="1000" t="131" w="5" /><ent r="72" t="131" w="14" /><ent r="3" t="131" w="23" /><ent r="3" t="131" w="38" /><ent r="1000" t="132" w="6" /><ent r="72" t="132" w="16" /><ent r="3" t="132" w="27" /><ent r="1000" t="135" w="4" /><ent r="82" t="135" w="9" /><ent r="3" t="135" w="20" /><ent r="1000" t="136" w="4" /><ent r="82" t="136" w="11" /><ent r="3" t="136" w="14" /><ent r="3" t="137" w="65" /><ent r="3" t="137" w="73" /><ent r="115" t="137" w="162" /><ent r="1000" t="138" w="2" /><ent r="72" t="138" w="5" /><ent r="3" t="138" w="12" /><ent r="3" t="138" w="23" /><ent r="3" t="138" w="83" /><ent r="1000" t="139" w="4" /><ent r="72" t="139" w="9" /><ent r="3" t="139" w="13" /><ent r="1000" t="140" w="2" /><ent r="72" t="140" w="5" /><ent r="3" t="140" w="8" /><ent r="3" t="142" w="134" /><ent r="3" t="142" w="159" /><ent r="64" t="142" w="184" /><ent r="3" t="143" w="20" /><ent r="3" t="145" w="77" /><ent r="4" t="145" w="104" /><ent r="4" t="145" w="112" /><ent r="4" t="145" w="120" /><ent r="3" t="145" w="128" /><ent r="3" t="146" w="28" /><ent r="1000" t="147" w="4" /><ent r="82" t="147" w="9" /><ent r="3" t="147" w="12" /><ent r="3" t="147" w="34" /><ent r="3" t="148" w="11" /><ent r="3" t="168" w="163" /><ent r="3" t="168" w="170" /><ent r="3" t="169" w="177" /><ent r="3" t="170" w="106" /><ent r="3" t="203" w="698" /><ent r="3" t="221" w="147" /><ent r="3" t="222" w="98" /><ent r="3" t="223" w="216" /><ent r="3" t="224" w="192" /><ent r="3" t="225" w="138" /><ent r="3" t="226" w="168" /><ent r="3" t="227" w="198" /><ent r="3" t="248" w="30" /><ent r="65" t="311" w="39" /><ent r="65" t="311" w="46" /><ent r="6" t="313" w="144" /><ent r="6" t="313" w="198" /><ent r="4" t="315" w="107" /><ent r="4" t="315" w="481" /><ent r="1000" t="316" w="4" /><ent r="92" t="316" w="11" /><ent r="3" t="316" w="20" /><ent r="3" t="316" w="33" /><ent r="6" t="316" w="49" /><ent r="4" t="316" w="566" /><ent r="1000" t="317" w="6" /><ent r="92" t="317" w="15" /><ent r="3" t="317" w="25" /><ent r="3" t="317" w="37" /><ent r="64" t="317" w="43" /><ent r="3" t="317" w="54" /><ent r="6" t="320" w="74" /></phr><phr n="functional"><ent r="3" t="74" w="310" /><ent r="3" t="85" w="29" /><ent r="3" t="85" w="43" /><ent r="3" t="104" w="69" /></phr><phr n="Functionalities"><ent r="6" t="85" w="188" /></phr></stem><stem n="effect"><phr n="effectiveness"><ent r="6" t="1" w="267" /></phr><phr n="effect"><ent r="3" t="17" w="381" /></phr><phr n="effectively"><ent r="3" t="169" w="201" /></phr><phr n="effective"><ent r="6" t="313" w="68" /></phr></stem><stem n="manufactur"><phr n="manufactured"><ent r="6" t="1" w="274" /></phr></stem><stem n="-depend"><phr n="-dependent"><ent r="6" t="1" w="277" /><ent r="6" t="1" w="277" /></phr><phr n="-dependency"><ent r="6" t="320" w="209" /><ent r="6" t="320" w="209" /></phr></stem><stem n="microprocessor-depend"><phr n="Microprocessor-dependent"><ent r="6" t="1" w="277" /></phr></stem><stem n="intend"><phr n="intended"><ent r="6" t="1" w="284" /><ent r="6" t="313" w="97" /></phr><phr n="intend"><ent r="3" t="142" w="54" /></phr></stem><stem n="certain"><phr n="Certain"><ent r="6" t="1" w="290" /><ent r="4" t="42" w="299" /><ent r="3" t="59" w="10" /><ent r="3" t="93" w="41" /><ent r="3" t="101" w="119" /><ent r="3" t="109" w="36" /><ent r="3" t="149" w="413" /><ent r="3" t="177" w="125" /></phr></stem><stem n="microarchitectur"><phr n="microarchitecture"><ent r="6" t="1" w="296" /></phr></stem><stem n="reserv"><phr n="reserved"><ent r="6" t="1" w="298" /><ent r="6" t="26" w="588" /><ent r="6" t="26" w="604" /><ent r="6" t="26" w="612" /><ent r="6" t="26" w="620" /><ent r="3" t="54" w="13" /><ent r="3" t="54" w="25" /><ent r="3" t="176" w="69" /><ent r="3" t="181" w="66" /><ent r="3" t="195" w="224" /><ent r="3" t="196" w="324" /><ent r="3" t="202" w="275" /><ent r="3" t="202" w="756" /><ent r="3" t="205" w="223" /><ent r="3" t="205" w="600" /><ent r="3" t="250" w="106" /><ent r="3" t="262" w="27" /><ent r="4" t="263" w="38" /><ent r="5" t="263" w="203" /><ent r="5" t="263" w="212" /><ent r="5" t="263" w="216" /><ent r="3" t="269" w="331" /><ent r="3" t="269" w="433" /><ent r="3" t="269" w="441" /><ent r="3" t="274" w="123" /><ent r="3" t="274" w="144" /><ent r="3" t="274" w="152" /><ent r="3" t="275" w="146" /><ent r="3" t="275" w="154" /><ent r="3" t="275" w="196" /><ent r="3" t="275" w="223" /><ent r="3" t="275" w="259" /><ent r="3" t="277" w="43" /><ent r="4" t="277" w="103" /><ent r="3" t="278" w="111" /><ent r="4" t="278" w="167" /><ent r="3" t="287" w="64" /><ent r="3" t="287" w="72" /><ent r="3" t="306" w="51" /><ent r="3" t="306" w="68" /><ent r="3" t="306" w="80" /><ent r="4" t="306" w="118" /><ent r="3" t="306" w="122" /><ent r="3" t="306" w="140" /><ent r="3" t="306" w="144" /><ent r="4" t="306" w="156" /><ent r="3" t="306" w="160" /></phr></stem><stem n="pleas"><phr n="Please"><ent r="6" t="1" w="302" /><ent r="3" t="80" w="108" /><ent r="4" t="217" w="210" /></phr></stem><stem n="user"><phr n="User"><ent r="6" t="1" w="308" /><ent r="6" t="5" w="49" /><ent r="3" t="6" w="128" /><ent r="3" t="14" w="55" /><ent r="3" t="17" w="456" /><ent r="4" t="18" w="69" /><ent r="4" t="18" w="74" /><ent r="3" t="22" w="23" /><ent r="3" t="22" w="57" /><ent r="3" t="22" w="71" /><ent r="3" t="24" w="31" /><ent r="3" t="39" w="42" /><ent r="3" t="39" w="103" /><ent r="4" t="39" w="166" /><ent r="4" t="42" w="655" /><ent r="3" t="42" w="729" /><ent r="3" t="47" w="8" /><ent r="3" t="53" w="153" /><ent r="6" t="54" w="94" /><ent r="3" t="56" w="14" /><ent r="3" t="56" w="150" /><ent r="3" t="57" w="18" /><ent r="3" t="58" w="11" /><ent r="4" t="58" w="891" /><ent r="1000" t="59" w="2" /><ent r="62" t="59" w="6" /><ent r="4" t="59" w="91" /><ent r="4" t="59" w="100" /><ent r="4" t="59" w="142" /><ent r="3" t="59" w="181" /><ent r="3" t="59" w="183" /><ent r="3" t="59" w="229" /><ent r="3" t="59" w="231" /><ent r="3" t="59" w="286" /><ent r="4" t="59" w="335" /><ent r="5" t="59" w="343" /><ent r="4" t="59" w="579" /><ent r="5" t="59" w="587" /><ent r="6" t="59" w="845" /><ent r="3" t="62" w="16" /><ent r="3" t="62" w="484" /><ent r="3" t="62" w="549" /><ent r="3" t="64" w="191" /><ent r="3" t="64" w="305" /><ent r="3" t="64" w="515" /><ent r="3" t="64" w="531" /><ent r="5" t="64" w="591" /><ent r="1000" t="65" w="1" /><ent r="72" t="65" w="6" /><ent r="3" t="65" w="17" /><ent r="3" t="65" w="40" /><ent r="3" t="65" w="46" /><ent r="3" t="65" w="80" /><ent r="3" t="65" w="108" /><ent r="3" t="65" w="123" /><ent r="3" t="65" w="141" /><ent r="3" t="65" w="156" /><ent r="3" t="66" w="114" /><ent r="3" t="67" w="54" /><ent r="3" t="67" w="65" /><ent r="3" t="67" w="124" /><ent r="3" t="67" w="169" /><ent r="4" t="67" w="208" /><ent r="3" t="69" w="266" /><ent r="3" t="69" w="295" /><ent r="3" t="69" w="356" /><ent r="3" t="70" w="177" /><ent r="3" t="70" w="209" /><ent r="3" t="74" w="20" /><ent r="3" t="76" w="89" /><ent r="3" t="76" w="134" /><ent r="3" t="82" w="40" /><ent r="3" t="82" w="55" /><ent r="5" t="82" w="89" /><ent r="4" t="82" w="100" /><ent r="6" t="85" w="170" /><ent r="4" t="108" w="42" /><ent r="3" t="149" w="703" /><ent r="3" t="154" w="291" /><ent r="4" t="157" w="125" /><ent r="5" t="161" w="289" /><ent r="3" t="161" w="314" /><ent r="3" t="161" w="330" /><ent r="4" t="162" w="374" /><ent r="4" t="162" w="390" /><ent r="3" t="163" w="283" /><ent r="3" t="176" w="72" /><ent r="3" t="181" w="69" /><ent r="3" t="233" w="26" /><ent r="3" t="236" w="141" /><ent r="3" t="237" w="246" /><ent r="3" t="238" w="326" /><ent r="6" t="320" w="231" /></phr><phr n="users"><ent r="3" t="14" w="147" /><ent r="3" t="14" w="271" /><ent r="3" t="22" w="29" /><ent r="3" t="25" w="92" /><ent r="3" t="26" w="478" /><ent r="3" t="36" w="198" /><ent r="6" t="59" w="852" /><ent r="6" t="59" w="865" /><ent r="3" t="62" w="206" /><ent r="3" t="74" w="381" /><ent r="4" t="148" w="33" /><ent r="3" t="161" w="39" /><ent r="3" t="162" w="44" /><ent r="3" t="202" w="761" /><ent r="3" t="256" w="44" /><ent r="3" t="285" w="21" /><ent r="3" t="288" w="25" /></phr></stem></index>