<?xml version="1.0" encoding="utf-8"?><index><stem n="recommend"><phr n="recommendation"><ent r="3" t="14" w="472" /></phr><phr n="Recommended"><ent r="65" t="19" w="23" /><ent r="65" t="19" w="31" /><ent r="1000" t="20" w="1" /><ent r="82" t="20" w="7" /><ent r="3" t="20" w="22" /><ent r="1000" t="21" w="1" /><ent r="82" t="21" w="8" /><ent r="3" t="42" w="725" /><ent r="4" t="91" w="135" /><ent r="3" t="127" w="127" /><ent r="3" t="127" w="230" /><ent r="3" t="140" w="29" /><ent r="4" t="144" w="175" /><ent r="3" t="150" w="144" /><ent r="3" t="157" w="40" /><ent r="3" t="161" w="324" /><ent r="4" t="161" w="352" /><ent r="4" t="162" w="384" /><ent r="4" t="162" w="410" /><ent r="3" t="166" w="177" /><ent r="3" t="176" w="199" /><ent r="3" t="181" w="184" /><ent r="3" t="198" w="180" /><ent r="3" t="199" w="140" /><ent r="3" t="200" w="131" /><ent r="3" t="212" w="242" /><ent r="3" t="212" w="268" /><ent r="3" t="212" w="592" /><ent r="3" t="213" w="244" /><ent r="3" t="213" w="270" /><ent r="3" t="213" w="617" /><ent r="3" t="215" w="51" /><ent r="3" t="219" w="358" /><ent r="3" t="220" w="358" /><ent r="6" t="313" w="113" /><ent r="3" t="316" w="532" /><ent r="4" t="316" w="714" /></phr><phr n="recommend"><ent r="3" t="68" w="169" /><ent r="3" t="208" w="51" /></phr></stem><stem n="keep"><phr n="keeping"><ent r="3" t="14" w="474" /><ent r="3" t="133" w="23" /></phr></stem><stem n="prefer"><phr n="Preferred"><ent r="1000" t="15" w="2" /><ent r="72" t="15" w="7" /><ent r="3" t="15" w="43" /><ent r="3" t="15" w="76" /><ent r="3" t="15" w="284" /></phr></stem><stem n="address"><phr n="Address"><ent r="1000" t="15" w="4" /><ent r="72" t="15" w="9" /><ent r="3" t="15" w="45" /><ent r="3" t="15" w="78" /><ent r="3" t="15" w="286" /><ent r="4" t="34" w="226" /><ent r="55" t="46" w="110" /><ent r="3" t="64" w="712" /><ent r="3" t="125" w="28" /><ent r="3" t="149" w="789" /><ent r="3" t="149" w="1212" /><ent r="3" t="149" w="1223" /><ent r="3" t="149" w="1242" /><ent r="54" t="149" w="1256" /><ent r="3" t="149" w="1288" /><ent r="3" t="166" w="39" /><ent r="3" t="166" w="45" /><ent r="3" t="166" w="73" /><ent r="3" t="166" w="99" /><ent r="3" t="166" w="137" /><ent r="3" t="166" w="144" /><ent r="3" t="166" w="154" /><ent r="3" t="167" w="39" /><ent r="3" t="167" w="45" /><ent r="3" t="167" w="73" /><ent r="3" t="167" w="99" /><ent r="3" t="167" w="137" /><ent r="3" t="167" w="144" /><ent r="3" t="167" w="154" /><ent r="4" t="241" w="138" /><ent r="4" t="241" w="147" /><ent r="3" t="243" w="96" /><ent r="4" t="243" w="110" /><ent r="4" t="243" w="119" /><ent r="3" t="243" w="141" /><ent r="4" t="243" w="155" /><ent r="4" t="243" w="164" /><ent r="3" t="243" w="192" /><ent r="4" t="243" w="206" /><ent r="4" t="243" w="215" /><ent r="3" t="244" w="101" /><ent r="4" t="244" w="115" /><ent r="4" t="244" w="124" /><ent r="3" t="244" w="153" /><ent r="4" t="244" w="167" /><ent r="4" t="244" w="176" /><ent r="3" t="244" w="204" /><ent r="4" t="244" w="218" /><ent r="4" t="244" w="227" /><ent r="4" t="244" w="364" /><ent r="4" t="244" w="373" /><ent r="3" t="244" w="420" /><ent r="4" t="244" w="454" /><ent r="4" t="244" w="463" /><ent r="3" t="245" w="98" /><ent r="4" t="245" w="112" /><ent r="4" t="245" w="121" /><ent r="3" t="245" w="148" /><ent r="4" t="245" w="162" /><ent r="4" t="245" w="171" /><ent r="4" t="245" w="308" /><ent r="4" t="245" w="317" /><ent r="3" t="245" w="349" /><ent r="4" t="245" w="394" /><ent r="4" t="245" w="403" /></phr><phr n="addresses"><ent r="3" t="97" w="344" /></phr></stem><stem n="linker"><phr n="linker"><ent r="3" t="15" w="15" /><ent r="3" t="15" w="86" /><ent r="4" t="20" w="49" /><ent r="4" t="20" w="64" /><ent r="4" t="20" w="110" /><ent r="4" t="20" w="120" /><ent r="3" t="21" w="42" /><ent r="4" t="21" w="56" /><ent r="4" t="42" w="384" /><ent r="4" t="42" w="453" /><ent r="6" t="43" w="558" /><ent r="3" t="44" w="184" /><ent r="3" t="62" w="346" /><ent r="3" t="69" w="80" /><ent r="3" t="142" w="173" /></phr></stem><stem n="/base"><phr n="/BASE"><ent r="4" t="15" w="18" /><ent r="4" t="15" w="55" /><ent r="4" t="15" w="62" /></phr></stem><stem n="/fix"><phr n="/FIXED"><ent r="4" t="15" w="22" /><ent r="4" t="15" w="29" /><ent r="4" t="15" w="83" /></phr></stem><stem n="fix"><phr n="FIXED"><ent r="4" t="15" w="22" /><ent r="4" t="15" w="29" /><ent r="4" t="15" w="83" /><ent r="3" t="67" w="12" /><ent r="3" t="153" w="134" /><ent r="3" t="164" w="171" /><ent r="3" t="198" w="218" /><ent r="3" t="226" w="293" /></phr><phr n="fix"><ent r="3" t="34" w="357" /><ent r="4" t="118" w="68" /><ent r="4" t="119" w="75" /><ent r="4" t="120" w="69" /></phr></stem><stem n="tell"><phr n="tells"><ent r="3" t="15" w="31" /></phr><phr n="tell"><ent r="3" t="158" w="180" /></phr></stem><stem n="urt"><phr n="uRTS"><ent r="3" t="15" w="33" /><ent r="4" t="15" w="247" /><ent r="4" t="15" w="273" /><ent r="4" t="21" w="69" /><ent r="4" t="21" w="81" /><ent r="3" t="34" w="315" /><ent r="3" t="34" w="334" /><ent r="3" t="34" w="368" /><ent r="3" t="35" w="361" /><ent r="6" t="35" w="443" /><ent r="57" t="49" w="45" /><ent r="7" t="49" w="65" /><ent r="57" t="49" w="77" /><ent r="5" t="49" w="81" /><ent r="6" t="49" w="92" /><ent r="6" t="49" w="101" /><ent r="4" t="50" w="20" /><ent r="4" t="50" w="139" /><ent r="3" t="76" w="175" /><ent r="4" t="83" w="35" /><ent r="4" t="86" w="28" /><ent r="3" t="90" w="50" /><ent r="3" t="90" w="70" /><ent r="3" t="127" w="108" /><ent r="3" t="149" w="669" /><ent r="3" t="149" w="866" /><ent r="4" t="149" w="1134" /><ent r="55" t="149" w="1172" /><ent r="6" t="149" w="1340" /><ent r="7" t="149" w="1346" /><ent r="7" t="149" w="1352" /><ent r="6" t="149" w="1361" /><ent r="6" t="149" w="1367" /><ent r="55" t="150" w="172" /><ent r="4" t="150" w="190" /><ent r="6" t="150" w="216" /><ent r="7" t="150" w="222" /><ent r="7" t="150" w="228" /><ent r="6" t="151" w="149" /><ent r="7" t="151" w="155" /><ent r="6" t="249" w="70" /><ent r="6" t="310" w="415" /><ent r="6" t="310" w="423" /><ent r="6" t="310" w="452" /></phr></stem><stem n="driver"><phr n="driver"><ent r="3" t="15" w="36" /><ent r="3" t="22" w="59" /><ent r="3" t="149" w="748" /><ent r="3" t="149" w="755" /><ent r="3" t="149" w="808" /><ent r="3" t="149" w="1198" /><ent r="6" t="310" w="378" /></phr></stem><stem n="specifi"><phr n="specified"><ent r="3" t="15" w="50" /><ent r="3" t="16" w="147" /><ent r="3" t="16" w="333" /><ent r="3" t="16" w="337" /><ent r="3" t="16" w="415" /><ent r="3" t="24" w="271" /><ent r="3" t="26" w="427" /><ent r="3" t="36" w="191" /><ent r="4" t="58" w="31" /><ent r="4" t="58" w="82" /><ent r="4" t="60" w="43" /><ent r="4" t="60" w="49" /><ent r="4" t="60" w="65" /><ent r="4" t="60" w="105" /><ent r="3" t="61" w="43" /><ent r="3" t="62" w="72" /><ent r="3" t="63" w="134" /><ent r="3" t="69" w="121" /><ent r="3" t="72" w="25" /><ent r="3" t="190" w="25" /><ent r="3" t="190" w="152" /><ent r="3" t="191" w="29" /><ent r="3" t="191" w="254" /><ent r="3" t="193" w="99" /><ent r="3" t="194" w="105" /><ent r="3" t="194" w="117" /><ent r="3" t="203" w="338" /><ent r="3" t="219" w="284" /><ent r="3" t="220" w="284" /><ent r="3" t="234" w="140" /><ent r="3" t="234" w="322" /><ent r="3" t="235" w="155" /><ent r="3" t="235" w="337" /><ent r="3" t="236" w="307" /><ent r="3" t="295" w="173" /><ent r="6" t="310" w="759" /></phr><phr n="specify"><ent r="3" t="15" w="81" /><ent r="3" t="16" w="363" /><ent r="3" t="16" w="381" /><ent r="3" t="17" w="364" /><ent r="6" t="24" w="200" /><ent r="6" t="24" w="232" /><ent r="6" t="24" w="245" /><ent r="6" t="26" w="253" /><ent r="6" t="26" w="274" /><ent r="6" t="26" w="293" /><ent r="6" t="26" w="337" /><ent r="6" t="26" w="373" /><ent r="6" t="26" w="397" /><ent r="3" t="69" w="99" /><ent r="3" t="72" w="62" /><ent r="3" t="169" w="24" /><ent r="3" t="169" w="78" /><ent r="3" t="169" w="254" /><ent r="3" t="193" w="178" /><ent r="3" t="194" w="196" /><ent r="3" t="251" w="22" /><ent r="5" t="312" w="112" /></phr><phr n="specifying"><ent r="3" t="16" w="388" /><ent r="4" t="263" w="17" /></phr><phr n="specifies"><ent r="4" t="18" w="166" /><ent r="3" t="26" w="468" /><ent r="3" t="71" w="84" /><ent r="3" t="71" w="115" /><ent r="3" t="202" w="157" /><ent r="3" t="205" w="106" /><ent r="3" t="207" w="91" /><ent r="3" t="209" w="115" /><ent r="3" t="212" w="160" /><ent r="3" t="212" w="255" /><ent r="3" t="212" w="315" /><ent r="3" t="213" w="162" /><ent r="3" t="213" w="257" /><ent r="3" t="213" w="318" /><ent r="3" t="214" w="131" /><ent r="3" t="216" w="117" /><ent r="3" t="219" w="139" /><ent r="3" t="219" w="175" /><ent r="3" t="220" w="139" /><ent r="3" t="220" w="175" /><ent r="6" t="312" w="261" /></phr></stem><stem n="pe"><phr n="PE"><ent r="3" t="15" w="66" /><ent r="3" t="15" w="99" /><ent r="3" t="15" w="116" /><ent r="3" t="15" w="171" /><ent r="3" t="15" w="203" /><ent r="3" t="30" w="282" /></phr></stem><stem n="optionalhead"><phr n="OptionalHeader"><ent r="4" t="15" w="69" /></phr></stem><stem n=".imagebas"><phr n=".ImageBase"><ent r="4" t="15" w="70" /></phr></stem><stem n="imagebas"><phr n="ImageBase"><ent r="4" t="15" w="70" /></phr></stem><stem n="reloc"><phr n="relocation"><ent r="3" t="15" w="91" /><ent r="3" t="15" w="187" /></phr><phr n="RELOCS"><ent r="4" t="15" w="110" /><ent r="4" t="15" w="164" /></phr><phr n="relocated"><ent r="3" t="15" w="140" /></phr></stem><stem n="header"><phr n="Header"><ent r="4" t="15" w="102" /><ent r="4" t="15" w="174" /><ent r="3" t="18" w="132" /><ent r="4" t="18" w="143" /><ent r="6" t="24" w="188" /><ent r="6" t="24" w="192" /><ent r="6" t="26" w="111" /><ent r="6" t="26" w="204" /><ent r="6" t="26" w="564" /><ent r="3" t="51" w="105" /><ent r="3" t="51" w="133" /><ent r="3" t="51" w="298" /><ent r="3" t="51" w="355" /><ent r="3" t="52" w="23" /><ent r="3" t="52" w="29" /><ent r="3" t="53" w="34" /><ent r="3" t="53" w="52" /><ent r="3" t="53" w="60" /><ent r="3" t="53" w="171" /><ent r="3" t="55" w="83" /><ent r="3" t="62" w="604" /><ent r="3" t="62" w="624" /><ent r="3" t="62" w="634" /><ent r="3" t="64" w="384" /><ent r="3" t="65" w="27" /><ent r="3" t="98" w="87" /><ent r="3" t="98" w="328" /><ent r="6" t="149" w="1337" /><ent r="6" t="150" w="213" /><ent r="6" t="151" w="146" /><ent r="6" t="152" w="336" /><ent r="6" t="153" w="170" /><ent r="6" t="154" w="595" /><ent r="6" t="155" w="508" /><ent r="6" t="156" w="757" /><ent r="6" t="157" w="502" /><ent r="6" t="158" w="197" /><ent r="6" t="159" w="183" /><ent r="6" t="160" w="202" /><ent r="6" t="161" w="334" /><ent r="6" t="162" w="394" /><ent r="6" t="163" w="294" /><ent r="6" t="164" w="207" /><ent r="6" t="165" w="196" /><ent r="6" t="166" w="194" /><ent r="6" t="167" w="158" /><ent r="6" t="168" w="210" /><ent r="6" t="169" w="378" /><ent r="6" t="170" w="154" /><ent r="6" t="171" w="72" /><ent r="6" t="172" w="58" /><ent r="6" t="173" w="80" /><ent r="6" t="174" w="113" /><ent r="6" t="175" w="107" /><ent r="6" t="176" w="234" /><ent r="6" t="177" w="184" /><ent r="6" t="178" w="292" /><ent r="6" t="179" w="210" /><ent r="6" t="180" w="188" /><ent r="6" t="181" w="202" /><ent r="6" t="182" w="183" /><ent r="6" t="183" w="403" /><ent r="6" t="184" w="190" /><ent r="6" t="185" w="136" /><ent r="6" t="186" w="103" /><ent r="6" t="187" w="261" /><ent r="6" t="188" w="148" /><ent r="6" t="189" w="123" /><ent r="6" t="190" w="218" /><ent r="6" t="191" w="327" /><ent r="6" t="192" w="203" /><ent r="6" t="193" w="331" /><ent r="6" t="194" w="347" /><ent r="6" t="195" w="416" /><ent r="6" t="196" w="496" /><ent r="6" t="197" w="191" /><ent r="6" t="198" w="241" /><ent r="6" t="199" w="184" /><ent r="6" t="200" w="170" /><ent r="6" t="201" w="657" /><ent r="6" t="202" w="797" /><ent r="6" t="203" w="730" /><ent r="6" t="204" w="470" /><ent r="6" t="205" w="643" /><ent r="6" t="206" w="452" /><ent r="6" t="207" w="291" /><ent r="6" t="208" w="288" /><ent r="6" t="209" w="318" /><ent r="6" t="210" w="235" /><ent r="6" t="211" w="155" /><ent r="6" t="212" w="639" /><ent r="6" t="213" w="643" /><ent r="6" t="214" w="323" /><ent r="6" t="215" w="317" /><ent r="6" t="216" w="378" /><ent r="6" t="217" w="288" /><ent r="6" t="218" w="157" /><ent r="6" t="219" w="376" /><ent r="6" t="220" w="376" /><ent r="6" t="221" w="534" /><ent r="6" t="222" w="190" /><ent r="6" t="223" w="464" /><ent r="6" t="224" w="679" /><ent r="6" t="225" w="302" /><ent r="6" t="226" w="416" /><ent r="6" t="227" w="427" /><ent r="6" t="228" w="238" /><ent r="6" t="229" w="122" /><ent r="6" t="230" w="166" /><ent r="6" t="231" w="365" /><ent r="6" t="232" w="630" /><ent r="6" t="233" w="537" /><ent r="6" t="234" w="402" /><ent r="6" t="235" w="417" /><ent r="6" t="236" w="319" /><ent r="6" t="237" w="276" /><ent r="6" t="238" w="356" /><ent r="6" t="239" w="490" /><ent r="6" t="240" w="124" /><ent r="6" t="241" w="179" /><ent r="6" t="242" w="231" /><ent r="6" t="243" w="288" /><ent r="6" t="244" w="550" /><ent r="6" t="245" w="473" /><ent r="6" t="248" w="45" /><ent r="6" t="249" w="67" /><ent r="6" t="250" w="154" /><ent r="6" t="251" w="81" /><ent r="6" t="252" w="266" /><ent r="6" t="253" w="137" /><ent r="6" t="254" w="109" /><ent r="6" t="255" w="45" /><ent r="6" t="256" w="68" /><ent r="6" t="257" w="224" /><ent r="6" t="258" w="54" /><ent r="6" t="259" w="100" /><ent r="6" t="260" w="54" /><ent r="6" t="261" w="44" /><ent r="6" t="262" w="34" /><ent r="3" t="263" w="268" /><ent r="6" t="264" w="71" /><ent r="6" t="265" w="43" /><ent r="6" t="266" w="76" /><ent r="6" t="267" w="73" /><ent r="6" t="268" w="37" /><ent r="6" t="269" w="453" /><ent r="6" t="270" w="51" /><ent r="6" t="271" w="28" /><ent r="6" t="272" w="78" /><ent r="6" t="273" w="34" /><ent r="6" t="274" w="164" /><ent r="6" t="275" w="289" /><ent r="6" t="276" w="115" /><ent r="6" t="277" w="182" /><ent r="6" t="278" w="197" /><ent r="6" t="279" w="34" /><ent r="6" t="280" w="53" /><ent r="6" t="281" w="200" /><ent r="6" t="282" w="45" /><ent r="6" t="283" w="46" /><ent r="6" t="284" w="54" /><ent r="6" t="285" w="37" /><ent r="6" t="286" w="26" /><ent r="6" t="287" w="76" /><ent r="6" t="288" w="56" /><ent r="6" t="289" w="93" /><ent r="6" t="290" w="35" /><ent r="6" t="291" w="37" /><ent r="6" t="292" w="270" /><ent r="6" t="293" w="59" /><ent r="6" t="294" w="99" /><ent r="6" t="295" w="465" /><ent r="6" t="296" w="537" /><ent r="6" t="297" w="83" /><ent r="6" t="298" w="90" /><ent r="6" t="299" w="83" /><ent r="6" t="300" w="66" /><ent r="6" t="301" w="90" /><ent r="6" t="302" w="108" /><ent r="6" t="303" w="292" /><ent r="6" t="304" w="191" /><ent r="6" t="305" w="167" /><ent r="6" t="306" w="190" /><ent r="6" t="307" w="85" /><ent r="6" t="308" w="79" /><ent r="6" t="309" w="148" /><ent r="3" t="315" w="24" /><ent r="6" t="316" w="35" /><ent r="6" t="316" w="38" /></phr><phr n="headers"><ent r="3" t="51" w="224" /><ent r="3" t="51" w="226" /><ent r="1000" t="53" w="2" /><ent r="82" t="53" w="5" /><ent r="3" t="53" w="9" /><ent r="3" t="53" w="209" /><ent r="3" t="64" w="607" /><ent r="4" t="99" w="59" /><ent r="3" t="137" w="46" /></phr></stem><stem n=".characterist"><phr n=".Characteristics"><ent r="4" t="15" w="103" /><ent r="4" t="15" w="175" /></phr></stem><stem n="characterist"><phr n="Characteristics"><ent r="4" t="15" w="103" /><ent r="4" t="15" w="128" /><ent r="4" t="15" w="175" /><ent r="4" t="15" w="194" /><ent r="3" t="101" w="135" /></phr></stem><stem n="imag"><phr n="IMAGE"><ent r="4" t="15" w="108" /><ent r="4" t="15" w="126" /><ent r="4" t="15" w="162" /><ent r="4" t="15" w="192" /><ent r="5" t="23" w="69" /><ent r="3" t="25" w="86" /><ent r="4" t="39" w="208" /><ent r="4" t="39" w="230" /><ent r="3" t="42" w="69" /><ent r="4" t="46" w="85" /><ent r="3" t="149" w="122" /><ent r="3" t="149" w="644" /><ent r="6" t="310" w="271" /><ent r="67" t="312" w="316" /></phr></stem><stem n="_file_relocs_strip"><phr n="_FILE_RELOCS_STRIPPED"><ent r="4" t="15" w="111" /><ent r="4" t="15" w="165" /></phr></stem><stem n="strip"><phr n="STRIPPED"><ent r="4" t="15" w="111" /><ent r="4" t="15" w="165" /></phr></stem><stem n="addition"><phr n="Additionally"><ent r="3" t="15" w="114" /><ent r="3" t="62" w="205" /></phr></stem><stem n="optinalhead"><phr n="OptinalHeader"><ent r="4" t="15" w="119" /><ent r="4" t="15" w="205" /></phr></stem><stem n=".dllcharacterist"><phr n=".DLLCharacteristics"><ent r="4" t="15" w="120" /><ent r="4" t="15" w="206" /></phr></stem><stem n="dllcharacterist"><phr n="DLLCharacteristics"><ent r="4" t="15" w="120" /><ent r="4" t="15" w="206" /></phr></stem><stem n="dynam"><phr n="DYNAMIC"><ent r="4" t="15" w="129" /><ent r="4" t="15" w="195" /><ent r="3" t="35" w="400" /><ent r="7" t="35" w="603" /><ent r="55" t="39" w="212" /><ent r="58" t="39" w="567" /><ent r="7" t="39" w="572" /><ent r="4" t="45" w="25" /><ent r="1000" t="46" w="1" /><ent r="82" t="46" w="4" /><ent r="3" t="46" w="34" /><ent r="3" t="46" w="68" /><ent r="5" t="49" w="88" /><ent r="5" t="49" w="171" /><ent r="3" t="76" w="20" /><ent r="4" t="144" w="75" /><ent r="3" t="309" w="23" /><ent r="7" t="310" w="218" /><ent r="6" t="313" w="78" /></phr><phr n="dynamically"><ent r="3" t="46" w="19" /><ent r="3" t="161" w="231" /><ent r="3" t="162" w="279" /><ent r="3" t="162" w="311" /><ent r="3" t="309" w="113" /><ent r="3" t="309" w="144" /></phr></stem><stem n="_dll_characteristics_dynamic_bas"><phr n="_DLL_CHARACTERISTICS_DYNAMIC_BASE"><ent r="4" t="15" w="130" /><ent r="4" t="15" w="196" /></phr></stem><stem n="indic"><phr n="indicate"><ent r="3" t="15" w="134" /><ent r="3" t="61" w="15" /><ent r="3" t="63" w="12" /><ent r="3" t="64" w="14" /><ent r="3" t="64" w="526" /><ent r="3" t="65" w="120" /><ent r="3" t="65" w="153" /><ent r="3" t="70" w="108" /><ent r="3" t="149" w="1092" /><ent r="3" t="153" w="71" /><ent r="3" t="164" w="51" /><ent r="3" t="165" w="60" /><ent r="3" t="176" w="136" /><ent r="3" t="181" w="129" /><ent r="3" t="187" w="203" /></phr><phr n="indicates"><ent r="3" t="36" w="254" /><ent r="3" t="41" w="41" /><ent r="4" t="42" w="456" /><ent r="5" t="43" w="391" /><ent r="3" t="64" w="557" /><ent r="3" t="64" w="693" /><ent r="3" t="77" w="81" /><ent r="3" t="84" w="40" /><ent r="3" t="87" w="55" /><ent r="3" t="149" w="187" /><ent r="3" t="149" w="208" /><ent r="3" t="149" w="462" /><ent r="3" t="149" w="471" /><ent r="3" t="154" w="280" /><ent r="3" t="156" w="661" /><ent r="3" t="156" w="675" /><ent r="3" t="157" w="70" /><ent r="4" t="157" w="89" /><ent r="4" t="157" w="143" /><ent r="3" t="157" w="272" /><ent r="3" t="159" w="64" /><ent r="3" t="168" w="113" /><ent r="3" t="168" w="130" /><ent r="3" t="169" w="134" /><ent r="3" t="175" w="99" /><ent r="3" t="191" w="165" /><ent r="3" t="193" w="111" /><ent r="3" t="193" w="119" /><ent r="3" t="194" w="129" /><ent r="3" t="194" w="137" /><ent r="3" t="195" w="161" /><ent r="3" t="195" w="169" /><ent r="3" t="195" w="234" /><ent r="3" t="195" w="250" /><ent r="3" t="195" w="276" /><ent r="3" t="195" w="294" /><ent r="3" t="195" w="314" /><ent r="3" t="195" w="330" /><ent r="3" t="196" w="293" /><ent r="3" t="196" w="342" /><ent r="3" t="197" w="115" /><ent r="3" t="197" w="124" /><ent r="3" t="201" w="354" /><ent r="3" t="201" w="362" /><ent r="3" t="201" w="494" /><ent r="3" t="202" w="526" /><ent r="3" t="202" w="534" /><ent r="3" t="202" w="665" /><ent r="3" t="203" w="400" /><ent r="3" t="203" w="408" /><ent r="3" t="203" w="620" /><ent r="3" t="204" w="236" /><ent r="3" t="204" w="244" /><ent r="3" t="204" w="340" /><ent r="3" t="205" w="405" /><ent r="3" t="205" w="413" /><ent r="3" t="205" w="509" /><ent r="3" t="206" w="220" /><ent r="3" t="206" w="378" /><ent r="3" t="228" w="166" /><ent r="3" t="228" w="179" /><ent r="3" t="229" w="90" /><ent r="3" t="231" w="106" /><ent r="3" t="231" w="250" /><ent r="3" t="232" w="380" /><ent r="3" t="233" w="276" /><ent r="3" t="234" w="255" /><ent r="3" t="235" w="270" /><ent r="3" t="236" w="240" /><ent r="3" t="237" w="173" /><ent r="3" t="237" w="181" /><ent r="3" t="237" w="232" /><ent r="3" t="238" w="253" /><ent r="3" t="238" w="261" /><ent r="3" t="238" w="312" /><ent r="3" t="239" w="397" /><ent r="3" t="239" w="405" /><ent r="3" t="239" w="420" /><ent r="3" t="240" w="76" /><ent r="3" t="240" w="84" /><ent r="3" t="241" w="55" /><ent r="3" t="244" w="517" /><ent r="3" t="253" w="120" /><ent r="3" t="253" w="130" /><ent r="3" t="282" w="14" /><ent r="3" t="284" w="14" /><ent r="3" t="292" w="190" /><ent r="3" t="292" w="198" /><ent r="3" t="292" w="213" /><ent r="3" t="292" w="246" /><ent r="3" t="295" w="127" /><ent r="3" t="300" w="15" /><ent r="6" t="310" w="490" /><ent r="6" t="310" w="604" /></phr><phr n="indicating"><ent r="4" t="99" w="174" /><ent r="3" t="141" w="94" /><ent r="3" t="287" w="12" /></phr><phr n="indicated"><ent r="3" t="99" w="707" /></phr><phr n="indicator"><ent r="3" t="281" w="104" /></phr></stem><stem n="_sign.ex"><phr n="_sign.exe"><ent r="4" t="15" w="154" /><ent r="4" t="15" w="213" /><ent r="4" t="15" w="238" /><ent r="54" t="76" w="59" /></phr></stem><stem n="ex"><phr n="exe"><ent r="4" t="15" w="154" /><ent r="4" t="15" w="213" /><ent r="4" t="15" w="238" /><ent r="3" t="20" w="162" /><ent r="5" t="34" w="182" /><ent r="3" t="36" w="315" /><ent r="3" t="36" w="337" /><ent r="54" t="76" w="59" /></phr><phr n="ex"><ent r="4" t="100" w="85" /><ent r="5" t="127" w="70" /><ent r="65" t="132" w="83" /><ent r="65" t="132" w="96" /><ent r="65" t="135" w="61" /><ent r="65" t="147" w="43" /><ent r="4" t="155" w="50" /><ent r="4" t="155" w="138" /><ent r="4" t="194" w="20" /><ent r="1000" t="202" w="4" /><ent r="72" t="202" w="9" /><ent r="3" t="202" w="85" /><ent r="4" t="202" w="687" /><ent r="4" t="203" w="67" /><ent r="1000" t="205" w="4" /><ent r="72" t="205" w="9" /><ent r="3" t="205" w="46" /><ent r="4" t="205" w="531" /><ent r="4" t="206" w="44" /><ent r="1000" t="232" w="5" /><ent r="72" t="232" w="11" /><ent r="4" t="232" w="17" /><ent r="3" t="232" w="33" /><ent r="4" t="232" w="394" /><ent r="4" t="232" w="541" /><ent r="4" t="234" w="34" /><ent r="72" t="238" w="8" /><ent r="4" t="238" w="15" /><ent r="3" t="238" w="51" /><ent r="4" t="239" w="336" /><ent r="4" t="239" w="379" /><ent r="4" t="295" w="185" /><ent r="4" t="295" w="384" /><ent r="4" t="296" w="219" /><ent r="4" t="296" w="499" /></phr></stem><stem n="detect"><phr n="detects"><ent r="3" t="15" w="156" /></phr><phr n="detected"><ent r="3" t="25" w="78" /><ent r="4" t="42" w="209" /><ent r="3" t="149" w="1017" /><ent r="3" t="149" w="1040" /><ent r="3" t="152" w="249" /><ent r="3" t="154" w="481" /><ent r="3" t="155" w="432" /><ent r="3" t="156" w="691" /><ent r="3" t="157" w="477" /><ent r="3" t="158" w="170" /><ent r="3" t="159" w="146" /><ent r="3" t="160" w="165" /><ent r="3" t="161" w="181" /><ent r="3" t="161" w="213" /><ent r="3" t="162" w="178" /><ent r="3" t="162" w="258" /><ent r="3" t="163" w="188" /><ent r="3" t="168" w="124" /><ent r="3" t="203" w="601" /><ent r="6" t="310" w="114" /></phr><phr n="detect"><ent r="3" t="66" w="70" /><ent r="3" t="141" w="49" /><ent r="3" t="212" w="578" /><ent r="3" t="213" w="603" /></phr><phr n="detecting"><ent r="3" t="212" w="572" /><ent r="3" t="213" w="597" /></phr></stem><stem n="verifi"><phr n="verify"><ent r="3" t="15" w="179" /><ent r="4" t="59" w="357" /><ent r="4" t="78" w="213" /><ent r="3" t="93" w="47" /><ent r="6" t="99" w="407" /><ent r="3" t="101" w="259" /><ent r="4" t="104" w="144" /><ent r="4" t="111" w="77" /><ent r="3" t="112" w="36" /><ent r="4" t="112" w="246" /><ent r="1000" t="113" w="1" /><ent r="82" t="113" w="6" /><ent r="4" t="113" w="135" /><ent r="65" t="131" w="52" /><ent r="4" t="132" w="59" /><ent r="65" t="146" w="150" /><ent r="3" t="152" w="83" /><ent r="3" t="180" w="106" /><ent r="5" t="193" w="275" /><ent r="5" t="194" w="291" /><ent r="3" t="196" w="111" /><ent r="4" t="196" w="116" /><ent r="3" t="196" w="394" /><ent r="1000" t="197" w="2" /><ent r="72" t="197" w="6" /><ent r="4" t="197" w="12" /><ent r="3" t="197" w="41" /><ent r="4" t="197" w="140" /><ent r="1000" t="206" w="2" /><ent r="3" t="206" w="15" /><ent r="1000" t="227" w="3" /><ent r="72" t="227" w="7" /><ent r="4" t="227" w="11" /><ent r="3" t="227" w="35" /><ent r="3" t="227" w="91" /><ent r="3" t="274" w="50" /></phr><phr n="verified"><ent r="4" t="57" w="86" /><ent r="4" t="59" w="354" /><ent r="4" t="59" w="598" /><ent r="3" t="101" w="49" /><ent r="3" t="134" w="50" /><ent r="4" t="196" w="147" /><ent r="3" t="197" w="74" /><ent r="3" t="227" w="106" /><ent r="3" t="227" w="146" /><ent r="3" t="275" w="217" /></phr><phr n="verifies"><ent r="4" t="99" w="662" /><ent r="4" t="106" w="13" /><ent r="4" t="106" w="54" /><ent r="4" t="107" w="11" /><ent r="4" t="107" w="94" /><ent r="4" t="111" w="13" /><ent r="4" t="111" w="42" /><ent r="3" t="113" w="125" /><ent r="3" t="196" w="456" /><ent r="3" t="206" w="29" /><ent r="3" t="206" w="393" /><ent r="3" t="227" w="13" /><ent r="3" t="227" w="312" /></phr><phr n="Verifying"><ent r="4" t="104" w="136" /><ent r="1000" t="106" w="1" /><ent r="72" t="106" w="7" /><ent r="4" t="109" w="69" /><ent r="1000" t="111" w="1" /><ent r="72" t="111" w="7" /><ent r="3" t="113" w="21" /><ent r="3" t="131" w="32" /><ent r="3" t="179" w="116" /></phr><phr n="Verifier"><ent r="3" t="154" w="489" /></phr></stem><stem n="natur"><phr n="naturally"><ent r="3" t="15" w="222" /></phr></stem><stem n="align"><phr n="aligns"><ent r="3" t="15" w="223" /></phr><phr n="aligned"><ent r="6" t="74" w="225" /><ent r="6" t="74" w="241" /><ent r="3" t="74" w="299" /><ent r="3" t="277" w="114" /><ent r="3" t="278" w="178" /><ent r="4" t="319" w="56" /></phr><phr n="alignment"><ent r="3" t="278" w="36" /></phr></stem><stem n="report"><phr n="reports"><ent r="3" t="15" w="240" /><ent r="3" t="126" w="63" /><ent r="3" t="156" w="665" /><ent r="3" t="157" w="17" /><ent r="3" t="158" w="23" /></phr><phr n="report"><ent r="3" t="37" w="24" /><ent r="3" t="58" w="300" /><ent r="3" t="62" w="157" /><ent r="3" t="62" w="348" /><ent r="4" t="64" w="181" /><ent r="3" t="64" w="628" /><ent r="3" t="73" w="118" /><ent r="3" t="93" w="24" /><ent r="3" t="93" w="77" /><ent r="5" t="94" w="290" /><ent r="65" t="118" w="99" /><ent r="3" t="131" w="35" /><ent r="65" t="131" w="49" /><ent r="65" t="131" w="53" /><ent r="3" t="141" w="51" /><ent r="3" t="149" w="978" /><ent r="3" t="152" w="78" /><ent r="3" t="154" w="32" /><ent r="3" t="154" w="35" /><ent r="3" t="154" w="74" /><ent r="3" t="154" w="78" /><ent r="4" t="154" w="96" /><ent r="3" t="154" w="99" /><ent r="4" t="154" w="149" /><ent r="4" t="154" w="212" /><ent r="3" t="154" w="220" /><ent r="1000" t="157" w="2" /><ent r="72" t="157" w="8" /><ent r="4" t="157" w="13" /><ent r="4" t="157" w="46" /><ent r="5" t="157" w="109" /><ent r="5" t="157" w="167" /><ent r="3" t="157" w="221" /><ent r="4" t="157" w="317" /><ent r="4" t="157" w="486" /><ent r="1000" t="196" w="3" /><ent r="72" t="196" w="7" /><ent r="4" t="196" w="13" /><ent r="3" t="196" w="32" /><ent r="3" t="196" w="56" /><ent r="3" t="196" w="68" /><ent r="3" t="196" w="71" /><ent r="3" t="196" w="75" /><ent r="3" t="196" w="77" /><ent r="3" t="196" w="113" /><ent r="4" t="196" w="117" /><ent r="5" t="196" w="132" /><ent r="4" t="196" w="144" /><ent r="4" t="196" w="186" /><ent r="64" t="196" w="196" /><ent r="4" t="196" w="227" /><ent r="64" t="196" w="239" /><ent r="4" t="196" w="247" /><ent r="3" t="196" w="259" /><ent r="3" t="196" w="270" /><ent r="64" t="196" w="280" /><ent r="4" t="196" w="359" /><ent r="3" t="196" w="365" /><ent r="3" t="196" w="371" /><ent r="3" t="196" w="382" /><ent r="3" t="196" w="397" /><ent r="4" t="196" w="435" /><ent r="3" t="196" w="440" /><ent r="3" t="196" w="458" /><ent r="4" t="196" w="470" /><ent r="1000" t="197" w="3" /><ent r="72" t="197" w="7" /><ent r="4" t="197" w="13" /><ent r="3" t="197" w="21" /><ent r="3" t="197" w="32" /><ent r="3" t="197" w="42" /><ent r="3" t="197" w="46" /><ent r="3" t="197" w="48" /><ent r="4" t="197" w="54" /><ent r="64" t="197" w="63" /><ent r="3" t="197" w="71" /><ent r="3" t="197" w="82" /><ent r="3" t="197" w="105" /><ent r="3" t="197" w="116" /><ent r="3" t="197" w="131" /><ent r="4" t="197" w="141" /><ent r="64" t="197" w="153" /><ent r="3" t="197" w="160" /><ent r="3" t="197" w="163" /><ent r="3" t="197" w="171" /><ent r="3" t="197" w="183" /><ent r="3" t="242" w="103" /><ent r="65" t="247" w="140" /><ent r="65" t="247" w="155" /><ent r="65" t="247" w="160" /><ent r="3" t="265" w="34" /><ent r="4" t="265" w="38" /><ent r="3" t="266" w="39" /><ent r="4" t="266" w="43" /><ent r="6" t="269" w="166" /><ent r="6" t="269" w="170" /><ent r="6" t="270" w="54" /><ent r="3" t="271" w="23" /><ent r="6" t="271" w="31" /><ent r="1000" t="272" w="2" /><ent r="72" t="272" w="7" /><ent r="4" t="272" w="12" /><ent r="4" t="272" w="42" /><ent r="3" t="272" w="50" /><ent r="3" t="272" w="58" /><ent r="3" t="272" w="66" /><ent r="3" t="272" w="71" /><ent r="6" t="272" w="81" /><ent r="6" t="273" w="37" /><ent r="3" t="274" w="14" /><ent r="4" t="274" w="26" /><ent r="3" t="274" w="52" /><ent r="6" t="274" w="167" /><ent r="1000" t="275" w="2" /><ent r="72" t="275" w="7" /><ent r="4" t="275" w="21" /><ent r="3" t="275" w="35" /><ent r="3" t="275" w="107" /><ent r="3" t="275" w="110" /><ent r="3" t="275" w="114" /><ent r="4" t="275" w="269" /><ent r="6" t="275" w="292" /><ent r="1000" t="276" w="2" /><ent r="72" t="276" w="6" /><ent r="3" t="276" w="14" /><ent r="4" t="276" w="29" /><ent r="3" t="276" w="50" /><ent r="3" t="276" w="55" /><ent r="3" t="276" w="73" /><ent r="3" t="276" w="107" /><ent r="3" t="276" w="110" /><ent r="6" t="276" w="118" /><ent r="3" t="281" w="69" /><ent r="3" t="281" w="72" /><ent r="4" t="281" w="164" /><ent r="3" t="281" w="168" /><ent r="4" t="296" w="323" /><ent r="4" t="296" w="325" /><ent r="3" t="298" w="74" /><ent r="3" t="298" w="77" /><ent r="3" t="299" w="62" /><ent r="3" t="299" w="65" /><ent r="3" t="302" w="78" /><ent r="3" t="302" w="94" /><ent r="3" t="303" w="39" /><ent r="3" t="303" w="41" /><ent r="3" t="303" w="83" /><ent r="3" t="303" w="88" /><ent r="3" t="303" w="102" /><ent r="3" t="303" w="107" /><ent r="3" t="303" w="149" /><ent r="3" t="303" w="172" /><ent r="3" t="305" w="40" /><ent r="3" t="305" w="42" /><ent r="4" t="305" w="65" /><ent r="3" t="305" w="70" /><ent r="3" t="305" w="80" /><ent r="3" t="305" w="85" /><ent r="3" t="305" w="127" /><ent r="6" t="310" w="491" /><ent r="6" t="312" w="162" /><ent r="6" t="313" w="206" /><ent r="6" t="313" w="243" /><ent r="6" t="313" w="255" /><ent r="6" t="313" w="283" /></phr><phr n="reported"><ent r="3" t="158" w="49" /><ent r="3" t="196" w="304" /><ent r="3" t="203" w="591" /></phr></stem></index>