<?xml version="1.0" encoding="utf-8"?><index><stem n="enclavea"><phr n="enclavea"><ent r="4" t="149" w="36" /></phr></stem><stem n="ansi"><phr n="ANSI"><ent r="3" t="149" w="38" /><ent r="54" t="149" w="172" /></phr></stem><stem n="(ansi)"><phr n="(ANSI)"><ent r="3" t="149" w="39" /></phr></stem><stem n="_create_enclavew"><phr n="_create_enclavew"><ent r="4" t="149" w="43" /></phr></stem><stem n="enclavew"><phr n="enclavew"><ent r="4" t="149" w="43" /></phr></stem><stem n="unicod"><phr n="Unicode"><ent r="3" t="149" w="45" /><ent r="3" t="149" w="53" /><ent r="3" t="149" w="56" /><ent r="54" t="149" w="144" /><ent r="54" t="149" w="154" /><ent r="6" t="320" w="221" /></phr></stem><stem n="(unicode)"><phr n="(Unicode)"><ent r="3" t="149" w="46" /></phr></stem><stem n="_create_enclave("><phr n="_create_enclave("><ent r="3" t="149" w="71" /></phr></stem><stem n="*file_name,"><phr n="*file_name,"><ent r="3" t="149" w="76" /></phr></stem><stem n="*launch_token,"><phr n="*launch_token,"><ent r="3" t="149" w="87" /></phr></stem><stem n="*launch_token_updated,"><phr n="*launch_token_updated,"><ent r="3" t="149" w="92" /></phr></stem><stem n="*enclave_id,"><phr n="*enclave_id,"><ent r="3" t="149" w="99" /></phr></stem><stem n="_misc_attribute_t"><phr n="_misc_attribute_t"><ent r="3" t="149" w="103" /><ent r="64" t="149" w="518" /><ent r="65" t="247" w="104" /><ent r="1000" t="264" w="4" /><ent r="72" t="264" w="11" /></phr></stem><stem n="*misc_attr"><phr n="*misc_attr"><ent r="3" t="149" w="105" /><ent r="1000" t="264" w="6" /></phr></stem><stem n="attr"><phr n="attr"><ent r="3" t="149" w="105" /><ent r="4" t="149" w="506" /><ent r="4" t="181" w="61" /><ent r="3" t="258" w="25" /><ent r="3" t="260" w="25" /><ent r="1000" t="264" w="6" /><ent r="3" t="264" w="37" /><ent r="4" t="264" w="54" /></phr></stem><stem n="lpfilenam"><phr n="lpFileName"><ent r="55" t="149" w="131" /></phr></stem><stem n="createfil"><phr n="CreateFile"><ent r="55" t="149" w="136" /></phr></stem><stem n="multi-byt"><phr n="Multi-Byte"><ent r="54" t="149" w="161" /></phr></stem><stem n="_token"><phr n="_token"><ent r="4" t="149" w="321" /></phr></stem><stem n="[in/out]"><phr n="[in/out]"><ent r="4" t="149" w="324" /><ent r="4" t="242" w="112" /><ent r="4" t="243" w="174" /><ent r="4" t="244" w="186" /></phr></stem><stem n="-0"><phr n="-0"><ent r="3" t="149" w="353" /><ent r="3" t="149" w="353" /></phr></stem><stem n="all-0"><phr n="all-0"><ent r="3" t="149" w="353" /></phr></stem><stem n="-use"><phr n="-use"><ent r="3" t="149" w="402" /><ent r="3" t="149" w="402" /></phr></stem><stem n="re-us"><phr n="re-use"><ent r="3" t="149" w="402" /></phr></stem><stem n="_token_upd"><phr n="_token_updated"><ent r="4" t="149" w="452" /></phr></stem><stem n="_id"><phr n="_id"><ent r="4" t="149" w="480" /><ent r="3" t="149" w="1127" /><ent r="3" t="150" w="40" /><ent r="4" t="150" w="47" /><ent r="4" t="269" w="399" /><ent r="4" t="276" w="91" /><ent r="4" t="289" w="73" /><ent r="4" t="292" w="140" /><ent r="4" t="295" w="139" /></phr></stem><stem n="_attr"><phr n="_attr"><ent r="4" t="149" w="506" /><ent r="4" t="264" w="54" /></phr></stem><stem n="[out,"><phr n="[out,"><ent r="4" t="149" w="508" /></phr></stem><stem n="_error_invalid_enclav"><phr n="_ERROR_INVALID_ENCLAVE"><ent r="4" t="149" w="560" /><ent r="6" t="310" w="267" /></phr></stem><stem n="corrupt"><phr n="corrupted"><ent r="3" t="149" w="566" /><ent r="3" t="152" w="133" /><ent r="3" t="153" w="111" /><ent r="3" t="154" w="337" /><ent r="3" t="155" w="273" /><ent r="3" t="156" w="495" /><ent r="3" t="157" w="364" /></phr><phr n="corrupt"><ent r="3" t="149" w="646" /></phr><phr n="corruption"><ent r="3" t="203" w="586" /><ent r="3" t="203" w="594" /><ent r="3" t="206" w="351" /></phr></stem><stem n="_error_invalid_paramet"><phr n="_ERROR_INVALID_PARAMETER"><ent r="4" t="149" w="571" /><ent r="4" t="152" w="114" /><ent r="4" t="153" w="94" /><ent r="4" t="154" w="318" /><ent r="4" t="155" w="254" /><ent r="4" t="156" w="476" /><ent r="4" t="157" w="345" /><ent r="4" t="158" w="107" /><ent r="4" t="159" w="89" /><ent r="4" t="160" w="136" /><ent r="4" t="161" w="151" /><ent r="4" t="162" w="160" /><ent r="4" t="163" w="137" /><ent r="4" t="164" w="75" /><ent r="4" t="165" w="96" /><ent r="4" t="168" w="119" /><ent r="4" t="193" w="117" /><ent r="4" t="194" w="135" /><ent r="4" t="195" w="167" /><ent r="4" t="196" w="299" /><ent r="4" t="197" w="102" /><ent r="4" t="201" w="360" /><ent r="4" t="202" w="532" /><ent r="4" t="203" w="406" /><ent r="4" t="204" w="242" /><ent r="4" t="205" w="411" /><ent r="4" t="206" w="216" /><ent r="4" t="207" w="159" /><ent r="4" t="208" w="148" /><ent r="4" t="209" w="190" /><ent r="4" t="210" w="148" /><ent r="4" t="211" w="107" /><ent r="4" t="212" w="392" /><ent r="4" t="213" w="401" /><ent r="4" t="214" w="200" /><ent r="4" t="215" w="186" /><ent r="4" t="216" w="191" /><ent r="4" t="217" w="146" /><ent r="4" t="218" w="109" /><ent r="4" t="219" w="225" /><ent r="4" t="220" w="225" /><ent r="4" t="221" w="198" /><ent r="4" t="222" w="149" /><ent r="4" t="223" w="265" /><ent r="4" t="224" w="241" /><ent r="4" t="225" w="204" /><ent r="4" t="226" w="215" /><ent r="4" t="227" w="254" /><ent r="4" t="230" w="96" /><ent r="4" t="231" w="130" /><ent r="5" t="232" w="138" /><ent r="4" t="232" w="216" /><ent r="4" t="233" w="113" /><ent r="4" t="234" w="86" /><ent r="4" t="235" w="101" /><ent r="4" t="236" w="99" /><ent r="4" t="237" w="179" /><ent r="4" t="238" w="259" /><ent r="4" t="239" w="403" /><ent r="4" t="240" w="82" /><ent r="4" t="241" w="167" /><ent r="4" t="242" w="182" /><ent r="4" t="243" w="239" /><ent r="4" t="244" w="487" /><ent r="4" t="245" w="424" /><ent r="4" t="292" w="196" /><ent r="6" t="310" w="38" /></phr></stem><stem n="‘enclave_id’,"><phr n="‘enclave_id’,"><ent r="3" t="149" w="576" /></phr></stem><stem n="‘updated’"><phr n="‘updated’"><ent r="3" t="149" w="577" /></phr></stem><stem n="‘token’"><phr n="‘token’"><ent r="3" t="149" w="579" /></phr></stem><stem n="_error_out_of_memori"><phr n="_ERROR_OUT_OF_MEMORY"><ent r="4" t="149" w="587" /><ent r="4" t="152" w="151" /><ent r="4" t="154" w="384" /><ent r="4" t="155" w="333" /><ent r="4" t="156" w="555" /><ent r="4" t="157" w="383" /><ent r="4" t="158" w="125" /><ent r="4" t="164" w="103" /><ent r="4" t="165" w="132" /><ent r="4" t="195" w="232" /><ent r="4" t="196" w="340" /><ent r="4" t="201" w="481" /><ent r="4" t="202" w="652" /><ent r="4" t="203" w="607" /><ent r="4" t="204" w="327" /><ent r="4" t="205" w="496" /><ent r="4" t="206" w="365" /><ent r="4" t="207" w="170" /><ent r="4" t="208" w="164" /><ent r="4" t="212" w="456" /><ent r="4" t="213" w="480" /><ent r="4" t="214" w="215" /><ent r="4" t="215" w="200" /><ent r="4" t="216" w="206" /><ent r="4" t="217" w="161" /><ent r="4" t="219" w="241" /><ent r="4" t="220" w="241" /><ent r="4" t="221" w="211" /><ent r="4" t="223" w="283" /><ent r="4" t="224" w="262" /><ent r="4" t="225" w="223" /><ent r="4" t="226" w="240" /><ent r="4" t="227" w="280" /><ent r="4" t="228" w="97" /><ent r="4" t="231" w="209" /><ent r="4" t="232" w="339" /><ent r="4" t="233" w="235" /><ent r="4" t="234" w="214" /><ent r="4" t="235" w="229" /><ent r="4" t="236" w="199" /><ent r="4" t="237" w="195" /><ent r="4" t="238" w="275" /><ent r="4" t="242" w="211" /><ent r="4" t="243" w="268" /><ent r="4" t="244" w="530" /><ent r="4" t="245" w="453" /><ent r="4" t="292" w="225" /><ent r="6" t="310" w="51" /></phr></stem><stem n="_error_enclave_file_access"><phr n="_ERROR_ENCLAVE_FILE_ACCESS"><ent r="4" t="149" w="605" /><ent r="6" t="310" w="461" /></phr></stem><stem n="_error_invalid_metadata"><phr n="_ERROR_INVALID_METADATA"><ent r="4" t="149" w="636" /></phr></stem><stem n="_error_invalid_vers"><phr n="_ERROR_INVALID_VERSION"><ent r="4" t="149" w="653" /><ent r="6" t="310" w="408" /></phr></stem><stem n="(creat"><phr n="(created"><ent r="3" t="149" w="659" /></phr></stem><stem n="(urts)"><phr n="(uRTS)"><ent r="3" t="149" w="670" /></phr></stem><stem n="_error_invalid_signatur"><phr n="_ERROR_INVALID_SIGNATURE"><ent r="4" t="149" w="677" /><ent r="4" t="156" w="649" /><ent r="6" t="310" w="294" /></phr></stem><stem n="_error_no_devic"><phr n="_ERROR_NO_DEVICE"><ent r="4" t="149" w="733" /><ent r="6" t="310" w="360" /></phr></stem><stem n="_error_memory_map_conflict"><phr n="_ERROR_MEMORY_MAP_CONFLICT"><ent r="4" t="149" w="763" /><ent r="6" t="310" w="372" /></phr></stem><stem n="race"><phr n="race"><ent r="3" t="149" w="771" /><ent r="3" t="176" w="188" /><ent r="3" t="181" w="173" /></phr></stem><stem n="virtual"><phr n="virtual"><ent r="3" t="149" w="788" /></phr></stem><stem n="encount"><phr n="encountered"><ent r="3" t="149" w="795" /><ent r="3" t="149" w="824" /><ent r="3" t="152" w="201" /><ent r="3" t="154" w="433" /><ent r="3" t="155" w="407" /><ent r="3" t="156" w="629" /><ent r="3" t="157" w="442" /><ent r="3" t="159" w="136" /><ent r="3" t="228" w="121" /><ent r="3" t="231" w="203" /><ent r="3" t="232" w="333" /><ent r="3" t="233" w="229" /><ent r="3" t="234" w="208" /><ent r="3" t="235" w="223" /><ent r="3" t="236" w="193" /><ent r="6" t="310" w="688" /></phr></stem><stem n="_error_device_busi"><phr n="_ERROR_DEVICE_BUSY"><ent r="4" t="149" w="804" /><ent r="6" t="310" w="397" /></phr></stem><stem n="busi"><phr n="BUSY"><ent r="4" t="149" w="804" /><ent r="3" t="149" w="814" /><ent r="4" t="152" w="137" /><ent r="4" t="152" w="329" /><ent r="4" t="154" w="370" /><ent r="4" t="154" w="588" /><ent r="4" t="155" w="306" /><ent r="4" t="155" w="501" /><ent r="4" t="156" w="528" /><ent r="4" t="156" w="750" /><ent r="4" t="157" w="422" /><ent r="4" t="164" w="89" /><ent r="4" t="165" w="118" /><ent r="4" t="228" w="83" /><ent r="4" t="228" w="231" /><ent r="4" t="232" w="227" /><ent r="4" t="232" w="501" /><ent r="4" t="233" w="124" /><ent r="4" t="233" w="411" /><ent r="4" t="234" w="97" /><ent r="4" t="234" w="394" /><ent r="4" t="235" w="112" /><ent r="4" t="235" w="409" /><ent r="6" t="310" w="397" /><ent r="6" t="310" w="401" /><ent r="6" t="310" w="711" /></phr></stem><stem n="low"><phr n="low"><ent r="3" t="149" w="810" /></phr></stem><stem n="_error_mode_incompat"><phr n="_ERROR_MODE_INCOMPATIBLE"><ent r="4" t="149" w="835" /><ent r="6" t="310" w="436" /></phr></stem><stem n="incompat"><phr n="INCOMPATIBLE"><ent r="4" t="149" w="835" /><ent r="3" t="149" w="842" /><ent r="3" t="149" w="1007" /><ent r="3" t="161" w="187" /><ent r="3" t="162" w="184" /><ent r="6" t="310" w="104" /><ent r="6" t="310" w="425" /><ent r="6" t="310" w="436" /><ent r="6" t="310" w="449" /></phr></stem><stem n="tri"><phr n="tries"><ent r="3" t="149" w="856" /><ent r="3" t="149" w="867" /><ent r="3" t="179" w="19" /><ent r="3" t="196" w="16" /></phr><phr n="tried"><ent r="3" t="178" w="175" /></phr></stem><stem n="_error_service_unavail"><phr n="_ERROR_SERVICE_UNAVAILABLE"><ent r="4" t="149" w="877" /><ent r="4" t="152" w="166" /><ent r="4" t="154" w="399" /><ent r="4" t="155" w="373" /><ent r="4" t="156" w="595" /><ent r="4" t="157" w="398" /><ent r="4" t="158" w="140" /><ent r="4" t="159" w="101" /><ent r="4" t="160" w="148" /><ent r="4" t="161" w="166" /><ent r="4" t="164" w="118" /><ent r="4" t="165" w="147" /><ent r="4" t="228" w="51" /><ent r="4" t="229" w="56" /><ent r="4" t="231" w="161" /><ent r="4" t="232" w="291" /><ent r="4" t="233" w="187" /><ent r="4" t="234" w="166" /><ent r="4" t="235" w="181" /><ent r="4" t="236" w="151" /><ent r="6" t="310" w="566" /></phr></stem><stem n="unavail"><phr n="UNAVAILABLE"><ent r="4" t="149" w="877" /><ent r="4" t="152" w="166" /><ent r="4" t="154" w="399" /><ent r="4" t="155" w="373" /><ent r="4" t="156" w="595" /><ent r="4" t="157" w="398" /><ent r="3" t="157" w="428" /><ent r="4" t="158" w="140" /><ent r="4" t="159" w="101" /><ent r="4" t="160" w="148" /><ent r="4" t="161" w="166" /><ent r="4" t="164" w="118" /><ent r="4" t="165" w="147" /><ent r="4" t="228" w="51" /><ent r="4" t="229" w="56" /><ent r="4" t="231" w="161" /><ent r="4" t="232" w="291" /><ent r="4" t="233" w="187" /><ent r="4" t="234" w="166" /><ent r="4" t="235" w="181" /><ent r="4" t="236" w="151" /><ent r="6" t="310" w="566" /></phr></stem><stem n="_error_service_timeout"><phr n="_ERROR_SERVICE_TIMEOUT"><ent r="4" t="149" w="908" /><ent r="4" t="152" w="178" /><ent r="4" t="154" w="411" /><ent r="4" t="155" w="385" /><ent r="4" t="156" w="607" /><ent r="4" t="157" w="410" /><ent r="4" t="158" w="152" /><ent r="4" t="159" w="113" /><ent r="4" t="164" w="130" /><ent r="4" t="165" w="159" /><ent r="4" t="228" w="70" /><ent r="4" t="229" w="75" /><ent r="4" t="231" w="180" /><ent r="4" t="232" w="310" /><ent r="4" t="233" w="206" /><ent r="4" t="234" w="185" /><ent r="4" t="235" w="200" /><ent r="4" t="236" w="170" /><ent r="6" t="310" w="586" /></phr></stem><stem n="timeout"><phr n="TIMEOUT"><ent r="4" t="149" w="908" /><ent r="4" t="152" w="178" /><ent r="4" t="154" w="411" /><ent r="4" t="155" w="385" /><ent r="4" t="156" w="607" /><ent r="4" t="157" w="410" /><ent r="4" t="158" w="152" /><ent r="4" t="159" w="113" /><ent r="4" t="164" w="130" /><ent r="4" t="165" w="159" /><ent r="3" t="190" w="34" /><ent r="3" t="190" w="57" /><ent r="4" t="190" w="75" /><ent r="3" t="190" w="78" /><ent r="4" t="190" w="86" /><ent r="4" t="190" w="95" /><ent r="3" t="190" w="107" /><ent r="4" t="190" w="144" /><ent r="3" t="190" w="147" /><ent r="3" t="190" w="193" /><ent r="4" t="190" w="197" /><ent r="3" t="190" w="209" /><ent r="3" t="191" w="38" /><ent r="3" t="191" w="69" /><ent r="4" t="191" w="176" /><ent r="3" t="191" w="179" /><ent r="4" t="191" w="187" /><ent r="4" t="191" w="196" /><ent r="3" t="191" w="209" /><ent r="4" t="191" w="246" /><ent r="3" t="191" w="249" /><ent r="3" t="191" w="294" /><ent r="4" t="191" w="298" /><ent r="3" t="191" w="312" /><ent r="4" t="228" w="70" /><ent r="4" t="229" w="75" /><ent r="4" t="231" w="180" /><ent r="4" t="232" w="310" /><ent r="4" t="233" w="206" /><ent r="4" t="234" w="185" /><ent r="4" t="235" w="200" /><ent r="4" t="236" w="170" /><ent r="6" t="310" w="586" /></phr></stem><stem n="_error_service_invalid_privileg"><phr n="_ERROR_SERVICE_INVALID_PRIVILEGE"><ent r="4" t="149" w="923" /></phr></stem><stem n="_error_ndebug_enclav"><phr n="_ERROR_NDEBUG_ENCLAVE"><ent r="4" t="149" w="942" /><ent r="6" t="310" w="306" /></phr></stem><stem n="_error_undefined_symbol"><phr n="_ERROR_UNDEFINED_SYMBOL"><ent r="4" t="149" w="964" /><ent r="6" t="310" w="253" /></phr></stem><stem n="_error_invalid_misc"><phr n="_ERROR_INVALID_MISC"><ent r="4" t="149" w="992" /><ent r="6" t="310" w="474" /></phr></stem><stem n="miscselct"><phr n="MiscSelct"><ent r="3" t="149" w="995" /></phr></stem><stem n="/miscmask"><phr n="/MiscMask"><ent r="3" t="149" w="996" /><ent r="6" t="310" w="478" /></phr></stem><stem n="hyperv"><phr n="HYPERV"><ent r="4" t="149" w="1004" /><ent r="4" t="161" w="177" /><ent r="4" t="162" w="174" /><ent r="6" t="310" w="101" /></phr></stem><stem n="_error_hyperv_en"><phr n="_ERROR_HYPERV_ENABLED"><ent r="4" t="149" w="1005" /><ent r="4" t="161" w="178" /><ent r="4" t="162" w="175" /><ent r="6" t="310" w="102" /></phr></stem><stem n="hyper"><phr n="Hyper"><ent r="3" t="149" w="1014" /><ent r="3" t="149" w="1025" /><ent r="3" t="161" w="189" /><ent r="3" t="161" w="198" /><ent r="3" t="162" w="186" /><ent r="3" t="162" w="195" /><ent r="6" t="310" w="111" /><ent r="6" t="310" w="122" /></phr></stem><stem n="hyper-v"><phr n="Hyper-V"><ent r="3" t="149" w="1014" /><ent r="3" t="149" w="1025" /><ent r="3" t="161" w="189" /><ent r="3" t="161" w="198" /><ent r="3" t="162" w="186" /><ent r="3" t="162" w="195" /><ent r="6" t="310" w="111" /><ent r="6" t="310" w="122" /></phr></stem><stem n="-v*"><phr n="-V*"><ent r="3" t="149" w="1016" /><ent r="3" t="149" w="1016" /><ent r="3" t="161" w="200" /><ent r="3" t="161" w="200" /><ent r="3" t="162" w="197" /><ent r="3" t="162" w="197" /><ent r="6" t="310" w="113" /><ent r="6" t="310" w="113" /></phr></stem><stem n="-v"><phr n="-V"><ent r="3" t="149" w="1025" /><ent r="3" t="149" w="1025" /><ent r="6" t="310" w="122" /><ent r="6" t="310" w="122" /></phr></stem><stem n="_error_unexpect"><phr n="_ERROR_UNEXPECTED"><ent r="4" t="149" w="1034" /><ent r="4" t="152" w="243" /><ent r="4" t="154" w="475" /><ent r="4" t="155" w="426" /><ent r="4" t="156" w="685" /><ent r="4" t="157" w="471" /><ent r="4" t="158" w="164" /><ent r="4" t="159" w="140" /><ent r="4" t="160" w="159" /><ent r="4" t="161" w="207" /><ent r="4" t="162" w="252" /><ent r="4" t="163" w="182" /><ent r="4" t="164" w="142" /><ent r="4" t="165" w="171" /><ent r="4" t="168" w="128" /><ent r="4" t="195" w="328" /><ent r="4" t="197" w="122" /><ent r="4" t="201" w="492" /><ent r="4" t="202" w="663" /><ent r="4" t="203" w="618" /><ent r="4" t="204" w="338" /><ent r="4" t="205" w="507" /><ent r="4" t="206" w="376" /><ent r="4" t="207" w="184" /><ent r="4" t="208" w="178" /><ent r="4" t="209" w="201" /><ent r="4" t="210" w="157" /><ent r="4" t="212" w="470" /><ent r="4" t="213" w="494" /><ent r="4" t="214" w="229" /><ent r="4" t="215" w="214" /><ent r="4" t="216" w="220" /><ent r="4" t="217" w="175" /><ent r="4" t="219" w="255" /><ent r="4" t="220" w="255" /><ent r="4" t="221" w="225" /><ent r="4" t="223" w="297" /><ent r="4" t="224" w="276" /><ent r="4" t="225" w="237" /><ent r="4" t="226" w="254" /><ent r="4" t="227" w="294" /><ent r="4" t="228" w="177" /><ent r="4" t="229" w="88" /><ent r="4" t="231" w="248" /><ent r="4" t="232" w="378" /><ent r="4" t="233" w="274" /><ent r="4" t="234" w="253" /><ent r="4" t="235" w="268" /><ent r="4" t="236" w="238" /><ent r="4" t="237" w="230" /><ent r="4" t="238" w="310" /><ent r="4" t="242" w="222" /><ent r="4" t="243" w="279" /><ent r="4" t="244" w="541" /><ent r="4" t="245" w="464" /><ent r="4" t="292" w="244" /><ent r="6" t="310" w="27" /></phr></stem><stem n="unexpect"><phr n="UNEXPECTED"><ent r="4" t="149" w="1034" /><ent r="3" t="149" w="1037" /><ent r="4" t="152" w="243" /><ent r="3" t="152" w="246" /><ent r="4" t="154" w="475" /><ent r="3" t="154" w="478" /><ent r="4" t="155" w="426" /><ent r="3" t="155" w="429" /><ent r="4" t="156" w="685" /><ent r="3" t="156" w="688" /><ent r="4" t="157" w="471" /><ent r="3" t="157" w="474" /><ent r="4" t="158" w="164" /><ent r="3" t="158" w="167" /><ent r="4" t="159" w="140" /><ent r="3" t="159" w="143" /><ent r="4" t="160" w="159" /><ent r="3" t="160" w="162" /><ent r="4" t="161" w="207" /><ent r="3" t="161" w="210" /><ent r="4" t="162" w="252" /><ent r="3" t="162" w="255" /><ent r="4" t="163" w="182" /><ent r="3" t="163" w="185" /><ent r="4" t="164" w="142" /><ent r="4" t="165" w="171" /><ent r="4" t="168" w="128" /><ent r="3" t="168" w="132" /><ent r="4" t="195" w="328" /><ent r="3" t="195" w="332" /><ent r="4" t="197" w="122" /><ent r="3" t="197" w="126" /><ent r="4" t="201" w="492" /><ent r="4" t="202" w="663" /><ent r="4" t="203" w="618" /><ent r="4" t="204" w="338" /><ent r="4" t="205" w="507" /><ent r="4" t="206" w="376" /><ent r="4" t="207" w="184" /><ent r="4" t="208" w="178" /><ent r="4" t="209" w="201" /><ent r="4" t="210" w="157" /><ent r="4" t="212" w="470" /><ent r="4" t="213" w="494" /><ent r="4" t="214" w="229" /><ent r="3" t="214" w="232" /><ent r="4" t="215" w="214" /><ent r="4" t="216" w="220" /><ent r="4" t="216" w="239" /><ent r="4" t="217" w="175" /><ent r="4" t="217" w="196" /><ent r="4" t="219" w="255" /><ent r="4" t="220" w="255" /><ent r="4" t="221" w="225" /><ent r="4" t="223" w="297" /><ent r="4" t="224" w="276" /><ent r="4" t="225" w="237" /><ent r="4" t="226" w="254" /><ent r="4" t="227" w="294" /><ent r="4" t="228" w="177" /><ent r="3" t="228" w="181" /><ent r="4" t="229" w="88" /><ent r="3" t="229" w="92" /><ent r="4" t="231" w="248" /><ent r="3" t="231" w="252" /><ent r="4" t="232" w="378" /><ent r="3" t="232" w="382" /><ent r="4" t="233" w="274" /><ent r="3" t="233" w="278" /><ent r="4" t="234" w="253" /><ent r="3" t="234" w="257" /><ent r="4" t="235" w="268" /><ent r="3" t="235" w="272" /><ent r="4" t="236" w="238" /><ent r="3" t="236" w="242" /><ent r="4" t="237" w="230" /><ent r="3" t="237" w="235" /><ent r="4" t="238" w="310" /><ent r="3" t="238" w="315" /><ent r="4" t="242" w="222" /><ent r="3" t="242" w="225" /><ent r="4" t="243" w="279" /><ent r="3" t="243" w="282" /><ent r="4" t="244" w="541" /><ent r="3" t="244" w="544" /><ent r="4" t="245" w="464" /><ent r="3" t="245" w="467" /><ent r="4" t="292" w="244" /><ent r="3" t="292" w="249" /><ent r="6" t="310" w="27" /><ent r="6" t="310" w="30" /></phr></stem><stem n="incorrect"><phr n="incorrect"><ent r="3" t="149" w="1071" /><ent r="3" t="155" w="419" /><ent r="3" t="156" w="641" /><ent r="3" t="239" w="426" /><ent r="3" t="241" w="175" /><ent r="3" t="242" w="190" /><ent r="3" t="242" w="202" /><ent r="3" t="243" w="247" /><ent r="3" t="243" w="259" /><ent r="3" t="244" w="495" /><ent r="3" t="244" w="507" /><ent r="3" t="245" w="432" /><ent r="3" t="245" w="444" /><ent r="6" t="310" w="43" /><ent r="6" t="310" w="92" /><ent r="6" t="310" w="161" /><ent r="6" t="310" w="273" /><ent r="6" t="310" w="390" /><ent r="6" t="310" w="481" /></phr></stem><stem n="“token”,"><phr n="“token”,"><ent r="3" t="149" w="1087" /></phr></stem><stem n="“updated”"><phr n="“updated”"><ent r="3" t="149" w="1091" /></phr></stem><stem n="(handle)"><phr n="(handle)"><ent r="3" t="149" w="1122" /><ent r="3" t="150" w="85" /></phr></stem><stem n="hand"><phr n="hand"><ent r="3" t="149" w="1166" /></phr></stem><stem n="/driver."><phr n="/driver."><ent r="3" t="149" w="1199" /></phr></stem><stem n="offset"><phr n="offset"><ent r="3" t="149" w="1237" /><ent r="3" t="278" w="107" /><ent r="3" t="278" w="145" /><ent r="3" t="278" w="148" /><ent r="6" t="313" w="275" /></phr></stem><stem n="(both"><phr n="(both"><ent r="3" t="149" w="1264" /></phr></stem><stem n="entir"><phr n="entirely"><ent r="3" t="149" w="1275" /><ent r="3" t="224" w="424" /></phr><phr n="entire"><ent r="3" t="241" w="121" /></phr></stem><stem n="hang"><phr n="hangs"><ent r="3" t="149" w="1317" /></phr></stem><stem n="_urts.h"><phr n="_urts.h"><ent r="6" t="149" w="1341" /><ent r="6" t="150" w="217" /><ent r="6" t="151" w="150" /><ent r="6" t="249" w="71" /></phr></stem><stem n="(simulation)"><phr n="(simulation)"><ent r="6" t="149" w="1357" /><ent r="5" t="149" w="1372" /><ent r="6" t="150" w="233" /><ent r="6" t="152" w="359" /><ent r="6" t="153" w="193" /><ent r="6" t="154" w="618" /><ent r="6" t="157" w="525" /><ent r="6" t="158" w="220" /><ent r="6" t="159" w="206" /><ent r="6" t="164" w="230" /><ent r="6" t="165" w="219" /><ent r="6" t="166" w="214" /><ent r="6" t="167" w="178" /><ent r="6" t="168" w="230" /><ent r="6" t="169" w="399" /><ent r="6" t="170" w="175" /><ent r="6" t="171" w="92" /><ent r="6" t="173" w="100" /><ent r="6" t="195" w="436" /><ent r="6" t="196" w="516" /><ent r="6" t="197" w="211" /><ent r="6" t="198" w="261" /><ent r="6" t="199" w="204" /><ent r="6" t="200" w="190" /><ent r="6" t="201" w="677" /><ent r="6" t="202" w="817" /><ent r="6" t="203" w="750" /><ent r="6" t="204" w="490" /><ent r="6" t="205" w="663" /><ent r="6" t="206" w="472" /><ent r="6" t="228" w="263" /><ent r="6" t="229" w="147" /><ent r="6" t="230" w="191" /><ent r="6" t="231" w="390" /><ent r="6" t="232" w="655" /><ent r="6" t="233" w="562" /><ent r="6" t="234" w="427" /><ent r="6" t="235" w="442" /><ent r="6" t="236" w="344" /><ent r="6" t="241" w="199" /><ent r="6" t="242" w="251" /><ent r="6" t="243" w="308" /><ent r="6" t="244" w="570" /><ent r="6" t="245" w="493" /></phr></stem><stem n="libsgx"><phr n="libsgx"><ent r="6" t="149" w="1360" /><ent r="6" t="149" w="1366" /></phr></stem><stem n="_urts.a"><phr n="_urts.a"><ent r="6" t="149" w="1362" /></phr></stem><stem n="_urts_sim.a"><phr n="_urts_sim.a"><ent r="6" t="149" w="1369" /></phr></stem><stem n="_destroy_enclave("><phr n="_destroy_enclave("><ent r="3" t="150" w="33" /></phr></stem><stem n="_create_enclave."><phr n="_create_enclave."><ent r="3" t="150" w="62" /></phr></stem><stem n="_error_invalid_enclave_id"><phr n="_ERROR_INVALID_ENCLAVE_ID"><ent r="4" t="150" w="79" /><ent r="6" t="310" w="281" /></phr></stem><stem n="deadlock"><phr n="deadlocks"><ent r="3" t="150" w="166" /></phr></stem><stem n="_enumerate_enclav"><phr n="_enumerate_enclaves"><ent r="1000" t="151" w="3" /></phr></stem><stem n="_enum_enclaves("><phr n="_enum_enclaves("><ent r="3" t="151" w="36" /></phr></stem><stem n="enclaveenumarraytyp"><phr n="EnclaveEnumArrayType"><ent r="3" t="151" w="37" /><ent r="4" t="151" w="81" /><ent r="4" t="151" w="102" /></phr></stem><stem n="penclaveenum"><phr n="pEnclaveEnum"><ent r="3" t="151" w="38" /><ent r="4" t="151" w="50" /></phr></stem><stem n="dword"><phr n="DWORD"><ent r="3" t="151" w="40" /><ent r="3" t="151" w="43" /></phr></stem><stem n="cb"><phr n="cb"><ent r="3" t="151" w="41" /><ent r="4" t="151" w="68" /><ent r="3" t="238" w="74" /><ent r="4" t="238" w="161" /></phr></stem><stem n="pbytesneed"><phr n="pBytesNeeded"><ent r="3" t="151" w="44" /><ent r="4" t="151" w="84" /></phr></stem><stem n="_error_feature_not_support"><phr n="_ERROR_FEATURE_NOT_SUPPORTED"><ent r="4" t="151" w="112" /><ent r="6" t="310" w="135" /></phr></stem><stem n="deprec"><phr n="deprecated"><ent r="3" t="151" w="118" /><ent r="3" t="151" w="137" /><ent r="6" t="310" w="141" /></phr></stem><stem n="_init_quote("><phr n="_init_quote("><ent r="3" t="152" w="40" /></phr></stem><stem n="_target_info_t"><phr n="_target_info_t"><ent r="3" t="152" w="44" /><ent r="3" t="196" w="62" /><ent r="64" t="196" w="95" /><ent r="64" t="196" w="180" /><ent r="65" t="247" w="152" /><ent r="1000" t="274" w="4" /><ent r="72" t="274" w="9" /><ent r="3" t="298" w="68" /><ent r="3" t="302" w="41" /></phr></stem><stem n="*p_target_info,"><phr n="*p_target_info,"><ent r="3" t="152" w="48" /></phr></stem><stem n="_epid_group_id_t"><phr n="_epid_group_id_t"><ent r="3" t="152" w="53" /><ent r="65" t="247" w="178" /><ent r="1000" t="279" w="5" /><ent r="72" t="279" w="11" /><ent r="3" t="281" w="38" /><ent r="3" t="294" w="50" /></phr></stem><stem n="*p_gid"><phr n="*p_gid"><ent r="3" t="152" w="55" /></phr></stem><stem n="_target_info"><phr n="_target_info"><ent r="4" t="152" w="63" /><ent r="4" t="152" w="287" /></phr></stem><stem n="_gid"><phr n="_gid"><ent r="4" t="152" w="86" /><ent r="3" t="152" w="298" /></phr></stem><stem n="_error_ae_invalid_epidblob"><phr n="_ERROR_AE_INVALID_EPIDBLOB"><ent r="4" t="152" w="127" /><ent r="4" t="154" w="331" /><ent r="4" t="155" w="267" /><ent r="4" t="156" w="489" /><ent r="4" t="157" w="358" /><ent r="6" t="310" w="602" /></phr></stem><stem n="epidblob"><phr n="EPIDBLOB"><ent r="4" t="152" w="127" /><ent r="4" t="154" w="331" /><ent r="4" t="155" w="267" /><ent r="4" t="156" w="489" /><ent r="4" t="157" w="358" /><ent r="6" t="310" w="602" /></phr></stem><stem n="_error_busi"><phr n="_ERROR_BUSY"><ent r="4" t="152" w="137" /><ent r="4" t="152" w="329" /><ent r="4" t="154" w="370" /><ent r="4" t="154" w="588" /><ent r="4" t="155" w="306" /><ent r="4" t="155" w="501" /><ent r="4" t="156" w="528" /><ent r="4" t="156" w="750" /><ent r="4" t="157" w="422" /><ent r="4" t="164" w="89" /><ent r="4" t="165" w="118" /><ent r="4" t="228" w="83" /><ent r="4" t="228" w="231" /><ent r="4" t="232" w="227" /><ent r="4" t="232" w="501" /><ent r="4" t="233" w="124" /><ent r="4" t="233" w="411" /><ent r="4" t="234" w="97" /><ent r="4" t="234" w="394" /><ent r="4" t="235" w="112" /><ent r="4" t="235" w="409" /><ent r="6" t="310" w="711" /></phr></stem></index>