<?xml version="1.0" encoding="utf-8"?><index><stem n="overview"><phr n="overview"><ent r="3" t="3" w="41" /><ent r="1000" t="4" w="4" /><ent r="92" t="4" w="12" /><ent r="3" t="43" w="251" /></phr></stem><stem n="tutori"><phr n="tutorials"><ent r="3" t="3" w="45" /><ent r="3" t="6" w="252" /><ent r="1000" t="38" w="5" /></phr></stem><stem n="tool"><phr n="tools"><ent r="3" t="3" w="46" /><ent r="3" t="3" w="73" /><ent r="1000" t="23" w="5" /><ent r="102" t="23" w="14" /><ent r="3" t="23" w="24" /><ent r="3" t="25" w="110" /></phr><phr n="Tool"><ent r="65" t="18" w="253" /><ent r="66" t="23" w="37" /><ent r="66" t="23" w="51" /><ent r="66" t="23" w="102" /><ent r="66" t="23" w="120" /><ent r="1000" t="24" w="4" /><ent r="92" t="24" w="8" /><ent r="3" t="24" w="12" /><ent r="3" t="24" w="50" /><ent r="3" t="24" w="156" /><ent r="4" t="24" w="321" /><ent r="4" t="24" w="334" /><ent r="4" t="24" w="363" /><ent r="1000" t="25" w="4" /><ent r="92" t="25" w="9" /><ent r="3" t="25" w="20" /><ent r="3" t="25" w="81" /><ent r="3" t="26" w="48" /><ent r="6" t="26" w="100" /><ent r="6" t="26" w="174" /><ent r="3" t="26" w="243" /><ent r="5" t="27" w="41" /><ent r="4" t="27" w="193" /><ent r="7" t="27" w="207" /><ent r="3" t="28" w="28" /><ent r="3" t="29" w="12" /><ent r="3" t="29" w="87" /><ent r="3" t="30" w="245" /><ent r="3" t="30" w="256" /><ent r="1000" t="36" w="4" /><ent r="92" t="36" w="11" /><ent r="3" t="36" w="28" /><ent r="3" t="36" w="53" /><ent r="3" t="36" w="124" /><ent r="3" t="36" w="143" /><ent r="3" t="36" w="205" /><ent r="4" t="36" w="349" /><ent r="5" t="36" w="412" /><ent r="4" t="36" w="499" /><ent r="1000" t="37" w="3" /><ent r="92" t="37" w="7" /><ent r="3" t="37" w="65" /><ent r="3" t="37" w="75" /><ent r="54" t="37" w="93" /><ent r="54" t="37" w="98" /><ent r="3" t="37" w="118" /><ent r="3" t="37" w="141" /><ent r="3" t="37" w="180" /><ent r="3" t="37" w="187" /><ent r="3" t="37" w="212" /><ent r="65" t="38" w="129" /><ent r="65" t="38" w="142" /><ent r="64" t="51" w="36" /><ent r="4" t="58" w="546" /><ent r="3" t="74" w="44" /><ent r="3" t="74" w="353" /><ent r="64" t="74" w="363" /><ent r="64" t="75" w="500" /><ent r="3" t="113" w="67" /><ent r="3" t="149" w="663" /><ent r="3" t="149" w="975" /></phr></stem><stem n="api"><phr n="API"><ent r="3" t="3" w="47" /><ent r="3" t="35" w="355" /><ent r="3" t="35" w="385" /><ent r="6" t="35" w="440" /><ent r="7" t="35" w="469" /><ent r="7" t="35" w="478" /><ent r="7" t="35" w="509" /><ent r="7" t="35" w="537" /><ent r="7" t="35" w="563" /><ent r="7" t="35" w="594" /><ent r="7" t="35" w="640" /><ent r="7" t="35" w="688" /><ent r="7" t="39" w="356" /><ent r="7" t="39" w="542" /><ent r="7" t="39" w="620" /><ent r="4" t="42" w="313" /><ent r="4" t="43" w="108" /><ent r="3" t="76" w="41" /><ent r="3" t="80" w="40" /><ent r="3" t="80" w="52" /><ent r="3" t="80" w="126" /><ent r="3" t="90" w="46" /><ent r="3" t="90" w="83" /><ent r="4" t="94" w="282" /><ent r="4" t="94" w="341" /><ent r="3" t="100" w="40" /><ent r="3" t="100" w="48" /><ent r="3" t="100" w="87" /><ent r="3" t="100" w="109" /><ent r="3" t="102" w="81" /><ent r="3" t="102" w="114" /><ent r="65" t="124" w="61" /><ent r="3" t="126" w="18" /><ent r="82" t="128" w="8" /><ent r="3" t="131" w="37" /><ent r="4" t="132" w="45" /><ent r="3" t="133" w="241" /><ent r="54" t="133" w="430" /><ent r="3" t="142" w="120" /><ent r="3" t="142" w="214" /><ent r="6" t="142" w="220" /><ent r="3" t="146" w="170" /><ent r="3" t="146" w="187" /><ent r="4" t="148" w="25" /><ent r="3" t="151" w="115" /><ent r="3" t="152" w="324" /><ent r="3" t="154" w="583" /><ent r="3" t="155" w="415" /><ent r="3" t="155" w="496" /><ent r="3" t="156" w="637" /><ent r="3" t="156" w="745" /><ent r="3" t="158" w="52" /><ent r="3" t="161" w="245" /><ent r="3" t="162" w="287" /><ent r="3" t="163" w="197" /><ent r="3" t="163" w="234" /><ent r="3" t="163" w="262" /><ent r="3" t="228" w="226" /><ent r="3" t="230" w="162" /><ent r="3" t="231" w="296" /><ent r="3" t="231" w="361" /><ent r="3" t="232" w="437" /><ent r="3" t="233" w="347" /><ent r="3" t="234" w="301" /><ent r="3" t="235" w="316" /><ent r="3" t="236" w="286" /><ent r="3" t="237" w="245" /><ent r="3" t="238" w="325" /><ent r="3" t="239" w="338" /><ent r="3" t="239" w="422" /><ent r="3" t="239" w="467" /><ent r="3" t="240" w="106" /><ent r="3" t="242" w="198" /><ent r="3" t="243" w="255" /><ent r="3" t="244" w="503" /><ent r="3" t="245" w="440" /><ent r="3" t="295" w="386" /><ent r="3" t="295" w="408" /><ent r="3" t="296" w="221" /><ent r="3" t="296" w="243" /><ent r="3" t="296" w="501" /><ent r="3" t="296" w="523" /><ent r="6" t="310" w="88" /></phr><phr n="APIs"><ent r="3" t="3" w="67" /><ent r="4" t="42" w="330" /><ent r="4" t="42" w="366" /><ent r="55" t="78" w="182" /><ent r="3" t="92" w="95" /><ent r="3" t="94" w="47" /><ent r="3" t="94" w="81" /><ent r="3" t="98" w="100" /><ent r="3" t="98" w="335" /><ent r="3" t="98" w="348" /><ent r="3" t="103" w="13" /><ent r="3" t="126" w="182" /><ent r="1000" t="128" w="2" /><ent r="3" t="128" w="19" /><ent r="4" t="132" w="30" /><ent r="4" t="132" w="55" /><ent r="3" t="132" w="106" /><ent r="3" t="134" w="61" /><ent r="3" t="142" w="153" /><ent r="4" t="221" w="167" /><ent r="4" t="222" w="118" /><ent r="4" t="223" w="236" /><ent r="4" t="224" w="212" /><ent r="4" t="225" w="158" /><ent r="4" t="226" w="188" /><ent r="4" t="227" w="218" /><ent r="3" t="237" w="267" /><ent r="3" t="238" w="347" /></phr></stem><stem n="sampl"><phr n="sample"><ent r="3" t="3" w="52" /><ent r="3" t="3" w="68" /><ent r="3" t="6" w="266" /><ent r="3" t="14" w="128" /><ent r="3" t="16" w="118" /><ent r="3" t="17" w="177" /><ent r="4" t="17" w="191" /><ent r="4" t="17" w="398" /><ent r="4" t="17" w="405" /><ent r="4" t="18" w="41" /><ent r="5" t="18" w="58" /><ent r="5" t="18" w="81" /><ent r="5" t="18" w="102" /><ent r="5" t="18" w="135" /><ent r="5" t="18" w="161" /><ent r="5" t="18" w="178" /><ent r="3" t="20" w="167" /><ent r="3" t="20" w="174" /><ent r="3" t="20" w="180" /><ent r="3" t="20" w="187" /><ent r="4" t="20" w="212" /><ent r="3" t="41" w="57" /><ent r="55" t="44" w="261" /><ent r="3" t="76" w="153" /><ent r="3" t="77" w="226" /><ent r="1000" t="78" w="3" /><ent r="102" t="78" w="11" /><ent r="3" t="78" w="24" /><ent r="3" t="78" w="39" /><ent r="3" t="78" w="61" /><ent r="3" t="78" w="82" /><ent r="1000" t="79" w="1" /><ent r="92" t="79" w="4" /><ent r="4" t="79" w="88" /><ent r="3" t="80" w="120" /><ent r="3" t="85" w="91" /><ent r="3" t="87" w="226" /><ent r="3" t="87" w="254" /><ent r="4" t="87" w="278" /><ent r="65" t="90" w="114" /><ent r="3" t="93" w="89" /><ent r="4" t="93" w="128" /><ent r="3" t="93" w="159" /><ent r="3" t="94" w="23" /><ent r="3" t="96" w="52" /><ent r="3" t="96" w="64" /><ent r="3" t="96" w="141" /><ent r="3" t="97" w="137" /><ent r="3" t="97" w="192" /><ent r="4" t="97" w="270" /><ent r="3" t="98" w="14" /><ent r="3" t="98" w="218" /><ent r="3" t="99" w="24" /><ent r="4" t="99" w="32" /><ent r="4" t="99" w="49" /><ent r="3" t="101" w="169" /><ent r="55" t="101" w="200" /><ent r="3" t="101" w="224" /><ent r="3" t="101" w="298" /><ent r="55" t="101" w="349" /><ent r="4" t="101" w="362" /><ent r="4" t="101" w="388" /><ent r="4" t="101" w="399" /><ent r="4" t="101" w="405" /><ent r="3" t="103" w="114" /><ent r="4" t="103" w="157" /><ent r="3" t="104" w="99" /><ent r="4" t="105" w="32" /><ent r="3" t="109" w="10" /><ent r="3" t="109" w="41" /><ent r="4" t="110" w="36" /><ent r="3" t="112" w="16" /><ent r="4" t="112" w="101" /><ent r="3" t="112" w="133" /><ent r="3" t="112" w="185" /><ent r="3" t="112" w="219" /><ent r="3" t="112" w="292" /><ent r="3" t="112" w="303" /><ent r="64" t="112" w="325" /><ent r="3" t="113" w="27" /><ent r="3" t="113" w="45" /><ent r="3" t="113" w="124" /></phr><phr n="sampling"><ent r="3" t="35" w="80" /></phr></stem><stem n="collect"><phr n="collection"><ent r="3" t="3" w="65" /><ent r="3" t="35" w="106" /><ent r="7" t="39" w="497" /><ent r="3" t="47" w="34" /><ent r="3" t="49" w="23" /></phr><phr n="collect"><ent r="3" t="36" w="207" /></phr><phr n="collecting"><ent r="3" t="134" w="17" /></phr></stem><stem n="sourc"><phr n="source"><ent r="3" t="3" w="69" /><ent r="3" t="18" w="55" /><ent r="4" t="18" w="63" /><ent r="4" t="18" w="78" /><ent r="3" t="76" w="14" /><ent r="3" t="87" w="242" /><ent r="3" t="95" w="20" /><ent r="3" t="95" w="37" /><ent r="3" t="95" w="49" /><ent r="3" t="95" w="70" /><ent r="3" t="96" w="47" /><ent r="3" t="96" w="104" /><ent r="3" t="96" w="219" /><ent r="4" t="110" w="18" /><ent r="4" t="110" w="48" /><ent r="4" t="111" w="45" /><ent r="4" t="111" w="61" /><ent r="3" t="112" w="24" /><ent r="3" t="112" w="145" /><ent r="3" t="196" w="377" /><ent r="3" t="196" w="406" /><ent r="3" t="196" w="429" /><ent r="3" t="196" w="483" /><ent r="3" t="212" w="417" /><ent r="3" t="212" w="424" /><ent r="3" t="212" w="434" /><ent r="3" t="212" w="595" /><ent r="3" t="213" w="426" /><ent r="3" t="213" w="433" /><ent r="3" t="213" w="443" /><ent r="3" t="214" w="204" /><ent r="3" t="216" w="194" /><ent r="3" t="219" w="229" /><ent r="3" t="219" w="361" /><ent r="3" t="220" w="229" /><ent r="3" t="220" w="361" /><ent r="3" t="231" w="42" /><ent r="3" t="231" w="46" /><ent r="4" t="231" w="79" /><ent r="3" t="231" w="92" /><ent r="3" t="231" w="108" /><ent r="4" t="231" w="268" /><ent r="4" t="231" w="283" /><ent r="4" t="231" w="316" /><ent r="65" t="247" w="205" /><ent r="1000" t="285" w="3" /><ent r="72" t="285" w="9" /><ent r="3" t="285" w="16" /><ent r="3" t="285" w="30" /><ent r="6" t="312" w="187" /><ent r="6" t="312" w="195" /><ent r="6" t="313" w="70" /><ent r="6" t="313" w="308" /><ent r="6" t="313" w="313" /></phr></stem><stem n="librari"><phr n="libraries"><ent r="3" t="3" w="71" /><ent r="7" t="11" w="138" /><ent r="4" t="20" w="115" /><ent r="65" t="38" w="39" /><ent r="65" t="38" w="45" /><ent r="3" t="39" w="71" /><ent r="3" t="39" w="78" /><ent r="3" t="39" w="92" /><ent r="3" t="39" w="110" /><ent r="3" t="39" w="114" /><ent r="55" t="39" w="213" /><ent r="7" t="39" w="328" /><ent r="7" t="39" w="337" /><ent r="4" t="42" w="301" /><ent r="65" t="42" w="397" /><ent r="3" t="43" w="38" /><ent r="4" t="43" w="41" /><ent r="4" t="43" w="186" /><ent r="66" t="43" w="459" /><ent r="1000" t="45" w="3" /><ent r="92" t="45" w="8" /><ent r="3" t="45" w="23" /><ent r="4" t="45" w="26" /><ent r="4" t="45" w="29" /><ent r="4" t="45" w="32" /><ent r="1000" t="46" w="2" /><ent r="82" t="46" w="5" /><ent r="3" t="46" w="37" /><ent r="1000" t="47" w="2" /><ent r="82" t="47" w="5" /><ent r="3" t="47" w="13" /><ent r="3" t="47" w="37" /><ent r="3" t="47" w="40" /><ent r="6" t="47" w="114" /><ent r="1000" t="48" w="2" /><ent r="82" t="48" w="5" /><ent r="3" t="48" w="14" /><ent r="1000" t="49" w="5" /><ent r="82" t="49" w="11" /><ent r="3" t="49" w="26" /><ent r="3" t="49" w="29" /><ent r="1000" t="71" w="4" /><ent r="82" t="71" w="9" /><ent r="3" t="71" w="29" /><ent r="3" t="71" w="33" /><ent r="4" t="79" w="49" /><ent r="3" t="85" w="106" /><ent r="64" t="85" w="125" /><ent r="3" t="85" w="183" /><ent r="3" t="94" w="70" /><ent r="3" t="94" w="101" /><ent r="3" t="97" w="177" /><ent r="3" t="97" w="322" /><ent r="3" t="97" w="394" /><ent r="3" t="97" w="417" /><ent r="1000" t="98" w="4" /><ent r="72" t="98" w="10" /><ent r="3" t="98" w="22" /><ent r="3" t="98" w="55" /><ent r="4" t="99" w="62" /><ent r="65" t="114" w="47" /><ent r="1000" t="123" w="2" /><ent r="92" t="123" w="5" /><ent r="3" t="123" w="9" /><ent r="3" t="123" w="12" /><ent r="3" t="123" w="30" /><ent r="3" t="123" w="39" /><ent r="3" t="123" w="58" /><ent r="3" t="123" w="115" /><ent r="3" t="123" w="135" /><ent r="4" t="123" w="189" /><ent r="65" t="124" w="64" /><ent r="1000" t="128" w="5" /><ent r="82" t="128" w="11" /><ent r="3" t="144" w="37" /><ent r="3" t="146" w="33" /><ent r="65" t="311" w="31" /><ent r="6" t="312" w="80" /><ent r="1000" t="314" w="5" /><ent r="92" t="314" w="13" /><ent r="3" t="314" w="19" /><ent r="3" t="314" w="32" /><ent r="6" t="314" w="58" /><ent r="6" t="314" w="71" /><ent r="6" t="314" w="100" /></phr><phr n="library"><ent r="3" t="6" w="238" /><ent r="8" t="11" w="127" /><ent r="8" t="11" w="131" /><ent r="4" t="20" w="52" /><ent r="3" t="21" w="45" /><ent r="3" t="34" w="285" /><ent r="3" t="35" w="401" /><ent r="7" t="35" w="604" /><ent r="4" t="42" w="343" /><ent r="65" t="42" w="401" /><ent r="4" t="42" w="418" /><ent r="1000" t="43" w="1" /><ent r="92" t="43" w="6" /><ent r="3" t="43" w="12" /><ent r="3" t="43" w="22" /><ent r="4" t="43" w="66" /><ent r="4" t="43" w="70" /><ent r="4" t="43" w="107" /><ent r="4" t="43" w="119" /><ent r="4" t="43" w="147" /><ent r="4" t="43" w="151" /><ent r="4" t="43" w="160" /><ent r="4" t="43" w="165" /><ent r="4" t="43" w="179" /><ent r="4" t="43" w="193" /><ent r="4" t="43" w="199" /><ent r="3" t="43" w="205" /><ent r="3" t="43" w="247" /><ent r="3" t="43" w="266" /><ent r="4" t="43" w="273" /><ent r="4" t="43" w="292" /><ent r="4" t="43" w="297" /><ent r="55" t="43" w="309" /><ent r="4" t="43" w="322" /><ent r="4" t="43" w="342" /><ent r="4" t="43" w="360" /><ent r="4" t="43" w="366" /><ent r="5" t="43" w="377" /><ent r="5" t="43" w="398" /><ent r="5" t="43" w="417" /><ent r="5" t="43" w="428" /><ent r="5" t="43" w="438" /><ent r="5" t="43" w="444" /><ent r="66" t="43" w="463" /><ent r="4" t="43" w="510" /><ent r="5" t="43" w="516" /><ent r="6" t="43" w="541" /><ent r="3" t="44" w="159" /><ent r="3" t="44" w="220" /><ent r="55" t="44" w="260" /><ent r="3" t="46" w="21" /><ent r="6" t="47" w="98" /><ent r="6" t="47" w="137" /><ent r="6" t="47" w="178" /><ent r="6" t="47" w="191" /><ent r="3" t="48" w="34" /><ent r="3" t="48" w="39" /><ent r="3" t="48" w="43" /><ent r="3" t="48" w="51" /><ent r="3" t="48" w="62" /><ent r="3" t="48" w="86" /><ent r="5" t="49" w="82" /><ent r="5" t="49" w="165" /><ent r="6" t="49" w="210" /><ent r="5" t="49" w="226" /><ent r="3" t="51" w="159" /><ent r="3" t="51" w="282" /><ent r="3" t="69" w="42" /><ent r="3" t="70" w="51" /><ent r="82" t="71" w="13" /><ent r="3" t="71" w="51" /><ent r="3" t="71" w="69" /><ent r="3" t="71" w="89" /><ent r="3" t="71" w="131" /><ent r="3" t="71" w="194" /><ent r="3" t="71" w="236" /><ent r="3" t="71" w="263" /><ent r="3" t="71" w="290" /><ent r="3" t="76" w="22" /><ent r="4" t="78" w="134" /><ent r="4" t="78" w="165" /><ent r="64" t="80" w="140" /><ent r="3" t="82" w="117" /><ent r="3" t="83" w="37" /><ent r="6" t="85" w="185" /><ent r="6" t="85" w="193" /><ent r="6" t="85" w="202" /><ent r="6" t="85" w="212" /><ent r="3" t="86" w="30" /><ent r="3" t="90" w="51" /><ent r="3" t="90" w="71" /><ent r="1000" t="94" w="4" /><ent r="72" t="94" w="14" /><ent r="3" t="94" w="34" /><ent r="3" t="94" w="59" /><ent r="3" t="94" w="96" /><ent r="3" t="94" w="108" /><ent r="3" t="94" w="131" /><ent r="3" t="94" w="143" /><ent r="4" t="94" w="163" /><ent r="4" t="94" w="212" /><ent r="4" t="94" w="228" /><ent r="4" t="94" w="281" /><ent r="4" t="94" w="340" /><ent r="4" t="94" w="397" /><ent r="3" t="95" w="113" /><ent r="3" t="96" w="150" /><ent r="3" t="96" w="231" /><ent r="3" t="98" w="59" /><ent r="3" t="98" w="65" /><ent r="3" t="98" w="83" /><ent r="3" t="98" w="105" /><ent r="3" t="98" w="111" /><ent r="3" t="98" w="118" /><ent r="3" t="98" w="122" /><ent r="3" t="98" w="137" /><ent r="3" t="98" w="149" /><ent r="3" t="98" w="157" /><ent r="3" t="98" w="162" /><ent r="3" t="98" w="190" /><ent r="3" t="98" w="339" /><ent r="4" t="99" w="197" /><ent r="3" t="99" w="766" /><ent r="3" t="99" w="800" /><ent r="3" t="101" w="161" /><ent r="4" t="101" w="401" /><ent r="3" t="112" w="26" /><ent r="3" t="112" w="204" /><ent r="4" t="112" w="258" /><ent r="1000" t="114" w="8" /><ent r="102" t="114" w="14" /><ent r="3" t="114" w="29" /><ent r="65" t="114" w="43" /><ent r="1000" t="115" w="2" /><ent r="92" t="115" w="6" /><ent r="3" t="115" w="11" /><ent r="3" t="123" w="81" /><ent r="4" t="123" w="184" /><ent r="3" t="125" w="67" /><ent r="3" t="127" w="52" /><ent r="3" t="127" w="109" /><ent r="3" t="127" w="162" /><ent r="3" t="127" w="193" /><ent r="4" t="127" w="244" /><ent r="1000" t="130" w="7" /><ent r="82" t="130" w="11" /><ent r="3" t="130" w="23" /><ent r="3" t="130" w="40" /><ent r="3" t="131" w="21" /><ent r="3" t="132" w="23" /><ent r="3" t="132" w="103" /><ent r="1000" t="133" w="2" /><ent r="3" t="135" w="16" /><ent r="1000" t="137" w="3" /><ent r="82" t="137" w="7" /><ent r="3" t="137" w="24" /><ent r="3" t="137" w="26" /><ent r="3" t="139" w="31" /><ent r="3" t="139" w="46" /><ent r="3" t="140" w="26" /><ent r="3" t="142" w="141" /><ent r="3" t="142" w="205" /><ent r="3" t="144" w="19" /><ent r="3" t="144" w="60" /><ent r="1000" t="145" w="3" /><ent r="72" t="145" w="7" /><ent r="3" t="145" w="24" /><ent r="3" t="145" w="34" /><ent r="54" t="145" w="60" /><ent r="3" t="145" w="75" /><ent r="4" t="145" w="116" /><ent r="1000" t="146" w="2" /><ent r="82" t="146" w="5" /><ent r="3" t="146" w="18" /><ent r="3" t="146" w="45" /><ent r="3" t="146" w="52" /><ent r="3" t="146" w="169" /><ent r="3" t="146" w="176" /><ent r="3" t="146" w="195" /><ent r="4" t="148" w="39" /><ent r="3" t="149" w="667" /><ent r="3" t="149" w="1131" /><ent r="3" t="149" w="1162" /><ent r="3" t="149" w="1169" /><ent r="6" t="149" w="1343" /><ent r="5" t="149" w="1358" /><ent r="3" t="150" w="169" /><ent r="6" t="150" w="219" /><ent r="6" t="151" w="152" /><ent r="6" t="152" w="343" /><ent r="6" t="153" w="177" /><ent r="6" t="154" w="602" /><ent r="3" t="155" w="195" /><ent r="3" t="155" w="463" /><ent r="6" t="155" w="515" /><ent r="3" t="156" w="278" /><ent r="3" t="156" w="345" /><ent r="3" t="156" w="437" /><ent r="3" t="156" w="717" /><ent r="6" t="156" w="764" /><ent r="6" t="157" w="509" /><ent r="6" t="158" w="204" /><ent r="3" t="159" w="161" /><ent r="6" t="159" w="190" /><ent r="6" t="160" w="208" /><ent r="6" t="161" w="341" /><ent r="6" t="162" w="400" /><ent r="6" t="163" w="300" /><ent r="6" t="164" w="214" /><ent r="6" t="165" w="203" /><ent r="6" t="166" w="200" /><ent r="6" t="167" w="164" /><ent r="6" t="168" w="216" /><ent r="6" t="169" w="385" /><ent r="6" t="170" w="161" /><ent r="6" t="171" w="78" /><ent r="6" t="172" w="64" /><ent r="6" t="173" w="86" /><ent r="6" t="174" w="119" /><ent r="6" t="175" w="113" /><ent r="6" t="176" w="243" /><ent r="6" t="177" w="193" /><ent r="6" t="178" w="301" /><ent r="6" t="179" w="219" /><ent r="6" t="180" w="196" /><ent r="6" t="181" w="211" /><ent r="6" t="182" w="192" /><ent r="6" t="183" w="412" /><ent r="6" t="184" w="199" /><ent r="6" t="185" w="145" /><ent r="6" t="186" w="112" /><ent r="6" t="187" w="270" /><ent r="6" t="188" w="157" /><ent r="6" t="189" w="132" /><ent r="6" t="190" w="227" /><ent r="6" t="191" w="336" /><ent r="6" t="192" w="212" /><ent r="6" t="193" w="340" /><ent r="6" t="194" w="356" /><ent r="6" t="195" w="422" /><ent r="6" t="196" w="502" /><ent r="6" t="197" w="197" /><ent r="3" t="198" w="29" /><ent r="6" t="198" w="247" /><ent r="3" t="199" w="32" /><ent r="6" t="199" w="190" /><ent r="3" t="200" w="29" /><ent r="6" t="200" w="176" /><ent r="3" t="201" w="497" /><ent r="6" t="201" w="663" /><ent r="3" t="202" w="667" /><ent r="3" t="202" w="724" /><ent r="6" t="202" w="803" /><ent r="3" t="203" w="623" /><ent r="6" t="203" w="736" /><ent r="3" t="204" w="343" /><ent r="6" t="204" w="476" /><ent r="3" t="205" w="511" /><ent r="3" t="205" w="568" /><ent r="6" t="205" w="649" /><ent r="3" t="206" w="381" /><ent r="6" t="206" w="458" /><ent r="3" t="207" w="235" /><ent r="6" t="207" w="297" /><ent r="3" t="208" w="107" /><ent r="3" t="208" w="192" /><ent r="3" t="208" w="240" /><ent r="3" t="208" w="248" /><ent r="6" t="208" w="294" /><ent r="3" t="209" w="150" /><ent r="3" t="209" w="206" /><ent r="6" t="209" w="324" /><ent r="3" t="210" w="80" /><ent r="3" t="210" w="171" /><ent r="6" t="210" w="241" /><ent r="3" t="211" w="68" /><ent r="6" t="211" w="161" /><ent r="3" t="212" w="34" /><ent r="3" t="212" w="475" /><ent r="6" t="212" w="645" /><ent r="3" t="213" w="34" /><ent r="3" t="213" w="499" /><ent r="6" t="213" w="649" /><ent r="3" t="214" w="235" /><ent r="6" t="214" w="329" /><ent r="3" t="215" w="142" /><ent r="3" t="215" w="219" /><ent r="3" t="215" w="270" /><ent r="3" t="215" w="279" /><ent r="6" t="215" w="323" /><ent r="3" t="216" w="152" /><ent r="3" t="216" w="225" /><ent r="6" t="216" w="384" /><ent r="3" t="217" w="78" /><ent r="3" t="217" w="189" /><ent r="6" t="217" w="294" /><ent r="3" t="218" w="70" /><ent r="6" t="218" w="163" /><ent r="3" t="219" w="39" /><ent r="3" t="219" w="260" /><ent r="6" t="219" w="382" /><ent r="3" t="220" w="39" /><ent r="3" t="220" w="260" /><ent r="6" t="220" w="382" /><ent r="3" t="221" w="240" /><ent r="3" t="221" w="287" /><ent r="3" t="221" w="296" /><ent r="6" t="221" w="540" /><ent r="6" t="222" w="196" /><ent r="3" t="223" w="309" /><ent r="6" t="223" w="470" /><ent r="3" t="224" w="288" /><ent r="6" t="224" w="685" /><ent r="3" t="225" w="242" /><ent r="6" t="225" w="308" /><ent r="3" t="226" w="266" /><ent r="6" t="226" w="422" /><ent r="3" t="227" w="305" /><ent r="6" t="227" w="433" /><ent r="6" t="228" w="249" /><ent r="6" t="229" w="133" /><ent r="6" t="230" w="177" /><ent r="6" t="231" w="376" /><ent r="6" t="232" w="641" /><ent r="6" t="233" w="548" /><ent r="6" t="234" w="413" /><ent r="6" t="235" w="428" /><ent r="6" t="236" w="330" /><ent r="3" t="237" w="272" /><ent r="6" t="237" w="287" /><ent r="3" t="238" w="352" /><ent r="6" t="238" w="367" /><ent r="6" t="239" w="501" /><ent r="6" t="240" w="135" /><ent r="6" t="241" w="185" /><ent r="6" t="242" w="237" /><ent r="6" t="243" w="294" /><ent r="6" t="244" w="556" /><ent r="6" t="245" w="479" /><ent r="3" t="290" w="20" /><ent r="6" t="312" w="64" /><ent r="5" t="312" w="131" /><ent r="6" t="312" w="157" /><ent r="6" t="312" w="248" /><ent r="6" t="313" w="79" /><ent r="6" t="314" w="85" /><ent r="6" t="314" w="109" /><ent r="6" t="314" w="127" /><ent r="6" t="314" w="142" /><ent r="6" t="314" w="149" /><ent r="3" t="316" w="471" /><ent r="3" t="316" w="487" /><ent r="3" t="316" w="514" /><ent r="4" t="316" w="548" /><ent r="6" t="317" w="81" /></phr></stem><stem n="write"><phr n="write"><ent r="3" t="3" w="80" /><ent r="3" t="39" w="44" /><ent r="3" t="39" w="105" /><ent r="4" t="42" w="563" /><ent r="3" t="42" w="727" /><ent r="3" t="42" w="787" /><ent r="3" t="79" w="19" /><ent r="3" t="169" w="180" /><ent r="3" t="170" w="111" /><ent r="3" t="232" w="456" /><ent r="3" t="233" w="366" /><ent r="3" t="234" w="349" /><ent r="3" t="235" w="364" /><ent r="4" t="316" w="655" /><ent r="4" t="316" w="699" /></phr><phr n="Writing"><ent r="65" t="38" w="20" /><ent r="1000" t="39" w="1" /><ent r="92" t="39" w="5" /><ent r="3" t="71" w="140" /><ent r="3" t="85" w="82" /><ent r="3" t="101" w="18" /><ent r="3" t="232" w="445" /><ent r="3" t="233" w="355" /><ent r="3" t="234" w="338" /><ent r="3" t="235" w="353" /></phr><phr n="writes"><ent r="3" t="257" w="153" /></phr></stem><stem n="debug"><phr n="debug"><ent r="3" t="3" w="82" /><ent r="6" t="5" w="75" /><ent r="6" t="5" w="99" /><ent r="3" t="14" w="301" /><ent r="3" t="14" w="314" /><ent r="3" t="14" w="341" /><ent r="3" t="14" w="371" /><ent r="3" t="14" w="384" /><ent r="5" t="23" w="76" /><ent r="6" t="27" w="111" /><ent r="6" t="27" w="178" /><ent r="1000" t="32" w="1" /><ent r="3" t="32" w="13" /><ent r="5" t="32" w="48" /><ent r="4" t="32" w="69" /><ent r="4" t="32" w="77" /><ent r="3" t="32" w="105" /><ent r="3" t="34" w="31" /><ent r="5" t="34" w="45" /><ent r="4" t="34" w="68" /><ent r="5" t="34" w="89" /><ent r="5" t="34" w="200" /><ent r="3" t="34" w="299" /><ent r="3" t="34" w="313" /><ent r="3" t="34" w="388" /><ent r="3" t="34" w="409" /><ent r="3" t="35" w="144" /><ent r="3" t="35" w="152" /><ent r="4" t="35" w="189" /><ent r="4" t="35" w="201" /><ent r="3" t="35" w="217" /><ent r="5" t="35" w="238" /><ent r="5" t="35" w="249" /><ent r="7" t="35" w="462" /><ent r="7" t="35" w="502" /><ent r="7" t="35" w="528" /><ent r="7" t="35" w="587" /><ent r="7" t="35" w="631" /><ent r="7" t="35" w="679" /><ent r="5" t="36" w="416" /><ent r="5" t="36" w="424" /><ent r="6" t="36" w="433" /><ent r="5" t="36" w="445" /><ent r="5" t="36" w="452" /><ent r="5" t="36" w="456" /><ent r="4" t="38" w="155" /><ent r="3" t="68" w="73" /><ent r="3" t="68" w="95" /><ent r="3" t="68" w="112" /><ent r="55" t="75" w="44" /><ent r="4" t="75" w="79" /><ent r="106" t="75" w="84" /><ent r="56" t="75" w="107" /><ent r="55" t="75" w="117" /><ent r="5" t="75" w="137" /><ent r="5" t="75" w="148" /><ent r="5" t="75" w="237" /><ent r="5" t="75" w="278" /><ent r="5" t="75" w="291" /><ent r="4" t="75" w="311" /><ent r="56" t="75" w="369" /><ent r="5" t="75" w="375" /><ent r="4" t="75" w="396" /><ent r="5" t="75" w="407" /><ent r="5" t="75" w="430" /><ent r="5" t="75" w="449" /><ent r="3" t="76" w="238" /><ent r="3" t="101" w="28" /><ent r="3" t="101" w="325" /><ent r="65" t="124" w="60" /><ent r="1000" t="128" w="1" /><ent r="82" t="128" w="7" /><ent r="3" t="128" w="18" /><ent r="3" t="149" w="79" /><ent r="4" t="149" w="175" /><ent r="3" t="149" w="194" /><ent r="3" t="149" w="201" /><ent r="3" t="149" w="214" /><ent r="3" t="149" w="225" /><ent r="3" t="149" w="257" /><ent r="3" t="149" w="266" /><ent r="3" t="149" w="269" /><ent r="4" t="149" w="276" /><ent r="3" t="149" w="286" /><ent r="4" t="149" w="296" /><ent r="3" t="149" w="302" /><ent r="4" t="149" w="312" /><ent r="6" t="171" w="75" /><ent r="6" t="172" w="61" /><ent r="6" t="173" w="83" /><ent r="3" t="202" w="759" /><ent r="3" t="205" w="603" /><ent r="4" t="263" w="36" /><ent r="5" t="263" w="148" /><ent r="5" t="263" w="155" /><ent r="6" t="315" w="230" /></phr><phr n="debugged"><ent r="6" t="5" w="102" /><ent r="3" t="14" w="378" /><ent r="3" t="14" w="399" /><ent r="3" t="32" w="18" /><ent r="6" t="74" w="250" /><ent r="6" t="74" w="256" /><ent r="3" t="149" w="205" /><ent r="3" t="171" w="12" /></phr><phr n="Debugging"><ent r="1000" t="33" w="3" /><ent r="82" t="33" w="10" /><ent r="3" t="33" w="46" /><ent r="1000" t="34" w="4" /><ent r="82" t="34" w="15" /><ent r="4" t="34" w="178" /><ent r="4" t="34" w="240" /><ent r="4" t="34" w="249" /><ent r="3" t="34" w="276" /><ent r="3" t="40" w="110" /><ent r="1000" t="101" w="1" /><ent r="72" t="101" w="8" /></phr></stem></index>