<?xml version="1.0" encoding="utf-8"?><index><stem n="/manag"><phr n="/managed"><ent r="3" t="34" w="393" /></phr></stem><stem n="mix"><phr n="mix"><ent r="3" t="34" w="395" /><ent r="3" t="34" w="403" /></phr></stem><stem n="intel®"><phr n="Intel®"><ent r="3" t="35" w="18" /></phr></stem><stem n="vtune™"><phr n="VTune™"><ent r="3" t="35" w="19" /></phr></stem><stem n="hotspot"><phr n="Hotspots"><ent r="4" t="35" w="46" /><ent r="4" t="35" w="67" /></phr></stem><stem n="precis"><phr n="Precise"><ent r="3" t="35" w="77" /><ent r="3" t="35" w="95" /><ent r="3" t="35" w="112" /></phr></stem><stem n="peb"><phr n="PEBS"><ent r="3" t="35" w="81" /></phr></stem><stem n="(pebs)"><phr n="(PEBS)"><ent r="3" t="35" w="82" /></phr></stem><stem n="_p"><phr n="_PS"><ent r="4" t="35" w="91" /><ent r="4" t="35" w="101" /></phr></stem><stem n="ps"><phr n="PS"><ent r="4" t="35" w="91" /><ent r="4" t="35" w="101" /><ent r="65" t="120" w="87" /><ent r="65" t="135" w="48" /><ent r="3" t="154" w="549" /><ent r="1000" t="159" w="3" /><ent r="72" t="159" w="8" /><ent r="4" t="159" w="13" /><ent r="3" t="159" w="32" /><ent r="3" t="159" w="36" /><ent r="3" t="159" w="41" /><ent r="4" t="159" w="50" /><ent r="64" t="159" w="59" /><ent r="3" t="159" w="92" /><ent r="4" t="159" w="169" /><ent r="1000" t="230" w="3" /><ent r="72" t="230" w="9" /><ent r="4" t="230" w="15" /><ent r="3" t="230" w="39" /><ent r="3" t="230" w="44" /><ent r="65" t="247" w="214" /><ent r="65" t="247" w="219" /><ent r="1000" t="287" w="2" /><ent r="72" t="287" w="7" /><ent r="3" t="287" w="23" /><ent r="3" t="287" w="30" /><ent r="3" t="287" w="35" /><ent r="3" t="287" w="39" /><ent r="4" t="287" w="46" /><ent r="4" t="287" w="66" /><ent r="1000" t="288" w="2" /><ent r="72" t="288" w="9" /><ent r="3" t="288" w="31" /><ent r="3" t="288" w="40" /><ent r="3" t="288" w="47" /><ent r="3" t="296" w="52" /><ent r="3" t="296" w="57" /><ent r="3" t="296" w="80" /><ent r="3" t="296" w="267" /></phr></stem><stem n="-defin"><phr n="-defined"><ent r="3" t="35" w="184" /><ent r="3" t="35" w="184" /><ent r="3" t="62" w="80" /><ent r="3" t="62" w="80" /><ent r="3" t="65" w="80" /><ent r="3" t="65" w="80" /><ent r="3" t="67" w="169" /><ent r="3" t="67" w="169" /><ent r="6" t="320" w="231" /><ent r="6" t="320" w="231" /></phr></stem><stem n="pre-defin"><phr n="pre-defined"><ent r="3" t="35" w="184" /></phr></stem><stem n="macro"><phr n="macro"><ent r="3" t="35" w="186" /><ent r="3" t="64" w="617" /><ent r="3" t="68" w="11" /><ent r="3" t="68" w="135" /><ent r="3" t="68" w="153" /><ent r="3" t="68" w="174" /><ent r="3" t="112" w="177" /><ent r="3" t="149" w="30" /><ent r="3" t="149" w="273" /><ent r="3" t="176" w="206" /><ent r="3" t="181" w="192" /></phr><phr n="macros"><ent r="3" t="64" w="603" /><ent r="3" t="68" w="64" /><ent r="4" t="68" w="205" /><ent r="6" t="316" w="46" /></phr></stem><stem n="_debug_flag"><phr n="_DEBUG_FLAG"><ent r="4" t="35" w="190" /><ent r="5" t="75" w="149" /><ent r="5" t="75" w="279" /><ent r="56" t="75" w="370" /><ent r="5" t="75" w="376" /><ent r="5" t="75" w="408" /><ent r="5" t="75" w="431" /><ent r="5" t="75" w="450" /><ent r="4" t="149" w="277" /><ent r="4" t="149" w="297" /><ent r="4" t="149" w="313" /></phr></stem><stem n="equal"><phr n="equals"><ent r="3" t="35" w="196" /><ent r="4" t="60" w="92" /></phr><phr n="equal"><ent r="4" t="60" w="76" /><ent r="3" t="62" w="274" /><ent r="4" t="107" w="108" /><ent r="3" t="169" w="35" /><ent r="4" t="201" w="438" /><ent r="4" t="202" w="609" /><ent r="4" t="204" w="284" /><ent r="4" t="205" w="453" /><ent r="3" t="212" w="447" /><ent r="3" t="213" w="456" /></phr></stem><stem n="-releas"><phr n="-RELEASE"><ent r="4" t="35" w="206" /><ent r="4" t="35" w="206" /><ent r="5" t="35" w="242" /><ent r="5" t="35" w="242" /><ent r="3" t="149" w="304" /><ent r="3" t="149" w="304" /></phr></stem><stem n="pre-releas"><phr n="PRE-RELEASE"><ent r="4" t="35" w="206" /><ent r="5" t="35" w="242" /><ent r="3" t="149" w="304" /></phr></stem><stem n="_create_enclave(enclave_filename,"><phr n="_create_enclave(ENCLAVE_FILENAME,"><ent r="3" t="35" w="216" /></phr></stem><stem n="_debug_flag,"><phr n="_DEBUG_FLAG,"><ent r="3" t="35" w="219" /><ent r="3" t="76" w="240" /></phr></stem><stem n="token"><phr n="token"><ent r="3" t="35" w="219" /><ent r="3" t="76" w="75" /><ent r="4" t="76" w="86" /><ent r="3" t="76" w="94" /><ent r="3" t="76" w="114" /><ent r="3" t="76" w="123" /><ent r="3" t="76" w="213" /><ent r="3" t="76" w="215" /><ent r="3" t="76" w="229" /><ent r="3" t="76" w="240" /><ent r="1000" t="82" w="4" /><ent r="72" t="82" w="9" /><ent r="3" t="82" w="14" /><ent r="3" t="82" w="33" /><ent r="3" t="82" w="61" /><ent r="3" t="83" w="12" /><ent r="1000" t="84" w="4" /><ent r="72" t="84" w="9" /><ent r="3" t="84" w="25" /><ent r="4" t="90" w="102" /><ent r="4" t="90" w="123" /><ent r="3" t="112" w="322" /><ent r="3" t="112" w="340" /><ent r="3" t="149" w="22" /><ent r="3" t="149" w="83" /><ent r="3" t="149" w="86" /><ent r="3" t="149" w="90" /><ent r="4" t="149" w="321" /><ent r="64" t="149" w="332" /><ent r="64" t="149" w="361" /><ent r="64" t="149" w="379" /><ent r="64" t="149" w="397" /><ent r="64" t="149" w="425" /><ent r="3" t="149" w="431" /><ent r="4" t="149" w="451" /><ent r="3" t="149" w="465" /><ent r="3" t="149" w="474" /><ent r="3" t="149" w="578" /><ent r="3" t="149" w="891" /><ent r="3" t="149" w="1065" /><ent r="3" t="149" w="1069" /><ent r="3" t="149" w="1086" /><ent r="3" t="149" w="1096" /><ent r="65" t="247" w="29" /><ent r="1000" t="249" w="3" /><ent r="72" t="249" w="8" /><ent r="3" t="249" w="60" /><ent r="6" t="310" w="626" /></phr><phr n="tokens"><ent r="3" t="68" w="39" /></phr></stem><stem n="&amp;token,"><phr n="&amp;token,"><ent r="3" t="35" w="220" /><ent r="3" t="76" w="241" /></phr></stem><stem n="&amp;updated,"><phr n="&amp;updated,"><ent r="3" t="35" w="221" /><ent r="3" t="76" w="242" /></phr></stem><stem n="eid"><phr n="eid"><ent r="3" t="35" w="222" /><ent r="3" t="40" w="163" /><ent r="3" t="40" w="248" /><ent r="3" t="76" w="202" /><ent r="3" t="76" w="242" /><ent r="3" t="76" w="293" /><ent r="3" t="155" w="98" /><ent r="4" t="155" w="146" /><ent r="3" t="156" w="164" /><ent r="4" t="156" w="227" /><ent r="6" t="248" w="48" /><ent r="3" t="297" w="45" /><ent r="3" t="298" w="45" /><ent r="3" t="299" w="45" /></phr></stem><stem n="&amp;global_eid,"><phr n="&amp;global_eid,"><ent r="3" t="35" w="223" /></phr></stem><stem n="null"><phr n="NULL"><ent r="3" t="35" w="223" /><ent r="3" t="58" w="221" /><ent r="3" t="64" w="20" /><ent r="3" t="64" w="26" /><ent r="3" t="64" w="73" /><ent r="3" t="64" w="461" /><ent r="3" t="76" w="243" /><ent r="3" t="149" w="347" /><ent r="3" t="149" w="503" /><ent r="3" t="149" w="535" /><ent r="3" t="149" w="581" /><ent r="3" t="153" w="64" /><ent r="3" t="154" w="153" /><ent r="3" t="154" w="159" /><ent r="3" t="154" w="175" /><ent r="3" t="154" w="199" /><ent r="3" t="154" w="219" /><ent r="3" t="154" w="242" /><ent r="3" t="154" w="274" /><ent r="3" t="168" w="67" /><ent r="4" t="169" w="154" /><ent r="3" t="172" w="38" /><ent r="3" t="176" w="101" /><ent r="3" t="177" w="79" /><ent r="3" t="181" w="100" /><ent r="3" t="182" w="80" /><ent r="3" t="186" w="43" /><ent r="3" t="193" w="128" /><ent r="3" t="194" w="146" /><ent r="3" t="195" w="100" /><ent r="3" t="195" w="146" /><ent r="3" t="195" w="191" /><ent r="3" t="195" w="203" /><ent r="5" t="196" w="126" /><ent r="5" t="196" w="161" /><ent r="3" t="196" w="219" /><ent r="3" t="196" w="224" /><ent r="3" t="196" w="267" /><ent r="3" t="196" w="312" /><ent r="4" t="196" w="475" /><ent r="3" t="197" w="79" /><ent r="3" t="201" w="174" /><ent r="3" t="201" w="250" /><ent r="4" t="201" w="393" /><ent r="3" t="202" w="342" /><ent r="3" t="202" w="421" /><ent r="4" t="202" w="564" /><ent r="3" t="203" w="188" /><ent r="4" t="203" w="439" /><ent r="3" t="207" w="85" /><ent r="3" t="207" w="131" /><ent r="3" t="207" w="286" /><ent r="3" t="209" w="109" /><ent r="3" t="209" w="197" /><ent r="3" t="210" w="153" /><ent r="3" t="211" w="113" /><ent r="3" t="212" w="149" /><ent r="3" t="212" w="187" /><ent r="3" t="212" w="309" /><ent r="3" t="212" w="401" /><ent r="3" t="212" w="414" /><ent r="3" t="212" w="430" /><ent r="3" t="212" w="440" /><ent r="3" t="213" w="151" /><ent r="3" t="213" w="189" /><ent r="3" t="213" w="312" /><ent r="3" t="213" w="410" /><ent r="3" t="213" w="423" /><ent r="3" t="213" w="439" /><ent r="3" t="213" w="449" /><ent r="3" t="214" w="125" /><ent r="3" t="214" w="172" /><ent r="3" t="214" w="209" /><ent r="3" t="214" w="318" /><ent r="3" t="215" w="194" /><ent r="3" t="216" w="111" /><ent r="3" t="216" w="200" /><ent r="3" t="217" w="155" /><ent r="3" t="218" w="115" /><ent r="3" t="219" w="235" /><ent r="3" t="220" w="235" /><ent r="3" t="221" w="205" /><ent r="3" t="222" w="155" /><ent r="3" t="224" w="256" /><ent r="3" t="225" w="217" /><ent r="3" t="226" w="228" /><ent r="3" t="227" w="268" /><ent r="3" t="230" w="79" /><ent r="3" t="231" w="89" /><ent r="3" t="231" w="113" /><ent r="3" t="232" w="178" /><ent r="3" t="232" w="199" /><ent r="3" t="233" w="75" /><ent r="3" t="233" w="96" /><ent r="3" t="235" w="84" /><ent r="3" t="236" w="82" /><ent r="3" t="257" w="164" /></phr></stem><stem n=");"><phr n=");"><ent r="3" t="35" w="224" /><ent r="3" t="40" w="80" /><ent r="3" t="40" w="121" /><ent r="3" t="40" w="167" /><ent r="3" t="40" w="186" /><ent r="3" t="42" w="702" /><ent r="3" t="51" w="319" /><ent r="3" t="51" w="328" /><ent r="3" t="56" w="230" /><ent r="3" t="56" w="237" /><ent r="3" t="56" w="245" /><ent r="3" t="56" w="253" /><ent r="3" t="56" w="260" /><ent r="3" t="56" w="267" /><ent r="3" t="56" w="276" /><ent r="3" t="56" w="286" /><ent r="3" t="56" w="295" /><ent r="3" t="56" w="306" /><ent r="3" t="56" w="315" /><ent r="3" t="56" w="326" /><ent r="3" t="56" w="335" /><ent r="3" t="56" w="346" /><ent r="3" t="56" w="355" /><ent r="3" t="59" w="187" /><ent r="3" t="59" w="197" /><ent r="3" t="59" w="207" /><ent r="3" t="59" w="219" /><ent r="3" t="59" w="235" /><ent r="3" t="59" w="244" /><ent r="3" t="59" w="253" /><ent r="3" t="59" w="264" /><ent r="3" t="59" w="302" /><ent r="3" t="62" w="312" /><ent r="3" t="62" w="411" /><ent r="3" t="62" w="430" /><ent r="3" t="62" w="450" /><ent r="3" t="62" w="476" /><ent r="3" t="62" w="501" /><ent r="3" t="62" w="513" /><ent r="3" t="62" w="539" /><ent r="3" t="62" w="583" /><ent r="3" t="62" w="606" /><ent r="3" t="62" w="626" /><ent r="3" t="62" w="636" /><ent r="3" t="64" w="235" /><ent r="3" t="64" w="246" /><ent r="3" t="64" w="258" /><ent r="3" t="64" w="274" /><ent r="3" t="64" w="293" /><ent r="3" t="64" w="337" /><ent r="3" t="64" w="359" /><ent r="3" t="64" w="386" /><ent r="3" t="64" w="414" /><ent r="3" t="64" w="664" /><ent r="3" t="64" w="680" /><ent r="3" t="64" w="690" /><ent r="3" t="64" w="703" /><ent r="3" t="67" w="190" /><ent r="3" t="68" w="121" /><ent r="3" t="69" w="260" /><ent r="3" t="69" w="270" /><ent r="3" t="69" w="299" /><ent r="3" t="69" w="309" /><ent r="3" t="69" w="360" /><ent r="3" t="71" w="258" /><ent r="3" t="71" w="285" /><ent r="3" t="71" w="306" /><ent r="3" t="72" w="99" /><ent r="3" t="72" w="107" /><ent r="3" t="76" w="244" /><ent r="3" t="76" w="260" /><ent r="3" t="98" w="276" /><ent r="4" t="144" w="94" /><ent r="3" t="149" w="107" /><ent r="3" t="150" w="42" /><ent r="3" t="151" w="46" /><ent r="3" t="152" w="57" /><ent r="3" t="153" w="48" /><ent r="3" t="154" w="91" /><ent r="3" t="155" w="117" /><ent r="3" t="156" w="212" /><ent r="3" t="157" w="247" /><ent r="3" t="158" w="74" /><ent r="3" t="159" w="44" /><ent r="3" t="160" w="102" /><ent r="3" t="161" w="64" /><ent r="3" t="162" w="70" /><ent r="3" t="163" w="57" /><ent r="3" t="164" w="42" /><ent r="3" t="165" w="44" /><ent r="3" t="166" w="64" /><ent r="3" t="167" w="64" /><ent r="3" t="168" w="46" /><ent r="3" t="169" w="69" /><ent r="3" t="170" w="36" /><ent r="3" t="171" w="26" /><ent r="3" t="172" w="29" /><ent r="3" t="173" w="61" /><ent r="3" t="174" w="37" /><ent r="3" t="175" w="37" /><ent r="3" t="176" w="49" /><ent r="3" t="177" w="42" /><ent r="3" t="178" w="42" /><ent r="3" t="179" w="44" /><ent r="3" t="180" w="42" /><ent r="3" t="181" w="49" /><ent r="3" t="182" w="42" /><ent r="3" t="183" w="48" /><ent r="3" t="184" w="43" /><ent r="3" t="185" w="43" /><ent r="3" t="186" w="33" /><ent r="3" t="187" w="50" /><ent r="3" t="188" w="40" /><ent r="3" t="189" w="52" /><ent r="3" t="190" w="59" /><ent r="3" t="191" w="71" /><ent r="3" t="192" w="41" /><ent r="3" t="193" w="68" /><ent r="3" t="194" w="74" /><ent r="3" t="195" w="60" /><ent r="3" t="196" w="79" /><ent r="3" t="197" w="50" /><ent r="3" t="198" w="76" /><ent r="3" t="199" w="82" /><ent r="3" t="200" w="75" /><ent r="3" t="201" w="112" /><ent r="3" t="202" w="149" /><ent r="3" t="203" w="114" /><ent r="3" t="204" w="60" /><ent r="3" t="205" w="98" /><ent r="3" t="206" w="78" /><ent r="3" t="207" w="54" /><ent r="3" t="208" w="86" /><ent r="3" t="209" w="78" /><ent r="3" t="210" w="61" /><ent r="3" t="211" w="48" /><ent r="3" t="212" w="103" /><ent r="3" t="213" w="104" /><ent r="3" t="214" w="69" /><ent r="3" t="215" w="96" /><ent r="3" t="216" w="80" /><ent r="3" t="217" w="58" /><ent r="3" t="218" w="50" /><ent r="3" t="219" w="90" /><ent r="3" t="220" w="90" /><ent r="3" t="221" w="117" /><ent r="3" t="222" w="69" /><ent r="3" t="223" w="103" /><ent r="3" t="224" w="91" /><ent r="3" t="225" w="87" /><ent r="3" t="226" w="69" /><ent r="3" t="227" w="76" /><ent r="3" t="228" w="35" /><ent r="3" t="229" w="40" /><ent r="3" t="230" w="52" /><ent r="3" t="231" w="49" /><ent r="3" t="232" w="60" /><ent r="3" t="233" w="52" /><ent r="3" t="234" w="55" /><ent r="3" t="235" w="49" /><ent r="3" t="236" w="47" /><ent r="3" t="237" w="57" /><ent r="3" t="238" w="83" /><ent r="3" t="239" w="94" /><ent r="3" t="240" w="54" /><ent r="3" t="241" w="48" /><ent r="3" t="242" w="56" /><ent r="3" t="243" w="72" /><ent r="3" t="244" w="77" /><ent r="3" t="245" w="74" /><ent r="3" t="292" w="124" /><ent r="3" t="297" w="65" /><ent r="3" t="298" w="86" /><ent r="3" t="299" w="79" /></phr></stem><stem n="approach"><phr n="approach"><ent r="4" t="35" w="290" /><ent r="5" t="35" w="313" /></phr></stem><stem n="anyth"><phr n="anything"><ent r="4" t="35" w="297" /></phr></stem><stem n="32bit"><phr n="32bit"><ent r="7" t="35" w="321" /><ent r="4" t="36" w="491" /><ent r="4" t="36" w="514" /><ent r="4" t="36" w="518" /></phr></stem><stem n="_libittnotify32"><phr n="_LIBITTNOTIFY32"><ent r="7" t="35" w="324" /></phr></stem><stem n="libittnotify32"><phr n="LIBITTNOTIFY32"><ent r="7" t="35" w="324" /></phr></stem><stem n="="><phr n="="><ent r="7" t="35" w="325" /><ent r="7" t="35" w="338" /><ent r="3" t="40" w="246" /><ent r="3" t="51" w="272" /><ent r="3" t="51" w="274" /><ent r="3" t="56" w="187" /><ent r="3" t="56" w="192" /><ent r="3" t="60" w="25" /><ent r="3" t="76" w="208" /><ent r="3" t="76" w="216" /><ent r="3" t="76" w="220" /><ent r="3" t="76" w="232" /><ent r="4" t="99" w="490" /><ent r="5" t="99" w="538" /><ent r="5" t="99" w="611" /><ent r="5" t="99" w="621" /><ent r="4" t="101" w="56" /><ent r="3" t="223" w="170" /><ent r="4" t="223" w="416" /><ent r="4" t="224" w="458" /><ent r="4" t="224" w="500" /><ent r="3" t="224" w="558" /><ent r="3" t="224" w="560" /><ent r="3" t="224" w="597" /><ent r="3" t="224" w="599" /><ent r="4" t="224" w="613" /><ent r="3" t="224" w="630" /><ent r="3" t="239" w="201" /><ent r="3" t="239" w="212" /><ent r="3" t="239" w="223" /><ent r="3" t="239" w="234" /><ent r="4" t="244" w="265" /><ent r="4" t="245" w="209" /><ent r="3" t="250" w="65" /><ent r="3" t="250" w="75" /><ent r="3" t="250" w="85" /><ent r="3" t="250" w="94" /><ent r="3" t="250" w="102" /><ent r="3" t="250" w="113" /><ent r="3" t="250" w="127" /><ent r="3" t="250" w="138" /><ent r="3" t="251" w="66" /><ent r="3" t="251" w="71" /><ent r="3" t="293" w="38" /><ent r="4" t="295" w="259" /><ent r="4" t="295" w="268" /><ent r="4" t="296" w="94" /><ent r="4" t="296" w="103" /><ent r="4" t="296" w="374" /><ent r="4" t="296" w="383" /><ent r="4" t="303" w="193" /><ent r="4" t="303" w="202" /><ent r="4" t="304" w="82" /><ent r="4" t="304" w="91" /></phr></stem><stem n="&lt;vtune"><phr n="&lt;VTune"><ent r="7" t="35" w="325" /><ent r="7" t="35" w="338" /></phr></stem><stem n="dir&gt;"><phr n="Dir&gt;"><ent r="7" t="35" w="327" /><ent r="7" t="35" w="340" /></phr></stem><stem n="bin32"><phr n="bin32"><ent r="7" t="35" w="328" /></phr></stem><stem n="ittnotifi"><phr n="ittnotify"><ent r="7" t="35" w="330" /><ent r="7" t="35" w="343" /></phr></stem><stem n="collector"><phr n="collector"><ent r="7" t="35" w="331" /><ent r="7" t="35" w="344" /></phr></stem><stem n="\bin32\runtime\ittnotify_collector.dl"><phr n="\bin32\runtime\ittnotify_collector.dll"><ent r="7" t="35" w="332" /></phr></stem><stem n="64bit"><phr n="64bit"><ent r="7" t="35" w="334" /><ent r="4" t="36" w="494" /><ent r="4" t="36" w="508" /></phr></stem><stem n="_libittnotify64"><phr n="_LIBITTNOTIFY64"><ent r="7" t="35" w="337" /></phr></stem><stem n="libittnotify64"><phr n="LIBITTNOTIFY64"><ent r="7" t="35" w="337" /></phr></stem><stem n="bin64"><phr n="bin64"><ent r="7" t="35" w="341" /></phr></stem><stem n="\bin64\runtime\ittnotify_collector.dl"><phr n="\bin64\runtime\ittnotify_collector.dll"><ent r="7" t="35" w="345" /></phr></stem><stem n="itt"><phr n="ITT"><ent r="3" t="35" w="354" /><ent r="3" t="35" w="384" /><ent r="3" t="35" w="399" /><ent r="6" t="35" w="439" /><ent r="7" t="35" w="477" /><ent r="7" t="35" w="490" /><ent r="7" t="35" w="512" /><ent r="7" t="35" w="562" /><ent r="7" t="35" w="575" /><ent r="7" t="35" w="602" /><ent r="7" t="35" w="615" /></phr></stem><stem n="cach"><phr n="cached"><ent r="3" t="35" w="396" /><ent r="7" t="35" w="599" /><ent r="7" t="127" w="322" /></phr><phr n="cache"><ent r="5" t="127" w="260" /><ent r="5" t="127" w="272" /></phr></stem><stem n="invoc"><phr n="Invocation"><ent r="6" t="35" w="434" /><ent r="3" t="133" w="346" /><ent r="3" t="133" w="366" /><ent r="54" t="133" w="386" /><ent r="3" t="204" w="404" /><ent r="3" t="212" w="525" /><ent r="3" t="212" w="555" /><ent r="3" t="213" w="550" /><ent r="3" t="213" w="580" /></phr><phr n="invocations"><ent r="3" t="134" w="31" /></phr></stem><stem n="n"><phr n="N"><ent r="7" t="35" w="453" /><ent r="7" t="35" w="667" /><ent r="3" t="76" w="258" /><ent r="3" t="223" w="128" /><ent r="3" t="223" w="131" /><ent r="4" t="223" w="384" /><ent r="3" t="223" w="388" /><ent r="6" t="313" w="41" /><ent r="6" t="313" w="168" /><ent r="6" t="313" w="207" /><ent r="6" t="313" w="256" /><ent r="6" t="313" w="280" /><ent r="6" t="313" w="284" /><ent r="6" t="313" w="289" /><ent r="6" t="313" w="299" /><ent r="6" t="313" w="303" /><ent r="6" t="313" w="310" /><ent r="6" t="313" w="320" /><ent r="5" t="316" w="561" /></phr></stem><stem n="/a"><phr n="/A"><ent r="7" t="35" w="454" /><ent r="7" t="35" w="668" /></phr></stem><stem n="optin"><phr n="OPTIN"><ent r="7" t="35" w="463" /><ent r="7" t="35" w="503" /><ent r="7" t="35" w="529" /><ent r="7" t="35" w="588" /><ent r="7" t="35" w="632" /><ent r="7" t="35" w="680" /></phr></stem><stem n="map"><phr n="mapping"><ent r="7" t="35" w="468" /><ent r="7" t="35" w="508" /><ent r="7" t="35" w="536" /><ent r="7" t="35" w="593" /><ent r="7" t="35" w="639" /><ent r="7" t="35" w="687" /><ent r="3" t="149" w="774" /><ent r="6" t="310" w="375" /></phr><phr n="MAP"><ent r="4" t="149" w="762" /><ent r="3" t="149" w="787" /><ent r="6" t="310" w="371" /></phr></stem><stem n="befor"><phr n="before"><ent r="8" t="35" w="474" /><ent r="3" t="50" w="94" /><ent r="3" t="58" w="493" /><ent r="3" t="58" w="754" /><ent r="3" t="58" w="795" /><ent r="3" t="58" w="907" /><ent r="4" t="62" w="367" /><ent r="4" t="62" w="376" /><ent r="3" t="70" w="65" /><ent r="3" t="81" w="9" /><ent r="3" t="93" w="26" /><ent r="4" t="99" w="282" /><ent r="4" t="99" w="303" /><ent r="3" t="102" w="42" /><ent r="4" t="104" w="150" /><ent r="4" t="108" w="33" /><ent r="4" t="109" w="76" /><ent r="3" t="113" w="20" /><ent r="4" t="113" w="198" /><ent r="3" t="133" w="120" /><ent r="3" t="153" w="137" /><ent r="3" t="155" w="69" /><ent r="3" t="159" w="150" /><ent r="5" t="161" w="295" /><ent r="3" t="162" w="288" /><ent r="3" t="163" w="272" /><ent r="3" t="164" w="174" /><ent r="3" t="176" w="165" /><ent r="4" t="177" w="175" /><ent r="3" t="178" w="250" /><ent r="3" t="180" w="97" /><ent r="3" t="181" w="150" /><ent r="3" t="182" w="115" /><ent r="4" t="182" w="174" /><ent r="3" t="183" w="326" /><ent r="3" t="187" w="250" /><ent r="3" t="192" w="112" /><ent r="3" t="195" w="123" /><ent r="3" t="196" w="427" /><ent r="3" t="198" w="187" /><ent r="3" t="199" w="147" /><ent r="3" t="200" w="138" /><ent r="3" t="205" w="605" /><ent r="3" t="230" w="159" /><ent r="3" t="231" w="358" /><ent r="3" t="232" w="434" /><ent r="3" t="233" w="344" /><ent r="3" t="234" w="298" /><ent r="3" t="235" w="313" /><ent r="3" t="236" w="283" /><ent r="3" t="237" w="117" /><ent r="3" t="238" w="143" /><ent r="3" t="278" w="65" /><ent r="3" t="278" w="84" /><ent r="4" t="316" w="612" /></phr></stem><stem n="cereat"><phr n="cereate"><ent r="8" t="35" w="487" /><ent r="8" t="35" w="572" /></phr></stem><stem n="_cereate_enclav"><phr n="_cereate_enclave"><ent r="8" t="35" w="488" /><ent r="8" t="35" w="573" /></phr></stem><stem n="even"><phr n="Even"><ent r="7" t="35" w="539" /><ent r="7" t="35" w="642" /><ent r="4" t="315" w="454" /></phr></stem><stem n="though"><phr n="though"><ent r="7" t="35" w="540" /><ent r="7" t="35" w="643" /><ent r="4" t="315" w="455" /></phr></stem><stem n="_emmt"><phr n="_emmt"><ent r="4" t="36" w="32" /><ent r="4" t="36" w="162" /><ent r="3" t="36" w="166" /><ent r="3" t="36" w="313" /><ent r="3" t="36" w="328" /><ent r="5" t="36" w="479" /><ent r="5" t="36" w="522" /><ent r="4" t="74" w="356" /></phr></stem><stem n="emmt"><phr n="emmt"><ent r="4" t="36" w="32" /><ent r="4" t="36" w="162" /><ent r="3" t="36" w="166" /><ent r="3" t="36" w="313" /><ent r="3" t="36" w="328" /><ent r="5" t="36" w="479" /><ent r="5" t="36" w="522" /><ent r="4" t="74" w="356" /></phr></stem><stem n="real"><phr n="real"><ent r="3" t="36" w="37" /><ent r="3" t="40" w="99" /><ent r="3" t="40" w="212" /><ent r="3" t="40" w="292" /><ent r="3" t="40" w="300" /><ent r="3" t="42" w="809" /><ent r="4" t="58" w="558" /><ent r="3" t="168" w="193" /></phr></stem><stem n="get"><phr n="Get"><ent r="3" t="36" w="61" /><ent r="3" t="36" w="72" /><ent r="3" t="36" w="84" /><ent r="3" t="40" w="20" /><ent r="3" t="40" w="74" /><ent r="3" t="40" w="157" /><ent r="4" t="40" w="216" /><ent r="3" t="40" w="246" /><ent r="4" t="42" w="382" /><ent r="3" t="50" w="92" /><ent r="3" t="62" w="28" /><ent r="3" t="62" w="479" /><ent r="3" t="62" w="495" /><ent r="3" t="62" w="508" /><ent r="3" t="62" w="516" /><ent r="3" t="62" w="529" /><ent r="3" t="72" w="93" /><ent r="3" t="76" w="72" /><ent r="3" t="76" w="111" /><ent r="6" t="99" w="342" /><ent r="5" t="99" w="432" /><ent r="5" t="99" w="460" /><ent r="5" t="99" w="483" /><ent r="4" t="99" w="759" /><ent r="4" t="100" w="37" /><ent r="4" t="100" w="113" /><ent r="4" t="102" w="84" /><ent r="5" t="110" w="23" /><ent r="5" t="110" w="54" /><ent r="5" t="111" w="35" /><ent r="5" t="111" w="51" /><ent r="5" t="118" w="54" /><ent r="65" t="118" w="90" /><ent r="65" t="118" w="95" /><ent r="5" t="119" w="61" /><ent r="65" t="119" w="93" /><ent r="65" t="119" w="102" /><ent r="5" t="120" w="55" /><ent r="65" t="120" w="86" /><ent r="55" t="121" w="123" /><ent r="54" t="121" w="128" /><ent r="55" t="121" w="143" /><ent r="54" t="121" w="147" /><ent r="65" t="121" w="158" /><ent r="65" t="121" w="163" /><ent r="3" t="125" w="103" /><ent r="65" t="131" w="44" /><ent r="65" t="132" w="132" /><ent r="65" t="132" w="139" /><ent r="5" t="134" w="151" /><ent r="5" t="134" w="159" /><ent r="3" t="135" w="30" /><ent r="65" t="135" w="47" /><ent r="65" t="135" w="53" /><ent r="3" t="142" w="171" /><ent r="65" t="146" w="71" /><ent r="65" t="147" w="47" /><ent r="3" t="149" w="888" /><ent r="3" t="149" w="1074" /><ent r="3" t="152" w="23" /><ent r="1000" t="153" w="2" /><ent r="72" t="153" w="7" /><ent r="4" t="153" w="12" /><ent r="3" t="153" w="31" /><ent r="4" t="153" w="143" /><ent r="4" t="153" w="149" /><ent r="3" t="153" w="155" /><ent r="1000" t="154" w="2" /><ent r="72" t="154" w="6" /><ent r="4" t="154" w="10" /><ent r="3" t="154" w="27" /><ent r="4" t="154" w="255" /><ent r="3" t="154" w="288" /><ent r="4" t="154" w="296" /><ent r="4" t="154" w="517" /><ent r="1000" t="155" w="3" /><ent r="72" t="155" w="8" /><ent r="4" t="155" w="13" /><ent r="3" t="155" w="19" /><ent r="3" t="155" w="85" /><ent r="3" t="155" w="102" /><ent r="3" t="155" w="107" /><ent r="4" t="155" w="162" /><ent r="4" t="155" w="175" /><ent r="4" t="155" w="218" /><ent r="4" t="155" w="452" /><ent r="4" t="156" w="73" /><ent r="3" t="156" w="178" /><ent r="3" t="156" w="183" /><ent r="4" t="156" w="310" /><ent r="4" t="156" w="323" /><ent r="4" t="156" w="372" /><ent r="1000" t="158" w="2" /><ent r="72" t="158" w="7" /><ent r="4" t="158" w="17" /><ent r="3" t="158" w="60" /><ent r="1000" t="159" w="2" /><ent r="72" t="159" w="7" /><ent r="4" t="159" w="12" /><ent r="3" t="159" w="31" /><ent r="4" t="159" w="168" /><ent r="3" t="159" w="174" /><ent r="3" t="163" w="39" /><ent r="1000" t="164" w="2" /><ent r="72" t="164" w="7" /><ent r="4" t="164" w="12" /><ent r="3" t="164" w="32" /><ent r="4" t="164" w="180" /><ent r="4" t="164" w="186" /><ent r="3" t="164" w="192" /><ent r="1000" t="165" w="2" /><ent r="72" t="165" w="7" /><ent r="4" t="165" w="11" /><ent r="3" t="165" w="31" /><ent r="3" t="165" w="68" /><ent r="4" t="165" w="74" /><ent r="3" t="165" w="183" /><ent r="3" t="178" w="236" /><ent r="3" t="183" w="241" /><ent r="4" t="186" w="71" /><ent r="3" t="193" w="200" /><ent r="3" t="194" w="216" /><ent r="1000" t="195" w="2" /><ent r="72" t="195" w="6" /><ent r="4" t="195" w="12" /><ent r="3" t="195" w="43" /><ent r="4" t="195" w="346" /><ent r="1000" t="199" w="2" /><ent r="72" t="199" w="9" /><ent r="4" t="199" w="18" /><ent r="3" t="199" w="67" /><ent r="1000" t="200" w="2" /><ent r="72" t="200" w="8" /><ent r="4" t="200" w="16" /><ent r="3" t="200" w="61" /><ent r="4" t="203" w="174" /><ent r="4" t="203" w="230" /><ent r="4" t="203" w="283" /><ent r="4" t="203" w="367" /><ent r="4" t="203" w="701" /><ent r="4" t="203" w="710" /><ent r="4" t="206" w="130" /><ent r="4" t="206" w="443" /><ent r="4" t="209" w="294" /><ent r="1000" t="210" w="3" /><ent r="72" t="210" w="8" /><ent r="4" t="210" w="13" /><ent r="3" t="210" w="43" /><ent r="3" t="225" w="196" /><ent r="3" t="227" w="246" /><ent r="1000" t="230" w="2" /><ent r="72" t="230" w="8" /><ent r="4" t="230" w="14" /><ent r="3" t="230" w="38" /><ent r="1000" t="231" w="2" /><ent r="72" t="231" w="7" /><ent r="4" t="231" w="12" /><ent r="3" t="231" w="30" /><ent r="4" t="237" w="156" /><ent r="4" t="238" w="236" /><ent r="1000" t="239" w="3" /><ent r="72" t="239" w="8" /><ent r="4" t="239" w="15" /><ent r="3" t="239" w="22" /><ent r="3" t="239" w="70" /><ent r="3" t="239" w="475" /><ent r="65" t="247" w="271" /><ent r="65" t="247" w="278" /><ent r="4" t="268" w="30" /><ent r="4" t="269" w="44" /><ent r="4" t="295" w="412" /><ent r="4" t="296" w="247" /><ent r="4" t="296" w="315" /><ent r="4" t="296" w="527" /><ent r="1000" t="297" w="3" /><ent r="72" t="297" w="9" /><ent r="3" t="297" w="36" /><ent r="1000" t="299" w="3" /><ent r="72" t="299" w="9" /><ent r="3" t="299" w="36" /><ent r="6" t="310" w="624" /></phr><phr n="getting"><ent r="3" t="131" w="25" /><ent r="3" t="152" w="275" /><ent r="3" t="265" w="31" /><ent r="3" t="266" w="36" /></phr><phr n="gets"><ent r="3" t="224" w="527" /><ent r="3" t="224" w="566" /><ent r="3" t="230" w="19" /><ent r="3" t="230" w="126" /><ent r="3" t="231" w="16" /><ent r="3" t="245" w="28" /><ent r="6" t="316" w="342" /></phr></stem></index>