<?xml version="1.0" encoding="utf-8"?><index><stem n="_thread_wait_untrusted_event_ocall()"><phr n="_thread_wait_untrusted_event_ocall()"><ent r="5" t="42" w="472" /></phr></stem><stem n="_thread_set_untrusted_event_ocall()"><phr n="_thread_set_untrusted_event_ocall()"><ent r="5" t="42" w="481" /></phr></stem><stem n="sethread"><phr n="sethread"><ent r="5" t="42" w="486" /><ent r="4" t="42" w="503" /><ent r="4" t="42" w="521" /></phr></stem><stem n="_mutex.obj"><phr n="_mutex.obj"><ent r="5" t="42" w="488" /></phr></stem><stem n="obj"><phr n="obj"><ent r="5" t="42" w="488" /><ent r="4" t="42" w="505" /><ent r="4" t="42" w="523" /></phr></stem><stem n="_tstdc.lib(sethread_mutex.obj)"><phr n="_tstdc.lib(sethread_mutex.obj)"><ent r="4" t="42" w="506" /><ent r="4" t="42" w="524" /></phr></stem><stem n="lnk2001"><phr n="LNK2001"><ent r="4" t="42" w="507" /><ent r="4" t="42" w="525" /></phr></stem><stem n="_sgx_thread_wait_untrusted_event_ocal"><phr n="_sgx_thread_wait_untrusted_event_ocall"><ent r="4" t="42" w="516" /></phr></stem><stem n="_sgx_thread_set_untrusted_event_ocal"><phr n="_sgx_thread_set_untrusted_event_ocall"><ent r="4" t="42" w="534" /></phr></stem><stem n="non-exist"><phr n="non-existent"><ent r="4" t="42" w="548" /><ent r="4" t="42" w="566" /></phr></stem><stem n="disallow"><phr n="disallowed"><ent r="4" t="42" w="551" /><ent r="4" t="42" w="569" /></phr></stem><stem n="(abort"><phr n="(abort"><ent r="4" t="42" w="558" /></phr></stem><stem n="physic"><phr n="physical"><ent r="4" t="42" w="570" /></phr></stem><stem n="drop"><phr n="dropped"><ent r="4" t="42" w="573" /></phr></stem><stem n="behavior"><phr n="behavior"><ent r="4" t="42" w="575" /><ent r="3" t="58" w="872" /><ent r="6" t="59" w="971" /><ent r="3" t="70" w="93" /><ent r="3" t="72" w="19" /><ent r="3" t="87" w="86" /><ent r="3" t="141" w="20" /><ent r="4" t="177" w="164" /><ent r="4" t="182" w="162" /><ent r="5" t="193" w="316" /><ent r="5" t="194" w="332" /><ent r="5" t="312" w="116" /><ent r="6" t="313" w="98" /></phr><phr n="behaviors"><ent r="3" t="59" w="822" /><ent r="3" t="59" w="832" /></phr></stem><stem n="unrel"><phr n="unrelated"><ent r="4" t="42" w="577" /></phr></stem><stem n="trap"><phr n="Trap"><ent r="4" t="42" w="587" /></phr><phr n="trapped"><ent r="3" t="169" w="224" /></phr></stem><stem n="/rules:"><phr n="/rules:"><ent r="3" t="42" w="596" /></phr></stem><stem n="linkag"><phr n="linkage"><ent r="4" t="42" w="608" /><ent r="3" t="69" w="26" /></phr></stem><stem n="annot"><phr n="annotated"><ent r="4" t="42" w="619" /><ent r="3" t="62" w="325" /><ent r="3" t="65" w="52" /><ent r="3" t="66" w="129" /></phr><phr n="annotation"><ent r="6" t="320" w="213" /></phr></stem><stem n="direct"><phr n="direction"><ent r="4" t="42" w="622" /><ent r="3" t="58" w="24" /><ent r="3" t="58" w="148" /><ent r="3" t="58" w="193" /><ent r="3" t="58" w="820" /><ent r="3" t="58" w="849" /><ent r="3" t="58" w="878" /><ent r="3" t="58" w="929" /><ent r="3" t="59" w="17" /><ent r="3" t="59" w="282" /><ent r="3" t="61" w="27" /><ent r="3" t="61" w="96" /><ent r="3" t="62" w="567" /><ent r="3" t="63" w="32" /><ent r="3" t="64" w="327" /><ent r="4" t="64" w="580" /></phr><phr n="directive"><ent r="3" t="53" w="113" /></phr><phr n="directions"><ent r="4" t="58" w="145" /></phr><phr n="directives"><ent r="3" t="68" w="16" /><ent r="3" t="68" w="69" /><ent r="3" t="68" w="179" /><ent r="4" t="68" w="209" /></phr></stem><stem n="shallow"><phr n="shallow"><ent r="4" t="42" w="633" /></phr></stem><stem n="caught"><phr n="caught"><ent r="4" t="42" w="650" /><ent r="4" t="126" w="160" /><ent r="4" t="169" w="369" /></phr></stem><stem n="simpl"><phr n="simple"><ent r="3" t="42" w="686" /><ent r="3" t="68" w="63" /><ent r="3" t="68" w="173" /><ent r="3" t="186" w="67" /></phr></stem><stem n="foo"><phr n="foo"><ent r="3" t="42" w="690" /><ent r="3" t="42" w="699" /><ent r="4" t="42" w="713" /><ent r="4" t="42" w="749" /><ent r="3" t="42" w="759" /><ent r="3" t="42" w="773" /><ent r="3" t="42" w="776" /><ent r="4" t="42" w="790" /><ent r="4" t="42" w="813" /><ent r="3" t="51" w="207" /><ent r="3" t="53" w="219" /><ent r="3" t="56" w="162" /><ent r="3" t="56" w="168" /><ent r="3" t="56" w="174" /><ent r="3" t="56" w="181" /><ent r="3" t="56" w="185" /><ent r="3" t="56" w="190" /><ent r="3" t="56" w="198" /><ent r="3" t="56" w="204" /><ent r="3" t="56" w="210" /><ent r="3" t="56" w="216" /><ent r="3" t="56" w="303" /><ent r="3" t="56" w="312" /><ent r="3" t="56" w="323" /><ent r="3" t="56" w="332" /><ent r="3" t="56" w="352" /><ent r="3" t="64" w="658" /><ent r="3" t="64" w="674" /><ent r="3" t="64" w="683" /><ent r="3" t="64" w="700" /></phr></stem><stem n="cdecl"><phr n="cdecl"><ent r="3" t="42" w="697" /><ent r="6" t="54" w="143" /><ent r="4" t="69" w="47" /><ent r="4" t="69" w="66" /><ent r="6" t="69" w="139" /><ent r="3" t="69" w="244" /><ent r="3" t="69" w="262" /><ent r="3" t="69" w="272" /><ent r="3" t="69" w="333" /><ent r="54" t="70" w="151" /><ent r="54" t="70" w="172" /><ent r="54" t="70" w="185" /><ent r="6" t="85" w="164" /></phr></stem><stem n="[cdecl]"><phr n="[cdecl]"><ent r="3" t="42" w="698" /></phr></stem><stem n="(int"><phr n="(int"><ent r="3" t="42" w="700" /><ent r="3" t="76" w="192" /></phr></stem><stem n="int"><phr n="int"><ent r="3" t="42" w="700" /><ent r="3" t="42" w="760" /><ent r="3" t="51" w="261" /><ent r="3" t="51" w="395" /><ent r="6" t="54" w="35" /><ent r="3" t="55" w="17" /><ent r="3" t="56" w="59" /><ent r="3" t="56" w="70" /><ent r="3" t="56" w="72" /><ent r="3" t="56" w="74" /><ent r="3" t="56" w="119" /><ent r="3" t="56" w="132" /><ent r="3" t="56" w="234" /><ent r="3" t="56" w="235" /><ent r="3" t="59" w="185" /><ent r="3" t="59" w="195" /><ent r="3" t="59" w="205" /><ent r="3" t="59" w="217" /><ent r="3" t="59" w="233" /><ent r="3" t="59" w="242" /><ent r="3" t="59" w="251" /><ent r="3" t="59" w="262" /><ent r="3" t="59" w="300" /><ent r="3" t="59" w="318" /><ent r="4" t="59" w="405" /><ent r="4" t="59" w="467" /><ent r="4" t="59" w="660" /><ent r="4" t="59" w="721" /><ent r="3" t="62" w="435" /><ent r="3" t="62" w="446" /><ent r="3" t="62" w="468" /><ent r="3" t="67" w="71" /><ent r="3" t="67" w="84" /><ent r="3" t="67" w="95" /><ent r="3" t="67" w="130" /><ent r="3" t="67" w="148" /><ent r="3" t="67" w="164" /><ent r="3" t="69" w="264" /><ent r="3" t="70" w="175" /><ent r="3" t="71" w="255" /><ent r="3" t="71" w="256" /><ent r="3" t="71" w="283" /><ent r="3" t="76" w="190" /><ent r="3" t="76" w="192" /><ent r="3" t="76" w="218" /><ent r="6" t="85" w="152" /><ent r="3" t="98" w="251" /><ent r="3" t="149" w="78" /><ent r="3" t="149" w="88" /><ent r="3" t="157" w="234" /><ent r="3" t="163" w="53" /><ent r="3" t="166" w="50" /><ent r="3" t="167" w="50" /><ent r="3" t="169" w="57" /><ent r="3" t="170" w="27" /><ent r="3" t="176" w="30" /><ent r="3" t="177" w="30" /><ent r="3" t="178" w="30" /><ent r="3" t="179" w="32" /><ent r="3" t="180" w="30" /><ent r="3" t="181" w="30" /><ent r="3" t="182" w="30" /><ent r="3" t="183" w="30" /><ent r="3" t="184" w="31" /><ent r="3" t="185" w="31" /><ent r="3" t="187" w="26" /><ent r="3" t="187" w="39" /><ent r="3" t="187" w="44" /><ent r="3" t="188" w="27" /><ent r="3" t="189" w="39" /><ent r="3" t="190" w="40" /><ent r="3" t="191" w="44" /><ent r="3" t="191" w="63" /><ent r="3" t="192" w="28" /><ent r="3" t="193" w="61" /><ent r="3" t="193" w="65" /><ent r="3" t="194" w="64" /><ent r="3" t="194" w="68" /><ent r="3" t="194" w="71" /><ent r="3" t="225" w="83" /><ent r="3" t="237" w="46" /><ent r="3" t="238" w="62" /><ent r="3" t="250" w="86" /><ent r="3" t="254" w="24" /><ent r="3" t="297" w="47" /><ent r="3" t="298" w="47" /><ent r="3" t="299" w="47" /><ent r="3" t="301" w="39" /><ent r="3" t="301" w="42" /><ent r="3" t="301" w="45" /></phr></stem><stem n="param"><phr n="param"><ent r="3" t="42" w="701" /><ent r="3" t="42" w="761" /><ent r="3" t="42" w="777" /></phr></stem><stem n="(option"><phr n="(optional"><ent r="3" t="42" w="722" /></phr></stem><stem n="highli"><phr n="highly"><ent r="3" t="42" w="724" /><ent r="3" t="150" w="143" /></phr></stem><stem n="-friendli"><phr n="-friendly"><ent r="3" t="42" w="729" /><ent r="3" t="42" w="729" /></phr></stem><stem n="user-friendli"><phr n="user-friendly"><ent r="3" t="42" w="729" /></phr></stem><stem n="friendli"><phr n="friendly"><ent r="3" t="42" w="730" /></phr></stem><stem n="_foo"><phr n="_foo"><ent r="4" t="42" w="749" /></phr></stem><stem n="_foo(int"><phr n="_foo(int"><ent r="3" t="42" w="760" /></phr></stem><stem n="necessari"><phr n="necessary"><ent r="3" t="42" w="766" /><ent r="3" t="43" w="256" /><ent r="4" t="43" w="284" /><ent r="3" t="201" w="173" /><ent r="3" t="202" w="341" /><ent r="3" t="203" w="164" /></phr></stem><stem n="()"><phr n="()"><ent r="3" t="42" w="774" /><ent r="4" t="62" w="47" /><ent r="4" t="141" w="10" /><ent r="3" t="193" w="19" /><ent r="3" t="193" w="144" /><ent r="4" t="194" w="163" /><ent r="6" t="316" w="139" /><ent r="6" t="316" w="227" /><ent r="6" t="316" w="250" /><ent r="6" t="316" w="261" /><ent r="6" t="316" w="285" /><ent r="6" t="316" w="358" /><ent r="6" t="316" w="372" /><ent r="6" t="316" w="382" /><ent r="6" t="316" w="403" /><ent r="6" t="316" w="465" /><ent r="4" t="316" w="509" /><ent r="4" t="316" w="537" /><ent r="5" t="316" w="587" /><ent r="5" t="316" w="625" /><ent r="5" t="316" w="643" /><ent r="5" t="316" w="729" /></phr></stem><stem n="(foo(param)"><phr n="(foo(param)"><ent r="3" t="42" w="778" /></phr></stem><stem n="!="><phr n="!="><ent r="3" t="42" w="778" /><ent r="3" t="76" w="247" /><ent r="3" t="76" w="290" /></phr></stem><stem n="_success)"><phr n="_SUCCESS)"><ent r="3" t="42" w="780" /><ent r="3" t="76" w="249" /></phr></stem><stem n="();"><phr n="();"><ent r="3" t="42" w="782" /></phr></stem><stem n="}"><phr n="}"><ent r="3" t="42" w="783" /><ent r="3" t="68" w="104" /><ent r="3" t="68" w="124" /><ent r="3" t="68" w="125" /><ent r="3" t="76" w="264" /><ent r="3" t="76" w="302" /><ent r="3" t="250" w="146" /><ent r="3" t="251" w="73" /><ent r="3" t="252" w="134" /><ent r="3" t="252" w="188" /><ent r="3" t="253" w="66" /><ent r="3" t="257" w="57" /><ent r="3" t="258" w="33" /><ent r="3" t="259" w="41" /><ent r="3" t="260" w="33" /><ent r="3" t="263" w="114" /><ent r="3" t="264" w="46" /><ent r="3" t="266" w="68" /><ent r="3" t="267" w="65" /><ent r="3" t="269" w="110" /><ent r="3" t="270" w="44" /><ent r="3" t="272" w="70" /><ent r="3" t="274" w="94" /><ent r="3" t="275" w="113" /><ent r="3" t="276" w="72" /><ent r="3" t="277" w="59" /><ent r="3" t="278" w="122" /><ent r="3" t="280" w="32" /><ent r="3" t="281" w="84" /><ent r="3" t="282" w="36" /><ent r="3" t="283" w="29" /><ent r="3" t="284" w="33" /><ent r="3" t="287" w="38" /><ent r="3" t="288" w="46" /><ent r="3" t="289" w="64" /><ent r="3" t="293" w="50" /><ent r="3" t="294" w="53" /><ent r="3" t="295" w="86" /><ent r="3" t="296" w="65" /><ent r="3" t="300" w="49" /><ent r="3" t="301" w="48" /><ent r="3" t="302" w="44" /><ent r="3" t="303" w="51" /><ent r="3" t="304" w="47" /><ent r="3" t="305" w="56" /><ent r="3" t="306" w="99" /><ent r="3" t="307" w="50" /><ent r="3" t="308" w="42" /><ent r="3" t="309" w="57" /></phr></stem><stem n="-base"><phr n="-based"><ent r="4" t="43" w="48" /><ent r="4" t="43" w="48" /><ent r="3" t="109" w="18" /><ent r="3" t="109" w="18" /><ent r="3" t="133" w="295" /><ent r="3" t="133" w="295" /><ent r="3" t="133" w="313" /><ent r="3" t="133" w="313" /><ent r="6" t="320" w="127" /><ent r="6" t="320" w="127" /></phr></stem><stem n="sgx-base"><phr n="SGX-based"><ent r="4" t="43" w="48" /></phr></stem><stem n="undergo"><phr n="undergo"><ent r="4" t="43" w="53" /><ent r="3" t="59" w="106" /></phr></stem><stem n="rigor"><phr n="rigorous"><ent r="4" t="43" w="56" /></phr></stem><stem n="threat"><phr n="threat"><ent r="4" t="43" w="57" /><ent r="3" t="127" w="129" /><ent r="5" t="193" w="281" /><ent r="5" t="194" w="297" /></phr></stem><stem n="(or"><phr n="(or"><ent r="4" t="43" w="73" /><ent r="4" t="144" w="219" /></phr></stem><stem n="port"><phr n="ported"><ent r="4" t="43" w="74" /><ent r="3" t="112" w="168" /><ent r="3" t="137" w="68" /><ent r="3" t="145" w="36" /></phr></stem><stem n="therefor"><phr n="Therefore"><ent r="4" t="43" w="85" /><ent r="3" t="90" w="72" /><ent r="3" t="169" w="306" /><ent r="5" t="193" w="305" /><ent r="5" t="194" w="321" /></phr></stem><stem n="subset"><phr n="subset"><ent r="4" t="43" w="103" /><ent r="5" t="43" w="433" /><ent r="3" t="137" w="62" /><ent r="3" t="143" w="27" /></phr></stem><stem n="present"><phr n="present"><ent r="4" t="43" w="136" /><ent r="3" t="74" w="132" /></phr><phr n="presented"><ent r="4" t="113" w="173" /></phr></stem><stem n=".lib"><phr n=".lib"><ent r="4" t="43" w="211" /><ent r="4" t="43" w="234" /><ent r="6" t="314" w="41" /><ent r="6" t="314" w="49" /><ent r="6" t="314" w="52" /><ent r="6" t="314" w="68" /><ent r="6" t="314" w="75" /><ent r="6" t="314" w="92" /><ent r="6" t="314" w="104" /><ent r="6" t="314" w="121" /><ent r="6" t="314" w="138" /></phr></stem><stem n="(without"><phr n="(without"><ent r="4" t="43" w="278" /><ent r="3" t="183" w="102" /></phr></stem><stem n="edge-routin"><phr n="edge-routines"><ent r="4" t="43" w="280" /><ent r="3" t="44" w="64" /><ent r="3" t="44" w="163" /><ent r="3" t="44" w="199" /><ent r="4" t="57" w="81" /><ent r="3" t="58" w="153" /><ent r="3" t="58" w="177" /><ent r="3" t="62" w="25" /><ent r="3" t="68" w="144" /><ent r="3" t="70" w="33" /></phr><phr n="edge-routine"><ent r="3" t="58" w="224" /><ent r="3" t="63" w="114" /><ent r="3" t="64" w="45" /></phr></stem><stem n="-routines)"><phr n="-routines)"><ent r="4" t="43" w="282" /><ent r="4" t="43" w="282" /></phr></stem><stem n="delet"><phr n="delete"><ent r="4" t="43" w="332" /><ent r="4" t="104" w="167" /><ent r="4" t="144" w="80" /><ent r="3" t="189" w="9" /></phr><phr n="deleted"><ent r="3" t="104" w="58" /><ent r="6" t="320" w="73" /></phr><phr n="Deleting"><ent r="4" t="104" w="161" /><ent r="1000" t="108" w="1" /><ent r="72" t="108" w="5" /></phr><phr n="deletes"><ent r="4" t="108" w="60" /><ent r="3" t="232" w="587" /><ent r="3" t="233" w="494" /></phr><phr n="deletion"><ent r="4" t="316" w="613" /><ent r="4" t="316" w="678" /></phr></stem><stem n="“from/import”"><phr n="“from/import”"><ent r="5" t="43" w="374" /></phr></stem><stem n="statement"><phr n="statement"><ent r="5" t="43" w="374" /><ent r="5" t="43" w="390" /></phr></stem><stem n="(ecalls)"><phr n="(ECALLs)"><ent r="5" t="43" w="396" /></phr></stem><stem n="(ocalls)"><phr n="(OCALLs)"><ent r="5" t="43" w="411" /></phr></stem><stem n="them"><phr n="them"><ent r="5" t="43" w="435" /><ent r="3" t="57" w="31" /><ent r="3" t="74" w="119" /><ent r="55" t="78" w="192" /><ent r="3" t="83" w="53" /><ent r="3" t="103" w="23" /><ent r="3" t="103" w="72" /><ent r="3" t="103" w="110" /><ent r="3" t="301" w="28" /></phr></stem><stem n="hierarch"><phr n="hierarchical"><ent r="5" t="43" w="449" /><ent r="3" t="71" w="212" /></phr></stem><stem n="wildcard"><phr n="wildcard"><ent r="6" t="43" w="535" /><ent r="5" t="43" w="585" /></phr></stem><stem n="avoid"><phr n="Avoiding"><ent r="1000" t="44" w="1" /><ent r="82" t="44" w="5" /></phr><phr n="avoid"><ent r="3" t="44" w="53" /><ent r="3" t="58" w="243" /><ent r="3" t="58" w="255" /><ent r="3" t="74" w="330" /><ent r="3" t="150" w="164" /><ent r="3" t="176" w="187" /><ent r="3" t="181" w="172" /><ent r="3" t="183" w="179" /><ent r="4" t="216" w="268" /><ent r="4" t="217" w="221" /><ent r="3" t="232" w="522" /><ent r="3" t="233" w="430" /><ent r="4" t="316" w="552" /></phr></stem><stem n="collis"><phr n="Collisions"><ent r="1000" t="44" w="3" /><ent r="82" t="44" w="7" /><ent r="3" t="44" w="55" /><ent r="3" t="44" w="76" /><ent r="3" t="44" w="110" /></phr><phr n="collision"><ent r="3" t="44" w="122" /></phr></stem><stem n="independ"><phr n="independent"><ent r="3" t="44" w="28" /></phr></stem><stem n="unit"><phr n="unit"><ent r="3" t="44" w="30" /></phr><phr n="units"><ent r="3" t="64" w="478" /></phr></stem><stem n="-routin"><phr n="-routines"><ent r="3" t="44" w="64" /><ent r="3" t="44" w="64" /><ent r="3" t="44" w="163" /><ent r="3" t="44" w="163" /><ent r="4" t="57" w="81" /><ent r="4" t="57" w="81" /><ent r="3" t="58" w="153" /><ent r="3" t="58" w="153" /><ent r="3" t="58" w="177" /><ent r="3" t="58" w="177" /><ent r="3" t="62" w="25" /><ent r="3" t="62" w="25" /></phr><phr n="-routine"><ent r="3" t="58" w="224" /><ent r="3" t="58" w="224" /><ent r="3" t="63" w="114" /><ent r="3" t="63" w="114" /><ent r="3" t="64" w="45" /><ent r="3" t="64" w="45" /></phr></stem><stem n="prevent"><phr n="prevents"><ent r="3" t="44" w="74" /><ent r="3" t="232" w="475" /><ent r="3" t="233" w="385" /><ent r="3" t="234" w="368" /><ent r="3" t="235" w="383" /></phr><phr n="prevent"><ent r="3" t="44" w="109" /><ent r="3" t="62" w="95" /><ent r="3" t="64" w="35" /><ent r="4" t="77" w="283" /><ent r="3" t="169" w="219" /><ent r="3" t="177" w="130" /><ent r="3" t="182" w="133" /></phr></stem><stem n="prepend"><phr n="prepends"><ent r="3" t="44" w="83" /></phr><phr n="prepend"><ent r="4" t="44" w="239" /><ent r="3" t="169" w="27" /><ent r="3" t="169" w="257" /><ent r="3" t="169" w="284" /></phr></stem><stem n="across"><phr n="across"><ent r="3" t="44" w="106" /><ent r="3" t="59" w="28" /><ent r="3" t="96" w="136" /><ent r="3" t="133" w="48" /><ent r="4" t="144" w="171" /><ent r="4" t="144" w="193" /><ent r="3" t="145" w="155" /><ent r="3" t="168" w="86" /><ent r="4" t="178" w="286" /><ent r="4" t="179" w="204" /><ent r="4" t="203" w="455" /></phr></stem><stem n="despit"><phr n="Despite"><ent r="3" t="44" w="115" /></phr></stem><stem n="have"><phr n="having"><ent r="3" t="44" w="116" /></phr></stem><stem n="marshal"><phr n="marshaling"><ent r="3" t="44" w="175" /><ent r="3" t="58" w="323" /><ent r="3" t="58" w="612" /><ent r="3" t="62" w="61" /></phr><phr n="marshaled"><ent r="3" t="96" w="135" /><ent r="3" t="96" w="178" /><ent r="4" t="144" w="211" /></phr><phr n="marshal"><ent r="4" t="144" w="190" /></phr></stem><stem n="emit"><phr n="emit"><ent r="3" t="44" w="186" /><ent r="3" t="65" w="90" /></phr></stem><stem n="-routines."><phr n="-routines."><ent r="3" t="44" w="201" /><ent r="3" t="44" w="201" /><ent r="3" t="68" w="146" /><ent r="3" t="68" w="146" /><ent r="3" t="70" w="35" /><ent r="3" t="70" w="35" /></phr></stem><stem n="pars"><phr n="parsed"><ent r="55" t="44" w="276" /></phr><phr n="parse"><ent r="3" t="68" w="32" /></phr><phr n="parses"><ent r="3" t="68" w="49" /></phr><phr n="parsing"><ent r="4" t="68" w="204" /></phr></stem><stem n="match"><phr n="matching"><ent r="4" t="44" w="309" /><ent r="3" t="206" w="167" /><ent r="3" t="238" w="172" /><ent r="3" t="292" w="262" /></phr><phr n="match"><ent r="3" t="62" w="147" /><ent r="3" t="101" w="376" /><ent r="3" t="149" w="672" /><ent r="3" t="156" w="681" /><ent r="3" t="213" w="471" /><ent r="3" t="228" w="173" /><ent r="3" t="231" w="325" /><ent r="3" t="234" w="315" /><ent r="3" t="235" w="330" /><ent r="3" t="236" w="300" /><ent r="3" t="244" w="524" /><ent r="3" t="292" w="219" /><ent r="6" t="310" w="802" /></phr><phr n="matches"><ent r="3" t="62" w="491" /><ent r="3" t="206" w="208" /></phr></stem><stem n="intention"><phr n="intentionally"><ent r="3" t="46" w="30" /></phr></stem><stem n="prohibit"><phr n="prohibit"><ent r="3" t="46" w="33" /></phr></stem><stem n="upon"><phr n="upon"><ent r="3" t="46" w="48" /><ent r="6" t="59" w="930" /><ent r="3" t="70" w="76" /><ent r="3" t="95" w="60" /><ent r="3" t="134" w="51" /><ent r="3" t="183" w="342" /><ent r="3" t="184" w="177" /><ent r="3" t="187" w="126" /><ent r="3" t="187" w="140" /><ent r="3" t="206" w="164" /></phr></stem><stem n="complex"><phr n="complexity"><ent r="3" t="46" w="72" /><ent r="3" t="221" w="473" /></phr><phr n="complex"><ent r="3" t="104" w="77" /><ent r="6" t="316" w="51" /><ent r="6" t="316" w="56" /><ent r="6" t="316" w="57" /></phr></stem><stem n="empti"><phr n="empty"><ent r="55" t="46" w="107" /><ent r="3" t="178" w="111" /><ent r="3" t="179" w="127" /><ent r="3" t="184" w="108" /><ent r="3" t="184" w="139" /></phr></stem><stem n="iat"><phr n="IAT"><ent r="55" t="46" w="108" /></phr></stem><stem n="(import"><phr n="(Import"><ent r="55" t="46" w="109" /></phr></stem><stem n="_trts.lib"><phr n="_trts.lib"><ent r="57" t="47" w="57" /><ent r="7" t="166" w="204" /><ent r="7" t="167" w="168" /><ent r="7" t="168" w="220" /><ent r="7" t="169" w="389" /><ent r="7" t="170" w="165" /><ent r="7" t="171" w="82" /><ent r="7" t="172" w="68" /><ent r="7" t="173" w="90" /></phr></stem><stem n="_trts_sim.lib"><phr n="_trts_sim.lib"><ent r="57" t="47" w="75" /><ent r="7" t="166" w="211" /><ent r="7" t="167" w="175" /><ent r="7" t="168" w="227" /><ent r="7" t="169" w="396" /><ent r="7" t="170" w="172" /><ent r="7" t="171" w="89" /><ent r="7" t="172" w="75" /><ent r="7" t="173" w="97" /></phr></stem><stem n="(simul"><phr n="(simulation"><ent r="6" t="47" w="81" /></phr></stem><stem n="math"><phr n="math"><ent r="6" t="47" w="99" /><ent r="6" t="314" w="126" /><ent r="3" t="315" w="47" /></phr></stem><stem n="(math,"><phr n="(math,"><ent r="6" t="47" w="100" /></phr></stem><stem n="string"><phr n="string"><ent r="6" t="47" w="100" /><ent r="3" t="51" w="243" /><ent r="6" t="54" w="107" /><ent r="3" t="57" w="20" /><ent r="4" t="62" w="248" /><ent r="4" t="64" w="8" /><ent r="3" t="64" w="23" /><ent r="3" t="64" w="32" /><ent r="3" t="64" w="58" /><ent r="3" t="64" w="61" /><ent r="3" t="64" w="76" /><ent r="3" t="64" w="103" /><ent r="5" t="64" w="111" /><ent r="5" t="64" w="139" /><ent r="5" t="64" w="155" /><ent r="3" t="64" w="213" /><ent r="3" t="64" w="229" /><ent r="3" t="64" w="232" /><ent r="3" t="64" w="252" /><ent r="3" t="64" w="254" /><ent r="3" t="64" w="318" /><ent r="3" t="64" w="332" /><ent r="3" t="64" w="334" /><ent r="3" t="64" w="339" /><ent r="3" t="64" w="353" /><ent r="3" t="64" w="356" /><ent r="3" t="64" w="369" /><ent r="3" t="64" w="375" /><ent r="3" t="64" w="380" /><ent r="4" t="64" w="425" /><ent r="4" t="64" w="434" /><ent r="3" t="64" w="449" /><ent r="3" t="64" w="488" /><ent r="3" t="68" w="117" /><ent r="3" t="69" w="250" /><ent r="3" t="69" w="256" /><ent r="3" t="70" w="158" /><ent r="3" t="70" w="164" /><ent r="6" t="85" w="174" /><ent r="3" t="123" w="70" /><ent r="3" t="123" w="76" /><ent r="3" t="123" w="150" /><ent r="1000" t="140" w="1" /><ent r="72" t="140" w="4" /><ent r="54" t="149" w="155" /><ent r="54" t="149" w="173" /><ent r="3" t="172" w="7" /><ent r="3" t="172" w="27" /><ent r="3" t="172" w="40" /><ent r="4" t="244" w="339" /><ent r="4" t="245" w="283" /><ent r="4" t="295" w="342" /><ent r="4" t="296" w="177" /><ent r="4" t="296" w="457" /><ent r="4" t="303" w="276" /><ent r="4" t="304" w="165" /><ent r="6" t="316" w="373" /><ent r="4" t="316" w="554" /><ent r="6" t="320" w="135" /><ent r="6" t="320" w="222" /></phr><phr n="Strings"><ent r="3" t="62" w="233" /><ent r="1000" t="64" w="1" /><ent r="72" t="64" w="3" /><ent r="3" t="64" w="367" /><ent r="4" t="239" w="307" /></phr></stem><stem n="_tstdcxx.lib"><phr n="_tstdcxx.lib"><ent r="57" t="47" w="110" /><ent r="7" t="172" w="81" /></phr></stem><stem n="seal"><phr n="seal"><ent r="6" t="47" w="124" /><ent r="3" t="77" w="194" /><ent r="5" t="105" w="72" /><ent r="5" t="107" w="151" /><ent r="5" t="110" w="71" /><ent r="65" t="132" w="77" /><ent r="65" t="132" w="81" /><ent r="1000" t="133" w="1" /><ent r="3" t="133" w="225" /><ent r="4" t="133" w="238" /><ent r="3" t="133" w="269" /><ent r="3" t="134" w="60" /><ent r="3" t="134" w="66" /><ent r="5" t="134" w="129" /><ent r="3" t="198" w="28" /><ent r="3" t="199" w="31" /><ent r="3" t="199" w="103" /><ent r="3" t="200" w="28" /><ent r="64" t="200" w="98" /><ent r="1000" t="201" w="2" /><ent r="72" t="201" w="6" /><ent r="3" t="201" w="68" /><ent r="4" t="201" w="515" /><ent r="1000" t="202" w="2" /><ent r="72" t="202" w="7" /><ent r="4" t="202" w="73" /><ent r="3" t="202" w="83" /><ent r="4" t="202" w="169" /><ent r="3" t="202" w="254" /><ent r="4" t="202" w="685" /><ent r="4" t="202" w="696" /><ent r="3" t="202" w="723" /><ent r="4" t="202" w="732" /><ent r="4" t="202" w="791" /><ent r="4" t="203" w="59" /><ent r="4" t="203" w="65" /><ent r="3" t="205" w="567" /><ent r="6" t="269" w="157" /><ent r="6" t="269" w="162" /><ent r="6" t="269" w="174" /><ent r="6" t="269" w="178" /><ent r="3" t="269" w="380" /><ent r="3" t="269" w="386" /><ent r="3" t="277" w="51" /><ent r="4" t="277" w="171" /><ent r="3" t="278" w="47" /><ent r="3" t="278" w="53" /><ent r="3" t="278" w="140" /></phr><phr n="Sealed"><ent r="1000" t="103" w="1" /><ent r="92" t="103" w="4" /><ent r="3" t="103" w="78" /><ent r="4" t="105" w="67" /><ent r="4" t="106" w="17" /><ent r="4" t="107" w="146" /><ent r="4" t="109" w="55" /><ent r="4" t="110" w="66" /><ent r="4" t="111" w="17" /><ent r="4" t="132" w="33" /><ent r="4" t="132" w="48" /><ent r="3" t="132" w="111" /><ent r="65" t="132" w="127" /><ent r="3" t="133" w="206" /><ent r="5" t="134" w="92" /><ent r="5" t="134" w="108" /><ent r="5" t="134" w="120" /><ent r="4" t="134" w="139" /><ent r="3" t="156" w="666" /><ent r="1000" t="198" w="3" /><ent r="72" t="198" w="9" /><ent r="4" t="198" w="17" /><ent r="64" t="198" w="45" /><ent r="3" t="198" w="57" /><ent r="64" t="198" w="162" /><ent r="64" t="198" w="209" /><ent r="3" t="199" w="75" /><ent r="3" t="199" w="79" /><ent r="4" t="199" w="87" /><ent r="3" t="199" w="94" /><ent r="3" t="200" w="68" /><ent r="3" t="200" w="72" /><ent r="4" t="200" w="80" /><ent r="3" t="200" w="87" /><ent r="3" t="201" w="100" /><ent r="3" t="201" w="105" /><ent r="3" t="201" w="109" /><ent r="4" t="201" w="257" /><ent r="3" t="201" w="269" /><ent r="4" t="201" w="283" /><ent r="4" t="201" w="295" /><ent r="3" t="201" w="306" /><ent r="5" t="201" w="329" /><ent r="4" t="201" w="340" /><ent r="5" t="201" w="432" /><ent r="5" t="201" w="453" /><ent r="5" t="201" w="459" /><ent r="3" t="201" w="551" /><ent r="3" t="201" w="605" /><ent r="4" t="201" w="619" /><ent r="64" t="201" w="635" /><ent r="3" t="201" w="642" /><ent r="3" t="202" w="137" /><ent r="3" t="202" w="142" /><ent r="3" t="202" w="146" /><ent r="4" t="202" w="428" /><ent r="4" t="202" w="439" /><ent r="4" t="202" w="454" /><ent r="4" t="202" w="466" /><ent r="5" t="202" w="501" /><ent r="4" t="202" w="512" /><ent r="5" t="202" w="603" /><ent r="5" t="202" w="624" /><ent r="5" t="202" w="630" /><ent r="3" t="203" w="19" /><ent r="3" t="203" w="81" /><ent r="3" t="203" w="85" /><ent r="4" t="203" w="119" /><ent r="3" t="203" w="126" /><ent r="5" t="203" w="499" /><ent r="3" t="203" w="526" /><ent r="3" t="203" w="547" /><ent r="3" t="203" w="583" /><ent r="3" t="203" w="597" /><ent r="3" t="203" w="639" /><ent r="3" t="204" w="48" /><ent r="3" t="204" w="53" /><ent r="3" t="204" w="57" /><ent r="4" t="204" w="119" /><ent r="4" t="204" w="131" /><ent r="4" t="204" w="147" /><ent r="4" t="204" w="159" /><ent r="4" t="204" w="171" /><ent r="5" t="204" w="198" /><ent r="5" t="204" w="219" /><ent r="5" t="204" w="278" /><ent r="5" t="204" w="299" /><ent r="5" t="204" w="305" /><ent r="4" t="204" w="435" /><ent r="64" t="204" w="451" /><ent r="3" t="204" w="458" /><ent r="3" t="205" w="86" /><ent r="3" t="205" w="91" /><ent r="3" t="205" w="95" /><ent r="4" t="205" w="291" /><ent r="4" t="205" w="303" /><ent r="4" t="205" w="319" /><ent r="4" t="205" w="331" /><ent r="5" t="205" w="367" /><ent r="5" t="205" w="388" /><ent r="5" t="205" w="447" /><ent r="5" t="205" w="468" /><ent r="5" t="205" w="474" /><ent r="3" t="206" w="21" /><ent r="3" t="206" w="58" /><ent r="3" t="206" w="62" /><ent r="4" t="206" w="83" /><ent r="3" t="206" w="90" /><ent r="4" t="206" w="203" /><ent r="5" t="206" w="271" /><ent r="4" t="206" w="355" /><ent r="65" t="247" w="170" /><ent r="1000" t="278" w="2" /><ent r="72" t="278" w="7" /><ent r="3" t="278" w="11" /><ent r="4" t="278" w="72" /><ent r="3" t="278" w="91" /><ent r="3" t="278" w="123" /><ent r="6" t="318" w="50" /></phr><phr n="seals"><ent r="4" t="105" w="62" /><ent r="4" t="107" w="141" /><ent r="4" t="110" w="61" /></phr><phr n="Sealing"><ent r="65" t="130" w="63" /><ent r="1000" t="132" w="4" /><ent r="72" t="132" w="13" /><ent r="4" t="133" w="194" /><ent r="3" t="134" w="86" /><ent r="4" t="134" w="134" /><ent r="3" t="202" w="710" /><ent r="3" t="205" w="554" /></phr></stem></index>