<?xml version="1.0" encoding="utf-8"?><index><stem n="_sec_prop,"><phr n="_sec_prop,"><ent r="3" t="296" w="83" /></phr></stem><stem n="_sec_prop"><phr n="_sec_prop"><ent r="3" t="296" w="269" /></phr></stem><stem n="0s"><phr n="0s"><ent r="3" t="296" w="306" /><ent r="3" t="296" w="350" /><ent r="3" t="303" w="156" /><ent r="3" t="305" w="134" /></phr></stem><stem n="32-byte"><phr n="32-byte"><ent r="3" t="296" w="320" /><ent r="3" t="296" w="344" /><ent r="3" t="303" w="98" /><ent r="3" t="303" w="145" /><ent r="3" t="305" w="76" /><ent r="3" t="305" w="123" /></phr></stem><stem n="_body.report_data"><phr n="_body.report_data"><ent r="4" t="296" w="326" /></phr></stem><stem n="_ecall_get_ga_t"><phr n="_ecall_get_ga_t"><ent r="1000" t="297" w="5" /></phr></stem><stem n="_ecall_get_ga_trusted_t)("><phr n="_ecall_get_ga_trusted_t)("><ent r="3" t="297" w="40" /></phr></stem><stem n="retval"><phr n="retval"><ent r="3" t="297" w="48" /><ent r="3" t="298" w="48" /><ent r="3" t="299" w="48" /></phr></stem><stem n="*g_a"><phr n="*g_a"><ent r="3" t="297" w="61" /></phr></stem><stem n="4th"><phr n="4th"><ent r="3" t="297" w="69" /></phr></stem><stem n="_ecall_proc_msg2_t"><phr n="_ecall_proc_msg2_t"><ent r="1000" t="298" w="5" /></phr></stem><stem n="_ecall_proc_msg2_trusted_t)("><phr n="_ecall_proc_msg2_trusted_t)("><ent r="3" t="298" w="40" /></phr></stem><stem n="*p_qe_target,"><phr n="*p_qe_target,"><ent r="3" t="298" w="72" /></phr></stem><stem n="*p_nonc"><phr n="*p_nonce"><ent r="3" t="298" w="84" /></phr></stem><stem n="_ecall_get_msg3_t"><phr n="_ecall_get_msg3_t"><ent r="1000" t="299" w="5" /></phr></stem><stem n="_ecall_get_msg3_trusted_t)("><phr n="_ecall_get_msg3_trusted_t)("><ent r="3" t="299" w="40" /></phr></stem><stem n="_report_t*"><phr n="_report_t*"><ent r="3" t="299" w="64" /></phr></stem><stem n="_report,"><phr n="_report,"><ent r="3" t="299" w="66" /></phr></stem><stem n="*p_msg3,"><phr n="*p_msg3,"><ent r="3" t="299" w="73" /></phr></stem><stem n="_platform_info_s"><phr n="_PLATFORM_INFO_SIZE"><ent r="3" t="300" w="31" /></phr></stem><stem n="101"><phr n="101"><ent r="3" t="300" w="32" /></phr></stem><stem n="_info[sgx_platform_info_size];"><phr n="_info[SGX_PLATFORM_INFO_SIZE];"><ent r="3" t="300" w="48" /></phr></stem><stem n="_platform_info_t;"><phr n="_platform_info_t;"><ent r="3" t="300" w="53" /></phr></stem><stem n="_update_info_t"><phr n="_update_info_t"><ent r="1000" t="301" w="4" /></phr></stem><stem n="_update_info_bit"><phr n="_update_info_bit"><ent r="3" t="301" w="36" /></phr></stem><stem n="ucodeupd"><phr n="ucodeUpdate"><ent r="3" t="301" w="40" /><ent r="4" t="301" w="56" /></phr></stem><stem n="csmefwupd"><phr n="csmeFwUpdate"><ent r="3" t="301" w="43" /><ent r="4" t="301" w="66" /></phr></stem><stem n="pswupdat"><phr n="pswUpdate"><ent r="3" t="301" w="46" /><ent r="4" t="301" w="77" /></phr></stem><stem n="_update_info_bit_t;"><phr n="_update_info_bit_t;"><ent r="3" t="301" w="53" /></phr></stem><stem n="ucod"><phr n="ucode"><ent r="3" t="301" w="60" /></phr></stem><stem n="csme"><phr n="csme"><ent r="3" t="301" w="70" /></phr></stem><stem n="firmwar"><phr n="firmware"><ent r="3" t="301" w="71" /></phr></stem><stem n="_sgx_dh_msg1_t"><phr n="_sgx_dh_msg1_t"><ent r="3" t="302" w="28" /></phr></stem><stem n="_dh_msg1_t;"><phr n="_dh_msg1_t;"><ent r="3" t="302" w="48" /></phr></stem><stem n="_sgx_dh_msg2_t"><phr n="_sgx_dh_msg2_t"><ent r="3" t="303" w="28" /></phr></stem><stem n="[sgx_dh_mac_size];"><phr n="[SGX_DH_MAC_SIZE];"><ent r="3" t="303" w="50" /><ent r="3" t="304" w="38" /></phr></stem><stem n="_dh_msg2_t;"><phr n="_dh_msg2_t;"><ent r="3" t="303" w="55" /></phr></stem><stem n="_b,"><phr n="_b,"><ent r="3" t="303" w="119" /></phr></stem><stem n="[sgx_dh_mac_size]"><phr n="[SGX_DH_MAC_SIZE]"><ent r="3" t="303" w="163" /><ent r="3" t="304" w="60" /></phr></stem><stem n=",report,"><phr n=",report,"><ent r="3" t="303" w="173" /></phr></stem><stem n="_sgx_dh_msg3_t"><phr n="_sgx_dh_msg3_t"><ent r="3" t="304" w="28" /></phr></stem><stem n="_dh_msg3_t;"><phr n="_dh_msg3_t;"><ent r="3" t="304" w="51" /></phr></stem><stem n="_sgx_dh_msg3_body_t"><phr n="_sgx_dh_msg3_body_t"><ent r="3" t="305" w="36" /></phr></stem><stem n="_prop_length;"><phr n="_prop_length;"><ent r="3" t="305" w="49" /></phr></stem><stem n="_prop[0];"><phr n="_prop[0];"><ent r="3" t="305" w="55" /></phr></stem><stem n="_dh_msg3_body_t;"><phr n="_dh_msg3_body_t;"><ent r="3" t="305" w="61" /></phr></stem><stem n="_prop_length"><phr n="_prop_length"><ent r="3" t="305" w="138" /></phr></stem><stem n="_prop[0]"><phr n="_prop[0]"><ent r="4" t="305" w="151" /></phr></stem><stem n="_sgx_dh_session_enclave_identity_t"><phr n="_sgx_dh_session_enclave_identity_t"><ent r="3" t="306" w="39" /></phr></stem><stem n="_1[32];"><phr n="_1[32];"><ent r="3" t="306" w="54" /></phr></stem><stem n="_2[32];"><phr n="_2[32];"><ent r="3" t="306" w="71" /></phr></stem><stem n="_3[96];"><phr n="_3[96];"><ent r="3" t="306" w="83" /></phr></stem><stem n="_dh_session_enclave_identity_t;"><phr n="_dh_session_enclave_identity_t;"><ent r="3" t="306" w="105" /></phr></stem><stem n="_1[32]"><phr n="_1[32]"><ent r="4" t="306" w="121" /></phr></stem><stem n="_2[32]"><phr n="_2[32]"><ent r="3" t="306" w="143" /></phr></stem><stem n="_3[96]"><phr n="_3[96]"><ent r="4" t="306" w="159" /></phr></stem><stem n="_sgx_dh_session_role_t"><phr n="_sgx_dh_session_role_t"><ent r="3" t="307" w="37" /></phr></stem><stem n="_dh_session_initiator,"><phr n="_DH_SESSION_INITIATOR,"><ent r="3" t="307" w="44" /></phr></stem><stem n="_dh_session_role_t;"><phr n="_dh_session_role_t;"><ent r="3" t="307" w="55" /></phr></stem><stem n="_sgx_dh_session_t"><phr n="_sgx_dh_session_t"><ent r="3" t="308" w="28" /></phr></stem><stem n="_dh_session[sgx_dh_session_data_size];"><phr n="_dh_session[SGX_DH_SESSION_DATA_SIZE];"><ent r="3" t="308" w="41" /></phr></stem><stem n="_dh_session_t;"><phr n="_dh_session_t;"><ent r="3" t="308" w="46" /></phr></stem><stem n="_dh_session"><phr n="_dh_session"><ent r="3" t="308" w="52" /><ent r="3" t="308" w="65" /></phr></stem><stem n="_dh_session_data_s"><phr n="_DH_SESSION_DATA_SIZE"><ent r="3" t="308" w="70" /></phr></stem><stem n="200"><phr n="200"><ent r="3" t="308" w="74" /></phr></stem><stem n="_sgx_device_status_t"><phr n="_sgx_device_status_t"><ent r="3" t="309" w="33" /></phr></stem><stem n="_enabled,"><phr n="_ENABLED,"><ent r="3" t="309" w="38" /></phr></stem><stem n="_disabled_reboot_required,"><phr n="_DISABLED_REBOOT_REQUIRED,"><ent r="3" t="309" w="43" /></phr></stem><stem n="_disabled_legacy_os,"><phr n="_DISABLED_LEGACY_OS,"><ent r="3" t="309" w="48" /></phr></stem><stem n="_disabled,"><phr n="_DISABLED,"><ent r="3" t="309" w="51" /></phr></stem><stem n="sci"><phr n="SCI"><ent r="3" t="309" w="54" /><ent r="4" t="309" w="126" /></phr></stem><stem n="_disabled_sci_avail"><phr n="_DISABLED_SCI_AVAILABLE"><ent r="3" t="309" w="55" /><ent r="4" t="309" w="127" /></phr></stem><stem n="_device_status_t;"><phr n="_device_status_t;"><ent r="3" t="309" w="61" /></phr></stem><stem n="0x0005"><phr n="0x0005"><ent r="6" t="310" w="80" /></phr></stem><stem n="0x0007"><phr n="0x0007"><ent r="6" t="310" w="97" /></phr></stem><stem n="0x0008"><phr n="0x0008"><ent r="6" t="310" w="129" /></phr></stem><stem n="0x1001"><phr n="0x1001"><ent r="6" t="310" w="148" /></phr></stem><stem n="_error_invalid_funct"><phr n="_ERROR_INVALID_FUNCTION"><ent r="6" t="310" w="153" /></phr></stem><stem n="index"><phr n="index"><ent r="6" t="310" w="159" /></phr></stem><stem n="0x1003"><phr n="0x1003"><ent r="6" t="310" w="163" /></phr></stem><stem n="_error_out_of_tc"><phr n="_ERROR_OUT_OF_TCS"><ent r="6" t="310" w="169" /></phr></stem><stem n="0x1006"><phr n="0x1006"><ent r="6" t="310" w="178" /></phr></stem><stem n="_error_enclave_crash"><phr n="_ERROR_ENCLAVE_CRASHED"><ent r="6" t="310" w="183" /></phr></stem><stem n="0x1007"><phr n="0x1007"><ent r="6" t="310" w="190" /></phr></stem><stem n="_error_ecall_not_allow"><phr n="_ERROR_ECALL_NOT_ALLOWED"><ent r="6" t="310" w="196" /></phr></stem><stem n="0x1008"><phr n="0x1008"><ent r="6" t="310" w="232" /></phr></stem><stem n="_error_ocall_not_allow"><phr n="_ERROR_OCALL_NOT_ALLOWED"><ent r="6" t="310" w="238" /></phr></stem><stem n="0x2000"><phr n="0x2000"><ent r="6" t="310" w="248" /></phr></stem><stem n="0x2001"><phr n="0x2001"><ent r="6" t="310" w="262" /></phr></stem><stem n="0x2002"><phr n="0x2002"><ent r="6" t="310" w="275" /></phr></stem><stem n="0x2003"><phr n="0x2003"><ent r="6" t="310" w="289" /></phr></stem><stem n="0x2004"><phr n="0x2004"><ent r="6" t="310" w="301" /></phr></stem><stem n="0x2005"><phr n="0x2005"><ent r="6" t="310" w="324" /></phr></stem><stem n="0x2006"><phr n="0x2006"><ent r="6" t="310" w="355" /></phr></stem><stem n="0x2007"><phr n="0x2007"><ent r="6" t="310" w="366" /></phr></stem><stem n="0x2009"><phr n="0x2009"><ent r="6" t="310" w="380" /></phr></stem><stem n="eeror"><phr n="EEROR"><ent r="6" t="310" w="383" /></phr></stem><stem n="_eeror_invalid_metadata"><phr n="_EEROR_INVALID_METADATA"><ent r="6" t="310" w="385" /></phr></stem><stem n="0x200c"><phr n="0x200C"><ent r="6" t="310" w="392" /></phr></stem><stem n="0x200d"><phr n="0x200D"><ent r="6" t="310" w="403" /></phr></stem><stem n="inconsist"><phr n="inconsistent"><ent r="6" t="310" w="413" /></phr></stem><stem n="0x200e"><phr n="0x200E"><ent r="6" t="310" w="431" /></phr></stem><stem n="(32/64"><phr n="(32/64"><ent r="6" t="310" w="442" /></phr></stem><stem n="hs"><phr n="HS"><ent r="6" t="310" w="445" /></phr></stem><stem n="/sim)"><phr n="/Sim)"><ent r="6" t="310" w="447" /></phr></stem><stem n="0x200f"><phr n="0x200F"><ent r="6" t="310" w="455" /></phr></stem><stem n="0x2010"><phr n="0x2010"><ent r="6" t="310" w="469" /></phr></stem><stem n="0x3001"><phr n="0x3001"><ent r="6" t="310" w="483" /></phr></stem><stem n="0x3002"><phr n="0x3002"><ent r="6" t="310" w="495" /></phr></stem><stem n="0x3003"><phr n="0x3003"><ent r="6" t="310" w="508" /></phr></stem><stem n="0x3004"><phr n="0x3004"><ent r="6" t="310" w="528" /></phr></stem><stem n="0x3005"><phr n="0x3005"><ent r="6" t="310" w="549" /></phr></stem><stem n="0x4001"><phr n="0x4001"><ent r="6" t="310" w="561" /></phr></stem><stem n="0x4002"><phr n="0x4002"><ent r="6" t="310" w="581" /></phr></stem><stem n="0x4003"><phr n="0x4003"><ent r="6" t="310" w="596" /></phr></stem><stem n="0x4004"><phr n="0x4004"><ent r="6" t="310" w="611" /></phr></stem><stem n="_error_service_invalid_priviledg"><phr n="_ERROR_SERVICE_INVALID_PRIVILEDGE"><ent r="6" t="310" w="617" /></phr></stem><stem n="priviledg"><phr n="PRIVILEDGE"><ent r="6" t="310" w="617" /></phr></stem><stem n="0x4005"><phr n="0x4005"><ent r="6" t="310" w="628" /></phr></stem><stem n="0x4006"><phr n="0x4006"><ent r="6" t="310" w="659" /></phr></stem><stem n="0x4007"><phr n="0x4007"><ent r="6" t="310" w="674" /></phr></stem><stem n="0x4008"><phr n="0x4008"><ent r="6" t="310" w="690" /></phr></stem><stem n="0x400a"><phr n="0x400a"><ent r="6" t="310" w="707" /></phr></stem><stem n="0x400c"><phr n="0x400c"><ent r="6" t="310" w="721" /></phr></stem><stem n="0x400d"><phr n="0x400d"><ent r="6" t="310" w="740" /></phr></stem><stem n="vmc"><phr n="VMC"><ent r="6" t="310" w="760" /></phr></stem><stem n="0x400e"><phr n="0x400e"><ent r="6" t="310" w="762" /></phr></stem><stem n="0x400f"><phr n="0x400f"><ent r="6" t="310" w="776" /></phr></stem><stem n="0x4011"><phr n="0x4011"><ent r="6" t="310" w="790" /></phr></stem><stem n="0x5001"><phr n="0x5001"><ent r="6" t="310" w="807" /></phr></stem><stem n="0x5002"><phr n="0x5002"><ent r="6" t="310" w="823" /></phr></stem><stem n="appendix"><phr n="Appendix"><ent r="1000" t="311" w="1" /><ent r="102" t="311" w="3" /></phr></stem><stem n="c11"><phr n="C11"><ent r="65" t="311" w="54" /><ent r="1000" t="319" w="1" /><ent r="92" t="319" w="6" /><ent r="3" t="319" w="15" /><ent r="6" t="319" w="41" /></phr></stem><stem n="remark"><phr n="Remark"><ent r="6" t="312" w="35" /><ent r="6" t="314" w="38" /></phr></stem><stem n="/clr"><phr n="/clr"><ent r="6" t="312" w="37" /><ent r="6" t="312" w="295" /></phr></stem><stem n="clr"><phr n="clr"><ent r="6" t="312" w="37" /><ent r="6" t="312" w="285" /><ent r="6" t="312" w="295" /></phr></stem><stem n="/md"><phr n="/MD"><ent r="6" t="312" w="53" /></phr></stem><stem n="/mdd"><phr n="/MDd"><ent r="6" t="312" w="55" /></phr></stem><stem n="mdd"><phr n="MDd"><ent r="6" t="312" w="55" /></phr></stem><stem n="/mt"><phr n="/MT"><ent r="6" t="312" w="57" /></phr></stem><stem n="/mtd"><phr n="/MTd"><ent r="6" t="312" w="59" /></phr></stem><stem n="mtd"><phr n="MTd"><ent r="6" t="312" w="59" /></phr></stem><stem n="/eha"><phr n="/EHa"><ent r="6" t="312" w="82" /></phr></stem><stem n="eha"><phr n="EHa"><ent r="6" t="312" w="82" /></phr></stem><stem n="catch"><phr n="catches"><ent r="6" t="312" w="88" /></phr></stem><stem n="asynchron"><phr n="asynchronous"><ent r="6" t="312" w="90" /><ent r="6" t="314" w="106" /></phr></stem><stem n="(structured)"><phr n="(structured)"><ent r="6" t="312" w="92" /></phr></stem><stem n="(c++)"><phr n="(C++)"><ent r="6" t="312" w="95" /></phr></stem><stem n="/fp"><phr n="/fp"><ent r="6" t="312" w="110" /></phr></stem><stem n="fp"><phr n="fp"><ent r="6" t="312" w="110" /></phr></stem><stem n="qimprecis"><phr n="Qimprecise"><ent r="6" t="312" w="133" /></phr></stem><stem n="/qimprecise_fwait"><phr n="/Qimprecise_fwaits"><ent r="6" t="312" w="134" /></phr></stem><stem n="fwait"><phr n="fwaits"><ent r="6" t="312" w="134" /></phr><phr n="fwait"><ent r="6" t="312" w="137" /></phr></stem><stem n="/qpar"><phr n="/Qpar"><ent r="6" t="312" w="159" /></phr></stem><stem n="qpar"><phr n="Qpar"><ent r="6" t="312" w="159" /><ent r="6" t="312" w="161" /><ent r="6" t="313" w="270" /><ent r="6" t="313" w="277" /><ent r="6" t="313" w="282" /><ent r="6" t="313" w="286" /><ent r="6" t="313" w="291" /><ent r="6" t="313" w="296" /><ent r="6" t="313" w="301" /><ent r="6" t="313" w="317" /></phr></stem><stem n="/qpar-report"><phr n="/Qpar-report"><ent r="6" t="312" w="161" /></phr></stem><stem n="qpar-report"><phr n="Qpar-report"><ent r="6" t="312" w="161" /><ent r="6" t="313" w="282" /></phr></stem><stem n="-parallel"><phr n="-parallelizer"><ent r="5" t="312" w="168" /><ent r="5" t="312" w="168" /></phr></stem><stem n="auto-parallel"><phr n="auto-parallelizer"><ent r="5" t="312" w="168" /></phr></stem><stem n="parallel"><phr n="parallelizer"><ent r="5" t="312" w="169" /></phr><phr n="parallelize"><ent r="5" t="312" w="173" /></phr><phr n="parallel"><ent r="6" t="313" w="325" /><ent r="6" t="314" w="96" /><ent r="3" t="319" w="32" /><ent r="3" t="320" w="32" /></phr></stem><stem n="loop"><phr n="loops"><ent r="5" t="312" w="174" /><ent r="6" t="313" w="201" /><ent r="6" t="313" w="205" /></phr><phr n="loop"><ent r="6" t="320" w="130" /></phr></stem><stem n="/fx"><phr n="/Fx"><ent r="6" t="312" w="180" /></phr></stem><stem n="fx"><phr n="Fx"><ent r="6" t="312" w="180" /></phr></stem><stem n="inject"><phr n="injected"><ent r="6" t="312" w="190" /></phr></stem><stem n="merg"><phr n="merged"><ent r="6" t="312" w="192" /></phr></stem><stem n="/gz"><phr n="/GZ"><ent r="6" t="312" w="198" /></phr></stem><stem n="gz"><phr n="GZ"><ent r="6" t="312" w="198" /></phr></stem><stem n="/rtc"><phr n="/RTC"><ent r="6" t="312" w="206" /><ent r="6" t="312" w="214" /></phr></stem><stem n="rtc"><phr n="RTC"><ent r="6" t="312" w="206" /><ent r="6" t="312" w="214" /></phr></stem><stem n="(run-tim"><phr n="(Run-Time"><ent r="6" t="312" w="207" /></phr></stem><stem n="/openmp"><phr n="/openmp"><ent r="6" t="312" w="236" /></phr></stem><stem n="openmp"><phr n="openmp"><ent r="6" t="312" w="236" /><ent r="6" t="312" w="247" /><ent r="6" t="313" w="323" /><ent r="6" t="314" w="70" /><ent r="6" t="314" w="148" /></phr></stem><stem n="omp"><phr n="omp"><ent r="6" t="312" w="244" /></phr></stem><stem n="self-contain"><phr n="self-contained"><ent r="6" t="312" w="256" /></phr></stem><stem n="-contained."><phr n="-contained."><ent r="6" t="312" w="258" /><ent r="6" t="312" w="258" /></phr></stem><stem n="/ln"><phr n="/LN"><ent r="6" t="312" w="259" /></phr></stem><stem n="ln"><phr n="LN"><ent r="6" t="312" w="259" /></phr></stem><stem n="manifest"><phr n="manifest"><ent r="67" t="312" w="266" /></phr></stem><stem n="(/clr)"><phr n="(/clr)"><ent r="6" t="312" w="286" /></phr></stem><stem n="/analyz"><phr n="/analyze"><ent r="6" t="312" w="304" /></phr></stem><stem n="/hotpatch"><phr n="/hotpatch"><ent r="6" t="312" w="311" /></phr></stem><stem n="hotpatch"><phr n="hotpatch"><ent r="6" t="312" w="311" /><ent r="6" t="313" w="40" /></phr><phr n="Hotpatchable"><ent r="67" t="312" w="315" /></phr></stem><stem n="qipf"><phr n="QIPF"><ent r="6" t="312" w="330" /><ent r="6" t="312" w="333" /><ent r="6" t="312" w="336" /><ent r="6" t="312" w="339" /><ent r="6" t="312" w="342" /></phr></stem><stem n="/qipf_b"><phr n="/QIPF_B"><ent r="6" t="312" w="331" /></phr></stem><stem n="/qipf_c"><phr n="/QIPF_C"><ent r="6" t="312" w="334" /></phr></stem><stem n="/qipf_fr32"><phr n="/QIPF_fr32"><ent r="6" t="312" w="337" /></phr></stem><stem n="fr32"><phr n="fr32"><ent r="6" t="312" w="337" /></phr></stem><stem n="/qipf_nop"><phr n="/QIPF_noPIC"><ent r="6" t="312" w="340" /></phr></stem><stem n="nopic"><phr n="noPIC"><ent r="6" t="312" w="340" /></phr></stem><stem n="/qipf_restrict_plabel"><phr n="/QIPF_restrict_plabels"><ent r="6" t="312" w="344" /></phr></stem><stem n="plabel"><phr n="plabels"><ent r="6" t="312" w="344" /></phr></stem><stem n="/hotpatch[:n]"><phr n="/hotpatch[:n]"><ent r="6" t="313" w="42" /></phr></stem><stem n="/qxcode"><phr n="/Qxcode"><ent r="6" t="313" w="51" /></phr></stem><stem n="qxcode"><phr n="Qxcode"><ent r="6" t="313" w="51" /></phr></stem><stem n="(host"><phr n="(host"><ent r="6" t="313" w="99" /></phr></stem><stem n="/qax"><phr n="/Qax"><ent r="7" t="313" w="105" /></phr></stem><stem n="qax"><phr n="Qax"><ent r="7" t="313" w="105" /></phr></stem><stem n="/arch"><phr n="/arch"><ent r="7" t="313" w="109" /></phr></stem><stem n="arch"><phr n="arch"><ent r="7" t="313" w="109" /></phr></stem><stem n="/qcilk-seri"><phr n="/Qcilk-serialize"><ent r="6" t="313" w="115" /></phr></stem><stem n="qcilk"><phr n="Qcilk"><ent r="6" t="313" w="115" /></phr></stem><stem n="qcilk-seri"><phr n="Qcilk-serialize"><ent r="6" t="313" w="115" /></phr></stem><stem n="qguid"><phr n="Qguide"><ent r="6" t="313" w="118" /><ent r="6" t="313" w="122" /></phr></stem><stem n="qguide-fil"><phr n="Qguide-file"><ent r="6" t="313" w="118" /><ent r="6" t="313" w="122" /></phr></stem><stem n="/qguide-file[:filename]"><phr n="/Qguide-file[:filename]"><ent r="6" t="313" w="121" /></phr></stem><stem n="qguide-file-append"><phr n="Qguide-file-append"><ent r="6" t="313" w="122" /></phr></stem><stem n="file-append"><phr n="file-append"><ent r="6" t="313" w="123" /></phr></stem><stem n="/qguide-file-append[:filename]"><phr n="/Qguide-file-append[:filename]"><ent r="6" t="313" w="126" /></phr></stem><stem n="qipp"><phr n="Qipp"><ent r="6" t="313" w="127" /></phr></stem><stem n="/qipp[:lib]"><phr n="/Qipp[:lib]"><ent r="6" t="313" w="129" /></phr></stem><stem n="qopt"><phr n="Qopt"><ent r="6" t="313" w="130" /></phr></stem><stem n="matmul"><phr n="matmul"><ent r="6" t="313" w="131" /></phr></stem><stem n="/qopt&#8209;matmul[-]"><phr n="/Qopt&#8209;matmul[-]"><ent r="6" t="313" w="132" /></phr></stem><stem n="/qtbb"><phr n="/Qtbb"><ent r="6" t="313" w="133" /></phr></stem><stem n="qtbb"><phr n="Qtbb"><ent r="6" t="313" w="133" /></phr></stem><stem n="qinstrument"><phr n="Qinstrument"><ent r="6" t="313" w="143" /></phr></stem><stem n="qinstrument-funct"><phr n="Qinstrument-functions"><ent r="6" t="313" w="143" /></phr></stem><stem n="/qinstrument-functions[-]"><phr n="/Qinstrument-functions[-]"><ent r="6" t="313" w="145" /></phr></stem><stem n="qprof"><phr n="Qprof"><ent r="6" t="313" w="146" /><ent r="6" t="313" w="150" /><ent r="6" t="313" w="154" /><ent r="6" t="313" w="158" /><ent r="6" t="313" w="162" /><ent r="6" t="313" w="165" /><ent r="6" t="313" w="170" /><ent r="6" t="313" w="174" /><ent r="6" t="313" w="179" /><ent r="6" t="313" w="184" /><ent r="6" t="313" w="188" /><ent r="6" t="313" w="192" /></phr></stem><stem n="qprof-data"><phr n="Qprof-data"><ent r="6" t="313" w="146" /></phr></stem><stem n="qprof-data-ord"><phr n="Qprof-data-order"><ent r="6" t="313" w="146" /></phr></stem><stem n="data-ord"><phr n="data-order"><ent r="6" t="313" w="147" /></phr></stem><stem n="/qprof-data-order[-]"><phr n="/Qprof-data-order[-]"><ent r="6" t="313" w="149" /></phr></stem><stem n="/qprof-dir"><phr n="/Qprof-dir"><ent r="6" t="313" w="150" /></phr></stem><stem n="qprof-dir"><phr n="Qprof-dir"><ent r="6" t="313" w="150" /></phr></stem><stem n="/qprof-fil"><phr n="/Qprof-file"><ent r="6" t="313" w="154" /></phr></stem><stem n="qprof-fil"><phr n="Qprof-file"><ent r="6" t="313" w="154" /></phr></stem><stem n="/qprof&#8209;func&#8209;order[-]"><phr n="/Qprof&#8209;func&#8209;order[-]"><ent r="6" t="313" w="161" /></phr></stem><stem n="/qprof-gen"><phr n="/Qprof-gen"><ent r="6" t="313" w="162" /></phr></stem><stem n="qprof-gen"><phr n="Qprof-gen"><ent r="6" t="313" w="162" /></phr></stem><stem n="qprof-hot"><phr n="Qprof-hotness"><ent r="6" t="313" w="165" /></phr></stem><stem n="qprof-hotness-threshold"><phr n="Qprof-hotness-threshold"><ent r="6" t="313" w="165" /></phr></stem><stem n="hot"><phr n="hotness"><ent r="6" t="313" w="166" /></phr></stem><stem n="hotness-threshold"><phr n="hotness-threshold"><ent r="6" t="313" w="166" /></phr></stem><stem n="/qprof-hotness-threshold:n"><phr n="/Qprof-hotness-threshold:n"><ent r="6" t="313" w="168" /></phr></stem><stem n="qprof-src"><phr n="Qprof-src"><ent r="6" t="313" w="170" /><ent r="6" t="313" w="174" /><ent r="6" t="313" w="179" /></phr></stem><stem n="qprof-src-dir"><phr n="Qprof-src-dir"><ent r="6" t="313" w="170" /></phr></stem><stem n="src-dir"><phr n="src-dir"><ent r="6" t="313" w="171" /></phr></stem><stem n="/qprof-src-dir[-]"><phr n="/Qprof-src-dir[-]"><ent r="6" t="313" w="173" /></phr></stem><stem n="qprof-src-root"><phr n="Qprof-src-root"><ent r="6" t="313" w="174" /><ent r="6" t="313" w="179" /></phr></stem><stem n="src-root"><phr n="src-root"><ent r="6" t="313" w="175" /><ent r="6" t="313" w="180" /></phr></stem><stem n="/qprof-src-root:dir"><phr n="/Qprof-src-root:dir"><ent r="6" t="313" w="177" /></phr></stem><stem n="/qprof-src-root-cwd"><phr n="/Qprof-src-root-cwd"><ent r="6" t="313" w="179" /></phr></stem><stem n="qprof-src-root-cwd"><phr n="Qprof-src-root-cwd"><ent r="6" t="313" w="179" /></phr></stem><stem n="src-root-cwd"><phr n="src-root-cwd"><ent r="6" t="313" w="180" /></phr></stem><stem n="root-cwd"><phr n="root-cwd"><ent r="6" t="313" w="181" /></phr></stem><stem n="cwd"><phr n="cwd"><ent r="6" t="313" w="182" /></phr></stem><stem n="qprof-us"><phr n="Qprof-use"><ent r="6" t="313" w="184" /><ent r="6" t="313" w="188" /></phr></stem><stem n="/qprof-use[:keyword]"><phr n="/Qprof-use[:keyword]"><ent r="6" t="313" w="187" /></phr></stem><stem n="/qprof-use-"><phr n="/Qprof-use-"><ent r="6" t="313" w="188" /></phr></stem><stem n="qprof-use-"><phr n="Qprof-use-"><ent r="6" t="313" w="188" /></phr></stem><stem n="use-"><phr n="use-"><ent r="6" t="313" w="189" /></phr></stem><stem n="qprof-valu"><phr n="Qprof-value"><ent r="6" t="313" w="192" /></phr></stem><stem n="qprof-value-profil"><phr n="Qprof-value-profiling"><ent r="6" t="313" w="192" /></phr></stem><stem n="value-profil"><phr n="value-profiling"><ent r="6" t="313" w="193" /></phr></stem><stem n="/qprof-value-profiling[:keyword]"><phr n="/Qprof-value-profiling[:keyword]"><ent r="6" t="313" w="196" /></phr></stem><stem n="qprofil"><phr n="Qprofile"><ent r="6" t="313" w="197" /><ent r="6" t="313" w="200" /><ent r="6" t="313" w="204" /></phr></stem><stem n="/qprofile&#8209;funct"><phr n="/Qprofile&#8209;functions"><ent r="6" t="313" w="198" /></phr></stem><stem n="qprofile-loop"><phr n="Qprofile-loops"><ent r="6" t="313" w="200" /><ent r="6" t="313" w="204" /></phr></stem><stem n="/qprofile-loops:keyword"><phr n="/Qprofile-loops:keyword"><ent r="6" t="313" w="202" /></phr></stem><stem n="qprofile-loops-report"><phr n="Qprofile-loops-report"><ent r="6" t="313" w="204" /></phr></stem><stem n="loops-report"><phr n="loops-report"><ent r="6" t="313" w="205" /></phr></stem><stem n="/qprofile-loops-report[:n]"><phr n="/Qprofile-loops-report[:n]"><ent r="6" t="313" w="208" /></phr></stem><stem n="qcov"><phr n="Qcov"><ent r="6" t="313" w="209" /><ent r="6" t="313" w="213" /><ent r="6" t="313" w="217" /></phr></stem><stem n="qcov-dir"><phr n="Qcov-dir"><ent r="6" t="313" w="209" /></phr></stem><stem n="/qcov-dir:dir"><phr n="/Qcov-dir:dir"><ent r="6" t="313" w="211" /></phr></stem><stem n="/qcov&#8209;file:filenam"><phr n="/Qcov&#8209;file:filename"><ent r="6" t="313" w="215" /></phr></stem><stem n="qcov-gen"><phr n="Qcov-gen"><ent r="6" t="313" w="217" /></phr></stem><stem n="/qcov-gen[-]"><phr n="/Qcov-gen[-]"><ent r="6" t="313" w="219" /></phr></stem><stem n="qfnsplit"><phr n="Qfnsplit"><ent r="6" t="313" w="220" /></phr></stem><stem n="/qfnsplit[-]"><phr n="/Qfnsplit[-]"><ent r="6" t="313" w="221" /></phr></stem><stem n="pgo"><phr n="PGO"><ent r="6" t="313" w="226" /><ent r="6" t="314" w="82" /></phr></stem><stem n="(pgo)"><phr n="(PGO)"><ent r="6" t="313" w="227" /><ent r="6" t="314" w="83" /></phr></stem><stem n="qtcollect"><phr n="Qtcollect"><ent r="6" t="313" w="232" /><ent r="6" t="313" w="235" /></phr></stem><stem n="/qtcollect[:lib]"><phr n="/Qtcollect[:lib]"><ent r="6" t="313" w="234" /></phr></stem><stem n="qtcollect-filt"><phr n="Qtcollect-filter"><ent r="6" t="313" w="235" /></phr></stem><stem n="filter"><phr n="filter"><ent r="6" t="313" w="236" /></phr></stem><stem n="/qtcollect-filter:filenam"><phr n="/Qtcollect-filter:filename"><ent r="6" t="313" w="237" /></phr></stem><stem n="/qtcheck"><phr n="/Qtcheck"><ent r="6" t="313" w="239" /></phr></stem><stem n="qtcheck"><phr n="Qtcheck"><ent r="6" t="313" w="239" /></phr></stem><stem n="/qopenmp"><phr n="/Qopenmp"><ent r="6" t="313" w="249" /></phr></stem><stem n="qopenmp"><phr n="Qopenmp"><ent r="6" t="313" w="249" /><ent r="6" t="313" w="251" /><ent r="6" t="313" w="254" /><ent r="6" t="313" w="258" /><ent r="6" t="313" w="262" /><ent r="6" t="313" w="266" /></phr></stem><stem n="/qopenmp-stub"><phr n="/Qopenmp-stubs"><ent r="6" t="313" w="251" /></phr></stem><stem n="qopenmp-stub"><phr n="Qopenmp-stubs"><ent r="6" t="313" w="251" /></phr></stem><stem n="stub"><phr n="stubs"><ent r="6" t="313" w="252" /><ent r="4" t="315" w="146" /></phr><phr n="stub"><ent r="4" t="315" w="128" /></phr></stem><stem n="qopenmp-report"><phr n="Qopenmp-report"><ent r="6" t="313" w="254" /></phr></stem><stem n="/qopenmp-report[:n]"><phr n="/Qopenmp-report[:n]"><ent r="6" t="313" w="257" /></phr></stem><stem n="qopenmp-lib"><phr n="Qopenmp-lib"><ent r="6" t="313" w="258" /></phr></stem><stem n="/qopenmp-lib:typ"><phr n="/Qopenmp-lib:type"><ent r="6" t="313" w="260" /></phr></stem><stem n="qopenmp-task"><phr n="Qopenmp-task"><ent r="6" t="313" w="262" /></phr></stem><stem n="task"><phr n="task"><ent r="6" t="313" w="263" /></phr></stem><stem n="/qopenmp-task:model"><phr n="/Qopenmp-task:model"><ent r="6" t="313" w="264" /></phr></stem><stem n="qopenmp-threadpriv"><phr n="Qopenmp-threadprivate"><ent r="6" t="313" w="266" /></phr></stem><stem n="threadpriv"><phr n="threadprivate"><ent r="6" t="313" w="267" /></phr></stem><stem n="/qopenmp-threadprivate:typ"><phr n="/Qopenmp-threadprivate:type"><ent r="6" t="313" w="268" /></phr></stem><stem n="qpar-affin"><phr n="Qpar-affinity"><ent r="6" t="313" w="270" /></phr></stem><stem n="affin"><phr n="affinity"><ent r="6" t="313" w="271" /></phr></stem><stem n="permut"><phr n="permute"><ent r="6" t="313" w="274" /></phr></stem><stem n="/qpar-affinity:[modifier,...]type[,permute][,offset]"><phr n="/Qpar-affinity:[modifier,...]type[,permute][,offset]"><ent r="6" t="313" w="276" /></phr></stem><stem n="qpar-num"><phr n="Qpar-num"><ent r="6" t="313" w="277" /></phr></stem><stem n="qpar-num-thread"><phr n="Qpar-num-threads"><ent r="6" t="313" w="277" /></phr></stem><stem n="num-thread"><phr n="num-threads"><ent r="6" t="313" w="278" /></phr></stem><stem n="/qpar-num-threads:n"><phr n="/Qpar-num-threads:n"><ent r="6" t="313" w="280" /></phr></stem><stem n="/qpar-report[n]"><phr n="/Qpar-report[n]"><ent r="6" t="313" w="285" /></phr></stem></index>