<?xml version="1.0" encoding="utf-8"?><index><stem n="mactext"><phr n="MACtext"><ent r="3" t="201" w="75" /><ent r="3" t="201" w="83" /><ent r="4" t="201" w="117" /><ent r="4" t="201" w="152" /><ent r="4" t="201" w="182" /><ent r="5" t="201" w="380" /><ent r="5" t="201" w="389" /><ent r="5" t="201" w="397" /><ent r="3" t="202" w="112" /><ent r="3" t="202" w="120" /><ent r="4" t="202" w="282" /><ent r="4" t="202" w="317" /><ent r="4" t="202" w="350" /><ent r="5" t="202" w="551" /><ent r="5" t="202" w="560" /><ent r="5" t="202" w="568" /><ent r="3" t="203" w="92" /><ent r="3" t="203" w="98" /><ent r="4" t="203" w="142" /><ent r="4" t="203" w="196" /><ent r="4" t="203" w="204" /><ent r="5" t="203" w="426" /><ent r="5" t="203" w="435" /><ent r="5" t="203" w="443" /><ent r="5" t="203" w="485" /><ent r="3" t="204" w="35" /><ent r="3" t="204" w="43" /><ent r="4" t="204" w="65" /><ent r="4" t="204" w="83" /><ent r="5" t="204" w="261" /><ent r="3" t="205" w="73" /><ent r="3" t="205" w="81" /><ent r="4" t="205" w="230" /><ent r="4" t="205" w="250" /><ent r="5" t="205" w="430" /><ent r="3" t="206" w="69" /><ent r="3" t="206" w="75" /><ent r="4" t="206" w="107" /><ent r="4" t="206" w="147" /><ent r="4" t="206" w="188" /><ent r="5" t="206" w="237" /><ent r="5" t="206" w="256" /></phr></stem><stem n="_mactext_length,"><phr n="_MACtext_length,"><ent r="3" t="201" w="77" /><ent r="3" t="202" w="114" /><ent r="3" t="204" w="37" /><ent r="3" t="205" w="75" /></phr></stem><stem n="_additional_mactext,"><phr n="_additional_MACtext,"><ent r="3" t="201" w="84" /><ent r="3" t="202" w="121" /><ent r="3" t="203" w="93" /><ent r="3" t="204" w="44" /><ent r="3" t="205" w="82" /><ent r="3" t="206" w="70" /></phr></stem><stem n="text2encrypt"><phr n="text2encrypt"><ent r="3" t="201" w="88" /><ent r="3" t="201" w="95" /><ent r="4" t="201" w="216" /><ent r="4" t="201" w="236" /><ent r="5" t="201" w="415" /><ent r="5" t="201" w="423" /><ent r="3" t="201" w="646" /><ent r="3" t="202" w="125" /><ent r="3" t="202" w="132" /><ent r="4" t="202" w="384" /><ent r="3" t="202" w="404" /><ent r="5" t="202" w="586" /><ent r="5" t="202" w="594" /></phr></stem><stem n="_length,"><phr n="_length,"><ent r="3" t="201" w="90" /><ent r="3" t="202" w="127" /></phr></stem><stem n="_text2encrypt,"><phr n="_text2encrypt,"><ent r="3" t="201" w="96" /><ent r="3" t="202" w="133" /></phr></stem><stem n="_data_size,"><phr n="_data_size,"><ent r="3" t="201" w="103" /><ent r="3" t="202" w="140" /><ent r="3" t="204" w="51" /><ent r="3" t="205" w="89" /></phr></stem><stem n="_mactext_length"><phr n="_MACtext_length"><ent r="4" t="201" w="118" /><ent r="4" t="201" w="183" /><ent r="5" t="201" w="381" /><ent r="4" t="202" w="283" /><ent r="4" t="202" w="351" /><ent r="5" t="202" w="552" /><ent r="4" t="203" w="197" /><ent r="5" t="203" w="427" /><ent r="4" t="204" w="66" /><ent r="4" t="205" w="231" /></phr></stem><stem n="addtion"><phr n="addtional"><ent r="4" t="201" w="151" /><ent r="4" t="202" w="316" /><ent r="4" t="203" w="141" /><ent r="4" t="204" w="82" /><ent r="4" t="205" w="249" /><ent r="4" t="206" w="106" /></phr></stem><stem n="_addtional_mactext"><phr n="_addtional_MACtext"><ent r="4" t="201" w="152" /><ent r="4" t="202" w="317" /><ent r="4" t="203" w="142" /><ent r="4" t="204" w="83" /><ent r="4" t="205" w="250" /><ent r="4" t="206" w="107" /></phr></stem><stem n="(null"><phr n="(NULL"><ent r="3" t="201" w="174" /><ent r="3" t="202" w="342" /><ent r="3" t="203" w="188" /></phr></stem><stem n="_length"><phr n="_length"><ent r="4" t="201" w="217" /><ent r="4" t="202" w="385" /></phr></stem><stem n="-zero."><phr n="-zero."><ent r="3" t="201" w="234" /><ent r="3" t="201" w="234" /><ent r="4" t="201" w="421" /><ent r="4" t="201" w="421" /><ent r="3" t="202" w="402" /><ent r="3" t="202" w="402" /><ent r="4" t="202" w="592" /><ent r="4" t="202" w="592" /></phr></stem><stem n="_text2encrypt"><phr n="_text2encrypt"><ent r="4" t="201" w="236" /><ent r="5" t="201" w="415" /><ent r="5" t="201" w="423" /><ent r="3" t="202" w="404" /><ent r="5" t="202" w="586" /><ent r="5" t="202" w="594" /></phr></stem><stem n="_data_s"><phr n="_data_size"><ent r="4" t="201" w="259" /><ent r="5" t="201" w="434" /><ent r="4" t="202" w="430" /><ent r="5" t="202" w="605" /><ent r="4" t="204" w="121" /><ent r="5" t="204" w="280" /><ent r="4" t="205" w="293" /><ent r="5" t="205" w="449" /></phr></stem><stem n="-zero,"><phr n="-zero,"><ent r="4" t="201" w="386" /><ent r="4" t="201" w="386" /><ent r="4" t="202" w="557" /><ent r="4" t="202" w="557" /><ent r="4" t="203" w="432" /><ent r="4" t="203" w="432" /></phr></stem><stem n="_additional_mactext"><phr n="_additional_MACtext"><ent r="5" t="201" w="389" /><ent r="5" t="201" w="397" /><ent r="5" t="202" w="560" /><ent r="5" t="202" w="568" /><ent r="5" t="203" w="435" /><ent r="5" t="203" w="443" /><ent r="5" t="204" w="261" /><ent r="5" t="205" w="430" /><ent r="4" t="206" w="188" /><ent r="5" t="206" w="237" /></phr></stem><stem n="expert"><phr n="expert"><ent r="3" t="202" w="66" /><ent r="3" t="205" w="26" /></phr></stem><stem n="_seal_data_ex("><phr n="_seal_data_ex("><ent r="3" t="202" w="86" /></phr></stem><stem n="_policy,"><phr n="_policy,"><ent r="3" t="202" w="92" /><ent r="3" t="205" w="53" /><ent r="3" t="232" w="39" /></phr></stem><stem n="_attributes_t"><phr n="_attributes_t"><ent r="3" t="202" w="96" /><ent r="64" t="202" w="243" /><ent r="3" t="205" w="57" /><ent r="64" t="205" w="186" /><ent r="3" t="232" w="43" /><ent r="4" t="232" w="156" /><ent r="65" t="247" w="99" /><ent r="1000" t="263" w="3" /><ent r="72" t="263" w="7" /><ent r="3" t="264" w="35" /><ent r="3" t="269" w="87" /><ent r="64" t="269" w="395" /><ent r="3" t="274" w="74" /><ent r="3" t="275" w="61" /><ent r="64" t="275" w="175" /><ent r="3" t="306" w="57" /></phr></stem><stem n="_mask,"><phr n="_mask,"><ent r="3" t="202" w="99" /><ent r="3" t="202" w="107" /><ent r="3" t="205" w="60" /><ent r="3" t="205" w="68" /></phr></stem><stem n="_misc_select_t"><phr n="_misc_select_t"><ent r="3" t="202" w="104" /><ent r="3" t="205" w="65" /><ent r="65" t="247" w="95" /><ent r="1000" t="262" w="4" /><ent r="72" t="262" w="9" /><ent r="3" t="264" w="42" /><ent r="3" t="269" w="101" /><ent r="3" t="274" w="85" /><ent r="3" t="275" w="50" /></phr></stem><stem n="_polici"><phr n="_policy"><ent r="4" t="202" w="154" /><ent r="4" t="202" w="743" /><ent r="4" t="205" w="103" /><ent r="4" t="205" w="587" /><ent r="4" t="232" w="65" /><ent r="4" t="232" w="406" /><ent r="4" t="269" w="182" /></phr></stem><stem n="mrsigner"><phr n="MRSIGNER"><ent r="3" t="202" w="174" /><ent r="6" t="202" w="207" /><ent r="3" t="205" w="123" /><ent r="6" t="205" w="150" /><ent r="3" t="244" w="411" /><ent r="3" t="245" w="340" /><ent r="6" t="269" w="225" /><ent r="4" t="269" w="260" /></phr></stem><stem n="keypolici"><phr n="KEYPOLICY"><ent r="6" t="202" w="191" /><ent r="6" t="202" w="206" /><ent r="6" t="205" w="134" /><ent r="6" t="205" w="149" /><ent r="6" t="269" w="209" /><ent r="6" t="269" w="224" /></phr></stem><stem n="_mrenclav"><phr n="_MRENCLAVE"><ent r="6" t="202" w="192" /><ent r="6" t="205" w="135" /><ent r="6" t="269" w="210" /></phr></stem><stem n="mrenclav"><phr n="MRENCLAVE"><ent r="6" t="202" w="192" /><ent r="6" t="205" w="135" /><ent r="3" t="244" w="413" /><ent r="3" t="245" w="342" /><ent r="6" t="269" w="210" /><ent r="4" t="269" w="242" /></phr></stem><stem n="0x0001"><phr n="0x0001"><ent r="6" t="202" w="194" /><ent r="6" t="205" w="137" /><ent r="6" t="269" w="150" /><ent r="6" t="269" w="212" /><ent r="6" t="310" w="23" /></phr></stem><stem n="_mrsigner"><phr n="_MRSIGNER"><ent r="6" t="202" w="207" /><ent r="6" t="205" w="150" /><ent r="6" t="269" w="225" /></phr></stem><stem n="0x0002"><phr n="0x0002"><ent r="6" t="202" w="209" /><ent r="6" t="205" w="152" /><ent r="6" t="269" w="159" /><ent r="6" t="269" w="227" /><ent r="6" t="310" w="33" /></phr></stem><stem n="_mask"><phr n="_mask"><ent r="4" t="202" w="222" /><ent r="4" t="202" w="265" /><ent r="4" t="202" w="717" /><ent r="4" t="202" w="781" /><ent r="4" t="205" w="165" /><ent r="4" t="205" w="210" /><ent r="4" t="205" w="561" /><ent r="4" t="205" w="627" /><ent r="4" t="269" w="357" /></phr></stem><stem n="0xfffffffffffffff3"><phr n="0xfffffffffffffff3"><ent r="4" t="202" w="259" /><ent r="4" t="205" w="204" /></phr></stem><stem n="=0xfffffffffffffff3,"><phr n="=0xfffffffffffffff3,"><ent r="4" t="202" w="260" /><ent r="4" t="205" w="205" /></phr></stem><stem n="xfrm"><phr n="xfrm"><ent r="4" t="202" w="260" /><ent r="4" t="205" w="205" /><ent r="4" t="263" w="65" /><ent r="4" t="263" w="91" /><ent r="3" t="263" w="112" /><ent r="4" t="263" w="226" /><ent r="3" t="263" w="231" /><ent r="5" t="263" w="245" /><ent r="5" t="263" w="257" /></phr></stem><stem n="=0"><phr n="=0"><ent r="4" t="202" w="261" /><ent r="4" t="205" w="206" /></phr></stem><stem n="_data_t"><phr n="_data_t"><ent r="4" t="202" w="441" /><ent r="4" t="204" w="133" /><ent r="4" t="204" w="173" /><ent r="5" t="204" w="221" /><ent r="4" t="205" w="305" /><ent r="5" t="205" w="390" /><ent r="4" t="206" w="205" /><ent r="4" t="206" w="357" /></phr></stem><stem n="mr"><phr n="MR"><ent r="4" t="202" w="746" /><ent r="4" t="205" w="590" /><ent r="3" t="274" w="69" /><ent r="4" t="274" w="101" /><ent r="3" t="275" w="67" /><ent r="3" t="275" w="78" /><ent r="4" t="275" w="184" /><ent r="4" t="275" w="206" /><ent r="3" t="306" w="63" /><ent r="3" t="306" w="75" /><ent r="4" t="306" w="133" /><ent r="4" t="306" w="148" /></phr></stem><stem n="_signer"><phr n="_SIGNER"><ent r="4" t="202" w="747" /><ent r="4" t="205" w="591" /><ent r="4" t="275" w="207" /><ent r="4" t="306" w="149" /></phr></stem><stem n="convers"><phr n="converse"><ent r="3" t="203" w="55" /></phr><phr n="Conversions"><ent r="6" t="320" w="57" /></phr><phr n="conversion"><ent r="6" t="320" w="80" /></phr></stem><stem n="_unseal_data("><phr n="_unseal_data("><ent r="3" t="203" w="78" /></phr></stem><stem n="_sealed_data,"><phr n="_sealed_data,"><ent r="3" t="203" w="87" /><ent r="3" t="206" w="64" /></phr></stem><stem n="_additional_mactext_length,"><phr n="_additional_MACtext_length,"><ent r="3" t="203" w="100" /><ent r="3" t="206" w="77" /></phr></stem><stem n="_decrypted_text,"><phr n="_decrypted_text,"><ent r="3" t="203" w="106" /></phr></stem><stem n="_decrypted_text_length"><phr n="_decrypted_text_length"><ent r="3" t="203" w="112" /><ent r="4" t="203" w="314" /><ent r="4" t="203" w="344" /><ent r="5" t="203" w="469" /></phr></stem><stem n="_get_mac_add_text_len"><phr n="_get_mac_add_text_len"><ent r="4" t="203" w="178" /><ent r="4" t="203" w="234" /><ent r="4" t="203" w="705" /></phr></stem><stem n="_additional_mactext_length"><phr n="_additional_MACtext_length"><ent r="4" t="203" w="205" /><ent r="4" t="206" w="148" /></phr></stem><stem n="_decrypted_text"><phr n="_decrypted_text"><ent r="4" t="203" w="262" /><ent r="4" t="203" w="302" /><ent r="3" t="203" w="335" /><ent r="4" t="203" w="385" /><ent r="5" t="203" w="462" /><ent r="5" t="203" w="479" /></phr></stem><stem n="addtit"><phr n="addtitional"><ent r="5" t="203" w="484" /><ent r="5" t="206" w="255" /></phr></stem><stem n="_addtitional_mactext"><phr n="_addtitional_MACtext"><ent r="5" t="203" w="485" /><ent r="5" t="206" w="256" /></phr></stem><stem n="big"><phr n="big"><ent r="4" t="203" w="490" /><ent r="4" t="206" w="261" /></phr></stem><stem n="_mac_aadata("><phr n="_mac_aadata("><ent r="3" t="204" w="30" /></phr></stem><stem n="_mac_aadata_ex("><phr n="_mac_aadata_ex("><ent r="3" t="205" w="47" /></phr></stem><stem n="_select"><phr n="_SELECT"><ent r="4" t="205" w="216" /><ent r="4" t="264" w="16" /><ent r="4" t="264" w="61" /><ent r="4" t="274" w="134" /><ent r="4" t="275" w="136" /></phr></stem><stem n="_verify_mac_aadata"><phr n="_verify_mac_aadata"><ent r="1000" t="206" w="4" /></phr></stem><stem n="_unmac_aadata("><phr n="_unmac_aadata("><ent r="3" t="206" w="55" /></phr></stem><stem n="-gmac"><phr n="-GMAC"><ent r="3" t="206" w="119" /><ent r="3" t="206" w="119" /><ent r="3" t="277" w="119" /><ent r="3" t="277" w="119" /></phr></stem><stem n="_get_add_mac_text_len"><phr n="_get_add_mac_text_len"><ent r="4" t="206" w="134" /><ent r="4" t="206" w="447" /></phr></stem><stem n="_unmac_data"><phr n="_unmac_data"><ent r="4" t="206" w="171" /></phr></stem><stem n="plaintext"><phr n="plaintext"><ent r="3" t="206" w="182" /></phr></stem><stem n="_sha256_msg("><phr n="_sha256_msg("><ent r="3" t="207" w="35" /></phr></stem><stem n="*p_src,"><phr n="*p_src,"><ent r="3" t="207" w="41" /><ent r="3" t="209" w="64" /><ent r="3" t="212" w="60" /><ent r="3" t="213" w="60" /><ent r="3" t="214" w="55" /><ent r="3" t="216" w="66" /><ent r="3" t="219" w="66" /><ent r="3" t="220" w="66" /></phr></stem><stem n="_len,"><phr n="_len,"><ent r="3" t="207" w="46" /><ent r="3" t="209" w="69" /><ent r="3" t="212" w="65" /><ent r="3" t="212" w="81" /><ent r="3" t="212" w="92" /><ent r="3" t="213" w="65" /><ent r="3" t="213" w="81" /><ent r="3" t="213" w="92" /><ent r="3" t="214" w="60" /><ent r="3" t="216" w="71" /><ent r="3" t="219" w="72" /><ent r="3" t="220" w="72" /></phr></stem><stem n="_sha256_hash_t"><phr n="_sha256_hash_t"><ent r="3" t="207" w="50" /></phr></stem><stem n="*p_hash"><phr n="*p_hash"><ent r="3" t="207" w="52" /></phr></stem><stem n="_src"><phr n="_src"><ent r="4" t="207" w="59" /><ent r="4" t="209" w="83" /><ent r="4" t="212" w="133" /><ent r="4" t="212" w="178" /><ent r="4" t="213" w="135" /><ent r="4" t="213" w="180" /><ent r="4" t="214" w="99" /><ent r="4" t="216" w="85" /><ent r="4" t="219" w="121" /><ent r="4" t="220" w="121" /></phr></stem><stem n="-null."><phr n="-NULL."><ent r="3" t="207" w="86" /><ent r="3" t="207" w="86" /><ent r="3" t="207" w="287" /><ent r="3" t="207" w="287" /><ent r="3" t="209" w="110" /><ent r="3" t="209" w="110" /><ent r="3" t="214" w="126" /><ent r="3" t="214" w="126" /><ent r="3" t="214" w="319" /><ent r="3" t="214" w="319" /><ent r="3" t="216" w="112" /><ent r="3" t="216" w="112" /></phr></stem><stem n="_len"><phr n="_len"><ent r="4" t="207" w="88" /><ent r="4" t="209" w="112" /><ent r="4" t="212" w="157" /><ent r="4" t="212" w="191" /><ent r="4" t="212" w="252" /><ent r="4" t="212" w="312" /><ent r="4" t="213" w="159" /><ent r="4" t="213" w="193" /><ent r="4" t="213" w="254" /><ent r="4" t="213" w="315" /><ent r="4" t="214" w="128" /><ent r="4" t="216" w="114" /><ent r="4" t="219" w="136" /><ent r="4" t="220" w="136" /><ent r="4" t="281" w="176" /></phr></stem><stem n="_hash"><phr n="_hash"><ent r="4" t="207" w="111" /><ent r="3" t="210" w="59" /><ent r="4" t="210" w="103" /><ent r="3" t="217" w="56" /><ent r="4" t="217" w="102" /></phr></stem><stem n="256bit"><phr n="256bit"><ent r="3" t="207" w="119" /></phr></stem><stem n="256-bit"><phr n="256-bit"><ent r="3" t="207" w="214" /><ent r="3" t="210" w="112" /><ent r="4" t="221" w="171" /><ent r="3" t="221" w="257" /><ent r="4" t="222" w="122" /><ent r="4" t="223" w="240" /><ent r="4" t="224" w="216" /><ent r="4" t="225" w="162" /><ent r="4" t="226" w="192" /><ent r="4" t="227" w="222" /><ent r="3" t="270" w="15" /></phr><phr n="256-bits"><ent r="3" t="226" w="347" /><ent r="3" t="227" w="340" /></phr></stem><stem n="(other"><phr n="(Other"><ent r="3" t="207" w="223" /></phr></stem><stem n="512"><phr n="512"><ent r="3" t="207" w="227" /><ent r="3" t="272" w="18" /></phr></stem><stem n="_tcrypto.h"><phr n="_tcrypto.h"><ent r="6" t="207" w="295" /><ent r="6" t="208" w="292" /><ent r="6" t="209" w="322" /><ent r="6" t="210" w="239" /><ent r="6" t="211" w="159" /><ent r="6" t="212" w="643" /><ent r="6" t="213" w="647" /><ent r="6" t="214" w="327" /><ent r="6" t="215" w="321" /><ent r="6" t="216" w="382" /><ent r="6" t="217" w="292" /><ent r="6" t="218" w="161" /><ent r="6" t="219" w="380" /><ent r="6" t="220" w="380" /><ent r="6" t="221" w="538" /><ent r="6" t="222" w="194" /><ent r="6" t="223" w="468" /><ent r="6" t="224" w="683" /><ent r="6" t="225" w="306" /><ent r="6" t="226" w="420" /><ent r="6" t="227" w="431" /></phr></stem><stem n="dataset"><phr n="datasets"><ent r="3" t="208" w="43" /><ent r="3" t="208" w="215" /><ent r="3" t="208" w="256" /><ent r="3" t="209" w="33" /><ent r="3" t="209" w="48" /><ent r="3" t="209" w="232" /><ent r="3" t="209" w="288" /><ent r="3" t="210" w="100" /><ent r="3" t="210" w="191" /><ent r="3" t="211" w="135" /><ent r="3" t="215" w="43" /><ent r="3" t="215" w="245" /><ent r="3" t="215" w="287" /><ent r="3" t="216" w="35" /><ent r="3" t="216" w="50" /><ent r="3" t="216" w="290" /><ent r="3" t="216" w="349" /><ent r="3" t="217" w="244" /><ent r="3" t="218" w="136" /><ent r="3" t="219" w="337" /><ent r="3" t="220" w="337" /></phr><phr n="dataset"><ent r="3" t="208" w="47" /><ent r="3" t="209" w="20" /><ent r="3" t="209" w="262" /><ent r="3" t="209" w="307" /><ent r="3" t="210" w="23" /><ent r="3" t="215" w="47" /><ent r="3" t="216" w="22" /><ent r="3" t="216" w="321" /><ent r="3" t="216" w="367" /><ent r="3" t="217" w="22" /><ent r="3" t="219" w="310" /><ent r="3" t="220" w="310" /><ent r="3" t="226" w="25" /><ent r="3" t="226" w="280" /><ent r="3" t="227" w="26" /><ent r="3" t="227" w="89" /><ent r="3" t="227" w="101" /></phr></stem><stem n="_sha256_init("><phr n="_sha256_init("><ent r="3" t="208" w="76" /></phr></stem><stem n="_sha_state_handle_t*"><phr n="_sha_state_handle_t*"><ent r="3" t="208" w="82" /></phr></stem><stem n="_sha_handl"><phr n="_sha_handle"><ent r="3" t="208" w="84" /><ent r="4" t="208" w="92" /><ent r="4" t="208" w="155" /></phr></stem><stem n="iter"><phr n="iterative"><ent r="3" t="208" w="111" /><ent r="3" t="209" w="26" /><ent r="3" t="209" w="154" /><ent r="3" t="210" w="84" /><ent r="3" t="211" w="72" /><ent r="3" t="215" w="146" /><ent r="3" t="216" w="28" /><ent r="3" t="216" w="156" /><ent r="3" t="217" w="82" /><ent r="3" t="218" w="74" /></phr><phr n="Iterators"><ent r="6" t="317" w="66" /></phr><phr n="iterator"><ent r="6" t="317" w="71" /><ent r="6" t="317" w="73" /><ent r="6" t="317" w="75" /><ent r="6" t="317" w="77" /></phr></stem><stem n="intermedi"><phr n="intermediate"><ent r="3" t="208" w="118" /><ent r="3" t="209" w="40" /><ent r="3" t="209" w="161" /><ent r="3" t="209" w="283" /><ent r="3" t="210" w="91" /><ent r="3" t="211" w="79" /><ent r="3" t="215" w="155" /><ent r="3" t="216" w="42" /><ent r="3" t="216" w="163" /><ent r="3" t="216" w="344" /><ent r="3" t="217" w="89" /><ent r="3" t="218" w="81" /><ent r="3" t="221" w="152" /><ent r="3" t="222" w="103" /><ent r="3" t="223" w="221" /><ent r="3" t="224" w="197" /><ent r="3" t="225" w="143" /><ent r="3" t="226" w="173" /><ent r="3" t="227" w="203" /></phr></stem><stem n="_handl"><phr n="_handle"><ent r="3" t="209" w="37" /><ent r="3" t="209" w="76" /><ent r="4" t="209" w="135" /><ent r="4" t="210" w="65" /><ent r="3" t="211" w="46" /><ent r="4" t="211" w="53" /><ent r="3" t="216" w="39" /><ent r="3" t="216" w="78" /><ent r="4" t="216" w="137" /><ent r="4" t="217" w="63" /><ent r="3" t="218" w="48" /><ent r="4" t="218" w="55" /><ent r="3" t="222" w="67" /><ent r="4" t="222" w="74" /><ent r="3" t="223" w="101" /><ent r="4" t="223" w="192" /><ent r="3" t="224" w="89" /><ent r="4" t="224" w="168" /><ent r="4" t="225" w="114" /><ent r="3" t="226" w="67" /><ent r="4" t="226" w="144" /><ent r="3" t="227" w="74" /><ent r="4" t="227" w="174" /></phr></stem><stem n="_sha256_update("><phr n="_sha256_update("><ent r="3" t="209" w="58" /></phr></stem><stem n="_sha_state_handle_t"><phr n="_sha_state_handle_t"><ent r="3" t="209" w="74" /><ent r="3" t="210" w="50" /><ent r="3" t="211" w="44" /></phr></stem><stem n="_sha256_get_hash("><phr n="_sha256_get_hash("><ent r="3" t="210" w="45" /></phr></stem><stem n="_handle,"><phr n="_handle,"><ent r="3" t="210" w="53" /><ent r="3" t="217" w="49" /><ent r="3" t="225" w="82" /></phr></stem><stem n="_sha256_hash_t*"><phr n="_sha256_hash_t*"><ent r="3" t="210" w="58" /></phr></stem><stem n="clean"><phr n="cleans"><ent r="3" t="211" w="13" /><ent r="3" t="218" w="13" /><ent r="3" t="222" w="16" /></phr></stem><stem n="dealloc"><phr n="deallocates"><ent r="3" t="211" w="16" /><ent r="3" t="218" w="16" /><ent r="3" t="222" w="19" /></phr><phr n="deallocated"><ent r="3" t="211" w="101" /><ent r="3" t="218" w="103" /><ent r="3" t="222" w="143" /></phr><phr n="deallocate"><ent r="3" t="211" w="142" /><ent r="3" t="218" w="143" /><ent r="3" t="221" w="80" /><ent r="3" t="222" w="170" /></phr></stem><stem n="_sha256_close("><phr n="_sha256_close("><ent r="3" t="211" w="39" /></phr></stem><stem n="rijndael"><phr n="Rijndael"><ent r="3" t="212" w="15" /><ent r="3" t="213" w="15" /><ent r="3" t="219" w="18" /><ent r="3" t="220" w="18" /></phr></stem><stem n="_rijndael128gcm_encrypt("><phr n="_rijndael128GCM_encrypt("><ent r="3" t="212" w="44" /></phr></stem><stem n="_aes_gcm_128bit_key_t"><phr n="_aes_gcm_128bit_key_t"><ent r="3" t="212" w="51" /><ent r="3" t="213" w="51" /><ent r="3" t="220" w="57" /></phr></stem><stem n="*p_key,"><phr n="*p_key,"><ent r="3" t="212" w="54" /><ent r="3" t="213" w="54" /><ent r="3" t="214" w="49" /><ent r="3" t="215" w="86" /><ent r="3" t="219" w="60" /><ent r="3" t="220" w="60" /></phr></stem><stem n="dst"><phr n="dst"><ent r="3" t="212" w="69" /><ent r="4" t="212" w="183" /><ent r="4" t="212" w="200" /><ent r="3" t="213" w="69" /><ent r="4" t="213" w="185" /><ent r="4" t="213" w="202" /><ent r="3" t="219" w="88" /><ent r="4" t="219" w="188" /><ent r="3" t="220" w="88" /><ent r="4" t="220" w="188" /></phr></stem><stem n="*p_dst,"><phr n="*p_dst,"><ent r="3" t="212" w="70" /><ent r="3" t="213" w="70" /><ent r="3" t="219" w="89" /></phr></stem><stem n="iv"><phr n="iv"><ent r="3" t="212" w="75" /><ent r="3" t="212" w="79" /><ent r="4" t="212" w="222" /><ent r="3" t="212" w="243" /><ent r="4" t="212" w="251" /><ent r="3" t="212" w="398" /><ent r="3" t="212" w="443" /><ent r="3" t="213" w="75" /><ent r="3" t="213" w="79" /><ent r="4" t="213" w="224" /><ent r="3" t="213" w="245" /><ent r="4" t="213" w="253" /><ent r="3" t="213" w="407" /><ent r="3" t="213" w="452" /><ent r="3" t="219" w="298" /><ent r="3" t="220" w="298" /></phr></stem><stem n="*p_iv,"><phr n="*p_iv,"><ent r="3" t="212" w="76" /><ent r="3" t="213" w="76" /></phr></stem><stem n="aad"><phr n="aad"><ent r="3" t="212" w="86" /><ent r="3" t="212" w="90" /><ent r="3" t="212" w="153" /><ent r="4" t="212" w="190" /><ent r="4" t="212" w="273" /><ent r="4" t="212" w="311" /><ent r="3" t="212" w="404" /><ent r="3" t="212" w="411" /><ent r="3" t="212" w="437" /><ent r="3" t="212" w="606" /><ent r="3" t="212" w="619" /><ent r="3" t="213" w="86" /><ent r="3" t="213" w="90" /><ent r="3" t="213" w="155" /><ent r="4" t="213" w="192" /><ent r="4" t="213" w="275" /><ent r="4" t="213" w="314" /><ent r="3" t="213" w="413" /><ent r="3" t="213" w="420" /><ent r="3" t="213" w="446" /><ent r="3" t="213" w="629" /></phr></stem><stem n="*p_aad,"><phr n="*p_aad,"><ent r="3" t="212" w="87" /><ent r="3" t="213" w="87" /></phr></stem><stem n="_aes_gcm_128bit_tag_t"><phr n="_aes_gcm_128bit_tag_t"><ent r="3" t="212" w="98" /><ent r="3" t="213" w="99" /></phr></stem><stem n="*p_out_mac"><phr n="*p_out_mac"><ent r="3" t="212" w="101" /></phr></stem><stem n="_kei"><phr n="_key"><ent r="4" t="212" w="107" /><ent r="4" t="213" w="109" /><ent r="4" t="214" w="74" /><ent r="4" t="215" w="101" /><ent r="4" t="219" w="95" /><ent r="4" t="220" w="95" /><ent r="4" t="239" w="384" /></phr></stem><stem n="_dst"><phr n="_dst"><ent r="4" t="212" w="183" /><ent r="4" t="212" w="200" /><ent r="4" t="213" w="185" /><ent r="4" t="213" w="202" /><ent r="4" t="219" w="188" /><ent r="4" t="220" w="188" /></phr></stem><stem n="_iv"><phr n="_iv"><ent r="4" t="212" w="222" /><ent r="4" t="213" w="224" /></phr></stem><stem n="vector"><phr n="vector"><ent r="3" t="212" w="230" /><ent r="3" t="212" w="261" /><ent r="3" t="213" w="232" /><ent r="3" t="213" w="263" /><ent r="3" t="219" w="160" /><ent r="3" t="220" w="160" /><ent r="65" t="247" w="34" /><ent r="1000" t="250" w="3" /><ent r="72" t="250" w="8" /><ent r="4" t="250" w="15" /><ent r="3" t="250" w="28" /><ent r="3" t="250" w="57" /><ent r="3" t="250" w="63" /><ent r="3" t="250" w="73" /><ent r="3" t="250" w="83" /><ent r="3" t="250" w="92" /><ent r="3" t="250" w="100" /><ent r="3" t="250" w="111" /><ent r="3" t="250" w="125" /><ent r="3" t="250" w="136" /><ent r="3" t="250" w="148" /><ent r="3" t="251" w="29" /><ent r="3" t="253" w="54" /><ent r="3" t="253" w="57" /><ent r="4" t="253" w="91" /></phr><phr n="vectors"><ent r="3" t="250" w="24" /></phr></stem><stem n="nist"><phr n="NIST"><ent r="3" t="212" w="239" /><ent r="3" t="212" w="270" /><ent r="3" t="212" w="496" /><ent r="3" t="213" w="241" /><ent r="3" t="213" w="272" /><ent r="3" t="213" w="521" /><ent r="3" t="219" w="286" /><ent r="3" t="220" w="286" /><ent r="3" t="237" w="79" /><ent r="3" t="238" w="105" /><ent r="3" t="294" w="76" /><ent r="3" t="295" w="108" /><ent r="3" t="302" w="70" /><ent r="3" t="303" w="77" /></phr></stem><stem n="96"><phr n="96"><ent r="3" t="212" w="246" /><ent r="3" t="213" w="248" /><ent r="3" t="275" w="84" /><ent r="3" t="306" w="82" /><ent r="4" t="306" w="158" /><ent r="3" t="306" w="161" /></phr></stem><stem n="(12"><phr n="(12"><ent r="3" t="212" w="248" /><ent r="3" t="213" w="250" /></phr></stem><stem n="12"><phr n="12"><ent r="3" t="212" w="248" /><ent r="3" t="212" w="266" /><ent r="3" t="212" w="449" /><ent r="3" t="213" w="250" /><ent r="3" t="213" w="268" /><ent r="3" t="213" w="458" /><ent r="3" t="277" w="44" /><ent r="3" t="278" w="112" /></phr></stem><stem n="_aad"><phr n="_aad"><ent r="4" t="212" w="273" /><ent r="4" t="213" w="275" /></phr></stem><stem n="_out_mac"><phr n="_out_mac"><ent r="4" t="212" w="338" /></phr></stem><stem n="(data"><phr n="(data"><ent r="3" t="212" w="353" /><ent r="3" t="213" w="357" /></phr></stem><stem n="(thi"><phr n="(this"><ent r="3" t="212" w="364" /><ent r="3" t="213" w="368" /></phr></stem><stem n="(bytes)."><phr n="(bytes)."><ent r="3" t="212" w="451" /><ent r="3" t="213" w="460" /></phr></stem><stem n="[nist"><phr n="[NIST"><ent r="3" t="212" w="496" /><ent r="3" t="213" w="521" /><ent r="3" t="219" w="286" /><ent r="3" t="220" w="286" /></phr></stem><stem n="800-38d"><phr n="800-38D"><ent r="3" t="212" w="498" /><ent r="3" t="213" w="523" /></phr></stem><stem n="38d"><phr n="38D"><ent r="3" t="212" w="499" /><ent r="3" t="213" w="524" /></phr></stem><stem n="-38d]"><phr n="-38D]"><ent r="3" t="212" w="500" /><ent r="3" t="212" w="500" /><ent r="3" t="213" w="525" /><ent r="3" t="213" w="525" /></phr></stem><stem n="variat"><phr n="variation"><ent r="3" t="212" w="502" /><ent r="3" t="213" w="527" /></phr></stem><stem n="finit"><phr n="finite"><ent r="3" t="212" w="535" /><ent r="3" t="213" w="560" /><ent r="3" t="221" w="30" /><ent r="3" t="223" w="361" /></phr></stem><stem n="stronger"><phr n="stronger"><ent r="3" t="212" w="562" /><ent r="3" t="213" w="587" /></phr></stem><stem n="non-cryptograph"><phr n="non-cryptographic"><ent r="3" t="212" w="567" /><ent r="3" t="213" w="592" /></phr></stem><stem n="(non-cryptographic)"><phr n="(non-cryptographic)"><ent r="3" t="212" w="569" /><ent r="3" t="213" w="594" /></phr></stem></index>