<?xml version="1.0" encoding="utf-8"?><index><stem n="||"><phr n="||"><ent r="5" t="94" w="236" /><ent r="5" t="94" w="295" /><ent r="5" t="94" w="356" /><ent r="5" t="94" w="358" /><ent r="4" t="99" w="491" /><ent r="5" t="99" w="539" /><ent r="5" t="99" w="541" /><ent r="56" t="99" w="546" /><ent r="5" t="99" w="552" /><ent r="5" t="99" w="556" /><ent r="5" t="99" w="562" /><ent r="5" t="99" w="564" /><ent r="56" t="99" w="569" /><ent r="5" t="99" w="575" /><ent r="5" t="99" w="579" /><ent r="4" t="101" w="57" /><ent r="3" t="252" w="50" /></phr></stem><stem n="targetinfo"><phr n="TARGETINFO"><ent r="5" t="94" w="237" /></phr></stem><stem n="sent"><phr n="sent"><ent r="4" t="94" w="246" /><ent r="4" t="94" w="304" /><ent r="4" t="94" w="368" /><ent r="3" t="96" w="100" /><ent r="3" t="96" w="215" /><ent r="3" t="101" w="249" /><ent r="3" t="101" w="263" /><ent r="3" t="156" w="420" /><ent r="3" t="243" w="22" /><ent r="3" t="244" w="17" /><ent r="3" t="245" w="17" /></phr></stem><stem n="gb||"><phr n="gb||"><ent r="5" t="94" w="289" /></phr></stem><stem n="[report"><phr n="[Report"><ent r="5" t="94" w="290" /></phr></stem><stem n="(h(ga"><phr n="(h(ga"><ent r="5" t="94" w="294" /></phr></stem><stem n="gb"><phr n="gb"><ent r="5" t="94" w="296" /><ent r="5" t="94" w="355" /><ent r="5" t="99" w="538" /><ent r="5" t="99" w="554" /><ent r="5" t="99" w="561" /><ent r="5" t="99" w="577" /><ent r="3" t="133" w="344" /><ent r="3" t="212" w="523" /><ent r="3" t="213" w="548" /><ent r="3" t="295" w="67" /><ent r="4" t="295" w="149" /><ent r="3" t="295" w="230" /><ent r="4" t="295" w="242" /><ent r="3" t="296" w="338" /></phr></stem><stem n="))]smk"><phr n="))]SMK"><ent r="5" t="94" w="297" /></phr></stem><stem n="reportenclave2"><phr n="ReportEnclave2"><ent r="5" t="94" w="353" /></phr></stem><stem n="[reportenclave2(h(gb"><phr n="[ReportEnclave2(h(gb"><ent r="5" t="94" w="355" /></phr></stem><stem n="))"><phr n="))"><ent r="5" t="94" w="358" /><ent r="5" t="99" w="579" /></phr></stem><stem n="payload"><phr n="Payload"><ent r="5" t="94" w="360" /><ent r="3" t="96" w="38" /><ent r="3" t="96" w="59" /><ent r="3" t="96" w="95" /><ent r="3" t="96" w="154" /><ent r="3" t="96" w="196" /><ent r="3" t="133" w="291" /><ent r="3" t="277" w="20" /><ent r="3" t="277" w="24" /><ent r="3" t="277" w="38" /><ent r="3" t="277" w="48" /><ent r="3" t="277" w="57" /><ent r="4" t="277" w="68" /><ent r="3" t="277" w="74" /><ent r="3" t="277" w="92" /><ent r="3" t="277" w="116" /><ent r="3" t="277" w="125" /><ent r="4" t="277" w="130" /><ent r="3" t="277" w="133" /><ent r="3" t="278" w="156" /><ent r="3" t="278" w="189" /><ent r="3" t="278" w="193" /></phr></stem><stem n="]smk"><phr n="]SMK"><ent r="5" t="94" w="361" /></phr></stem><stem n="enclave2"><phr n="Enclave2"><ent r="4" t="94" w="371" /></phr></stem><stem n="enclave1"><phr n="Enclave1"><ent r="4" t="94" w="373" /></phr></stem><stem n="aek"><phr n="AEK"><ent r="4" t="94" w="417" /><ent r="3" t="244" w="23" /><ent r="3" t="244" w="66" /><ent r="4" t="244" w="233" /><ent r="3" t="244" w="250" /><ent r="4" t="244" w="264" /><ent r="4" t="244" w="269" /><ent r="3" t="244" w="322" /><ent r="4" t="244" w="340" /><ent r="3" t="244" w="441" /><ent r="3" t="245" w="23" /><ent r="3" t="245" w="63" /><ent r="4" t="245" w="177" /><ent r="3" t="245" w="194" /><ent r="4" t="245" w="208" /><ent r="4" t="245" w="213" /><ent r="3" t="245" w="266" /><ent r="4" t="245" w="284" /><ent r="3" t="245" w="370" /></phr></stem><stem n="interact"><phr n="interaction"><ent r="3" t="95" w="14" /><ent r="3" t="101" w="94" /></phr></stem><stem n="destin"><phr n="destination"><ent r="3" t="95" w="24" /><ent r="3" t="95" w="41" /><ent r="3" t="95" w="58" /><ent r="3" t="95" w="67" /><ent r="3" t="95" w="87" /><ent r="3" t="96" w="49" /><ent r="3" t="96" w="109" /><ent r="3" t="96" w="179" /><ent r="3" t="96" w="192" /><ent r="3" t="212" w="427" /><ent r="3" t="212" w="597" /><ent r="3" t="213" w="436" /><ent r="3" t="213" w="620" /><ent r="3" t="219" w="230" /><ent r="3" t="219" w="362" /><ent r="3" t="220" w="230" /><ent r="3" t="220" w="362" /></phr></stem><stem n="do"><phr n="doing"><ent r="3" t="95" w="44" /></phr></stem><stem n="encapsul"><phr n="encapsulated"><ent r="3" t="96" w="92" /></phr></stem><stem n="(source)"><phr n="(source)"><ent r="3" t="96" w="105" /></phr></stem><stem n="(destination)"><phr n="(destination)"><ent r="3" t="96" w="110" /></phr></stem><stem n="just"><phr n="just"><ent r="3" t="96" w="164" /><ent r="4" t="99" w="260" /><ent r="3" t="145" w="80" /></phr></stem><stem n="decrypt"><phr n="decrypts"><ent r="3" t="96" w="194" /><ent r="4" t="106" w="15" /><ent r="4" t="111" w="15" /><ent r="3" t="203" w="637" /><ent r="3" t="220" w="269" /></phr><phr n="decrypt"><ent r="3" t="133" w="175" /><ent r="4" t="133" w="189" /><ent r="3" t="133" w="272" /><ent r="65" t="146" w="84" /><ent r="65" t="146" w="115" /><ent r="3" t="203" w="16" /><ent r="1000" t="213" w="3" /><ent r="72" t="213" w="7" /><ent r="4" t="213" w="11" /><ent r="3" t="213" w="43" /><ent r="1000" t="220" w="4" /><ent r="72" t="220" w="9" /><ent r="4" t="220" w="14" /><ent r="3" t="220" w="49" /></phr><phr n="decrypted"><ent r="4" t="134" w="183" /><ent r="3" t="200" w="44" /><ent r="3" t="200" w="158" /><ent r="3" t="203" w="30" /><ent r="3" t="203" w="104" /><ent r="3" t="203" w="110" /><ent r="3" t="203" w="133" /><ent r="3" t="203" w="255" /><ent r="4" t="203" w="261" /><ent r="3" t="203" w="268" /><ent r="4" t="203" w="301" /><ent r="4" t="203" w="312" /><ent r="3" t="203" w="324" /><ent r="3" t="203" w="334" /><ent r="4" t="203" w="342" /><ent r="3" t="203" w="360" /><ent r="4" t="203" w="384" /><ent r="5" t="203" w="461" /><ent r="5" t="203" w="467" /><ent r="5" t="203" w="478" /><ent r="4" t="203" w="495" /><ent r="3" t="203" w="684" /><ent r="3" t="203" w="718" /><ent r="3" t="213" w="147" /><ent r="3" t="213" w="172" /><ent r="3" t="213" w="210" /><ent r="3" t="220" w="133" /><ent r="3" t="220" w="149" /><ent r="3" t="220" w="196" /></phr><phr n="decryption"><ent r="3" t="213" w="18" /><ent r="3" t="213" w="123" /><ent r="3" t="219" w="305" /><ent r="3" t="220" w="21" /><ent r="3" t="220" w="109" /><ent r="3" t="220" w="305" /><ent r="3" t="220" w="326" /><ent r="3" t="221" w="519" /></phr></stem><stem n="speak"><phr n="speaking"><ent r="3" t="97" w="8" /></phr></stem><stem n="entiti"><phr n="entity"><ent r="3" t="97" w="17" /></phr></stem><stem n="sort"><phr n="sort"><ent r="3" t="97" w="37" /></phr></stem><stem n="intel-provid"><phr n="Intel-provided"><ent r="3" t="97" w="52" /></phr></stem><stem n="(qe)"><phr n="(QE)"><ent r="3" t="97" w="57" /></phr></stem><stem n="(pve)."><phr n="(PvE)."><ent r="3" t="97" w="61" /></phr></stem><stem n="deliv"><phr n="deliver"><ent r="3" t="97" w="87" /><ent r="3" t="99" w="735" /></phr><phr n="delivering"><ent r="3" t="97" w="94" /></phr></stem><stem n="(secret"><phr n="(secrets"><ent r="3" t="97" w="90" /></phr></stem><stem n="asset"><phr n="assets"><ent r="3" t="97" w="92" /></phr></stem><stem n="analog"><phr n="analogous"><ent r="3" t="97" w="115" /><ent r="3" t="185" w="97" /></phr></stem><stem n="familiar"><phr n="familiar"><ent r="3" t="97" w="119" /></phr></stem><stem n="ssl"><phr n="SSL"><ent r="3" t="97" w="120" /></phr></stem><stem n="handshak"><phr n="handshake"><ent r="3" t="97" w="121" /></phr></stem><stem n="ke"><phr n="KE"><ent r="3" t="97" w="176" /><ent r="3" t="97" w="393" /><ent r="72" t="98" w="9" /><ent r="3" t="98" w="21" /><ent r="3" t="98" w="54" /><ent r="3" t="98" w="58" /><ent r="3" t="98" w="103" /><ent r="3" t="98" w="110" /><ent r="3" t="98" w="136" /><ent r="3" t="98" w="148" /><ent r="3" t="98" w="156" /><ent r="4" t="99" w="165" /><ent r="4" t="99" w="320" /><ent r="4" t="99" w="438" /><ent r="3" t="99" w="765" /><ent r="3" t="99" w="799" /></phr></stem><stem n="(ke)"><phr n="(KE)"><ent r="3" t="97" w="177" /><ent r="72" t="98" w="10" /></phr></stem><stem n="greatli"><phr n="greatly"><ent r="3" t="97" w="183" /></phr></stem><stem n="simplifi"><phr n="simplify"><ent r="3" t="97" w="184" /></phr></stem><stem n="(sgxsdkinstallpath)src\remoteattest"><phr n="(SGXSDKInstallPath)src\RemoteAttestation"><ent r="4" t="97" w="204" /></phr></stem><stem n="sandbox"><phr n="sandbox"><ent r="4" t="97" w="218" /></phr></stem><stem n="anonym"><phr n="anonymous"><ent r="3" t="97" w="306" /></phr></stem><stem n="(epid),"><phr n="(EPID),"><ent r="3" t="97" w="313" /></phr></stem><stem n="-like"><phr n="-like"><ent r="3" t="97" w="325" /><ent r="3" t="97" w="325" /></phr></stem><stem n="sigma"><phr n="Sigma"><ent r="3" t="97" w="325" /><ent r="3" t="97" w="331" /><ent r="3" t="97" w="358" /><ent r="3" t="97" w="386" /><ent r="3" t="100" w="102" /><ent r="3" t="295" w="401" /><ent r="3" t="296" w="236" /><ent r="3" t="296" w="516" /></phr></stem><stem n="sigma-lik"><phr n="Sigma-like"><ent r="3" t="97" w="325" /></phr></stem><stem n="weak"><phr n="weaknesses"><ent r="3" t="97" w="346" /></phr><phr n="weak"><ent r="3" t="101" w="208" /></phr></stem><stem n="ik"><phr n="IKE"><ent r="3" t="97" w="364" /></phr></stem><stem n="v2"><phr n="v2"><ent r="3" t="97" w="367" /></phr></stem><stem n="pki"><phr n="PKI"><ent r="3" t="97" w="384" /><ent r="3" t="97" w="390" /></phr></stem><stem n="ecdsa"><phr n="ECDSA"><ent r="3" t="97" w="402" /><ent r="4" t="99" w="227" /><ent r="65" t="146" w="145" /><ent r="65" t="146" w="149" /><ent r="1000" t="226" w="2" /><ent r="72" t="226" w="6" /><ent r="4" t="226" w="10" /><ent r="3" t="226" w="33" /><ent r="3" t="226" w="367" /><ent r="1000" t="227" w="2" /><ent r="72" t="227" w="6" /><ent r="4" t="227" w="10" /><ent r="3" t="227" w="34" /><ent r="4" t="227" w="351" /><ent r="3" t="227" w="365" /><ent r="3" t="295" w="154" /><ent r="3" t="295" w="165" /></phr></stem><stem n="(a"><phr n="(a"><ent r="3" t="98" w="44" /></phr></stem><stem n="_ukey_exchange[mt].lib"><phr n="_ukey_exchange[mt].lib"><ent r="55" t="98" w="71" /></phr></stem><stem n="_ukey_exchange.h"><phr n="_ukey_exchange.h"><ent r="4" t="98" w="93" /><ent r="6" t="155" w="513" /><ent r="6" t="156" w="762" /><ent r="6" t="297" w="88" /><ent r="6" t="298" w="95" /><ent r="6" t="299" w="88" /></phr></stem><stem n="relat"><phr n="relates"><ent r="3" t="98" w="141" /></phr><phr n="related"><ent r="4" t="129" w="62" /><ent r="4" t="129" w="79" /><ent r="3" t="132" w="70" /><ent r="4" t="145" w="103" /><ent r="6" t="312" w="280" /><ent r="4" t="315" w="89" /><ent r="4" t="315" w="106" /><ent r="6" t="315" w="179" /><ent r="6" t="315" w="231" /><ent r="6" t="315" w="245" /><ent r="6" t="315" w="298" /><ent r="6" t="315" w="362" /></phr></stem><stem n="_tkey_exchange.edl"><phr n="_tkey_exchange.edl"><ent r="4" t="98" w="172" /><ent r="4" t="155" w="202" /><ent r="4" t="156" w="286" /><ent r="4" t="156" w="353" /><ent r="6" t="237" w="285" /><ent r="6" t="238" w="365" /><ent r="6" t="239" w="499" /><ent r="4" t="297" w="25" /><ent r="4" t="298" w="25" /><ent r="4" t="299" w="25" /></phr></stem><stem n="snippet"><phr n="snippet"><ent r="3" t="98" w="197" /></phr></stem><stem n="&quot;sgx_tkey_exchange.edl&quot;"><phr n="&quot;sgx_tkey_exchange.edl&quot;"><ent r="3" t="98" w="228" /></phr></stem><stem n="&quot;sgx_key_exchange.h&quot;"><phr n="&quot;sgx_key_exchange.h&quot;"><ent r="3" t="98" w="235" /></phr></stem><stem n="&quot;sgx_trts.h&quot;"><phr n="&quot;sgx_trts.h&quot;"><ent r="3" t="98" w="240" /></phr></stem><stem n="init"><phr n="init"><ent r="3" t="98" w="248" /><ent r="5" t="99" w="220" /><ent r="5" t="99" w="311" /><ent r="5" t="99" w="316" /><ent r="4" t="100" w="46" /><ent r="4" t="100" w="84" /><ent r="65" t="118" w="86" /><ent r="65" t="136" w="35" /><ent r="66" t="142" w="231" /><ent r="66" t="142" w="277" /><ent r="65" t="146" w="63" /><ent r="65" t="146" w="93" /><ent r="65" t="147" w="38" /><ent r="65" t="147" w="42" /><ent r="1000" t="152" w="2" /><ent r="72" t="152" w="6" /><ent r="4" t="152" w="10" /><ent r="3" t="152" w="38" /><ent r="4" t="152" w="256" /><ent r="4" t="154" w="511" /><ent r="4" t="155" w="43" /><ent r="4" t="155" w="49" /><ent r="4" t="155" w="131" /><ent r="4" t="155" w="137" /><ent r="4" t="156" w="224" /><ent r="1000" t="176" w="4" /><ent r="72" t="176" w="9" /><ent r="4" t="176" w="16" /><ent r="3" t="176" w="34" /><ent r="4" t="176" w="124" /><ent r="4" t="176" w="146" /><ent r="4" t="176" w="181" /><ent r="1000" t="181" w="4" /><ent r="72" t="181" w="9" /><ent r="4" t="181" w="16" /><ent r="3" t="181" w="34" /><ent r="4" t="181" w="166" /><ent r="3" t="187" w="47" /><ent r="4" t="187" w="100" /><ent r="3" t="207" w="252" /><ent r="1000" t="208" w="3" /><ent r="72" t="208" w="7" /><ent r="4" t="208" w="11" /><ent r="3" t="208" w="28" /><ent r="3" t="208" w="75" /><ent r="4" t="208" w="202" /><ent r="3" t="209" w="266" /><ent r="4" t="211" w="28" /><ent r="3" t="214" w="285" /><ent r="1000" t="215" w="3" /><ent r="72" t="215" w="7" /><ent r="4" t="215" w="11" /><ent r="3" t="215" w="28" /><ent r="3" t="215" w="76" /><ent r="4" t="215" w="230" /><ent r="4" t="216" w="326" /><ent r="4" t="218" w="30" /><ent r="1000" t="237" w="3" /><ent r="72" t="237" w="7" /><ent r="4" t="237" w="13" /><ent r="3" t="237" w="35" /><ent r="1000" t="238" w="3" /><ent r="72" t="238" w="7" /><ent r="4" t="238" w="14" /><ent r="3" t="238" w="50" /><ent r="4" t="239" w="107" /><ent r="4" t="239" w="150" /><ent r="4" t="239" w="335" /><ent r="4" t="239" w="378" /><ent r="4" t="240" w="67" /><ent r="1000" t="241" w="3" /><ent r="72" t="241" w="8" /><ent r="3" t="241" w="32" /><ent r="4" t="274" w="31" /><ent r="4" t="276" w="41" /><ent r="4" t="295" w="178" /><ent r="4" t="295" w="184" /><ent r="4" t="295" w="383" /><ent r="4" t="296" w="218" /><ent r="4" t="296" w="498" /></phr><phr n="INITED"><ent r="3" t="202" w="757" /><ent r="3" t="205" w="601" /><ent r="4" t="263" w="35" /></phr><phr n="INITTED"><ent r="5" t="263" w="138" /></phr></stem><stem n="ra"><phr n="ra"><ent r="3" t="98" w="249" /><ent r="3" t="98" w="257" /><ent r="3" t="98" w="268" /><ent r="3" t="98" w="272" /><ent r="5" t="99" w="219" /><ent r="5" t="99" w="310" /><ent r="5" t="99" w="315" /><ent r="5" t="99" w="431" /><ent r="5" t="99" w="459" /><ent r="5" t="99" w="482" /><ent r="5" t="99" w="511" /><ent r="5" t="99" w="521" /><ent r="5" t="99" w="588" /><ent r="5" t="99" w="604" /><ent r="5" t="99" w="654" /><ent r="4" t="99" w="758" /><ent r="4" t="99" w="793" /><ent r="4" t="100" w="36" /><ent r="4" t="100" w="45" /><ent r="4" t="100" w="83" /><ent r="4" t="100" w="112" /><ent r="5" t="118" w="53" /><ent r="5" t="118" w="60" /><ent r="5" t="119" w="60" /><ent r="5" t="119" w="67" /><ent r="65" t="119" w="92" /><ent r="65" t="119" w="97" /><ent r="5" t="120" w="54" /><ent r="5" t="120" w="61" /><ent r="65" t="147" w="37" /><ent r="65" t="147" w="41" /><ent r="65" t="147" w="46" /><ent r="65" t="147" w="51" /><ent r="1000" t="155" w="2" /><ent r="72" t="155" w="7" /><ent r="4" t="155" w="12" /><ent r="4" t="155" w="42" /><ent r="4" t="155" w="48" /><ent r="3" t="155" w="84" /><ent r="3" t="155" w="89" /><ent r="3" t="155" w="111" /><ent r="4" t="155" w="130" /><ent r="4" t="155" w="136" /><ent r="4" t="155" w="174" /><ent r="4" t="155" w="217" /><ent r="4" t="155" w="451" /><ent r="1000" t="156" w="2" /><ent r="72" t="156" w="7" /><ent r="4" t="156" w="12" /><ent r="4" t="156" w="72" /><ent r="4" t="156" w="87" /><ent r="3" t="156" w="150" /><ent r="3" t="156" w="155" /><ent r="3" t="156" w="188" /><ent r="3" t="156" w="200" /><ent r="4" t="156" w="223" /><ent r="4" t="156" w="255" /><ent r="4" t="156" w="304" /><ent r="4" t="156" w="322" /><ent r="4" t="156" w="371" /><ent r="4" t="156" w="381" /><ent r="4" t="156" w="412" /><ent r="4" t="156" w="698" /><ent r="1000" t="237" w="2" /><ent r="72" t="237" w="6" /><ent r="4" t="237" w="12" /><ent r="3" t="237" w="34" /><ent r="3" t="237" w="51" /><ent r="4" t="237" w="155" /><ent r="4" t="237" w="162" /><ent r="1000" t="238" w="2" /><ent r="72" t="238" w="6" /><ent r="4" t="238" w="13" /><ent r="3" t="238" w="49" /><ent r="3" t="238" w="67" /><ent r="3" t="238" w="77" /><ent r="4" t="238" w="179" /><ent r="4" t="238" w="235" /><ent r="4" t="238" w="242" /><ent r="1000" t="239" w="2" /><ent r="72" t="239" w="7" /><ent r="4" t="239" w="14" /><ent r="4" t="239" w="58" /><ent r="3" t="239" w="69" /><ent r="3" t="239" w="74" /><ent r="3" t="239" w="80" /><ent r="3" t="239" w="87" /><ent r="4" t="239" w="106" /><ent r="4" t="239" w="123" /><ent r="4" t="239" w="129" /><ent r="4" t="239" w="136" /><ent r="3" t="239" w="142" /><ent r="4" t="239" w="149" /><ent r="4" t="239" w="156" /><ent r="4" t="239" w="162" /><ent r="4" t="239" w="169" /><ent r="3" t="239" w="209" /><ent r="3" t="239" w="220" /><ent r="3" t="239" w="231" /><ent r="3" t="239" w="326" /><ent r="4" t="239" w="334" /><ent r="4" t="239" w="346" /><ent r="4" t="239" w="352" /><ent r="4" t="239" w="359" /><ent r="4" t="239" w="377" /><ent r="4" t="239" w="445" /><ent r="1000" t="240" w="2" /><ent r="72" t="240" w="6" /><ent r="4" t="240" w="13" /><ent r="3" t="240" w="45" /><ent r="3" t="240" w="49" /><ent r="4" t="240" w="66" /><ent r="65" t="247" w="231" /><ent r="65" t="247" w="236" /><ent r="65" t="247" w="242" /><ent r="65" t="247" w="249" /><ent r="65" t="247" w="255" /><ent r="65" t="247" w="260" /><ent r="65" t="247" w="265" /><ent r="1000" t="290" w="2" /><ent r="72" t="290" w="7" /><ent r="3" t="290" w="28" /><ent r="1000" t="291" w="2" /><ent r="72" t="291" w="8" /><ent r="3" t="291" w="29" /><ent r="1000" t="292" w="2" /><ent r="72" t="292" w="7" /><ent r="4" t="292" w="16" /><ent r="3" t="292" w="67" /><ent r="1000" t="293" w="2" /><ent r="72" t="293" w="8" /><ent r="3" t="293" w="28" /><ent r="3" t="293" w="35" /><ent r="3" t="293" w="41" /><ent r="3" t="293" w="46" /><ent r="3" t="293" w="51" /><ent r="1000" t="294" w="2" /><ent r="72" t="294" w="7" /><ent r="3" t="294" w="34" /><ent r="3" t="294" w="54" /><ent r="1000" t="295" w="2" /><ent r="72" t="295" w="7" /><ent r="3" t="295" w="35" /><ent r="3" t="295" w="87" /><ent r="4" t="295" w="177" /><ent r="4" t="295" w="183" /><ent r="4" t="295" w="382" /><ent r="4" t="295" w="411" /><ent r="1000" t="296" w="2" /><ent r="72" t="296" w="7" /><ent r="3" t="296" w="34" /><ent r="3" t="296" w="66" /><ent r="4" t="296" w="217" /><ent r="4" t="296" w="246" /><ent r="4" t="296" w="497" /><ent r="4" t="296" w="526" /><ent r="3" t="297" w="51" /><ent r="3" t="298" w="51" /><ent r="3" t="298" w="58" /><ent r="3" t="299" w="51" /><ent r="3" t="299" w="68" /></phr></stem><stem n="_init_ra("><phr n="_init_ra("><ent r="3" t="98" w="250" /></phr></stem><stem n="_pse,"><phr n="_pse,"><ent r="3" t="98" w="254" /><ent r="3" t="237" w="49" /><ent r="3" t="238" w="65" /></phr></stem><stem n="_ra_context_t"><phr n="_ra_context_t"><ent r="3" t="98" w="259" /><ent r="3" t="98" w="274" /><ent r="3" t="155" w="91" /><ent r="3" t="156" w="157" /><ent r="3" t="237" w="53" /><ent r="3" t="238" w="79" /><ent r="3" t="239" w="76" /><ent r="3" t="240" w="51" /><ent r="65" t="247" w="233" /><ent r="1000" t="290" w="4" /><ent r="72" t="290" w="9" /><ent r="1000" t="292" w="4" /><ent r="3" t="297" w="53" /><ent r="3" t="298" w="53" /><ent r="3" t="299" w="53" /></phr></stem><stem n="*p_context);"><phr n="*p_context);"><ent r="3" t="98" w="262" /></phr></stem><stem n="close"><phr n="close"><ent r="3" t="98" w="269" /><ent r="4" t="99" w="267" /><ent r="5" t="99" w="273" /><ent r="4" t="99" w="794" /><ent r="65" t="135" w="42" /><ent r="65" t="146" w="76" /><ent r="65" t="146" w="105" /><ent r="65" t="146" w="124" /><ent r="65" t="147" w="52" /><ent r="4" t="156" w="88" /><ent r="4" t="208" w="271" /><ent r="1000" t="211" w="3" /><ent r="72" t="211" w="7" /><ent r="4" t="211" w="11" /><ent r="3" t="211" w="38" /><ent r="4" t="211" w="122" /><ent r="3" t="215" w="301" /><ent r="5" t="216" w="260" /><ent r="4" t="217" w="214" /><ent r="1000" t="218" w="3" /><ent r="72" t="218" w="7" /><ent r="4" t="218" w="11" /><ent r="3" t="218" w="40" /><ent r="4" t="218" w="123" /><ent r="4" t="221" w="71" /><ent r="4" t="221" w="316" /><ent r="1000" t="222" w="3" /><ent r="72" t="222" w="8" /><ent r="4" t="222" w="13" /><ent r="3" t="222" w="58" /><ent r="4" t="222" w="161" /><ent r="1000" t="229" w="2" /><ent r="72" t="229" w="7" /><ent r="4" t="229" w="12" /><ent r="3" t="229" w="34" /><ent r="4" t="229" w="106" /><ent r="1000" t="240" w="3" /><ent r="72" t="240" w="7" /><ent r="4" t="240" w="14" /><ent r="3" t="240" w="46" /></phr><phr n="closing"><ent r="3" t="99" w="777" /><ent r="3" t="99" w="781" /><ent r="3" t="133" w="121" /></phr><phr n="closes"><ent r="4" t="133" w="62" /><ent r="3" t="229" w="16" /></phr><phr n="closed"><ent r="4" t="133" w="68" /><ent r="3" t="133" w="91" /><ent r="3" t="192" w="115" /><ent r="3" t="229" w="50" /><ent r="3" t="230" w="118" /><ent r="3" t="231" w="152" /><ent r="3" t="232" w="281" /><ent r="3" t="233" w="178" /><ent r="3" t="234" w="157" /><ent r="3" t="235" w="172" /><ent r="3" t="236" w="138" /></phr></stem><stem n="_ra_close("><phr n="_ra_close("><ent r="3" t="98" w="270" /><ent r="3" t="240" w="47" /></phr></stem><stem n="worth"><phr n="worth"><ent r="3" t="98" w="282" /></phr></stem><stem n="_key_exchange.h"><phr n="_key_exchange.h"><ent r="4" t="98" w="289" /><ent r="6" t="290" w="40" /><ent r="6" t="291" w="42" /><ent r="6" t="293" w="64" /><ent r="6" t="294" w="104" /><ent r="6" t="295" w="470" /><ent r="6" t="296" w="542" /></phr></stem><stem n="_tkey_exchange.h"><phr n="_tkey_exchange.h"><ent r="4" t="98" w="324" /><ent r="6" t="237" w="281" /><ent r="6" t="238" w="361" /><ent r="6" t="239" w="495" /><ent r="6" t="240" w="129" /><ent r="6" t="292" w="275" /></phr></stem><stem n="e"><phr n="e"><ent r="3" t="98" w="347" /></phr></stem><stem n=".e.,"><phr n=".e.,"><ent r="3" t="98" w="348" /></phr></stem><stem n="model"><phr n="modeled"><ent r="4" t="99" w="38" /></phr><phr n="model"><ent r="6" t="312" w="86" /><ent r="6" t="313" w="264" /></phr></stem><stem n="_provider.dl"><phr n="_provider.dll"><ent r="56" t="99" w="46" /></phr></stem><stem n="media"><phr n="media"><ent r="3" t="99" w="115" /></phr></stem><stem n="sp"><phr n="SP"><ent r="3" t="99" w="121" /><ent r="3" t="99" w="124" /><ent r="4" t="99" w="225" /><ent r="5" t="99" w="232" /><ent r="5" t="99" w="246" /><ent r="4" t="99" w="508" /><ent r="5" t="99" w="520" /><ent r="4" t="99" w="651" /><ent r="4" t="99" w="661" /><ent r="4" t="99" w="666" /><ent r="3" t="102" w="50" /><ent r="3" t="102" w="63" /><ent r="3" t="102" w="121" /><ent r="3" t="102" w="124" /><ent r="3" t="102" w="139" /><ent r="3" t="212" w="497" /><ent r="3" t="213" w="522" /><ent r="3" t="219" w="287" /><ent r="3" t="220" w="287" /></phr></stem><stem n="(sp)"><phr n="(SP)"><ent r="3" t="99" w="122" /><ent r="4" t="99" w="509" /><ent r="3" t="102" w="51" /></phr></stem><stem n="challeng"><phr n="challenge"><ent r="3" t="99" w="129" /><ent r="3" t="99" w="147" /></phr></stem><stem n="reaction"><phr n="reaction"><ent r="3" t="99" w="144" /></phr></stem><stem n="endpoint"><phr n="endpoint"><ent r="4" t="99" w="162" /></phr></stem><stem n="_pse"><phr n="_pse"><ent r="5" t="99" w="170" /><ent r="4" t="99" w="185" /><ent r="5" t="99" w="239" /><ent r="4" t="237" w="86" /><ent r="4" t="238" w="112" /></phr></stem><stem n="/enclav"><phr n="/enclave"><ent r="4" t="99" w="178" /><ent r="4" t="99" w="640" /><ent r="3" t="202" w="228" /><ent r="3" t="205" w="171" /></phr></stem><stem n="shall"><phr n="shall"><ent r="4" t="99" w="192" /><ent r="3" t="154" w="206" /><ent r="3" t="154" w="292" /></phr></stem><stem n="_create_pse_session()"><phr n="_create_pse_session()"><ent r="5" t="99" w="204" /><ent r="4" t="228" w="199" /></phr></stem><stem n="_ra_init()"><phr n="_ra_init()"><ent r="5" t="99" w="221" /><ent r="5" t="99" w="312" /><ent r="5" t="99" w="317" /></phr></stem><stem n="g"><phr n="g"><ent r="5" t="99" w="231" /><ent r="5" t="99" w="245" /><ent r="3" t="223" w="172" /><ent r="3" t="223" w="174" /><ent r="4" t="223" w="418" /><ent r="4" t="223" w="422" /><ent r="4" t="224" w="459" /><ent r="4" t="224" w="463" /><ent r="4" t="224" w="501" /><ent r="4" t="224" w="505" /><ent r="3" t="224" w="562" /><ent r="3" t="224" w="601" /><ent r="4" t="224" w="612" /><ent r="4" t="224" w="615" /><ent r="3" t="294" w="43" /><ent r="4" t="294" w="61" /><ent r="3" t="295" w="44" /><ent r="4" t="295" w="94" /><ent r="3" t="295" w="157" /><ent r="3" t="295" w="189" /><ent r="3" t="295" w="201" /><ent r="3" t="296" w="48" /><ent r="3" t="296" w="78" /><ent r="4" t="296" w="255" /><ent r="3" t="297" w="60" /><ent r="3" t="302" w="35" /><ent r="4" t="302" w="52" /><ent r="3" t="303" w="35" /><ent r="4" t="303" w="59" /><ent r="3" t="303" w="114" /><ent r="3" t="303" w="117" /><ent r="3" t="303" w="120" /><ent r="3" t="303" w="132" /><ent r="4" t="303" w="169" /><ent r="3" t="305" w="92" /><ent r="3" t="305" w="95" /><ent r="3" t="305" w="98" /><ent r="3" t="305" w="110" /></phr></stem><stem n="pub"><phr n="pub"><ent r="5" t="99" w="233" /><ent r="5" t="99" w="247" /><ent r="3" t="237" w="43" /><ent r="4" t="237" w="62" /><ent r="3" t="238" w="59" /><ent r="4" t="238" w="88" /></phr></stem><stem n="_sp_pub_kei"><phr n="_sp_pub_key"><ent r="5" t="99" w="234" /><ent r="5" t="99" w="248" /></phr></stem><stem n="_enclave."><phr n="_enclave."><ent r="4" t="99" w="266" /></phr></stem><stem n="_close_pse_session()"><phr n="_close_pse_session()"><ent r="5" t="99" w="276" /><ent r="4" t="229" w="109" /></phr></stem><stem n="group"><phr n="group"><ent r="6" t="99" w="345" /><ent r="6" t="99" w="358" /><ent r="5" t="99" w="376" /><ent r="6" t="99" w="400" /><ent r="6" t="99" w="415" /><ent r="1000" t="102" w="6" /><ent r="72" t="102" w="16" /><ent r="3" t="102" w="41" /><ent r="3" t="102" w="57" /><ent r="3" t="102" w="79" /><ent r="4" t="102" w="87" /><ent r="3" t="102" w="94" /><ent r="3" t="102" w="106" /><ent r="3" t="102" w="130" /><ent r="3" t="102" w="147" /><ent r="65" t="119" w="105" /><ent r="3" t="152" w="51" /><ent r="3" t="152" w="95" /><ent r="3" t="154" w="347" /><ent r="3" t="154" w="494" /><ent r="3" t="155" w="283" /><ent r="3" t="156" w="505" /><ent r="72" t="158" w="10" /><ent r="4" t="158" w="20" /><ent r="3" t="158" w="27" /><ent r="3" t="158" w="48" /><ent r="3" t="158" w="63" /><ent r="3" t="158" w="71" /><ent r="4" t="158" w="81" /><ent r="3" t="158" w="88" /><ent r="4" t="158" w="114" /><ent r="3" t="158" w="188" /><ent r="65" t="247" w="176" /><ent r="1000" t="279" w="3" /><ent r="72" t="279" w="9" /><ent r="3" t="279" w="16" /><ent r="3" t="279" w="26" /><ent r="3" t="281" w="36" /><ent r="3" t="281" w="40" /><ent r="3" t="281" w="60" /><ent r="4" t="281" w="112" /><ent r="3" t="281" w="117" /><ent r="4" t="281" w="145" /><ent r="3" t="281" w="151" /><ent r="3" t="294" w="48" /><ent r="3" t="294" w="90" /><ent r="3" t="295" w="448" /><ent r="6" t="310" w="638" /></phr></stem><stem n="_get_extended_epid_group_id()"><phr n="_get_extended_epid_group_id()"><ent r="6" t="99" w="347" /></phr></stem></index>