<?xml version="1.0" encoding="utf-8"?><index><stem n="area"><phr n="areas"><ent r="3" t="0" w="63" /></phr><phr n="area"><ent r="3" t="4" w="49" /></phr></stem><stem n="execut"><phr n="execution"><ent r="3" t="0" w="65" /><ent r="3" t="77" w="123" /><ent r="3" t="77" w="180" /><ent r="3" t="87" w="220" /><ent r="3" t="161" w="242" /><ent r="3" t="180" w="132" /><ent r="3" t="184" w="186" /><ent r="4" t="254" w="87" /><ent r="3" t="254" w="102" /></phr><phr n="executing"><ent r="6" t="5" w="168" /><ent r="3" t="134" w="21" /><ent r="3" t="150" w="136" /><ent r="5" t="193" w="318" /><ent r="5" t="194" w="334" /></phr><phr n="executed"><ent r="3" t="5" w="353" /><ent r="3" t="48" w="72" /><ent r="3" t="48" w="99" /><ent r="3" t="58" w="313" /><ent r="5" t="193" w="263" /><ent r="5" t="194" w="279" /><ent r="4" t="263" w="48" /></phr><phr n="execute"><ent r="3" t="22" w="64" /><ent r="3" t="142" w="39" /><ent r="4" t="193" w="48" /><ent r="4" t="194" w="51" /></phr><phr n="executes"><ent r="3" t="127" w="164" /><ent r="3" t="193" w="24" /><ent r="3" t="193" w="149" /><ent r="3" t="194" w="27" /><ent r="3" t="194" w="169" /></phr></stem><stem n="put"><phr n="put"><ent r="3" t="0" w="70" /><ent r="3" t="17" w="377" /></phr><phr n="puts"><ent r="6" t="316" w="345" /></phr></stem><stem n="special"><phr n="special"><ent r="3" t="0" w="75" /><ent r="3" t="4" w="80" /><ent r="6" t="5" w="80" /><ent r="3" t="6" w="155" /><ent r="4" t="35" w="298" /><ent r="3" t="39" w="64" /><ent r="4" t="42" w="290" /><ent r="3" t="65" w="54" /><ent r="3" t="67" w="39" /><ent r="3" t="149" w="929" /></phr><phr n="specialization"><ent r="54" t="133" w="406" /></phr></stem><stem n="instruct"><phr n="instructions"><ent r="3" t="0" w="76" /><ent r="3" t="4" w="81" /><ent r="4" t="39" w="138" /><ent r="4" t="39" w="145" /><ent r="4" t="39" w="171" /><ent r="7" t="39" w="419" /><ent r="4" t="43" w="90" /><ent r="3" t="48" w="71" /><ent r="3" t="48" w="96" /><ent r="55" t="75" w="60" /><ent r="4" t="123" w="210" /><ent r="3" t="129" w="45" /><ent r="4" t="129" w="65" /><ent r="3" t="250" w="69" /><ent r="6" t="312" w="353" /><ent r="3" t="315" w="71" /><ent r="4" t="315" w="91" /></phr><phr n="instruction"><ent r="6" t="1" w="254" /><ent r="6" t="1" w="318" /><ent r="6" t="5" w="137" /><ent r="3" t="6" w="156" /><ent r="3" t="125" w="54" /><ent r="3" t="126" w="75" /><ent r="1000" t="127" w="6" /><ent r="62" t="127" w="13" /><ent r="3" t="127" w="37" /><ent r="3" t="127" w="167" /><ent r="3" t="127" w="188" /><ent r="4" t="127" w="308" /><ent r="4" t="127" w="317" /><ent r="6" t="127" w="330" /><ent r="6" t="127" w="341" /><ent r="65" t="130" w="54" /><ent r="1000" t="131" w="3" /><ent r="72" t="131" w="12" /><ent r="4" t="137" w="94" /><ent r="3" t="139" w="51" /><ent r="3" t="169" w="196" /><ent r="3" t="193" w="27" /><ent r="4" t="193" w="51" /><ent r="3" t="193" w="152" /><ent r="3" t="193" w="160" /><ent r="3" t="193" w="209" /><ent r="3" t="193" w="213" /><ent r="3" t="193" w="242" /><ent r="5" t="193" w="261" /><ent r="5" t="193" w="321" /><ent r="3" t="194" w="30" /><ent r="4" t="194" w="54" /><ent r="3" t="194" w="172" /><ent r="3" t="194" w="180" /><ent r="3" t="194" w="225" /><ent r="3" t="194" w="229" /><ent r="3" t="194" w="258" /><ent r="5" t="194" w="277" /><ent r="5" t="194" w="337" /><ent r="3" t="195" w="35" /><ent r="3" t="196" w="47" /><ent r="3" t="196" w="425" /><ent r="3" t="201" w="502" /><ent r="3" t="202" w="672" /><ent r="3" t="204" w="348" /><ent r="3" t="205" w="516" /><ent r="3" t="250" w="88" /><ent r="3" t="250" w="96" /><ent r="3" t="250" w="104" /><ent r="3" t="250" w="121" /><ent r="3" t="250" w="144" /><ent r="3" t="252" w="229" /><ent r="3" t="252" w="261" /><ent r="4" t="263" w="45" /><ent r="3" t="315" w="50" /><ent r="4" t="315" w="458" /></phr><phr n="instructs"><ent r="3" t="58" w="150" /></phr></stem><stem n="avail"><phr n="available"><ent r="3" t="0" w="80" /><ent r="3" t="1" w="128" /><ent r="4" t="3" w="107" /><ent r="58" t="27" w="227" /><ent r="3" t="30" w="33" /><ent r="5" t="30" w="86" /><ent r="4" t="39" w="132" /><ent r="4" t="43" w="187" /><ent r="3" t="80" w="101" /><ent r="3" t="122" w="40" /><ent r="3" t="138" w="80" /><ent r="3" t="139" w="72" /><ent r="3" t="142" w="92" /><ent r="3" t="149" w="592" /><ent r="3" t="149" w="897" /><ent r="3" t="152" w="145" /><ent r="3" t="152" w="157" /><ent r="3" t="154" w="378" /><ent r="3" t="154" w="390" /><ent r="3" t="155" w="314" /><ent r="3" t="155" w="339" /><ent r="3" t="156" w="536" /><ent r="3" t="156" w="561" /><ent r="3" t="157" w="389" /><ent r="3" t="158" w="131" /><ent r="3" t="162" w="330" /><ent r="3" t="163" w="92" /><ent r="3" t="164" w="97" /><ent r="3" t="164" w="109" /><ent r="3" t="165" w="126" /><ent r="3" t="165" w="138" /><ent r="3" t="174" w="92" /><ent r="3" t="176" w="141" /><ent r="3" t="178" w="106" /><ent r="3" t="178" w="149" /><ent r="3" t="179" w="121" /><ent r="3" t="181" w="135" /><ent r="3" t="187" w="208" /><ent r="3" t="207" w="176" /><ent r="3" t="207" w="249" /><ent r="3" t="208" w="49" /><ent r="3" t="208" w="170" /><ent r="3" t="212" w="462" /><ent r="3" t="213" w="486" /><ent r="3" t="214" w="221" /><ent r="3" t="214" w="282" /><ent r="3" t="215" w="49" /><ent r="3" t="215" w="206" /><ent r="3" t="216" w="212" /><ent r="3" t="217" w="167" /><ent r="3" t="219" w="247" /><ent r="3" t="220" w="247" /><ent r="3" t="221" w="217" /><ent r="3" t="223" w="289" /><ent r="3" t="224" w="268" /><ent r="3" t="225" w="229" /><ent r="3" t="226" w="246" /><ent r="3" t="227" w="286" /><ent r="3" t="228" w="91" /><ent r="3" t="228" w="103" /><ent r="3" t="231" w="215" /><ent r="3" t="232" w="235" /><ent r="3" t="232" w="345" /><ent r="3" t="232" w="451" /><ent r="3" t="232" w="525" /><ent r="3" t="233" w="132" /><ent r="3" t="233" w="241" /><ent r="3" t="233" w="361" /><ent r="3" t="233" w="433" /><ent r="3" t="234" w="105" /><ent r="3" t="234" w="220" /><ent r="3" t="234" w="344" /><ent r="3" t="235" w="120" /><ent r="3" t="235" w="235" /><ent r="3" t="235" w="359" /><ent r="3" t="236" w="205" /><ent r="3" t="237" w="201" /><ent r="3" t="238" w="281" /><ent r="3" t="292" w="231" /><ent r="3" t="309" w="55" /><ent r="4" t="309" w="127" /><ent r="3" t="309" w="140" /><ent r="6" t="310" w="58" /><ent r="6" t="310" w="337" /><ent r="6" t="310" w="719" /><ent r="6" t="310" w="774" /></phr><phr n="availability"><ent r="6" t="1" w="264" /><ent r="3" t="162" w="323" /></phr></stem><stem n="legal"><phr n="Legal"><ent r="64" t="0" w="90" /><ent r="1000" t="1" w="1" /><ent r="102" t="1" w="4" /></phr></stem><stem n="inform"><phr n="Information"><ent r="64" t="0" w="91" /><ent r="1000" t="1" w="2" /><ent r="102" t="1" w="5" /><ent r="3" t="1" w="71" /><ent r="3" t="1" w="81" /><ent r="6" t="1" w="314" /><ent r="3" t="14" w="36" /><ent r="3" t="26" w="45" /><ent r="3" t="35" w="363" /><ent r="3" t="35" w="391" /><ent r="7" t="35" w="597" /><ent r="3" t="36" w="91" /><ent r="3" t="36" w="105" /><ent r="3" t="36" w="212" /><ent r="5" t="36" w="417" /><ent r="5" t="36" w="425" /><ent r="4" t="42" w="644" /><ent r="3" t="65" w="135" /><ent r="3" t="65" w="168" /><ent r="3" t="74" w="38" /><ent r="55" t="75" w="118" /><ent r="3" t="75" w="488" /><ent r="3" t="77" w="199" /><ent r="3" t="77" w="206" /><ent r="3" t="93" w="28" /><ent r="3" t="93" w="55" /><ent r="4" t="97" w="249" /><ent r="4" t="99" w="633" /><ent r="3" t="102" w="67" /><ent r="3" t="117" w="34" /><ent r="3" t="127" w="21" /><ent r="3" t="127" w="60" /><ent r="4" t="127" w="305" /><ent r="3" t="132" w="74" /><ent r="4" t="137" w="121" /><ent r="3" t="143" w="30" /><ent r="4" t="146" w="212" /><ent r="3" t="149" w="538" /><ent r="3" t="152" w="14" /><ent r="3" t="157" w="18" /><ent r="3" t="157" w="308" /><ent r="3" t="192" w="82" /><ent r="3" t="193" w="35" /><ent r="3" t="193" w="77" /><ent r="3" t="193" w="166" /><ent r="3" t="194" w="38" /><ent r="3" t="194" w="83" /><ent r="3" t="194" w="186" /><ent r="3" t="195" w="25" /><ent r="3" t="195" w="368" /><ent r="3" t="196" w="20" /><ent r="3" t="196" w="27" /><ent r="3" t="196" w="101" /><ent r="4" t="196" w="136" /><ent r="3" t="196" w="450" /><ent r="3" t="196" w="465" /><ent r="3" t="201" w="591" /><ent r="3" t="212" w="624" /><ent r="3" t="221" w="340" /><ent r="3" t="237" w="93" /><ent r="3" t="237" w="131" /><ent r="3" t="238" w="119" /><ent r="3" t="238" w="157" /><ent r="3" t="241" w="122" /><ent r="3" t="242" w="133" /><ent r="3" t="244" w="26" /><ent r="3" t="244" w="399" /><ent r="3" t="245" w="26" /><ent r="3" t="245" w="32" /><ent r="3" t="245" w="328" /><ent r="3" t="249" w="19" /><ent r="3" t="254" w="54" /><ent r="3" t="274" w="16" /><ent r="3" t="275" w="26" /><ent r="3" t="276" w="15" /><ent r="3" t="276" w="85" /><ent r="3" t="296" w="289" /><ent r="3" t="300" w="18" /><ent r="3" t="300" w="62" /><ent r="3" t="301" w="14" /><ent r="3" t="311" w="11" /><ent r="3" t="317" w="47" /></phr><phr n="informational"><ent r="3" t="8" w="79" /></phr><phr n="inform"><ent r="3" t="29" w="111" /><ent r="5" t="161" w="287" /></phr></stem><stem n="licens"><phr n="license"><ent r="3" t="1" w="8" /><ent r="3" t="149" w="1104" /><ent r="3" t="249" w="18" /><ent r="3" t="249" w="32" /><ent r="5" t="263" w="188" /><ent r="5" t="263" w="198" /><ent r="6" t="269" w="140" /><ent r="6" t="269" w="144" /></phr><phr n="licensing"><ent r="6" t="7" w="112" /><ent r="64" t="146" w="205" /><ent r="3" t="249" w="38" /></phr></stem><stem n="(express"><phr n="(express"><ent r="3" t="1" w="9" /></phr></stem><stem n="express"><phr n="express"><ent r="3" t="1" w="9" /><ent r="3" t="1" w="30" /></phr><phr n="Expression"><ent r="6" t="320" w="83" /></phr></stem><stem n="impli"><phr n="implied"><ent r="3" t="1" w="11" /><ent r="3" t="1" w="32" /><ent r="3" t="1" w="38" /></phr><phr n="implies"><ent r="4" t="137" w="88" /><ent r="3" t="179" w="110" /></phr></stem><stem n=","><phr n=","><ent r="3" t="1" w="12" /><ent r="3" t="1" w="34" /><ent r="3" t="1" w="37" /><ent r="3" t="1" w="42" /><ent r="3" t="1" w="47" /><ent r="3" t="1" w="60" /><ent r="3" t="1" w="63" /><ent r="3" t="1" w="74" /><ent r="3" t="1" w="99" /><ent r="3" t="1" w="100" /><ent r="3" t="1" w="146" /><ent r="3" t="1" w="198" /><ent r="3" t="1" w="201" /><ent r="3" t="1" w="202" /><ent r="6" t="1" w="251" /><ent r="6" t="1" w="252" /><ent r="6" t="1" w="265" /><ent r="6" t="1" w="266" /><ent r="3" t="3" w="45" /><ent r="3" t="3" w="46" /><ent r="3" t="3" w="47" /><ent r="3" t="3" w="68" /><ent r="3" t="3" w="71" /><ent r="4" t="4" w="104" /><ent r="3" t="4" w="132" /><ent r="3" t="4" w="141" /><ent r="3" t="4" w="158" /><ent r="6" t="5" w="55" /><ent r="6" t="5" w="56" /><ent r="6" t="5" w="119" /><ent r="6" t="5" w="120" /><ent r="6" t="5" w="244" /><ent r="3" t="5" w="340" /><ent r="3" t="5" w="349" /><ent r="3" t="5" w="350" /><ent r="3" t="5" w="359" /><ent r="6" t="6" w="82" /><ent r="6" t="6" w="91" /><ent r="3" t="6" w="191" /><ent r="3" t="6" w="206" /><ent r="57" t="7" w="39" /><ent r="6" t="7" w="60" /><ent r="6" t="7" w="104" /><ent r="6" t="7" w="109" /><ent r="6" t="7" w="150" /><ent r="6" t="7" w="155" /><ent r="6" t="7" w="176" /><ent r="6" t="7" w="196" /><ent r="6" t="7" w="201" /><ent r="6" t="7" w="222" /><ent r="6" t="7" w="227" /><ent r="6" t="7" w="305" /><ent r="3" t="10" w="55" /><ent r="5" t="11" w="50" /><ent r="5" t="11" w="51" /><ent r="5" t="11" w="206" /><ent r="4" t="12" w="36" /><ent r="3" t="14" w="279" /><ent r="3" t="14" w="285" /><ent r="3" t="14" w="356" /><ent r="3" t="14" w="391" /><ent r="3" t="15" w="47" /><ent r="3" t="15" w="64" /><ent r="3" t="15" w="85" /><ent r="3" t="15" w="133" /><ent r="3" t="15" w="150" /><ent r="3" t="15" w="177" /><ent r="3" t="15" w="210" /><ent r="3" t="15" w="235" /><ent r="3" t="16" w="12" /><ent r="3" t="16" w="174" /><ent r="3" t="16" w="196" /><ent r="4" t="16" w="211" /><ent r="4" t="16" w="239" /><ent r="4" t="16" w="243" /><ent r="3" t="16" w="282" /><ent r="3" t="16" w="296" /><ent r="3" t="16" w="393" /><ent r="3" t="16" w="401" /><ent r="4" t="17" w="113" /><ent r="3" t="17" w="185" /><ent r="3" t="17" w="297" /><ent r="3" t="17" w="364" /><ent r="3" t="17" w="382" /><ent r="3" t="17" w="428" /><ent r="3" t="17" w="461" /><ent r="3" t="17" w="475" /><ent r="3" t="18" w="44" /><ent r="4" t="18" w="65" /><ent r="4" t="18" w="207" /><ent r="4" t="18" w="235" /><ent r="3" t="20" w="18" /><ent r="3" t="20" w="23" /><ent r="3" t="20" w="136" /><ent r="3" t="21" w="25" /><ent r="3" t="22" w="32" /><ent r="5" t="23" w="57" /><ent r="5" t="23" w="62" /><ent r="3" t="24" w="49" /><ent r="3" t="24" w="62" /><ent r="3" t="24" w="77" /><ent r="3" t="24" w="79" /><ent r="3" t="24" w="83" /><ent r="3" t="24" w="272" /><ent r="3" t="24" w="279" /><ent r="3" t="24" w="293" /><ent r="3" t="25" w="33" /><ent r="3" t="25" w="62" /><ent r="3" t="25" w="71" /><ent r="3" t="25" w="72" /><ent r="3" t="25" w="73" /><ent r="3" t="25" w="132" /><ent r="3" t="26" w="17" /><ent r="6" t="26" w="107" /><ent r="6" t="26" w="189" /><ent r="3" t="26" w="421" /><ent r="3" t="26" w="435" /><ent r="3" t="26" w="454" /><ent r="3" t="26" w="523" /><ent r="3" t="26" w="547" /><ent r="5" t="27" w="48" /><ent r="5" t="27" w="63" /><ent r="5" t="27" w="83" /><ent r="5" t="27" w="121" /><ent r="5" t="27" w="128" /><ent r="5" t="27" w="169" /><ent r="7" t="27" w="205" /><ent r="7" t="27" w="258" /><ent r="7" t="27" w="263" /><ent r="6" t="28" w="67" /><ent r="6" t="28" w="71" /><ent r="3" t="29" w="33" /><ent r="3" t="29" w="60" /><ent r="3" t="29" w="76" /><ent r="3" t="29" w="91" /><ent r="3" t="29" w="129" /><ent r="3" t="30" w="38" /><ent r="3" t="30" w="51" /><ent r="3" t="30" w="63" /><ent r="5" t="30" w="129" /><ent r="6" t="30" w="158" /><ent r="3" t="30" w="243" /><ent r="3" t="30" w="259" /><ent r="3" t="30" w="270" /><ent r="4" t="32" w="62" /><ent r="4" t="32" w="79" /><ent r="3" t="32" w="108" /><ent r="4" t="32" w="165" /><ent r="3" t="33" w="33" /><ent r="4" t="34" w="82" /><ent r="4" t="34" w="87" /><ent r="4" t="34" w="114" /><ent r="3" t="34" w="139" /><ent r="4" t="34" w="175" /><ent r="4" t="34" w="198" /><ent r="3" t="34" w="308" /><ent r="3" t="34" w="318" /><ent r="3" t="34" w="337" /><ent r="3" t="34" w="360" /><ent r="3" t="34" w="405" /><ent r="3" t="35" w="154" /><ent r="3" t="35" w="195" /><ent r="4" t="35" w="291" /><ent r="5" t="35" w="314" /><ent r="3" t="35" w="352" /><ent r="3" t="35" w="389" /><ent r="7" t="35" w="544" /><ent r="3" t="36" w="95" /><ent r="3" t="36" w="141" /><ent r="3" t="36" w="204" /><ent r="3" t="36" w="226" /><ent r="3" t="36" w="299" /><ent r="3" t="36" w="302" /><ent r="5" t="36" w="454" /><ent r="4" t="36" w="507" /><ent r="4" t="36" w="516" /><ent r="4" t="36" w="538" /><ent r="3" t="37" w="18" /><ent r="3" t="37" w="54" /><ent r="3" t="37" w="119" /><ent r="3" t="37" w="179" /><ent r="3" t="37" w="196" /><ent r="4" t="38" w="126" /><ent r="3" t="39" w="13" /><ent r="3" t="39" w="72" /><ent r="3" t="39" w="73" /><ent r="3" t="39" w="111" /><ent r="4" t="39" w="149" /><ent r="58" t="39" w="361" /><ent r="7" t="39" w="403" /><ent r="7" t="39" w="506" /><ent r="7" t="39" w="627" /><ent r="7" t="39" w="630" /><ent r="3" t="40" w="19" /><ent r="3" t="40" w="36" /><ent r="3" t="40" w="45" /><ent r="3" t="40" w="56" /><ent r="3" t="40" w="101" /><ent r="3" t="40" w="129" /><ent r="3" t="40" w="164" /><ent r="3" t="41" w="32" /><ent r="3" t="41" w="40" /><ent r="3" t="42" w="16" /><ent r="4" t="42" w="152" /><ent r="4" t="42" w="167" /><ent r="4" t="42" w="204" /><ent r="4" t="42" w="239" /><ent r="4" t="42" w="240" /><ent r="4" t="42" w="269" /><ent r="4" t="42" w="270" /><ent r="4" t="42" w="319" /><ent r="4" t="42" w="326" /><ent r="4" t="42" w="328" /><ent r="4" t="42" w="340" /><ent r="4" t="42" w="349" /><ent r="4" t="42" w="380" /><ent r="4" t="42" w="432" /><ent r="4" t="42" w="452" /><ent r="4" t="42" w="490" /><ent r="4" t="42" w="603" /><ent r="3" t="42" w="729" /><ent r="3" t="42" w="829" /><ent r="4" t="43" w="86" /><ent r="4" t="43" w="137" /><ent r="4" t="43" w="191" /><ent r="3" t="43" w="203" /><ent r="3" t="43" w="206" /><ent r="3" t="43" w="220" /><ent r="4" t="43" w="283" /><ent r="4" t="43" w="285" /><ent r="4" t="43" w="298" /><ent r="4" t="43" w="367" /><ent r="5" t="43" w="454" /><ent r="4" t="43" w="475" /><ent r="6" t="43" w="542" /><ent r="5" t="43" w="583" /><ent r="5" t="43" w="590" /><ent r="3" t="44" w="22" /><ent r="3" t="44" w="41" /><ent r="3" t="44" w="47" /><ent r="3" t="44" w="96" /><ent r="3" t="44" w="121" /><ent r="3" t="44" w="160" /><ent r="3" t="44" w="183" /><ent r="3" t="44" w="221" /><ent r="4" t="44" w="237" /><ent r="55" t="44" w="252" /><ent r="55" t="44" w="270" /><ent r="4" t="44" w="309" /><ent r="3" t="46" w="68" /><ent r="6" t="47" w="101" /><ent r="6" t="47" w="115" /><ent r="6" t="47" w="131" /><ent r="6" t="47" w="138" /><ent r="3" t="48" w="63" /><ent r="3" t="48" w="77" /><ent r="3" t="48" w="78" /><ent r="3" t="48" w="79" /><ent r="3" t="48" w="80" /><ent r="3" t="48" w="81" /><ent r="3" t="48" w="104" /><ent r="3" t="48" w="105" /><ent r="3" t="50" w="46" /><ent r="3" t="50" w="87" /><ent r="3" t="50" w="120" /><ent r="3" t="51" w="161" /><ent r="3" t="51" w="208" /><ent r="3" t="51" w="225" /><ent r="3" t="51" w="255" /><ent r="3" t="51" w="273" /><ent r="3" t="53" w="15" /><ent r="3" t="53" w="16" /><ent r="3" t="53" w="17" /><ent r="3" t="53" w="74" /><ent r="3" t="53" w="125" /><ent r="3" t="53" w="188" /><ent r="3" t="55" w="15" /><ent r="3" t="55" w="16" /><ent r="3" t="55" w="17" /><ent r="3" t="55" w="18" /><ent r="3" t="55" w="19" /><ent r="3" t="55" w="20" /><ent r="3" t="55" w="21" /><ent r="3" t="55" w="42" /><ent r="3" t="55" w="43" /><ent r="3" t="55" w="44" /><ent r="3" t="55" w="72" /><ent r="82" t="56" w="7" /><ent r="3" t="56" w="61" /><ent r="3" t="56" w="62" /><ent r="3" t="56" w="188" /><ent r="3" t="57" w="17" /><ent r="3" t="57" w="18" /><ent r="3" t="57" w="21" /><ent r="3" t="57" w="22" /><ent r="3" t="57" w="23" /><ent r="3" t="57" w="24" /><ent r="3" t="57" w="25" /><ent r="3" t="57" w="26" /><ent r="4" t="57" w="56" /><ent r="4" t="57" w="68" /><ent r="4" t="58" w="36" /><ent r="4" t="58" w="64" /><ent r="4" t="58" w="87" /><ent r="3" t="58" w="175" /><ent r="3" t="58" w="192" /><ent r="3" t="58" w="203" /><ent r="3" t="58" w="222" /><ent r="3" t="58" w="239" /><ent r="3" t="58" w="265" /><ent r="3" t="58" w="292" /><ent r="3" t="58" w="303" /><ent r="3" t="58" w="304" /><ent r="3" t="58" w="317" /><ent r="3" t="58" w="330" /><ent r="3" t="58" w="377" /><ent r="3" t="58" w="417" /><ent r="3" t="58" w="426" /><ent r="3" t="58" w="451" /><ent r="3" t="58" w="476" /><ent r="3" t="58" w="484" /><ent r="3" t="58" w="498" /><ent r="3" t="58" w="504" /><ent r="4" t="58" w="561" /><ent r="3" t="58" w="600" /><ent r="3" t="58" w="696" /><ent r="3" t="58" w="712" /><ent r="3" t="58" w="737" /><ent r="3" t="58" w="745" /><ent r="3" t="58" w="759" /><ent r="3" t="58" w="800" /><ent r="3" t="58" w="823" /><ent r="3" t="58" w="829" /><ent r="3" t="58" w="886" /><ent r="3" t="58" w="910" /><ent r="3" t="58" w="928" /><ent r="3" t="58" w="942" /><ent r="3" t="58" w="951" /><ent r="3" t="58" w="954" /><ent r="3" t="59" w="12" /><ent r="3" t="59" w="34" /><ent r="3" t="59" w="62" /><ent r="3" t="59" w="85" /><ent r="3" t="59" w="122" /><ent r="3" t="59" w="137" /><ent r="3" t="59" w="139" /><ent r="3" t="59" w="146" /><ent r="4" t="59" w="346" /><ent r="4" t="59" w="393" /><ent r="4" t="59" w="419" /><ent r="4" t="59" w="422" /><ent r="4" t="59" w="455" /><ent r="4" t="59" w="474" /><ent r="4" t="59" w="483" /><ent r="4" t="59" w="491" /><ent r="4" t="59" w="502" /><ent r="4" t="59" w="532" /><ent r="4" t="59" w="544" /><ent r="4" t="59" w="552" /><ent r="4" t="59" w="555" /><ent r="4" t="59" w="563" /><ent r="4" t="59" w="590" /><ent r="4" t="59" w="615" /><ent r="4" t="59" w="628" /><ent r="4" t="59" w="646" /><ent r="4" t="59" w="707" /><ent r="4" t="59" w="743" /><ent r="4" t="59" w="773" /><ent r="4" t="59" w="786" /><ent r="4" t="59" w="802" /><ent r="6" t="59" w="885" /><ent r="6" t="59" w="932" /><ent r="6" t="59" w="961" /><ent r="4" t="60" w="70" /><ent r="4" t="60" w="81" /><ent r="4" t="60" w="83" /><ent r="4" t="60" w="106" /><ent r="3" t="61" w="75" /><ent r="3" t="62" w="65" /><ent r="3" t="62" w="98" /><ent r="3" t="62" w="103" /><ent r="3" t="62" w="113" /><ent r="3" t="62" w="123" /><ent r="3" t="62" w="148" /><ent r="3" t="62" w="190" /><ent r="3" t="62" w="206" /><ent r="3" t="62" w="224" /><ent r="3" t="62" w="244" /><ent r="3" t="62" w="345" /><ent r="4" t="62" w="367" /><ent r="3" t="62" w="408" /><ent r="3" t="62" w="427" /><ent r="3" t="62" w="448" /><ent r="3" t="62" w="470" /><ent r="3" t="62" w="473" /><ent r="3" t="62" w="536" /><ent r="3" t="62" w="580" /><ent r="3" t="63" w="112" /><ent r="3" t="64" w="33" /><ent r="3" t="64" w="38" /><ent r="3" t="64" w="43" /><ent r="3" t="64" w="68" /><ent r="4" t="64" w="131" /><ent r="4" t="64" w="153" /><ent r="4" t="64" w="154" /><ent r="4" t="64" w="175" /><ent r="3" t="64" w="219" /><ent r="3" t="64" w="232" /><ent r="3" t="64" w="243" /><ent r="3" t="64" w="267" /><ent r="3" t="64" w="270" /><ent r="3" t="64" w="284" /><ent r="3" t="64" w="285" /><ent r="3" t="64" w="286" /><ent r="3" t="64" w="289" /><ent r="3" t="64" w="368" /><ent r="3" t="64" w="381" /><ent r="3" t="64" w="405" /><ent r="3" t="64" w="406" /><ent r="3" t="64" w="407" /><ent r="3" t="64" w="410" /><ent r="3" t="64" w="422" /><ent r="3" t="64" w="436" /><ent r="3" t="64" w="471" /><ent r="3" t="64" w="504" /><ent r="3" t="64" w="519" /><ent r="3" t="64" w="535" /><ent r="3" t="64" w="543" /><ent r="4" t="64" w="585" /><ent r="3" t="64" w="643" /><ent r="3" t="64" w="665" /><ent r="3" t="64" w="686" /><ent r="3" t="64" w="692" /><ent r="3" t="64" w="705" /><ent r="3" t="64" w="707" /><ent r="3" t="65" w="21" /><ent r="3" t="65" w="57" /><ent r="3" t="65" w="62" /><ent r="3" t="65" w="69" /><ent r="3" t="65" w="87" /><ent r="3" t="65" w="114" /><ent r="3" t="65" w="147" /><ent r="3" t="66" w="34" /><ent r="3" t="66" w="67" /><ent r="3" t="66" w="125" /><ent r="3" t="67" w="12" /><ent r="3" t="67" w="32" /><ent r="3" t="67" w="33" /><ent r="3" t="67" w="107" /><ent r="3" t="67" w="111" /><ent r="3" t="67" w="186" /><ent r="3" t="67" w="203" /><ent r="3" t="67" w="211" /><ent r="3" t="68" w="21" /><ent r="3" t="68" w="43" /><ent r="3" t="68" w="80" /><ent r="3" t="68" w="149" /><ent r="4" t="68" w="223" /><ent r="3" t="69" w="68" /><ent r="3" t="69" w="91" /><ent r="6" t="69" w="172" /><ent r="3" t="69" w="196" /><ent r="3" t="69" w="254" /><ent r="3" t="69" w="286" /><ent r="3" t="69" w="290" /><ent r="3" t="69" w="294" /><ent r="3" t="69" w="347" /><ent r="3" t="69" w="351" /><ent r="3" t="69" w="355" /><ent r="3" t="70" w="25" /><ent r="3" t="70" w="43" /><ent r="3" t="70" w="52" /><ent r="3" t="70" w="116" /><ent r="3" t="70" w="121" /><ent r="3" t="70" w="162" /><ent r="3" t="70" w="200" /><ent r="3" t="70" w="204" /><ent r="3" t="70" w="208" /><ent r="3" t="71" w="30" /><ent r="3" t="71" w="45" /><ent r="3" t="71" w="202" /><ent r="3" t="71" w="205" /><ent r="3" t="71" w="210" /><ent r="3" t="72" w="62" /><ent r="3" t="73" w="33" /><ent r="3" t="73" w="36" /><ent r="3" t="73" w="58" /><ent r="3" t="73" w="77" /><ent r="3" t="73" w="103" /><ent r="3" t="74" w="29" /><ent r="3" t="74" w="36" /><ent r="3" t="74" w="137" /><ent r="3" t="74" w="313" /><ent r="3" t="74" w="337" /><ent r="3" t="75" w="18" /><ent r="55" t="75" w="55" /><ent r="55" t="75" w="100" /><ent r="55" t="75" w="209" /><ent r="4" t="75" w="230" /><ent r="4" t="75" w="273" /><ent r="4" t="75" w="281" /><ent r="4" t="75" w="284" /><ent r="4" t="75" w="313" /><ent r="4" t="75" w="426" /><ent r="4" t="75" w="437" /><ent r="3" t="75" w="495" /><ent r="3" t="76" w="27" /><ent r="3" t="76" w="69" /><ent r="3" t="76" w="98" /><ent r="3" t="76" w="108" /><ent r="3" t="76" w="133" /><ent r="3" t="76" w="194" /><ent r="3" t="77" w="28" /><ent r="3" t="77" w="34" /><ent r="3" t="77" w="39" /><ent r="3" t="77" w="58" /><ent r="3" t="77" w="62" /><ent r="3" t="77" w="127" /><ent r="3" t="77" w="150" /><ent r="3" t="77" w="162" /><ent r="3" t="77" w="167" /><ent r="3" t="77" w="171" /><ent r="3" t="77" w="178" /><ent r="3" t="77" w="190" /><ent r="4" t="77" w="241" /><ent r="3" t="78" w="23" /><ent r="3" t="78" w="63" /><ent r="4" t="79" w="96" /><ent r="3" t="80" w="84" /><ent r="3" t="80" w="109" /><ent r="3" t="80" w="136" /><ent r="3" t="81" w="20" /><ent r="3" t="82" w="21" /><ent r="3" t="82" w="60" /><ent r="3" t="83" w="15" /><ent r="3" t="83" w="49" /><ent r="54" t="83" w="68" /><ent r="54" t="83" w="77" /><ent r="3" t="84" w="19" /><ent r="3" t="85" w="39" /><ent r="3" t="85" w="70" /><ent r="3" t="85" w="73" /><ent r="3" t="85" w="85" /><ent r="3" t="85" w="101" /><ent r="6" t="85" w="149" /><ent r="6" t="85" w="150" /><ent r="6" t="85" w="151" /><ent r="6" t="85" w="152" /><ent r="6" t="85" w="153" /><ent r="6" t="85" w="154" /><ent r="6" t="85" w="155" /><ent r="6" t="85" w="163" /><ent r="6" t="85" w="164" /><ent r="6" t="85" w="165" /><ent r="6" t="85" w="166" /><ent r="6" t="85" w="173" /><ent r="6" t="85" w="174" /><ent r="6" t="85" w="175" /><ent r="6" t="85" w="176" /><ent r="6" t="85" w="177" /><ent r="6" t="85" w="178" /><ent r="6" t="85" w="179" /><ent r="6" t="85" w="180" /><ent r="6" t="85" w="206" /><ent r="6" t="85" w="215" /><ent r="3" t="86" w="14" /><ent r="3" t="87" w="12" /><ent r="3" t="87" w="27" /><ent r="3" t="87" w="32" /><ent r="3" t="87" w="153" /><ent r="3" t="87" w="174" /><ent r="3" t="87" w="191" /><ent r="4" t="87" w="285" /><ent r="3" t="88" w="17" /><ent r="3" t="88" w="45" /><ent r="3" t="88" w="67" /><ent r="3" t="90" w="73" /><ent r="4" t="90" w="94" /><ent r="3" t="91" w="56" /><ent r="3" t="91" w="72" /><ent r="4" t="91" w="133" /><ent r="3" t="92" w="13" /><ent r="3" t="93" w="35" /><ent r="3" t="93" w="52" /><ent r="3" t="93" w="60" /><ent r="3" t="93" w="64" /><ent r="54" t="93" w="111" /><ent r="4" t="93" w="135" /><ent r="3" t="93" w="168" /><ent r="3" t="95" w="18" /><ent r="3" t="95" w="26" /><ent r="3" t="95" w="51" /><ent r="3" t="95" w="69" /><ent r="3" t="96" w="31" /><ent r="3" t="96" w="81" /><ent r="3" t="96" w="84" /><ent r="3" t="96" w="120" /><ent r="3" t="96" w="125" /><ent r="3" t="96" w="161" /><ent r="3" t="96" w="184" /><ent r="3" t="97" w="9" /><ent r="3" t="97" w="42" /><ent r="4" t="97" w="278" /><ent r="3" t="97" w="309" /><ent r="3" t="97" w="317" /><ent r="3" t="97" w="342" /><ent r="3" t="97" w="387" /><ent r="3" t="97" w="392" /><ent r="3" t="97" w="403" /><ent r="3" t="97" w="406" /><ent r="3" t="98" w="34" /><ent r="3" t="98" w="66" /><ent r="3" t="98" w="95" /><ent r="3" t="98" w="123" /><ent r="3" t="98" w="168" /><ent r="3" t="98" w="174" /><ent r="3" t="98" w="199" /><ent r="3" t="98" w="209" /><ent r="3" t="98" w="320" /><ent r="3" t="98" w="341" /><ent r="3" t="98" w="346" /><ent r="4" t="99" w="34" /><ent r="55" t="99" w="43" /><ent r="4" t="99" w="60" /><ent r="4" t="99" w="62" /><ent r="4" t="99" w="63" /><ent r="3" t="99" w="115" /><ent r="4" t="99" w="166" /><ent r="4" t="99" w="172" /><ent r="4" t="99" w="188" /><ent r="4" t="99" w="222" /><ent r="4" t="99" w="230" /><ent r="4" t="99" w="236" /><ent r="4" t="99" w="287" /><ent r="4" t="99" w="294" /><ent r="5" t="99" w="386" /><ent r="6" t="99" w="395" /><ent r="6" t="99" w="420" /><ent r="4" t="99" w="435" /><ent r="4" t="99" w="463" /><ent r="4" t="99" w="516" /><ent r="4" t="99" w="592" /><ent r="4" t="99" w="659" /><ent r="3" t="99" w="678" /><ent r="3" t="99" w="724" /><ent r="3" t="99" w="774" /><ent r="3" t="99" w="801" /><ent r="3" t="100" w="22" /><ent r="3" t="100" w="76" /><ent r="3" t="100" w="118" /><ent r="3" t="100" w="133" /><ent r="3" t="101" w="24" /><ent r="3" t="101" w="51" /><ent r="3" t="101" w="72" /><ent r="3" t="101" w="91" /><ent r="3" t="101" w="100" /><ent r="3" t="101" w="144" /><ent r="3" t="101" w="159" /><ent r="3" t="101" w="177" /><ent r="3" t="101" w="178" /><ent r="3" t="101" w="185" /><ent r="3" t="101" w="223" /><ent r="3" t="101" w="281" /><ent r="3" t="101" w="382" /><ent r="3" t="102" w="46" /><ent r="3" t="102" w="148" /><ent r="3" t="103" w="27" /><ent r="3" t="103" w="58" /><ent r="54" t="103" w="140" /><ent r="4" t="103" w="165" /><ent r="3" t="104" w="16" /><ent r="3" t="104" w="31" /><ent r="3" t="104" w="33" /><ent r="3" t="104" w="59" /><ent r="3" t="104" w="78" /><ent r="3" t="104" w="81" /><ent r="3" t="104" w="84" /><ent r="3" t="104" w="87" /><ent r="3" t="104" w="110" /><ent r="3" t="104" w="111" /><ent r="4" t="104" w="120" /><ent r="4" t="104" w="130" /><ent r="4" t="104" w="143" /><ent r="4" t="104" w="166" /><ent r="4" t="105" w="38" /><ent r="4" t="106" w="48" /><ent r="4" t="107" w="34" /><ent r="4" t="107" w="36" /><ent r="4" t="107" w="56" /><ent r="4" t="107" w="88" /><ent r="4" t="107" w="113" /><ent r="4" t="107" w="122" /><ent r="4" t="108" w="33" /><ent r="4" t="108" w="83" /><ent r="3" t="109" w="50" /><ent r="4" t="109" w="61" /><ent r="4" t="110" w="39" /><ent r="4" t="110" w="42" /><ent r="4" t="111" w="69" /><ent r="4" t="111" w="86" /><ent r="4" t="112" w="109" /><ent r="4" t="112" w="269" /><ent r="3" t="112" w="301" /><ent r="3" t="113" w="28" /><ent r="4" t="113" w="147" /><ent r="4" t="118" w="33" /><ent r="4" t="118" w="51" /><ent r="4" t="118" w="57" /><ent r="4" t="118" w="71" /><ent r="4" t="119" w="41" /><ent r="4" t="119" w="58" /><ent r="4" t="119" w="64" /><ent r="4" t="119" w="78" /><ent r="4" t="120" w="34" /><ent r="4" t="120" w="52" /><ent r="4" t="120" w="58" /><ent r="4" t="120" w="72" /><ent r="3" t="121" w="102" /><ent r="3" t="123" w="40" /><ent r="3" t="123" w="41" /><ent r="3" t="123" w="65" /><ent r="3" t="123" w="78" /><ent r="3" t="123" w="85" /><ent r="3" t="123" w="102" /><ent r="3" t="123" w="105" /><ent r="3" t="123" w="107" /><ent r="3" t="123" w="143" /><ent r="3" t="123" w="164" /><ent r="3" t="125" w="91" /><ent r="3" t="126" w="25" /><ent r="3" t="126" w="28" /><ent r="3" t="126" w="48" /><ent r="3" t="126" w="72" /><ent r="3" t="126" w="124" /><ent r="4" t="126" w="156" /><ent r="3" t="127" w="25" /><ent r="3" t="127" w="74" /><ent r="3" t="127" w="143" /><ent r="3" t="127" w="168" /><ent r="4" t="127" w="247" /><ent r="4" t="127" w="300" /><ent r="4" t="127" w="302" /><ent r="3" t="129" w="20" /><ent r="3" t="129" w="38" /><ent r="3" t="132" w="114" /><ent r="3" t="132" w="117" /><ent r="3" t="133" w="13" /><ent r="3" t="133" w="79" /><ent r="3" t="133" w="112" /><ent r="3" t="133" w="132" /><ent r="3" t="133" w="223" /><ent r="3" t="133" w="300" /><ent r="54" t="133" w="404" /><ent r="54" t="133" w="409" /><ent r="3" t="134" w="41" /><ent r="3" t="134" w="77" /><ent r="4" t="137" w="132" /><ent r="4" t="137" w="147" /><ent r="3" t="138" w="64" /><ent r="3" t="138" w="75" /><ent r="3" t="138" w="81" /><ent r="3" t="139" w="53" /><ent r="3" t="139" w="60" /><ent r="3" t="141" w="28" /><ent r="3" t="141" w="64" /><ent r="3" t="141" w="84" /><ent r="3" t="141" w="107" /><ent r="3" t="141" w="119" /><ent r="3" t="142" w="44" /><ent r="3" t="142" w="65" /><ent r="3" t="142" w="81" /><ent r="3" t="142" w="82" /><ent r="54" t="142" w="108" /><ent r="3" t="142" w="169" /><ent r="3" t="142" w="207" /><ent r="3" t="144" w="72" /><ent r="3" t="144" w="110" /><ent r="3" t="144" w="131" /><ent r="4" t="144" w="175" /><ent r="3" t="145" w="76" /><ent r="3" t="145" w="85" /><ent r="4" t="145" w="107" /><ent r="3" t="145" w="127" /><ent r="3" t="145" w="149" /><ent r="3" t="146" w="38" /><ent r="3" t="146" w="47" /><ent r="3" t="146" w="158" /><ent r="3" t="148" w="15" /><ent r="3" t="148" w="16" /><ent r="3" t="148" w="18" /><ent r="4" t="148" w="33" /><ent r="3" t="149" w="80" /><ent r="54" t="149" w="147" /><ent r="54" t="149" w="165" /><ent r="3" t="149" w="291" /><ent r="3" t="149" w="307" /><ent r="3" t="149" w="365" /><ent r="3" t="149" w="368" /><ent r="3" t="149" w="438" /><ent r="3" t="149" w="702" /><ent r="3" t="149" w="709" /><ent r="3" t="149" w="715" /><ent r="3" t="149" w="768" /><ent r="3" t="149" w="796" /><ent r="3" t="149" w="825" /><ent r="3" t="149" w="852" /><ent r="3" t="149" w="898" /><ent r="3" t="149" w="934" /><ent r="3" t="149" w="1021" /><ent r="3" t="149" w="1072" /><ent r="3" t="149" w="1107" /><ent r="3" t="149" w="1149" /><ent r="3" t="149" w="1167" /><ent r="3" t="149" w="1200" /><ent r="3" t="149" w="1312" /><ent r="3" t="150" w="187" /><ent r="3" t="151" w="17" /><ent r="3" t="151" w="39" /><ent r="3" t="151" w="42" /><ent r="3" t="151" w="62" /><ent r="3" t="152" w="76" /><ent r="3" t="153" w="62" /><ent r="3" t="153" w="137" /><ent r="3" t="153" w="146" /><ent r="3" t="154" w="145" /><ent r="3" t="154" w="154" /><ent r="3" t="154" w="173" /><ent r="3" t="154" w="189" /><ent r="3" t="154" w="200" /><ent r="3" t="154" w="220" /><ent r="3" t="154" w="234" /><ent r="3" t="154" w="238" /><ent r="3" t="154" w="258" /><ent r="3" t="154" w="261" /><ent r="3" t="154" w="291" /><ent r="3" t="154" w="535" /><ent r="3" t="155" w="63" /><ent r="3" t="155" w="69" /><ent r="3" t="155" w="93" /><ent r="3" t="155" w="99" /><ent r="3" t="155" w="455" /><ent r="3" t="156" w="50" /><ent r="3" t="156" w="111" /><ent r="3" t="156" w="159" /><ent r="3" t="156" w="165" /><ent r="3" t="156" w="666" /><ent r="3" t="156" w="668" /><ent r="3" t="156" w="718" /><ent r="4" t="157" w="107" /><ent r="4" t="157" w="165" /><ent r="3" t="157" w="282" /><ent r="3" t="157" w="289" /><ent r="3" t="159" w="162" /><ent r="3" t="160" w="69" /><ent r="3" t="160" w="183" /><ent r="3" t="161" w="32" /><ent r="3" t="161" w="194" /><ent r="3" t="161" w="241" /><ent r="3" t="161" w="264" /><ent r="3" t="161" w="309" /><ent r="3" t="162" w="36" /><ent r="3" t="162" w="191" /><ent r="4" t="162" w="369" /><ent r="3" t="163" w="252" /><ent r="3" t="163" w="286" /><ent r="3" t="164" w="174" /><ent r="3" t="164" w="183" /><ent r="3" t="165" w="71" /><ent r="3" t="166" w="117" /><ent r="3" t="166" w="159" /><ent r="3" t="166" w="175" /><ent r="3" t="167" w="117" /><ent r="3" t="168" w="79" /><ent r="3" t="168" w="167" /><ent r="3" t="168" w="177" /><ent r="3" t="168" w="182" /><ent r="3" t="168" w="185" /><ent r="3" t="168" w="189" /><ent r="3" t="168" w="200" /><ent r="3" t="169" w="23" /><ent r="3" t="169" w="93" /><ent r="3" t="169" w="107" /><ent r="3" t="169" w="194" /><ent r="3" t="169" w="253" /><ent r="3" t="169" w="288" /><ent r="3" t="169" w="330" /><ent r="4" t="169" w="365" /><ent r="3" t="170" w="88" /><ent r="4" t="173" w="49" /><ent r="3" t="174" w="96" /><ent r="3" t="175" w="82" /><ent r="3" t="175" w="98" /><ent r="3" t="176" w="41" /><ent r="3" t="176" w="120" /><ent r="3" t="176" w="173" /><ent r="3" t="176" w="197" /><ent r="3" t="176" w="213" /><ent r="3" t="177" w="115" /><ent r="3" t="177" w="125" /><ent r="4" t="177" w="170" /><ent r="3" t="178" w="83" /><ent r="3" t="178" w="99" /><ent r="3" t="178" w="136" /><ent r="3" t="178" w="150" /><ent r="3" t="178" w="163" /><ent r="3" t="178" w="168" /><ent r="3" t="178" w="180" /><ent r="3" t="178" w="201" /><ent r="3" t="178" w="225" /><ent r="3" t="179" w="109" /><ent r="3" t="179" w="141" /><ent r="3" t="179" w="146" /><ent r="3" t="179" w="154" /><ent r="3" t="180" w="103" /><ent r="3" t="180" w="119" /><ent r="3" t="180" w="152" /><ent r="3" t="181" w="41" /><ent r="3" t="181" w="119" /><ent r="3" t="181" w="146" /><ent r="3" t="181" w="158" /><ent r="3" t="181" w="182" /><ent r="4" t="182" w="169" /><ent r="3" t="183" w="41" /><ent r="3" t="183" w="153" /><ent r="3" t="183" w="170" /><ent r="3" t="183" w="186" /><ent r="3" t="183" w="216" /><ent r="3" t="183" w="235" /><ent r="3" t="183" w="248" /><ent r="3" t="183" w="270" /><ent r="3" t="183" w="285" /><ent r="3" t="183" w="294" /><ent r="3" t="183" w="302" /><ent r="3" t="183" w="312" /><ent r="3" t="183" w="328" /><ent r="3" t="183" w="340" /><ent r="3" t="184" w="85" /><ent r="3" t="184" w="125" /><ent r="3" t="184" w="134" /><ent r="3" t="184" w="140" /><ent r="3" t="184" w="167" /><ent r="3" t="184" w="182" /><ent r="3" t="185" w="107" /><ent r="3" t="186" w="79" /><ent r="3" t="187" w="38" /><ent r="3" t="187" w="78" /><ent r="3" t="187" w="91" /><ent r="3" t="187" w="106" /><ent r="3" t="187" w="116" /><ent r="3" t="187" w="121" /><ent r="3" t="187" w="134" /><ent r="3" t="187" w="189" /><ent r="3" t="187" w="211" /><ent r="3" t="190" w="54" /><ent r="3" t="190" w="110" /><ent r="3" t="191" w="54" /><ent r="3" t="191" w="62" /><ent r="3" t="191" w="124" /><ent r="3" t="191" w="148" /><ent r="3" t="191" w="162" /><ent r="3" t="191" w="199" /><ent r="3" t="191" w="212" /><ent r="3" t="193" w="125" /><ent r="3" t="193" w="172" /><ent r="3" t="193" w="183" /><ent r="3" t="193" w="184" /><ent r="3" t="193" w="222" /><ent r="5" t="193" w="267" /><ent r="5" t="193" w="306" /><ent r="3" t="194" w="70" /><ent r="3" t="194" w="143" /><ent r="3" t="194" w="190" /><ent r="3" t="194" w="201" /><ent r="3" t="194" w="202" /><ent r="3" t="194" w="238" /><ent r="5" t="194" w="283" /><ent r="5" t="194" w="322" /><ent r="3" t="195" w="377" /><ent r="3" t="196" w="106" /><ent r="4" t="196" w="128" /><ent r="4" t="196" w="141" /><ent r="3" t="196" w="225" /><ent r="3" t="196" w="441" /><ent r="3" t="198" w="102" /><ent r="3" t="198" w="144" /><ent r="3" t="198" w="171" /><ent r="3" t="199" w="114" /><ent r="3" t="199" w="131" /><ent r="3" t="200" w="110" /><ent r="3" t="200" w="122" /><ent r="3" t="201" w="179" /><ent r="4" t="201" w="209" /><ent r="4" t="201" w="407" /><ent r="4" t="201" w="444" /><ent r="3" t="201" w="595" /><ent r="3" t="201" w="596" /><ent r="3" t="201" w="597" /><ent r="3" t="202" w="347" /><ent r="4" t="202" w="377" /><ent r="4" t="202" w="578" /><ent r="4" t="202" w="615" /><ent r="3" t="202" w="757" /><ent r="3" t="203" w="193" /><ent r="4" t="203" w="453" /><ent r="3" t="203" w="580" /><ent r="3" t="203" w="582" /><ent r="3" t="203" w="697" /><ent r="4" t="204" w="112" /><ent r="4" t="204" w="271" /><ent r="4" t="204" w="290" /><ent r="3" t="204" w="345" /><ent r="4" t="205" w="284" /><ent r="4" t="205" w="440" /><ent r="4" t="205" w="459" /><ent r="3" t="205" w="601" /><ent r="3" t="205" w="610" /><ent r="3" t="206" w="168" /><ent r="4" t="206" w="247" /><ent r="3" t="206" w="348" /><ent r="3" t="206" w="350" /><ent r="3" t="206" w="437" /><ent r="3" t="207" w="79" /><ent r="3" t="207" w="225" /><ent r="3" t="207" w="228" /><ent r="3" t="207" w="251" /><ent r="3" t="207" w="253" /><ent r="3" t="207" w="255" /><ent r="3" t="208" w="29" /><ent r="3" t="208" w="31" /><ent r="3" t="208" w="50" /><ent r="3" t="208" w="268" /><ent r="3" t="209" w="103" /><ent r="3" t="209" w="244" /><ent r="3" t="209" w="263" /><ent r="3" t="212" w="396" /><ent r="3" t="212" w="397" /><ent r="3" t="212" w="576" /><ent r="3" t="212" w="587" /><ent r="3" t="213" w="405" /><ent r="3" t="213" w="406" /><ent r="3" t="213" w="601" /><ent r="3" t="213" w="612" /><ent r="3" t="214" w="119" /><ent r="3" t="214" w="204" /><ent r="3" t="214" w="284" /><ent r="3" t="214" w="286" /><ent r="3" t="214" w="288" /><ent r="3" t="214" w="312" /><ent r="3" t="215" w="29" /><ent r="3" t="215" w="31" /><ent r="3" t="215" w="50" /><ent r="3" t="215" w="299" /><ent r="3" t="216" w="105" /><ent r="4" t="216" w="242" /><ent r="4" t="216" w="256" /><ent r="3" t="216" w="302" /><ent r="3" t="216" w="322" /><ent r="4" t="217" w="199" /><ent r="4" t="217" w="210" /><ent r="3" t="219" w="229" /><ent r="3" t="219" w="230" /><ent r="3" t="219" w="231" /><ent r="3" t="219" w="314" /><ent r="3" t="219" w="333" /><ent r="3" t="219" w="346" /><ent r="3" t="219" w="362" /><ent r="3" t="220" w="229" /><ent r="3" t="220" w="230" /><ent r="3" t="220" w="231" /><ent r="3" t="220" w="314" /><ent r="3" t="220" w="333" /><ent r="3" t="220" w="346" /><ent r="3" t="220" w="362" /><ent r="3" t="221" w="32" /><ent r="3" t="221" w="68" /><ent r="3" t="221" w="313" /><ent r="3" t="221" w="360" /><ent r="3" t="221" w="436" /><ent r="3" t="221" w="515" /><ent r="3" t="223" w="173" /><ent r="3" t="223" w="271" /><ent r="3" t="223" w="420" /><ent r="3" t="224" w="247" /><ent r="3" t="224" w="249" /><ent r="3" t="224" w="251" /><ent r="3" t="224" w="339" /><ent r="3" t="224" w="354" /><ent r="3" t="224" w="406" /><ent r="3" t="224" w="433" /><ent r="3" t="224" w="461" /><ent r="3" t="224" w="503" /><ent r="3" t="224" w="540" /><ent r="3" t="224" w="579" /><ent r="3" t="224" w="617" /><ent r="3" t="224" w="625" /><ent r="3" t="224" w="627" /><ent r="3" t="225" w="211" /><ent r="3" t="226" w="221" /><ent r="3" t="226" w="223" /><ent r="3" t="226" w="224" /><ent r="3" t="226" w="347" /><ent r="3" t="226" w="350" /><ent r="3" t="226" w="369" /><ent r="3" t="227" w="260" /><ent r="3" t="227" w="262" /><ent r="3" t="227" w="263" /><ent r="3" t="227" w="340" /><ent r="3" t="227" w="343" /><ent r="3" t="227" w="367" /><ent r="3" t="231" w="326" /><ent r="3" t="232" w="149" /><ent r="3" t="232" w="493" /><ent r="3" t="232" w="527" /><ent r="3" t="232" w="570" /><ent r="3" t="233" w="304" /><ent r="3" t="233" w="403" /><ent r="3" t="233" w="435" /><ent r="3" t="233" w="477" /><ent r="3" t="234" w="386" /><ent r="3" t="235" w="401" /><ent r="3" t="237" w="91" /><ent r="3" t="237" w="149" /><ent r="3" t="237" w="206" /><ent r="3" t="238" w="117" /><ent r="3" t="238" w="209" /><ent r="3" t="238" w="229" /><ent r="3" t="238" w="286" /><ent r="3" t="239" w="78" /><ent r="3" t="239" w="85" /><ent r="3" t="239" w="118" /><ent r="3" t="239" w="127" /><ent r="3" t="239" w="133" /><ent r="3" t="239" w="152" /><ent r="3" t="239" w="160" /><ent r="3" t="239" w="339" /><ent r="3" t="239" w="350" /><ent r="3" t="239" w="428" /><ent r="3" t="239" w="443" /><ent r="3" t="239" w="466" /><ent r="3" t="240" w="100" /><ent r="3" t="241" w="41" /><ent r="4" t="241" w="142" /><ent r="3" t="242" w="48" /><ent r="3" t="242" w="81" /><ent r="3" t="242" w="87" /><ent r="3" t="242" w="134" /><ent r="3" t="242" w="140" /><ent r="4" t="242" w="150" /><ent r="3" t="243" w="29" /><ent r="3" t="243" w="58" /><ent r="3" t="243" w="64" /><ent r="3" t="243" w="89" /><ent r="4" t="243" w="114" /><ent r="3" t="243" w="134" /><ent r="4" t="243" w="159" /><ent r="3" t="243" w="185" /><ent r="4" t="243" w="210" /><ent r="3" t="244" w="24" /><ent r="3" t="244" w="48" /><ent r="3" t="244" w="54" /><ent r="3" t="244" w="67" /><ent r="3" t="244" w="94" /><ent r="4" t="244" w="119" /><ent r="3" t="244" w="146" /><ent r="4" t="244" w="171" /><ent r="3" t="244" w="197" /><ent r="4" t="244" w="222" /><ent r="4" t="244" w="368" /><ent r="3" t="244" w="405" /><ent r="3" t="244" w="408" /><ent r="3" t="244" w="411" /><ent r="3" t="244" w="412" /><ent r="4" t="244" w="458" /><ent r="3" t="245" w="24" /><ent r="3" t="245" w="51" /><ent r="3" t="245" w="64" /><ent r="3" t="245" w="91" /><ent r="4" t="245" w="116" /><ent r="3" t="245" w="141" /><ent r="4" t="245" w="166" /><ent r="4" t="245" w="312" /><ent r="3" t="245" w="334" /><ent r="3" t="245" w="337" /><ent r="3" t="245" w="340" /><ent r="3" t="245" w="341" /><ent r="4" t="245" w="398" /><ent r="3" t="248" w="14" /><ent r="3" t="250" w="41" /><ent r="3" t="250" w="66" /><ent r="3" t="250" w="76" /><ent r="3" t="250" w="86" /><ent r="3" t="250" w="95" /><ent r="3" t="250" w="103" /><ent r="3" t="250" w="114" /><ent r="3" t="250" w="128" /><ent r="3" t="250" w="139" /><ent r="3" t="251" w="43" /><ent r="3" t="251" w="67" /><ent r="3" t="251" w="72" /><ent r="4" t="252" w="199" /><ent r="4" t="252" w="200" /><ent r="4" t="252" w="201" /><ent r="4" t="252" w="202" /><ent r="4" t="252" w="203" /><ent r="4" t="252" w="204" /><ent r="4" t="252" w="205" /><ent r="4" t="252" w="206" /><ent r="3" t="252" w="233" /><ent r="3" t="252" w="234" /><ent r="3" t="252" w="235" /><ent r="3" t="252" w="236" /><ent r="3" t="252" w="237" /><ent r="3" t="252" w="238" /><ent r="3" t="252" w="239" /><ent r="3" t="256" w="53" /><ent r="3" t="257" w="100" /><ent r="3" t="257" w="161" /><ent r="3" t="257" w="172" /><ent r="4" t="263" w="25" /><ent r="4" t="263" w="36" /><ent r="4" t="263" w="82" /><ent r="3" t="263" w="231" /><ent r="4" t="269" w="245" /><ent r="4" t="269" w="263" /><ent r="3" t="269" w="382" /><ent r="3" t="275" w="14" /><ent r="3" t="275" w="25" /><ent r="3" t="277" w="20" /><ent r="3" t="277" w="22" /><ent r="3" t="277" w="125" /><ent r="3" t="277" w="126" /><ent r="3" t="278" w="55" /><ent r="3" t="278" w="191" /><ent r="3" t="278" w="192" /><ent r="3" t="282" w="18" /><ent r="3" t="292" w="46" /><ent r="3" t="292" w="236" /><ent r="3" t="293" w="39" /><ent r="3" t="294" w="74" /><ent r="3" t="295" w="105" /><ent r="3" t="295" w="131" /><ent r="3" t="295" w="188" /><ent r="3" t="295" w="210" /><ent r="3" t="295" w="215" /><ent r="3" t="295" w="231" /><ent r="3" t="295" w="235" /><ent r="3" t="295" w="375" /><ent r="3" t="295" w="417" /><ent r="3" t="295" w="431" /><ent r="3" t="296" w="84" /><ent r="3" t="296" w="210" /><ent r="3" t="296" w="252" /><ent r="3" t="296" w="301" /><ent r="3" t="296" w="338" /><ent r="3" t="296" w="341" /><ent r="3" t="296" w="490" /><ent r="3" t="296" w="532" /><ent r="3" t="297" w="46" /><ent r="3" t="297" w="49" /><ent r="3" t="297" w="55" /><ent r="3" t="298" w="46" /><ent r="3" t="298" w="49" /><ent r="3" t="298" w="55" /><ent r="3" t="299" w="46" /><ent r="3" t="299" w="49" /><ent r="3" t="299" w="55" /><ent r="3" t="302" w="67" /><ent r="3" t="303" w="74" /><ent r="3" t="304" w="68" /><ent r="3" t="309" w="134" /><ent r="6" t="310" w="118" /><ent r="6" t="312" w="75" /><ent r="6" t="312" w="104" /><ent r="6" t="312" w="227" /><ent r="6" t="312" w="253" /><ent r="6" t="312" w="297" /><ent r="6" t="313" w="69" /><ent r="3" t="315" w="34" /><ent r="4" t="315" w="130" /><ent r="4" t="315" w="463" /><ent r="3" t="316" w="25" /><ent r="6" t="316" w="57" /><ent r="6" t="316" w="60" /><ent r="6" t="316" w="63" /><ent r="6" t="316" w="183" /><ent r="6" t="316" w="184" /><ent r="6" t="316" w="185" /><ent r="6" t="316" w="186" /><ent r="6" t="316" w="187" /><ent r="6" t="316" w="188" /><ent r="6" t="316" w="189" /><ent r="6" t="316" w="190" /><ent r="6" t="316" w="191" /><ent r="6" t="316" w="192" /><ent r="6" t="316" w="200" /><ent r="6" t="316" w="201" /><ent r="6" t="316" w="202" /><ent r="6" t="316" w="203" /><ent r="6" t="316" w="204" /><ent r="6" t="316" w="205" /><ent r="6" t="316" w="206" /><ent r="6" t="316" w="207" /><ent r="6" t="316" w="208" /><ent r="6" t="316" w="209" /><ent r="6" t="316" w="210" /><ent r="6" t="316" w="211" /><ent r="6" t="316" w="212" /><ent r="6" t="316" w="213" /><ent r="6" t="316" w="214" /><ent r="6" t="316" w="215" /><ent r="6" t="316" w="216" /><ent r="6" t="316" w="217" /><ent r="6" t="316" w="218" /><ent r="6" t="316" w="219" /><ent r="6" t="316" w="220" /><ent r="6" t="316" w="221" /><ent r="6" t="316" w="222" /><ent r="6" t="316" w="223" /><ent r="6" t="316" w="224" /><ent r="6" t="316" w="277" /><ent r="6" t="316" w="278" /><ent r="6" t="316" w="279" /><ent r="6" t="316" w="280" /><ent r="6" t="316" w="281" /><ent r="6" t="316" w="282" /><ent r="6" t="316" w="311" /><ent r="6" t="316" w="312" /><ent r="6" t="316" w="313" /><ent r="3" t="316" w="511" /><ent r="4" t="316" w="618" /><ent r="4" t="316" w="711" /><ent r="3" t="317" w="30" /><ent r="6" t="317" w="115" /><ent r="6" t="318" w="66" /><ent r="6" t="318" w="67" /><ent r="6" t="318" w="69" /><ent r="6" t="318" w="70" /><ent r="6" t="318" w="72" /><ent r="6" t="318" w="73" /><ent r="6" t="318" w="75" /><ent r="6" t="318" w="76" /><ent r="6" t="318" w="77" /><ent r="6" t="318" w="78" /><ent r="6" t="318" w="79" /><ent r="6" t="318" w="81" /><ent r="6" t="318" w="84" /><ent r="6" t="318" w="87" /><ent r="6" t="318" w="88" /><ent r="6" t="318" w="90" /><ent r="6" t="318" w="92" /><ent r="6" t="318" w="94" /><ent r="6" t="318" w="97" /><ent r="6" t="318" w="99" /><ent r="6" t="318" w="115" /><ent r="3" t="319" w="53" /><ent r="3" t="320" w="188" /></phr></stem></index>