<?xml version="1.0" encoding="utf-8"?><index><stem n="pkc"><phr n="PKCS"><ent r="3" t="29" w="100" /></phr></stem><stem n="8"><phr n="8"><ent r="3" t="29" w="101" /></phr></stem><stem n="#8/der"><phr n="#8/DER"><ent r="3" t="29" w="102" /></phr></stem><stem n="der"><phr n="DER"><ent r="3" t="29" w="102" /><ent r="3" t="29" w="112" /><ent r="3" t="29" w="116" /></phr></stem><stem n="openssl"><phr n="openssl"><ent r="3" t="29" w="109" /><ent r="3" t="29" w="130" /><ent r="1000" t="31" w="1" /><ent r="82" t="31" w="4" /><ent r="3" t="31" w="15" /><ent r="3" t="31" w="34" /><ent r="3" t="31" w="54" /><ent r="3" t="31" w="76" /><ent r="4" t="78" w="211" /><ent r="3" t="112" w="25" /><ent r="3" t="112" w="144" /><ent r="4" t="112" w="179" /><ent r="3" t="113" w="69" /></phr></stem><stem n="pkcs8"><phr n="pkcs8"><ent r="3" t="29" w="110" /><ent r="3" t="29" w="115" /></phr></stem><stem n="–inform"><phr n="–inform"><ent r="3" t="29" w="111" /></phr></stem><stem n="–in"><phr n="–in"><ent r="3" t="29" w="113" /></phr></stem><stem n="_pkcs8.der"><phr n="_pkcs8.der"><ent r="3" t="29" w="116" /></phr></stem><stem n="–outform"><phr n="–outform"><ent r="3" t="29" w="117" /></phr></stem><stem n="outform"><phr n="outform"><ent r="3" t="29" w="117" /></phr></stem><stem n="–out"><phr n="–out"><ent r="3" t="29" w="119" /></phr></stem><stem n="_pkcs1.pem"><phr n="_pkcs1.pem"><ent r="3" t="29" w="122" /></phr></stem><stem n="util"><phr n="utility"><ent r="3" t="29" w="131" /></phr><phr n="utilize"><ent r="3" t="32" w="98" /><ent r="3" t="85" w="19" /><ent r="3" t="91" w="100" /><ent r="3" t="144" w="29" /><ent r="3" t="201" w="277" /><ent r="4" t="201" w="323" /><ent r="3" t="202" w="448" /><ent r="4" t="202" w="495" /><ent r="3" t="204" w="140" /><ent r="4" t="204" w="191" /><ent r="3" t="205" w="312" /><ent r="4" t="205" w="360" /></phr><phr n="utilizing"><ent r="4" t="36" w="497" /></phr><phr n="utilized"><ent r="4" t="36" w="511" /><ent r="3" t="133" w="284" /><ent r="3" t="134" w="28" /><ent r="3" t="134" w="64" /><ent r="3" t="201" w="540" /><ent r="3" t="201" w="601" /><ent r="3" t="203" w="653" /><ent r="3" t="204" w="391" /><ent r="3" t="221" w="251" /><ent r="3" t="271" w="12" /><ent r="6" t="314" w="132" /></phr><phr n="util"><ent r="3" t="52" w="26" /><ent r="3" t="53" w="212" /></phr><phr n="utilizes"><ent r="3" t="133" w="306" /></phr><phr n="utils"><ent r="6" t="195" w="419" /><ent r="6" t="196" w="499" /><ent r="6" t="197" w="194" /></phr></stem><stem n="might"><phr n="might"><ent r="3" t="29" w="132" /><ent r="3" t="40" w="59" /><ent r="4" t="43" w="331" /><ent r="3" t="59" w="36" /><ent r="3" t="59" w="65" /><ent r="4" t="68" w="211" /><ent r="3" t="77" w="105" /><ent r="3" t="87" w="83" /><ent r="3" t="93" w="37" /><ent r="3" t="104" w="20" /><ent r="4" t="118" w="64" /><ent r="4" t="119" w="71" /><ent r="4" t="120" w="65" /><ent r="4" t="127" w="274" /></phr></stem><stem n="one-step"><phr n="one-step"><ent r="3" t="30" w="20" /><ent r="3" t="30" w="42" /><ent r="4" t="30" w="74" /></phr></stem><stem n="&#8209;enclav"><phr n="&#8209;enclave"><ent r="5" t="30" w="95" /><ent r="7" t="30" w="141" /><ent r="7" t="30" w="201" /></phr></stem><stem n=".xml"><phr n=".xml"><ent r="5" t="30" w="102" /><ent r="7" t="30" w="148" /><ent r="7" t="30" w="208" /><ent r="4" t="30" w="231" /></phr></stem><stem n="_signed."><phr n="_signed."><ent r="5" t="30" w="106" /><ent r="7" t="30" w="212" /></phr></stem><stem n="&#8209;kei"><phr n="&#8209;key"><ent r="5" t="30" w="109" /><ent r="7" t="30" w="215" /></phr></stem><stem n=".pem"><phr n=".pem"><ent r="5" t="30" w="111" /><ent r="7" t="30" w="217" /></phr></stem><stem n="_hash.hex"><phr n="_hash.hex"><ent r="7" t="30" w="152" /><ent r="7" t="30" w="169" /><ent r="7" t="30" w="224" /><ent r="3" t="31" w="90" /></phr></stem><stem n=".hex"><phr n=".hex"><ent r="7" t="30" w="179" /><ent r="7" t="30" w="220" /><ent r="3" t="31" w="81" /></phr></stem><stem n="&#8209;sig"><phr n="&#8209;sig"><ent r="7" t="30" w="218" /></phr></stem><stem n="&#8209;unsign"><phr n="&#8209;unsigned"><ent r="7" t="30" w="221" /></phr></stem><stem n="32-bit"><phr n="32-bit"><ent r="3" t="30" w="262" /><ent r="4" t="39" w="133" /><ent r="3" t="69" w="184" /><ent r="3" t="149" w="860" /><ent r="3" t="252" w="241" /><ent r="3" t="252" w="249" /><ent r="3" t="252" w="259" /></phr></stem><stem n="elf"><phr n="ELF"><ent r="3" t="30" w="284" /></phr></stem><stem n="*."><phr n="*."><ent r="3" t="31" w="16" /><ent r="3" t="33" w="52" /><ent r="4" t="34" w="193" /></phr></stem><stem n="genrsa"><phr n="genrsa"><ent r="3" t="31" w="35" /></phr></stem><stem n="_key.pem"><phr n="_key.pem"><ent r="3" t="31" w="39" /><ent r="3" t="31" w="59" /><ent r="3" t="31" w="64" /><ent r="3" t="31" w="85" /></phr></stem><stem n="-3"><phr n="-3"><ent r="3" t="31" w="40" /><ent r="3" t="31" w="40" /></phr></stem><stem n="-pubout"><phr n="-pubout"><ent r="3" t="31" w="60" /><ent r="3" t="31" w="60" /></phr></stem><stem n="pubout"><phr n="pubout"><ent r="3" t="31" w="60" /></phr></stem><stem n="dgst"><phr n="dgst"><ent r="3" t="31" w="77" /></phr></stem><stem n="-sha256"><phr n="-sha256"><ent r="3" t="31" w="78" /><ent r="3" t="31" w="78" /></phr></stem><stem n="sha256"><phr n="sha256"><ent r="3" t="31" w="78" /><ent r="65" t="146" w="58" /><ent r="65" t="146" w="62" /><ent r="65" t="146" w="66" /><ent r="65" t="146" w="70" /><ent r="65" t="146" w="75" /><ent r="1000" t="207" w="2" /><ent r="72" t="207" w="6" /><ent r="4" t="207" w="12" /><ent r="3" t="207" w="19" /><ent r="3" t="207" w="33" /><ent r="3" t="207" w="48" /><ent r="3" t="207" w="124" /><ent r="3" t="207" w="149" /><ent r="3" t="207" w="187" /><ent r="4" t="207" w="198" /><ent r="3" t="207" w="205" /><ent r="3" t="207" w="263" /><ent r="1000" t="208" w="2" /><ent r="72" t="208" w="6" /><ent r="4" t="208" w="10" /><ent r="4" t="208" w="56" /><ent r="3" t="208" w="74" /><ent r="3" t="208" w="112" /><ent r="3" t="208" w="137" /><ent r="3" t="208" w="181" /><ent r="4" t="208" w="201" /><ent r="3" t="208" w="211" /><ent r="3" t="208" w="224" /><ent r="4" t="208" w="270" /><ent r="1000" t="209" w="2" /><ent r="72" t="209" w="6" /><ent r="4" t="209" w="10" /><ent r="3" t="209" w="15" /><ent r="3" t="209" w="56" /><ent r="3" t="209" w="155" /><ent r="3" t="209" w="212" /><ent r="3" t="209" w="228" /><ent r="3" t="209" w="235" /><ent r="4" t="209" w="247" /><ent r="3" t="209" w="265" /><ent r="3" t="209" w="277" /><ent r="4" t="209" w="293" /><ent r="1000" t="210" w="2" /><ent r="72" t="210" w="7" /><ent r="4" t="210" w="12" /><ent r="3" t="210" w="18" /><ent r="4" t="210" w="32" /><ent r="3" t="210" w="42" /><ent r="3" t="210" w="55" /><ent r="3" t="210" w="85" /><ent r="3" t="210" w="160" /><ent r="3" t="210" w="185" /><ent r="4" t="210" w="196" /><ent r="3" t="210" w="214" /><ent r="4" t="210" w="221" /><ent r="1000" t="211" w="2" /><ent r="72" t="211" w="6" /><ent r="4" t="211" w="10" /><ent r="3" t="211" w="18" /><ent r="4" t="211" w="27" /><ent r="3" t="211" w="37" /><ent r="3" t="211" w="73" /><ent r="3" t="211" w="98" /><ent r="4" t="211" w="121" /><ent r="3" t="211" w="131" /><ent r="3" t="211" w="148" /><ent r="4" t="221" w="315" /><ent r="3" t="226" w="313" /><ent r="3" t="296" w="334" /><ent r="3" t="303" w="111" /><ent r="3" t="305" w="89" /></phr></stem><stem n="-sign"><phr n="-sign"><ent r="3" t="31" w="82" /><ent r="3" t="31" w="82" /></phr></stem><stem n="-keyform"><phr n="-keyform"><ent r="3" t="31" w="86" /><ent r="3" t="31" w="86" /></phr></stem><stem n="keyform"><phr n="keyform"><ent r="3" t="31" w="86" /></phr></stem><stem n="flag"><phr n="flag"><ent r="4" t="32" w="81" /><ent r="4" t="35" w="190" /><ent r="3" t="35" w="218" /><ent r="5" t="35" w="250" /><ent r="5" t="36" w="457" /><ent r="5" t="75" w="149" /><ent r="55" t="75" w="243" /><ent r="4" t="75" w="270" /><ent r="5" t="75" w="279" /><ent r="56" t="75" w="370" /><ent r="5" t="75" w="376" /><ent r="5" t="75" w="408" /><ent r="5" t="75" w="431" /><ent r="5" t="75" w="450" /><ent r="3" t="76" w="239" /><ent r="4" t="99" w="173" /><ent r="4" t="149" w="277" /><ent r="4" t="149" w="297" /><ent r="4" t="149" w="313" /></phr><phr n="flags"><ent r="4" t="202" w="258" /><ent r="4" t="205" w="203" /><ent r="3" t="257" w="68" /><ent r="4" t="263" w="29" /><ent r="3" t="263" w="108" /><ent r="4" t="263" w="121" /><ent r="3" t="263" w="123" /><ent r="5" t="263" w="137" /><ent r="5" t="263" w="147" /><ent r="5" t="263" w="159" /><ent r="5" t="263" w="172" /><ent r="5" t="263" w="187" /><ent r="5" t="263" w="202" /><ent r="3" t="275" w="182" /></phr></stem><stem n="(the"><phr n="(the"><ent r="4" t="32" w="82" /><ent r="4" t="39" w="200" /><ent r="4" t="42" w="582" /><ent r="3" t="212" w="537" /><ent r="3" t="213" w="562" /><ent r="4" t="296" w="172" /><ent r="4" t="296" w="452" /><ent r="4" t="316" w="669" /></phr></stem><stem n="_create_enclav"><phr n="_create_enclave"><ent r="65" t="32" w="89" /><ent r="4" t="35" w="170" /><ent r="66" t="36" w="465" /><ent r="5" t="75" w="164" /><ent r="64" t="83" w="28" /><ent r="64" t="83" w="62" /><ent r="64" t="84" w="38" /><ent r="64" t="90" w="41" /><ent r="6" t="112" w="232" /><ent r="65" t="116" w="24" /><ent r="1000" t="149" w="3" /><ent r="72" t="149" w="7" /><ent r="4" t="149" w="26" /><ent r="4" t="149" w="1048" /><ent r="4" t="149" w="1300" /><ent r="4" t="149" w="1315" /><ent r="64" t="249" w="25" /></phr></stem><stem n="true"><phr n="TRUE"><ent r="5" t="32" w="94" /><ent r="3" t="51" w="273" /><ent r="55" t="75" w="50" /><ent r="4" t="99" w="187" /><ent r="3" t="125" w="58" /><ent r="3" t="125" w="104" /><ent r="3" t="139" w="33" /><ent r="4" t="171" w="35" /><ent r="3" t="224" w="608" /><ent r="3" t="224" w="632" /><ent r="3" t="237" w="90" /><ent r="3" t="238" w="116" /></phr></stem><stem n="-&gt;configur"><phr n="-&gt;Configuration"><ent r="6" t="32" w="138" /><ent r="6" t="32" w="138" /></phr></stem><stem n="properties-&gt;configur"><phr n="Properties-&gt;Configuration"><ent r="6" t="32" w="138" /></phr></stem><stem n="&gt;configur"><phr n="&gt;Configuration"><ent r="6" t="32" w="139" /></phr></stem><stem n="-&gt;debug"><phr n="-&gt;Debugging"><ent r="6" t="32" w="140" /><ent r="6" t="32" w="140" /></phr></stem><stem n="properties-&gt;debug"><phr n="Properties-&gt;Debugging"><ent r="6" t="32" w="140" /></phr></stem><stem n="&gt;debug"><phr n="&gt;Debugging"><ent r="6" t="32" w="141" /></phr></stem><stem n="edit"><phr n="edit"><ent r="4" t="32" w="165" /><ent r="3" t="74" w="383" /></phr><phr n="Edition"><ent r="3" t="319" w="37" /><ent r="3" t="320" w="37" /></phr></stem><stem n="(outdir)"><phr n="(OutDir)"><ent r="5" t="32" w="176" /></phr></stem><stem n="breakpoint"><phr n="breakpoints"><ent r="3" t="33" w="34" /></phr><phr n="breakpoint"><ent r="3" t="34" w="330" /><ent r="3" t="173" w="7" /><ent r="3" t="251" w="32" /></phr></stem><stem n="exactli"><phr n="exactly"><ent r="3" t="33" w="42" /></phr></stem><stem n="attach"><phr n="Attaching"><ent r="1000" t="34" w="1" /><ent r="82" t="34" w="12" /></phr><phr n="attach"><ent r="3" t="34" w="28" /><ent r="5" t="34" w="47" /><ent r="4" t="34" w="65" /><ent r="5" t="34" w="117" /><ent r="5" t="34" w="122" /><ent r="5" t="34" w="202" /><ent r="3" t="34" w="416" /><ent r="5" t="35" w="300" /><ent r="3" t="35" w="376" /><ent r="3" t="35" w="411" /><ent r="7" t="35" w="472" /><ent r="7" t="35" w="557" /><ent r="7" t="35" w="610" /></phr></stem><stem n="debug-&gt;"><phr n="DEBUG-&gt;"><ent r="5" t="34" w="45" /><ent r="5" t="34" w="200" /></phr></stem><stem n="process-&gt;select"><phr n="process-&gt;Select"><ent r="5" t="34" w="49" /><ent r="5" t="34" w="204" /></phr></stem><stem n="process-&gt;select-&gt;intel"><phr n="process-&gt;Select-&gt;Intel"><ent r="5" t="34" w="49" /><ent r="5" t="34" w="204" /></phr></stem><stem n="&gt;select"><phr n="&gt;Select"><ent r="5" t="34" w="50" /><ent r="5" t="34" w="205" /></phr></stem><stem n="&gt;select-&gt;intel"><phr n="&gt;Select-&gt;Intel"><ent r="5" t="34" w="50" /><ent r="5" t="34" w="205" /></phr></stem><stem n="-&gt;select-&gt;intel(r)"><phr n="-&gt;Select-&gt;Intel(R)"><ent r="5" t="34" w="53" /><ent r="5" t="34" w="54" /><ent r="5" t="34" w="208" /><ent r="5" t="34" w="209" /></phr></stem><stem n="highlight"><phr n="Highlight"><ent r="4" t="34" w="57" /></phr></stem><stem n="would"><phr n="would"><ent r="4" t="34" w="62" /><ent r="3" t="35" w="114" /><ent r="3" t="44" w="24" /><ent r="3" t="46" w="70" /><ent r="3" t="51" w="164" /><ent r="3" t="82" w="49" /><ent r="3" t="99" w="107" /><ent r="3" t="99" w="125" /><ent r="3" t="101" w="37" /><ent r="3" t="127" w="171" /><ent r="3" t="138" w="57" /><ent r="3" t="142" w="83" /><ent r="3" t="144" w="28" /><ent r="3" t="193" w="126" /><ent r="3" t="194" w="144" /><ent r="4" t="269" w="289" /><ent r="3" t="316" w="27" /></phr></stem><stem n=";"><phr n=";"><ent r="4" t="34" w="69" /><ent r="4" t="34" w="94" /><ent r="3" t="34" w="154" /><ent r="3" t="40" w="241" /><ent r="3" t="46" w="67" /><ent r="3" t="51" w="209" /><ent r="3" t="51" w="263" /><ent r="3" t="51" w="267" /><ent r="3" t="56" w="63" /><ent r="3" t="56" w="72" /><ent r="3" t="56" w="74" /><ent r="3" t="56" w="76" /><ent r="3" t="56" w="96" /><ent r="3" t="56" w="100" /><ent r="3" t="56" w="104" /><ent r="4" t="59" w="355" /><ent r="4" t="59" w="599" /><ent r="3" t="64" w="198" /><ent r="3" t="64" w="204" /><ent r="3" t="64" w="313" /><ent r="3" t="76" w="203" /><ent r="3" t="76" w="221" /><ent r="3" t="76" w="301" /><ent r="3" t="85" w="24" /><ent r="3" t="87" w="144" /><ent r="3" t="87" w="168" /><ent r="3" t="142" w="181" /><ent r="4" t="145" w="111" /><ent r="4" t="145" w="117" /><ent r="3" t="151" w="45" /><ent r="3" t="168" w="196" /><ent r="3" t="201" w="33" /><ent r="3" t="202" w="35" /><ent r="3" t="203" w="32" /><ent r="3" t="208" w="241" /><ent r="3" t="250" w="40" /><ent r="3" t="251" w="42" /><ent r="3" t="252" w="65" /><ent r="3" t="252" w="69" /><ent r="3" t="252" w="73" /><ent r="3" t="252" w="77" /><ent r="3" t="252" w="81" /><ent r="3" t="252" w="85" /><ent r="3" t="252" w="89" /><ent r="3" t="252" w="93" /><ent r="3" t="252" w="97" /><ent r="3" t="252" w="101" /><ent r="3" t="252" w="105" /><ent r="3" t="252" w="109" /><ent r="3" t="252" w="113" /><ent r="3" t="252" w="117" /><ent r="3" t="252" w="121" /><ent r="3" t="252" w="125" /><ent r="3" t="252" w="129" /><ent r="3" t="252" w="133" /><ent r="3" t="252" w="151" /><ent r="3" t="252" w="155" /><ent r="3" t="252" w="159" /><ent r="3" t="252" w="163" /><ent r="3" t="252" w="167" /><ent r="3" t="252" w="171" /><ent r="3" t="252" w="175" /><ent r="3" t="252" w="179" /><ent r="3" t="252" w="183" /><ent r="3" t="252" w="187" /><ent r="3" t="263" w="109" /><ent r="3" t="263" w="113" /><ent r="3" t="269" w="77" /><ent r="3" t="274" w="76" /><ent r="3" t="275" w="63" /><ent r="3" t="276" w="59" /><ent r="3" t="276" w="71" /><ent r="3" t="281" w="28" /><ent r="3" t="281" w="67" /><ent r="3" t="294" w="52" /><ent r="3" t="295" w="51" /><ent r="3" t="295" w="74" /><ent r="3" t="296" w="43" /><ent r="3" t="301" w="41" /><ent r="3" t="301" w="44" /><ent r="3" t="301" w="47" /><ent r="3" t="302" w="43" /><ent r="3" t="303" w="42" /><ent r="3" t="305" w="43" /><ent r="3" t="306" w="59" /><ent r="3" t="316" w="24" /></phr></stem><stem n="-up"><phr n="-up"><ent r="4" t="34" w="79" /><ent r="4" t="34" w="79" /><ent r="3" t="183" w="182" /><ent r="3" t="183" w="182" /></phr></stem><stem n="pop"><phr n="pop"><ent r="4" t="34" w="79" /></phr></stem><stem n="pop-up"><phr n="pop-up"><ent r="4" t="34" w="79" /></phr></stem><stem n="remot"><phr n="remote"><ent r="3" t="34" w="137" /><ent r="3" t="34" w="167" /><ent r="4" t="34" w="177" /><ent r="4" t="34" w="231" /><ent r="4" t="34" w="239" /><ent r="4" t="34" w="248" /><ent r="3" t="34" w="275" /><ent r="4" t="78" w="160" /><ent r="4" t="78" w="168" /><ent r="4" t="92" w="76" /><ent r="4" t="92" w="79" /><ent r="1000" t="97" w="1" /><ent r="82" t="97" w="4" /><ent r="3" t="97" w="9" /><ent r="3" t="97" w="31" /><ent r="3" t="97" w="42" /><ent r="3" t="97" w="72" /><ent r="3" t="97" w="80" /><ent r="3" t="97" w="102" /><ent r="4" t="97" w="149" /><ent r="4" t="97" w="158" /><ent r="3" t="97" w="170" /><ent r="3" t="97" w="195" /><ent r="1000" t="98" w="1" /><ent r="72" t="98" w="6" /><ent r="3" t="98" w="20" /><ent r="3" t="98" w="29" /><ent r="3" t="98" w="295" /><ent r="1000" t="99" w="1" /><ent r="72" t="99" w="8" /><ent r="3" t="99" w="22" /><ent r="4" t="99" w="84" /><ent r="3" t="99" w="89" /><ent r="5" t="99" w="389" /><ent r="6" t="99" w="423" /><ent r="1000" t="100" w="1" /><ent r="72" t="100" w="10" /><ent r="3" t="100" w="54" /><ent r="3" t="100" w="96" /><ent r="1000" t="101" w="3" /><ent r="72" t="101" w="10" /><ent r="3" t="101" w="20" /><ent r="3" t="101" w="73" /><ent r="3" t="101" w="139" /><ent r="3" t="101" w="266" /><ent r="3" t="101" w="327" /><ent r="3" t="101" w="371" /><ent r="1000" t="102" w="8" /><ent r="72" t="102" w="18" /><ent r="3" t="102" w="43" /><ent r="3" t="102" w="134" /><ent r="3" t="102" w="153" /><ent r="3" t="155" w="21" /><ent r="3" t="155" w="56" /><ent r="3" t="155" w="231" /><ent r="3" t="156" w="21" /><ent r="3" t="156" w="97" /><ent r="3" t="156" w="133" /><ent r="1000" t="157" w="3" /><ent r="3" t="157" w="26" /><ent r="3" t="157" w="52" /><ent r="3" t="157" w="274" /><ent r="3" t="157" w="491" /><ent r="3" t="158" w="192" /><ent r="3" t="224" w="124" /><ent r="3" t="224" w="311" /><ent r="3" t="237" w="21" /><ent r="3" t="237" w="122" /><ent r="3" t="237" w="143" /><ent r="3" t="238" w="23" /><ent r="3" t="238" w="148" /><ent r="3" t="238" w="223" /><ent r="3" t="239" w="28" /><ent r="3" t="239" w="46" /><ent r="3" t="239" w="481" /><ent r="3" t="240" w="20" /><ent r="3" t="240" w="118" /><ent r="3" t="281" w="14" /><ent r="3" t="291" w="20" /><ent r="3" t="293" w="20" /><ent r="3" t="294" w="22" /><ent r="3" t="295" w="23" /><ent r="3" t="295" w="217" /><ent r="3" t="295" w="395" /><ent r="3" t="295" w="455" /><ent r="3" t="296" w="22" /><ent r="3" t="296" w="230" /><ent r="3" t="296" w="295" /><ent r="3" t="296" w="510" /></phr></stem><stem n="machin"><phr n="machine"><ent r="3" t="34" w="141" /><ent r="3" t="34" w="156" /><ent r="4" t="34" w="174" /><ent r="4" t="34" w="197" /><ent r="4" t="34" w="222" /><ent r="4" t="34" w="232" /><ent r="3" t="149" w="1030" /><ent r="3" t="161" w="203" /><ent r="3" t="162" w="200" /><ent r="6" t="310" w="127" /></phr></stem><stem n="target"><phr n="target"><ent r="3" t="34" w="155" /><ent r="4" t="34" w="173" /><ent r="4" t="34" w="221" /><ent r="3" t="42" w="821" /><ent r="3" t="96" w="81" /><ent r="3" t="149" w="838" /><ent r="3" t="149" w="1029" /><ent r="3" t="152" w="42" /><ent r="3" t="152" w="46" /><ent r="4" t="152" w="62" /><ent r="4" t="152" w="286" /><ent r="3" t="154" w="223" /><ent r="3" t="161" w="202" /><ent r="3" t="162" w="199" /><ent r="3" t="196" w="23" /><ent r="3" t="196" w="60" /><ent r="3" t="196" w="63" /><ent r="4" t="196" w="83" /><ent r="64" t="196" w="93" /><ent r="3" t="196" w="104" /><ent r="5" t="196" w="165" /><ent r="64" t="196" w="178" /><ent r="3" t="196" w="387" /><ent r="3" t="196" w="390" /><ent r="4" t="196" w="446" /><ent r="3" t="196" w="453" /><ent r="3" t="196" w="460" /><ent r="3" t="242" w="105" /><ent r="65" t="247" w="150" /><ent r="3" t="272" w="29" /><ent r="1000" t="274" w="2" /><ent r="72" t="274" w="7" /><ent r="3" t="274" w="15" /><ent r="3" t="274" w="95" /><ent r="3" t="274" w="109" /><ent r="3" t="274" w="118" /><ent r="3" t="274" w="142" /><ent r="3" t="275" w="144" /><ent r="3" t="275" w="284" /><ent r="3" t="298" w="66" /><ent r="3" t="298" w="71" /><ent r="3" t="302" w="39" /><ent r="3" t="302" w="42" /><ent r="4" t="302" w="76" /><ent r="3" t="302" w="79" /><ent r="6" t="310" w="126" /><ent r="6" t="310" w="439" /></phr><phr n="targets"><ent r="3" t="36" w="188" /><ent r="3" t="36" w="325" /><ent r="4" t="36" w="358" /><ent r="4" t="36" w="369" /></phr></stem><stem n="server"><phr n="server"><ent r="3" t="34" w="169" /><ent r="4" t="97" w="234" /><ent r="4" t="97" w="260" /><ent r="4" t="97" w="264" /><ent r="5" t="99" w="363" /><ent r="5" t="99" w="370" /><ent r="5" t="99" w="387" /><ent r="6" t="99" w="405" /><ent r="6" t="99" w="421" /><ent r="3" t="119" w="20" /><ent r="3" t="147" w="21" /><ent r="3" t="157" w="23" /><ent r="3" t="157" w="74" /><ent r="4" t="157" w="93" /><ent r="4" t="157" w="100" /><ent r="4" t="157" w="147" /><ent r="4" t="157" w="156" /><ent r="3" t="157" w="264" /><ent r="3" t="237" w="226" /><ent r="3" t="238" w="306" /><ent r="3" t="300" w="23" /><ent r="6" t="310" w="705" /></phr></stem><stem n="monitor"><phr n="Monitor"><ent r="4" t="34" w="179" /><ent r="4" t="34" w="241" /><ent r="4" t="34" w="250" /></phr></stem><stem n="msvsmon"><phr n="msvsmon"><ent r="5" t="34" w="181" /></phr></stem><stem n=".ex"><phr n=".exe"><ent r="5" t="34" w="182" /><ent r="3" t="36" w="315" /><ent r="3" t="36" w="337" /></phr></stem><stem n="qualifi"><phr n="qualifier"><ent r="4" t="34" w="218" /><ent r="3" t="66" w="56" /></phr></stem><stem n="ip"><phr n="IP"><ent r="4" t="34" w="225" /></phr></stem><stem n="multipl"><phr n="multiple"><ent r="4" t="34" w="235" /><ent r="3" t="44" w="17" /><ent r="3" t="93" w="35" /><ent r="3" t="142" w="9" /><ent r="3" t="142" w="37" /><ent r="6" t="142" w="325" /><ent r="6" t="142" w="366" /><ent r="67" t="142" w="444" /><ent r="4" t="187" w="238" /><ent r="1000" t="191" w="4" /><ent r="72" t="191" w="10" /><ent r="4" t="191" w="18" /><ent r="3" t="191" w="48" /><ent r="4" t="191" w="128" /><ent r="4" t="191" w="281" /><ent r="5" t="192" w="149" /><ent r="6" t="192" w="197" /><ent r="3" t="207" w="267" /><ent r="3" t="208" w="42" /><ent r="3" t="208" w="214" /><ent r="3" t="209" w="32" /><ent r="3" t="209" w="169" /><ent r="3" t="209" w="231" /><ent r="3" t="210" w="99" /><ent r="3" t="211" w="134" /><ent r="3" t="214" w="299" /><ent r="3" t="215" w="42" /><ent r="3" t="215" w="244" /><ent r="3" t="216" w="34" /><ent r="3" t="216" w="171" /><ent r="3" t="216" w="289" /><ent r="3" t="217" w="97" /><ent r="3" t="218" w="89" /><ent r="3" t="218" w="135" /></phr><phr n="multiplication"><ent r="6" t="314" w="141" /></phr></stem><stem n="be"><phr n="being"><ent r="4" t="34" w="251" /><ent r="4" t="42" w="584" /><ent r="4" t="43" w="80" /><ent r="3" t="58" w="237" /><ent r="3" t="96" w="43" /><ent r="3" t="101" w="121" /><ent r="3" t="142" w="179" /><ent r="3" t="149" w="622" /><ent r="3" t="149" w="750" /><ent r="3" t="149" w="756" /><ent r="3" t="152" w="74" /><ent r="3" t="154" w="106" /><ent r="3" t="154" w="505" /><ent r="3" t="169" w="223" /><ent r="3" t="171" w="11" /><ent r="4" t="192" w="136" /><ent r="5" t="192" w="167" /><ent r="5" t="192" w="191" /></phr></stem><stem n="setup"><phr n="Setup"><ent r="3" t="34" w="277" /><ent r="3" t="163" w="106" /></phr></stem><stem n="http"><phr n="http"><ent r="3" t="34" w="279" /><ent r="3" t="69" w="36" /><ent r="3" t="82" w="111" /></phr></stem><stem n="msdn"><phr n="msdn"><ent r="3" t="34" w="280" /><ent r="3" t="69" w="37" /><ent r="3" t="82" w="112" /></phr></stem><stem n="en"><phr n="en"><ent r="3" t="34" w="283" /><ent r="3" t="69" w="40" /><ent r="3" t="82" w="115" /></phr></stem><stem n="en-u"><phr n="en-us"><ent r="3" t="34" w="283" /><ent r="3" t="69" w="40" /><ent r="3" t="82" w="115" /></phr></stem><stem n="vstudio"><phr n="vstudio"><ent r="3" t="34" w="286" /></phr></stem><stem n="y7f5zaaa"><phr n="y7f5zaaa"><ent r="3" t="34" w="287" /></phr></stem><stem n="://msdn.microsoft.com/en-us/library/vstudio/y7f5zaaa.aspx"><phr n="://msdn.microsoft.com/en-us/library/vstudio/y7f5zaaa.aspx"><ent r="3" t="34" w="288" /></phr></stem><stem n="aspx"><phr n="aspx"><ent r="3" t="34" w="288" /><ent r="3" t="82" w="124" /></phr></stem><stem n="occur"><phr n="occurs"><ent r="3" t="34" w="331" /><ent r="3" t="77" w="38" /><ent r="3" t="87" w="11" /><ent r="3" t="126" w="44" /><ent r="3" t="168" w="134" /><ent r="3" t="195" w="334" /><ent r="3" t="197" w="128" /><ent r="3" t="208" w="262" /><ent r="3" t="215" w="293" /><ent r="4" t="216" w="241" /><ent r="4" t="217" w="198" /><ent r="3" t="221" w="312" /><ent r="3" t="229" w="94" /><ent r="3" t="231" w="254" /><ent r="3" t="232" w="384" /><ent r="3" t="233" w="280" /><ent r="3" t="234" w="259" /><ent r="3" t="235" w="274" /><ent r="3" t="253" w="97" /></phr><phr n="occur"><ent r="3" t="44" w="125" /><ent r="3" t="77" w="106" /><ent r="3" t="173" w="10" /></phr><phr n="occurred"><ent r="3" t="161" w="238" /><ent r="3" t="209" w="208" /><ent r="3" t="212" w="477" /><ent r="3" t="213" w="501" /><ent r="3" t="215" w="221" /><ent r="3" t="216" w="227" /><ent r="3" t="219" w="262" /><ent r="3" t="220" w="262" /><ent r="3" t="225" w="244" /><ent r="3" t="228" w="183" /><ent r="3" t="236" w="244" /><ent r="3" t="237" w="237" /><ent r="3" t="238" w="317" /><ent r="3" t="242" w="227" /><ent r="3" t="243" w="284" /><ent r="3" t="244" w="546" /><ent r="3" t="245" w="469" /><ent r="3" t="292" w="251" /></phr></stem><stem n="abl"><phr n="able"><ent r="3" t="34" w="341" /><ent r="3" t="34" w="386" /><ent r="6" t="43" w="562" /><ent r="3" t="83" w="17" /><ent r="3" t="97" w="84" /><ent r="3" t="101" w="333" /><ent r="3" t="196" w="108" /><ent r="3" t="202" w="727" /><ent r="3" t="205" w="571" /><ent r="4" t="232" w="604" /><ent r="4" t="233" w="511" /><ent r="3" t="274" w="48" /></phr></stem><stem n="displai"><phr n="display"><ent r="3" t="34" w="343" /><ent r="3" t="104" w="88" /><ent r="3" t="172" w="15" /></phr><phr n="displayed"><ent r="3" t="172" w="43" /></phr></stem><stem n="symbol"><phr n="symbols"><ent r="3" t="34" w="345" /><ent r="55" t="75" w="120" /></phr><phr n="symbol"><ent r="4" t="36" w="364" /><ent r="4" t="36" w="531" /><ent r="4" t="36" w="540" /><ent r="4" t="36" w="549" /><ent r="4" t="42" w="510" /><ent r="4" t="42" w="528" /><ent r="4" t="149" w="964" /><ent r="6" t="310" w="253" /></phr></stem><stem n="issu"><phr n="issue"><ent r="3" t="34" w="359" /><ent r="3" t="152" w="199" /><ent r="3" t="154" w="431" /><ent r="3" t="155" w="405" /><ent r="3" t="156" w="627" /><ent r="3" t="157" w="440" /><ent r="3" t="159" w="134" /><ent r="3" t="228" w="119" /><ent r="3" t="231" w="201" /><ent r="3" t="232" w="331" /><ent r="3" t="233" w="227" /><ent r="3" t="234" w="206" /><ent r="3" t="235" w="221" /><ent r="3" t="236" w="191" /><ent r="6" t="310" w="686" /></phr><phr n="issuing"><ent r="3" t="126" w="72" /><ent r="3" t="127" w="185" /></phr></stem><stem n="break"><phr n="break"><ent r="3" t="34" w="364" /></phr></stem><stem n="nativ"><phr n="native"><ent r="3" t="34" w="379" /><ent r="3" t="34" w="392" /><ent r="3" t="39" w="51" /><ent r="7" t="39" w="286" /></phr></stem><stem n="/c++"><phr n="/C++"><ent r="3" t="34" w="381" /><ent r="3" t="39" w="35" /><ent r="3" t="39" w="69" /><ent r="7" t="39" w="300" /><ent r="7" t="39" w="319" /><ent r="3" t="52" w="9" /><ent r="3" t="85" w="129" /><ent r="3" t="123" w="38" /><ent r="4" t="123" w="187" /><ent r="3" t="125" w="65" /></phr></stem></index>