<?xml version="1.0" encoding="utf-8"?><index><stem n="svn"><phr n="SVN"><ent r="6" t="7" w="253" /><ent r="7" t="14" w="189" /><ent r="7" t="14" w="193" /><ent r="6" t="74" w="169" /><ent r="3" t="123" w="102" /><ent r="3" t="152" w="303" /><ent r="4" t="195" w="281" /><ent r="4" t="195" w="299" /><ent r="3" t="244" w="404" /><ent r="3" t="245" w="333" /><ent r="65" t="247" w="108" /><ent r="65" t="247" w="113" /><ent r="1000" t="265" w="3" /><ent r="72" t="265" w="8" /><ent r="1000" t="266" w="3" /><ent r="72" t="266" w="8" /><ent r="4" t="266" w="13" /><ent r="3" t="266" w="58" /><ent r="3" t="266" w="63" /><ent r="3" t="266" w="70" /><ent r="3" t="269" w="69" /><ent r="3" t="269" w="72" /><ent r="3" t="269" w="80" /><ent r="3" t="269" w="83" /><ent r="4" t="269" w="270" /><ent r="4" t="269" w="313" /><ent r="4" t="269" w="340" /><ent r="3" t="275" w="42" /><ent r="3" t="275" w="45" /><ent r="3" t="275" w="96" /><ent r="3" t="275" w="99" /><ent r="4" t="275" w="122" /><ent r="3" t="275" w="246" /><ent r="3" t="281" w="45" /><ent r="3" t="281" w="48" /><ent r="3" t="281" w="52" /><ent r="3" t="281" w="55" /><ent r="4" t="281" w="126" /><ent r="3" t="281" w="129" /><ent r="4" t="281" w="135" /><ent r="3" t="281" w="138" /><ent r="3" t="306" w="44" /><ent r="3" t="306" w="47" /><ent r="3" t="306" w="94" /><ent r="3" t="306" w="97" /><ent r="4" t="306" w="110" /><ent r="4" t="306" w="177" /><ent r="6" t="310" w="517" /><ent r="6" t="310" w="522" /><ent r="6" t="310" w="537" /><ent r="6" t="310" w="543" /></phr></stem><stem n="version"><phr n="version"><ent r="6" t="7" w="256" /><ent r="6" t="7" w="260" /><ent r="6" t="28" w="180" /><ent r="4" t="34" w="245" /><ent r="4" t="34" w="256" /><ent r="4" t="36" w="492" /><ent r="4" t="36" w="495" /><ent r="4" t="36" w="509" /><ent r="4" t="36" w="519" /><ent r="3" t="37" w="13" /><ent r="7" t="39" w="334" /><ent r="4" t="97" w="219" /><ent r="3" t="123" w="77" /><ent r="3" t="123" w="126" /><ent r="3" t="123" w="151" /><ent r="4" t="123" w="156" /><ent r="3" t="137" w="19" /><ent r="3" t="138" w="9" /><ent r="3" t="145" w="19" /><ent r="3" t="149" w="54" /><ent r="4" t="149" w="653" /><ent r="3" t="149" w="658" /><ent r="3" t="149" w="668" /><ent r="3" t="161" w="182" /><ent r="3" t="162" w="179" /><ent r="3" t="201" w="595" /><ent r="3" t="202" w="68" /><ent r="3" t="202" w="692" /><ent r="3" t="205" w="28" /><ent r="3" t="205" w="536" /><ent r="3" t="207" w="216" /><ent r="3" t="214" w="262" /><ent r="3" t="265" w="13" /><ent r="3" t="266" w="25" /><ent r="3" t="269" w="318" /><ent r="3" t="269" w="345" /><ent r="3" t="275" w="126" /><ent r="3" t="275" w="251" /><ent r="3" t="281" w="27" /><ent r="4" t="281" w="91" /><ent r="3" t="281" w="94" /><ent r="3" t="306" w="113" /><ent r="3" t="306" w="182" /><ent r="6" t="310" w="408" /><ent r="6" t="310" w="411" /><ent r="5" t="312" w="125" /><ent r="6" t="312" w="152" /></phr><phr n="versions"><ent r="4" t="34" w="236" /><ent r="4" t="36" w="475" /><ent r="3" t="39" w="65" /><ent r="3" t="149" w="1008" /><ent r="54" t="149" w="1245" /><ent r="6" t="310" w="105" /></phr></stem><stem n="both"><phr n="both"><ent r="6" t="7" w="264" /><ent r="3" t="17" w="145" /><ent r="3" t="24" w="276" /><ent r="3" t="30" w="281" /><ent r="3" t="34" w="143" /><ent r="3" t="34" w="300" /><ent r="6" t="49" w="122" /><ent r="3" t="51" w="47" /><ent r="3" t="51" w="236" /><ent r="3" t="52" w="5" /><ent r="4" t="58" w="144" /><ent r="4" t="60" w="33" /><ent r="3" t="62" w="195" /><ent r="4" t="64" w="162" /><ent r="3" t="68" w="156" /><ent r="4" t="75" w="424" /><ent r="3" t="97" w="123" /><ent r="3" t="97" w="387" /><ent r="3" t="98" w="50" /><ent r="3" t="103" w="70" /><ent r="3" t="127" w="97" /><ent r="4" t="132" w="37" /><ent r="3" t="149" w="1101" /><ent r="3" t="149" w="1264" /><ent r="3" t="154" w="485" /><ent r="3" t="212" w="433" /><ent r="3" t="212" w="579" /><ent r="3" t="213" w="442" /><ent r="3" t="213" w="604" /><ent r="3" t="224" w="378" /><ent r="3" t="224" w="620" /><ent r="3" t="277" w="78" /><ent r="6" t="312" w="89" /></phr></stem><stem n="tcb"><phr n="TCB"><ent r="6" t="7" w="276" /><ent r="6" t="7" w="299" /><ent r="3" t="149" w="1270" /><ent r="3" t="157" w="34" /><ent r="4" t="157" w="120" /><ent r="4" t="157" w="134" /><ent r="4" t="157" w="178" /><ent r="4" t="157" w="196" /><ent r="4" t="157" w="207" /><ent r="3" t="157" w="498" /><ent r="3" t="269" w="343" /><ent r="3" t="275" w="132" /></phr></stem><stem n="comput"><phr n="computing"><ent r="6" t="7" w="279" /><ent r="3" t="226" w="360" /><ent r="3" t="227" w="358" /></phr><phr n="compute"><ent r="3" t="40" w="50" /><ent r="65" t="146" w="135" /><ent r="3" t="207" w="261" /><ent r="3" t="214" w="294" /><ent r="4" t="221" w="53" /><ent r="1000" t="224" w="3" /><ent r="72" t="224" w="9" /><ent r="4" t="224" w="15" /><ent r="3" t="224" w="54" /></phr><phr n="computer"><ent r="4" t="82" w="108" /></phr><phr n="computed"><ent r="3" t="101" w="357" /></phr><phr n="computation"><ent r="3" t="221" w="527" /></phr><phr n="computes"><ent r="3" t="223" w="347" /><ent r="3" t="224" w="295" /><ent r="3" t="224" w="334" /><ent r="3" t="226" w="13" /><ent r="3" t="226" w="273" /><ent r="3" t="226" w="354" /></phr></stem><stem n="base"><phr n="base"><ent r="6" t="7" w="280" /><ent r="4" t="15" w="18" /><ent r="4" t="15" w="55" /><ent r="4" t="15" w="62" /><ent r="4" t="15" w="130" /><ent r="4" t="15" w="196" /><ent r="4" t="15" w="220" /><ent r="3" t="24" w="299" /><ent r="3" t="149" w="1241" /><ent r="54" t="149" w="1255" /><ent r="3" t="149" w="1287" /><ent r="3" t="223" w="139" /><ent r="3" t="223" w="177" /><ent r="3" t="223" w="396" /><ent r="3" t="223" w="426" /><ent r="3" t="224" w="467" /><ent r="3" t="224" w="509" /><ent r="3" t="280" w="11" /><ent r="3" t="280" w="42" /><ent r="3" t="281" w="157" /></phr><phr n="based"><ent r="3" t="8" w="70" /><ent r="4" t="20" w="218" /><ent r="6" t="26" w="175" /><ent r="3" t="35" w="79" /><ent r="3" t="36" w="102" /><ent r="4" t="36" w="351" /><ent r="4" t="42" w="197" /><ent r="4" t="43" w="49" /><ent r="3" t="74" w="16" /><ent r="64" t="87" w="113" /><ent r="1000" t="88" w="4" /><ent r="82" t="88" w="10" /><ent r="3" t="93" w="78" /><ent r="3" t="103" w="68" /><ent r="3" t="103" w="89" /><ent r="1000" t="109" w="2" /><ent r="82" t="109" w="6" /><ent r="3" t="109" w="19" /><ent r="1000" t="111" w="4" /><ent r="3" t="133" w="296" /><ent r="3" t="133" w="314" /><ent r="3" t="163" w="214" /><ent r="3" t="204" w="381" /><ent r="3" t="221" w="366" /><ent r="3" t="221" w="411" /><ent r="3" t="224" w="301" /><ent r="3" t="226" w="281" /><ent r="3" t="227" w="320" /><ent r="3" t="237" w="76" /><ent r="3" t="238" w="102" /><ent r="3" t="242" w="104" /><ent r="3" t="294" w="74" /><ent r="3" t="295" w="105" /><ent r="3" t="302" w="67" /><ent r="3" t="303" w="74" /><ent r="6" t="320" w="128" /></phr></stem><stem n="portion"><phr n="Portions"><ent r="6" t="7" w="281" /><ent r="3" t="198" w="219" /></phr><phr n="portion"><ent r="3" t="97" w="411" /></phr></stem><stem n="consid"><phr n="considered"><ent r="6" t="7" w="288" /><ent r="4" t="129" w="85" /><ent r="3" t="133" w="42" /><ent r="4" t="315" w="112" /></phr></stem><stem n="safe"><phr n="safe"><ent r="6" t="7" w="289" /><ent r="4" t="18" w="202" /><ent r="6" t="59" w="893" /><ent r="6" t="59" w="956" /></phr><phr n="safely"><ent r="4" t="78" w="217" /><ent r="3" t="112" w="40" /></phr></stem><stem n="uncompromis"><phr n="uncompromised"><ent r="6" t="7" w="291" /></phr></stem><stem n="harder"><phr n="harder"><ent r="6" t="7" w="308" /></phr></stem><stem n="test"><phr n="Tested"><ent r="1000" t="8" w="1" /><ent r="92" t="8" w="4" /><ent r="3" t="8" w="28" /></phr><phr n="tests"><ent r="3" t="15" w="263" /></phr><phr n="test"><ent r="5" t="27" w="35" /><ent r="5" t="27" w="86" /><ent r="3" t="36" w="147" /><ent r="3" t="36" w="256" /><ent r="3" t="36" w="278" /><ent r="3" t="36" w="290" /><ent r="3" t="56" w="226" /><ent r="3" t="56" w="233" /><ent r="3" t="56" w="240" /><ent r="3" t="56" w="249" /><ent r="3" t="56" w="256" /><ent r="3" t="56" w="263" /><ent r="3" t="56" w="270" /><ent r="3" t="56" w="280" /><ent r="3" t="56" w="289" /><ent r="3" t="56" w="299" /><ent r="3" t="56" w="309" /><ent r="3" t="56" w="319" /><ent r="3" t="56" w="329" /><ent r="3" t="56" w="339" /><ent r="3" t="56" w="349" /><ent r="3" t="59" w="179" /><ent r="3" t="59" w="191" /><ent r="3" t="59" w="201" /><ent r="3" t="59" w="211" /><ent r="3" t="59" w="227" /><ent r="3" t="59" w="238" /><ent r="3" t="59" w="247" /><ent r="3" t="59" w="256" /><ent r="3" t="59" w="297" /><ent r="3" t="59" w="314" /><ent r="5" t="59" w="341" /><ent r="5" t="59" w="389" /><ent r="5" t="59" w="451" /><ent r="5" t="59" w="527" /><ent r="5" t="59" w="585" /><ent r="5" t="59" w="642" /><ent r="5" t="59" w="703" /><ent r="5" t="59" w="768" /><ent r="3" t="62" w="401" /><ent r="3" t="62" w="420" /><ent r="3" t="62" w="441" /><ent r="3" t="62" w="460" /><ent r="3" t="62" w="504" /><ent r="3" t="62" w="524" /><ent r="3" t="62" w="573" /><ent r="3" t="62" w="594" /><ent r="3" t="62" w="618" /><ent r="3" t="62" w="628" /><ent r="3" t="64" w="228" /><ent r="3" t="64" w="239" /><ent r="3" t="64" w="250" /><ent r="3" t="64" w="262" /><ent r="3" t="64" w="278" /><ent r="3" t="64" w="331" /><ent r="3" t="64" w="352" /><ent r="3" t="64" w="374" /><ent r="3" t="64" w="398" /><ent r="4" t="64" w="433" /><ent r="4" t="64" w="468" /><ent r="4" t="64" w="500" /><ent r="3" t="67" w="81" /><ent r="3" t="67" w="91" /><ent r="3" t="67" w="103" /><ent r="3" t="67" w="146" /><ent r="3" t="67" w="162" /><ent r="3" t="67" w="178" /><ent r="3" t="68" w="75" /><ent r="4" t="69" w="206" /><ent r="3" t="69" w="233" /><ent r="3" t="69" w="303" /><ent r="3" t="69" w="313" /><ent r="3" t="69" w="375" /><ent r="3" t="70" w="141" /><ent r="3" t="71" w="254" /><ent r="3" t="71" w="281" /><ent r="3" t="71" w="302" /><ent r="4" t="112" w="286" /><ent r="3" t="113" w="94" /></phr></stem><stem n="–"><phr n="–"><ent r="3" t="8" w="15" /><ent r="8" t="11" w="121" /><ent r="8" t="11" w="128" /><ent r="8" t="11" w="142" /><ent r="4" t="18" w="62" /><ent r="4" t="18" w="86" /><ent r="4" t="18" w="106" /><ent r="4" t="18" w="140" /><ent r="4" t="18" w="166" /><ent r="4" t="18" w="183" /><ent r="4" t="24" w="96" /><ent r="4" t="24" w="110" /><ent r="4" t="24" w="124" /><ent r="4" t="24" w="138" /><ent r="7" t="39" w="384" /><ent r="3" t="42" w="708" /><ent r="3" t="42" w="726" /><ent r="3" t="42" w="787" /><ent r="4" t="58" w="28" /><ent r="4" t="58" w="79" /><ent r="6" t="74" w="194" /><ent r="6" t="74" w="203" /><ent r="3" t="133" w="280" /><ent r="3" t="225" w="293" /><ent r="4" t="252" w="207" /></phr></stem><stem n="psw"><phr n="PSW"><ent r="3" t="8" w="24" /><ent r="6" t="49" w="74" /><ent r="6" t="49" w="154" /><ent r="3" t="50" w="17" /><ent r="3" t="80" w="37" /><ent r="3" t="100" w="75" /><ent r="3" t="102" w="59" /><ent r="3" t="162" w="292" /><ent r="3" t="163" w="232" /><ent r="3" t="163" w="276" /><ent r="3" t="232" w="580" /><ent r="3" t="233" w="487" /><ent r="3" t="295" w="374" /><ent r="3" t="296" w="209" /><ent r="3" t="296" w="489" /></phr></stem><stem n="(psw)"><phr n="(PSW)"><ent r="3" t="8" w="25" /></phr></stem><stem n="intern"><phr n="internally"><ent r="3" t="8" w="27" /><ent r="4" t="42" w="315" /></phr><phr n="internal"><ent r="3" t="8" w="73" /><ent r="3" t="39" w="121" /><ent r="7" t="39" w="455" /><ent r="7" t="39" w="466" /><ent r="7" t="39" w="481" /><ent r="3" t="185" w="81" /><ent r="3" t="208" w="190" /><ent r="3" t="209" w="204" /><ent r="3" t="210" w="169" /><ent r="3" t="212" w="473" /><ent r="3" t="213" w="497" /><ent r="3" t="214" w="233" /><ent r="3" t="215" w="217" /><ent r="3" t="216" w="223" /><ent r="3" t="217" w="187" /><ent r="3" t="219" w="258" /><ent r="3" t="220" w="258" /><ent r="3" t="221" w="238" /><ent r="3" t="223" w="307" /><ent r="3" t="224" w="286" /><ent r="3" t="225" w="240" /><ent r="3" t="226" w="264" /><ent r="3" t="227" w="303" /></phr><phr n="internals"><ent r="6" t="47" w="62" /><ent r="6" t="47" w="80" /></phr></stem><stem n="shown"><phr n="shown"><ent r="3" t="8" w="32" /><ent r="3" t="14" w="116" /><ent r="3" t="17" w="181" /><ent r="5" t="32" w="152" /><ent r="3" t="35" w="180" /><ent r="3" t="37" w="194" /><ent r="3" t="59" w="329" /><ent r="3" t="71" w="215" /><ent r="3" t="76" w="162" /><ent r="3" t="81" w="35" /><ent r="3" t="90" w="24" /><ent r="3" t="98" w="303" /><ent r="3" t="99" w="133" /><ent r="3" t="99" w="770" /></phr></stem><stem n="work"><phr n="work"><ent r="3" t="8" w="34" /><ent r="3" t="8" w="63" /><ent r="3" t="34" w="355" /><ent r="3" t="44" w="15" /><ent r="3" t="145" w="79" /></phr><phr n="Working"><ent r="5" t="32" w="168" /><ent r="4" t="36" w="553" /><ent r="3" t="112" w="314" /></phr><phr n="works"><ent r="3" t="33" w="41" /><ent r="4" t="36" w="350" /><ent r="55" t="75" w="37" /><ent r="3" t="112" w="148" /></phr></stem><stem n="*the"><phr n="*The"><ent r="3" t="8" w="65" /></phr></stem><stem n="estim"><phr n="estimated"><ent r="3" t="8" w="69" /></phr></stem><stem n="analysi"><phr n="analysis"><ent r="3" t="8" w="74" /><ent r="3" t="35" w="41" /><ent r="6" t="312" w="308" /></phr></stem><stem n="affect"><phr n="affect"><ent r="3" t="8" w="91" /><ent r="6" t="59" w="888" /><ent r="3" t="69" w="20" /><ent r="3" t="69" w="183" /><ent r="3" t="80" w="95" /></phr><phr n="affects"><ent r="3" t="37" w="19" /><ent r="4" t="232" w="619" /><ent r="4" t="233" w="526" /></phr></stem><stem n="actual"><phr n="actual"><ent r="3" t="8" w="92" /><ent r="4" t="20" w="221" /><ent r="3" t="64" w="711" /><ent r="3" t="85" w="42" /><ent r="3" t="97" w="422" /><ent r="3" t="203" w="252" /><ent r="3" t="203" w="357" /><ent r="3" t="206" w="178" /></phr></stem><stem n="project"><phr n="Project"><ent r="1000" t="9" w="6" /><ent r="102" t="9" w="16" /><ent r="65" t="9" w="59" /><ent r="65" t="9" w="65" /><ent r="3" t="10" w="54" /><ent r="6" t="11" w="29" /><ent r="6" t="11" w="46" /><ent r="5" t="11" w="64" /><ent r="5" t="11" w="71" /><ent r="7" t="11" w="117" /><ent r="8" t="11" w="124" /><ent r="8" t="11" w="135" /><ent r="8" t="11" w="148" /><ent r="8" t="11" w="158" /><ent r="8" t="11" w="171" /><ent r="5" t="11" w="203" /><ent r="5" t="11" w="212" /><ent r="6" t="11" w="224" /><ent r="67" t="11" w="231" /><ent r="3" t="14" w="32" /><ent r="3" t="14" w="96" /><ent r="3" t="14" w="101" /><ent r="3" t="16" w="89" /><ent r="3" t="16" w="94" /><ent r="4" t="16" w="255" /><ent r="4" t="17" w="112" /><ent r="4" t="17" w="128" /><ent r="3" t="17" w="148" /><ent r="3" t="17" w="153" /><ent r="3" t="17" w="164" /><ent r="3" t="17" w="187" /><ent r="3" t="17" w="197" /><ent r="3" t="17" w="396" /><ent r="3" t="17" w="434" /><ent r="3" t="17" w="443" /><ent r="1000" t="18" w="2" /><ent r="92" t="18" w="6" /><ent r="3" t="18" w="31" /><ent r="3" t="18" w="37" /><ent r="4" t="18" w="234" /><ent r="1000" t="19" w="4" /><ent r="92" t="19" w="12" /><ent r="3" t="19" w="20" /><ent r="65" t="19" w="24" /><ent r="65" t="19" w="29" /><ent r="65" t="19" w="32" /><ent r="3" t="19" w="42" /><ent r="3" t="19" w="51" /><ent r="1000" t="20" w="2" /><ent r="82" t="20" w="8" /><ent r="82" t="20" w="13" /><ent r="3" t="20" w="19" /><ent r="3" t="20" w="143" /><ent r="1000" t="21" w="2" /><ent r="82" t="21" w="9" /><ent r="3" t="21" w="19" /><ent r="3" t="26" w="505" /><ent r="3" t="27" w="13" /><ent r="56" t="27" w="144" /><ent r="5" t="27" w="176" /><ent r="5" t="27" w="338" /><ent r="3" t="29" w="26" /><ent r="3" t="32" w="115" /><ent r="4" t="32" w="127" /><ent r="5" t="32" w="131" /><ent r="3" t="33" w="32" /><ent r="3" t="34" w="303" /><ent r="4" t="38" w="77" /><ent r="4" t="43" w="304" /><ent r="4" t="43" w="338" /><ent r="4" t="43" w="361" /><ent r="3" t="74" w="35" /><ent r="1000" t="75" w="2" /><ent r="92" t="75" w="6" /><ent r="3" t="75" w="25" /><ent r="55" t="75" w="93" /><ent r="4" t="75" w="124" /><ent r="4" t="75" w="177" /><ent r="55" t="75" w="208" /><ent r="55" t="75" w="259" /><ent r="4" t="75" w="306" /><ent r="55" t="75" w="340" /><ent r="3" t="78" w="70" /><ent r="4" t="78" w="89" /><ent r="55" t="78" w="101" /><ent r="55" t="78" w="114" /><ent r="4" t="78" w="121" /><ent r="4" t="78" w="153" /><ent r="55" t="78" w="176" /><ent r="4" t="78" w="200" /><ent r="3" t="79" w="8" /><ent r="3" t="79" w="77" /><ent r="4" t="79" w="89" /><ent r="4" t="79" w="107" /><ent r="3" t="87" w="72" /><ent r="3" t="87" w="88" /><ent r="3" t="87" w="267" /><ent r="4" t="87" w="279" /><ent r="4" t="87" w="296" /><ent r="3" t="88" w="42" /><ent r="54" t="93" w="117" /><ent r="4" t="93" w="129" /><ent r="4" t="93" w="146" /><ent r="4" t="97" w="271" /><ent r="4" t="97" w="289" /><ent r="54" t="103" w="146" /><ent r="4" t="103" w="158" /><ent r="4" t="103" w="176" /><ent r="3" t="112" w="82" /><ent r="4" t="112" w="102" /><ent r="4" t="112" w="120" /><ent r="3" t="129" w="23" /><ent r="3" t="137" w="71" /><ent r="3" t="149" w="61" /><ent r="54" t="149" w="141" /><ent r="54" t="149" w="158" /></phr><phr n="projects"><ent r="3" t="18" w="21" /><ent r="3" t="78" w="40" /><ent r="3" t="78" w="62" /><ent r="3" t="78" w="83" /><ent r="3" t="87" w="103" /></phr></stem><stem n="topic"><phr n="topic"><ent r="3" t="9" w="19" /><ent r="3" t="23" w="17" /><ent r="6" t="26" w="128" /><ent r="6" t="26" w="221" /><ent r="3" t="38" w="12" /><ent r="3" t="43" w="239" /><ent r="3" t="45" w="11" /><ent r="4" t="57" w="47" /><ent r="3" t="79" w="25" /><ent r="3" t="99" w="16" /><ent r="3" t="114" w="21" /><ent r="3" t="148" w="8" /><ent r="3" t="246" w="10" /><ent r="3" t="247" w="8" /><ent r="3" t="311" w="6" /></phr><phr n="topics"><ent r="3" t="57" w="37" /><ent r="3" t="114" w="26" /><ent r="3" t="132" w="71" /><ent r="3" t="246" w="20" /></phr></stem><stem n="introduc"><phr n="introduces"><ent r="3" t="9" w="20" /><ent r="3" t="19" w="17" /><ent r="3" t="23" w="18" /><ent r="3" t="38" w="13" /><ent r="3" t="45" w="12" /><ent r="3" t="246" w="11" /></phr></stem><stem n="follow"><phr n="following"><ent r="3" t="9" w="25" /><ent r="3" t="14" w="61" /><ent r="3" t="14" w="157" /><ent r="3" t="14" w="287" /><ent r="3" t="16" w="113" /><ent r="3" t="17" w="42" /><ent r="3" t="17" w="176" /><ent r="3" t="19" w="19" /><ent r="3" t="20" w="25" /><ent r="3" t="21" w="27" /><ent r="3" t="23" w="23" /><ent r="3" t="26" w="19" /><ent r="3" t="29" w="92" /><ent r="3" t="30" w="10" /><ent r="3" t="31" w="8" /><ent r="3" t="34" w="25" /><ent r="3" t="35" w="415" /><ent r="3" t="36" w="56" /><ent r="3" t="36" w="157" /><ent r="4" t="36" w="381" /><ent r="3" t="37" w="121" /><ent r="3" t="37" w="190" /><ent r="3" t="38" w="15" /><ent r="3" t="38" w="65" /><ent r="3" t="40" w="63" /><ent r="3" t="42" w="593" /><ent r="3" t="43" w="31" /><ent r="3" t="45" w="20" /><ent r="3" t="47" w="33" /><ent r="3" t="49" w="22" /><ent r="3" t="50" w="130" /><ent r="3" t="54" w="10" /><ent r="3" t="55" w="10" /><ent r="3" t="56" w="33" /><ent r="3" t="57" w="36" /><ent r="3" t="59" w="817" /><ent r="3" t="62" w="283" /><ent r="3" t="68" w="89" /><ent r="3" t="69" w="124" /><ent r="3" t="75" w="24" /><ent r="3" t="79" w="28" /><ent r="3" t="82" w="69" /><ent r="3" t="87" w="124" /><ent r="3" t="88" w="71" /><ent r="3" t="90" w="27" /><ent r="3" t="94" w="151" /><ent r="3" t="95" w="10" /><ent r="3" t="96" w="15" /><ent r="3" t="114" w="24" /><ent r="3" t="125" w="18" /><ent r="3" t="127" w="81" /><ent r="3" t="128" w="17" /><ent r="3" t="129" w="57" /><ent r="3" t="130" w="43" /><ent r="3" t="132" w="26" /><ent r="3" t="132" w="69" /><ent r="3" t="133" w="50" /><ent r="3" t="135" w="19" /><ent r="3" t="137" w="83" /><ent r="3" t="142" w="119" /><ent r="3" t="195" w="181" /><ent r="3" t="201" w="374" /><ent r="3" t="202" w="546" /><ent r="3" t="203" w="420" /><ent r="3" t="204" w="256" /><ent r="3" t="205" w="425" /><ent r="3" t="206" w="232" /><ent r="3" t="224" w="438" /><ent r="3" t="224" w="554" /><ent r="3" t="224" w="593" /><ent r="3" t="224" w="605" /><ent r="3" t="239" w="194" /><ent r="3" t="246" w="19" /><ent r="3" t="247" w="12" /><ent r="3" t="263" w="129" /><ent r="3" t="263" w="237" /><ent r="3" t="281" w="184" /><ent r="3" t="311" w="9" /><ent r="3" t="312" w="15" /><ent r="3" t="313" w="18" /><ent r="3" t="315" w="84" /><ent r="3" t="315" w="160" /><ent r="3" t="316" w="17" /><ent r="3" t="316" w="526" /><ent r="3" t="317" w="18" /><ent r="3" t="318" w="16" /><ent r="3" t="319" w="14" /><ent r="3" t="320" w="14" /></phr><phr n="followed"><ent r="3" t="26" w="456" /><ent r="3" t="28" w="14" /><ent r="3" t="58" w="197" /><ent r="4" t="94" w="262" /><ent r="4" t="94" w="382" /><ent r="3" t="277" w="82" /><ent r="3" t="277" w="140" /></phr><phr n="follow"><ent r="3" t="26" w="513" /><ent r="6" t="28" w="96" /><ent r="6" t="28" w="164" /><ent r="3" t="30" w="40" /><ent r="3" t="30" w="65" /><ent r="3" t="39" w="115" /></phr><phr n="follows"><ent r="5" t="35" w="319" /><ent r="3" t="36" w="185" /><ent r="3" t="51" w="182" /><ent r="4" t="108" w="11" /><ent r="3" t="112" w="223" /><ent r="3" t="244" w="254" /><ent r="3" t="245" w="198" /><ent r="3" t="295" w="256" /><ent r="3" t="296" w="91" /><ent r="3" t="303" w="190" /><ent r="3" t="304" w="79" /></phr></stem><stem n="microsoft"><phr n="Microsoft"><ent r="65" t="9" w="36" /><ent r="65" t="9" w="47" /><ent r="65" t="9" w="62" /><ent r="1000" t="10" w="2" /><ent r="92" t="10" w="10" /><ent r="3" t="10" w="28" /><ent r="5" t="11" w="14" /><ent r="5" t="11" w="61" /><ent r="1000" t="13" w="2" /><ent r="92" t="13" w="11" /><ent r="3" t="13" w="23" /><ent r="4" t="16" w="228" /><ent r="1000" t="19" w="1" /><ent r="92" t="19" w="9" /><ent r="3" t="19" w="45" /><ent r="3" t="26" w="508" /><ent r="107" t="27" w="136" /><ent r="109" t="27" w="231" /><ent r="109" t="27" w="291" /><ent r="3" t="32" w="112" /><ent r="82" t="33" w="16" /><ent r="3" t="33" w="49" /><ent r="4" t="34" w="40" /><ent r="3" t="34" w="164" /><ent r="4" t="34" w="190" /><ent r="4" t="34" w="212" /><ent r="4" t="34" w="258" /><ent r="3" t="34" w="281" /><ent r="65" t="38" w="81" /><ent r="3" t="53" w="140" /><ent r="3" t="69" w="38" /><ent r="106" t="75" w="96" /><ent r="55" t="75" w="255" /><ent r="3" t="78" w="42" /><ent r="3" t="79" w="79" /><ent r="3" t="82" w="113" /><ent r="3" t="87" w="260" /><ent r="3" t="87" w="269" /><ent r="54" t="93" w="119" /><ent r="54" t="103" w="148" /><ent r="3" t="112" w="89" /><ent r="3" t="129" w="10" /><ent r="3" t="129" w="26" /><ent r="4" t="129" w="97" /><ent r="6" t="312" w="246" /><ent r="3" t="315" w="21" /><ent r="3" t="319" w="20" /><ent r="3" t="320" w="20" /></phr></stem><stem n="visual"><phr n="Visual"><ent r="65" t="9" w="37" /><ent r="65" t="9" w="48" /><ent r="65" t="9" w="63" /><ent r="1000" t="10" w="3" /><ent r="92" t="10" w="11" /><ent r="3" t="10" w="29" /><ent r="5" t="11" w="15" /><ent r="5" t="11" w="62" /><ent r="1000" t="13" w="3" /><ent r="92" t="13" w="12" /><ent r="3" t="13" w="24" /><ent r="4" t="16" w="229" /><ent r="1000" t="19" w="2" /><ent r="92" t="19" w="10" /><ent r="3" t="19" w="46" /><ent r="3" t="26" w="509" /><ent r="107" t="27" w="137" /><ent r="109" t="27" w="232" /><ent r="109" t="27" w="292" /><ent r="3" t="32" w="113" /><ent r="82" t="33" w="17" /><ent r="3" t="33" w="50" /><ent r="4" t="34" w="41" /><ent r="3" t="34" w="165" /><ent r="4" t="34" w="191" /><ent r="4" t="34" w="213" /><ent r="4" t="34" w="259" /><ent r="65" t="38" w="82" /><ent r="4" t="68" w="200" /><ent r="4" t="68" w="243" /><ent r="3" t="74" w="369" /><ent r="106" t="75" w="97" /><ent r="106" t="75" w="210" /><ent r="55" t="75" w="256" /><ent r="106" t="75" w="336" /><ent r="3" t="78" w="43" /><ent r="3" t="79" w="80" /><ent r="3" t="87" w="261" /><ent r="3" t="87" w="270" /><ent r="54" t="93" w="120" /><ent r="54" t="103" w="149" /><ent r="3" t="112" w="90" /><ent r="3" t="129" w="11" /><ent r="3" t="319" w="21" /><ent r="3" t="320" w="21" /></phr></stem><stem n="studio"><phr n="Studio"><ent r="65" t="9" w="38" /><ent r="65" t="9" w="49" /><ent r="65" t="9" w="64" /><ent r="1000" t="10" w="4" /><ent r="92" t="10" w="12" /><ent r="3" t="10" w="30" /><ent r="5" t="11" w="16" /><ent r="5" t="11" w="63" /><ent r="1000" t="13" w="4" /><ent r="92" t="13" w="13" /><ent r="3" t="13" w="25" /><ent r="4" t="16" w="230" /><ent r="1000" t="19" w="3" /><ent r="92" t="19" w="11" /><ent r="3" t="19" w="47" /><ent r="3" t="26" w="510" /><ent r="107" t="27" w="138" /><ent r="109" t="27" w="233" /><ent r="109" t="27" w="293" /><ent r="3" t="32" w="114" /><ent r="82" t="33" w="18" /><ent r="3" t="33" w="51" /><ent r="4" t="34" w="42" /><ent r="3" t="34" w="166" /><ent r="4" t="34" w="192" /><ent r="4" t="34" w="214" /><ent r="4" t="34" w="260" /><ent r="65" t="38" w="83" /><ent r="4" t="68" w="201" /><ent r="4" t="68" w="244" /><ent r="3" t="74" w="370" /><ent r="106" t="75" w="98" /><ent r="106" t="75" w="211" /><ent r="55" t="75" w="257" /><ent r="106" t="75" w="337" /><ent r="3" t="78" w="44" /><ent r="3" t="79" w="81" /><ent r="3" t="87" w="262" /><ent r="3" t="87" w="271" /><ent r="54" t="93" w="121" /><ent r="54" t="103" w="150" /><ent r="3" t="112" w="91" /><ent r="3" t="319" w="22" /><ent r="3" t="319" w="33" /><ent r="3" t="320" w="22" /><ent r="3" t="320" w="33" /></phr></stem><stem n="wizard"><phr n="Wizard"><ent r="65" t="9" w="44" /><ent r="1000" t="10" w="7" /><ent r="92" t="10" w="18" /><ent r="3" t="10" w="32" /><ent r="3" t="10" w="46" /><ent r="5" t="11" w="69" /><ent r="5" t="11" w="87" /><ent r="5" t="11" w="106" /><ent r="5" t="11" w="207" /><ent r="6" t="11" w="220" /><ent r="5" t="11" w="243" /><ent r="4" t="16" w="237" /><ent r="4" t="17" w="60" /><ent r="3" t="18" w="15" /><ent r="3" t="18" w="53" /><ent r="107" t="27" w="139" /><ent r="4" t="38" w="72" /><ent r="65" t="38" w="89" /><ent r="106" t="43" w="317" /></phr></stem><stem n="-in"><phr n="-in"><ent r="65" t="9" w="55" /><ent r="65" t="9" w="55" /><ent r="1000" t="13" w="7" /><ent r="1000" t="13" w="7" /><ent r="92" t="13" w="19" /><ent r="92" t="13" w="19" /><ent r="3" t="13" w="26" /><ent r="3" t="13" w="26" /><ent r="3" t="13" w="53" /><ent r="3" t="13" w="53" /><ent r="109" t="27" w="234" /><ent r="109" t="27" w="234" /><ent r="109" t="27" w="294" /><ent r="109" t="27" w="294" /><ent r="3" t="31" w="56" /><ent r="3" t="31" w="56" /><ent r="4" t="38" w="70" /><ent r="4" t="38" w="70" /><ent r="3" t="74" w="371" /><ent r="3" t="74" w="371" /><ent r="64" t="74" w="393" /><ent r="64" t="74" w="393" /><ent r="3" t="101" w="315" /><ent r="3" t="101" w="315" /></phr></stem></index>