<?xml version="1.0" encoding="utf-8"?><index><stem n="intel"><phr n="Intel"><ent r="1000" t="0" w="1" /><ent r="102" t="0" w="7" /><ent r="3" t="0" w="22" /><ent r="3" t="0" w="27" /><ent r="3" t="0" w="32" /><ent r="3" t="0" w="48" /><ent r="3" t="0" w="85" /><ent r="3" t="1" w="27" /><ent r="3" t="1" w="92" /><ent r="3" t="1" w="132" /><ent r="3" t="1" w="153" /><ent r="64" t="1" w="190" /><ent r="3" t="1" w="197" /><ent r="3" t="1" w="199" /><ent r="3" t="1" w="208" /><ent r="6" t="1" w="222" /><ent r="6" t="1" w="236" /><ent r="6" t="1" w="245" /><ent r="6" t="1" w="259" /><ent r="6" t="1" w="276" /><ent r="6" t="1" w="288" /><ent r="6" t="1" w="295" /><ent r="6" t="1" w="300" /><ent r="3" t="1" w="344" /><ent r="3" t="3" w="5" /><ent r="3" t="3" w="8" /><ent r="3" t="3" w="13" /><ent r="3" t="3" w="31" /><ent r="3" t="3" w="55" /><ent r="3" t="3" w="62" /><ent r="3" t="3" w="83" /><ent r="4" t="3" w="95" /><ent r="4" t="3" w="100" /><ent r="4" t="3" w="111" /><ent r="1000" t="4" w="1" /><ent r="92" t="4" w="6" /><ent r="3" t="4" w="14" /><ent r="3" t="4" w="21" /><ent r="3" t="4" w="117" /><ent r="1000" t="5" w="1" /><ent r="92" t="5" w="6" /><ent r="5" t="5" w="14" /><ent r="5" t="5" w="17" /><ent r="6" t="5" w="82" /><ent r="5" t="5" w="185" /><ent r="5" t="5" w="188" /><ent r="6" t="5" w="260" /><ent r="6" t="5" w="281" /><ent r="3" t="5" w="297" /><ent r="3" t="6" w="10" /><ent r="3" t="6" w="22" /><ent r="3" t="6" w="197" /><ent r="3" t="6" w="273" /><ent r="6" t="7" w="20" /><ent r="6" t="7" w="81" /><ent r="6" t="7" w="95" /><ent r="6" t="7" w="108" /><ent r="6" t="7" w="154" /><ent r="6" t="7" w="158" /><ent r="6" t="7" w="179" /><ent r="6" t="7" w="200" /><ent r="6" t="7" w="204" /><ent r="6" t="7" w="226" /><ent r="6" t="7" w="235" /><ent r="3" t="8" w="8" /><ent r="3" t="8" w="17" /><ent r="3" t="8" w="30" /><ent r="3" t="8" w="52" /><ent r="3" t="8" w="72" /><ent r="1000" t="9" w="4" /><ent r="102" t="9" w="11" /><ent r="3" t="9" w="28" /><ent r="65" t="9" w="39" /><ent r="65" t="9" w="50" /><ent r="1000" t="10" w="5" /><ent r="92" t="10" w="13" /><ent r="3" t="10" w="20" /><ent r="3" t="10" w="40" /><ent r="3" t="10" w="73" /><ent r="5" t="11" w="66" /><ent r="5" t="11" w="84" /><ent r="5" t="11" w="103" /><ent r="5" t="11" w="240" /><ent r="1000" t="13" w="5" /><ent r="92" t="13" w="14" /><ent r="3" t="13" w="32" /><ent r="4" t="14" w="104" /><ent r="3" t="14" w="133" /><ent r="3" t="14" w="291" /><ent r="4" t="16" w="97" /><ent r="3" t="16" w="126" /><ent r="4" t="16" w="232" /><ent r="3" t="16" w="311" /><ent r="4" t="17" w="57" /><ent r="4" t="17" w="167" /><ent r="3" t="17" w="204" /><ent r="3" t="17" w="342" /><ent r="3" t="18" w="10" /><ent r="65" t="20" w="251" /><ent r="3" t="22" w="10" /><ent r="3" t="22" w="53" /><ent r="3" t="22" w="82" /><ent r="1000" t="23" w="2" /><ent r="102" t="23" w="8" /><ent r="3" t="23" w="27" /><ent r="66" t="23" w="83" /><ent r="3" t="24" w="18" /><ent r="3" t="25" w="12" /><ent r="3" t="25" w="114" /><ent r="5" t="27" w="174" /><ent r="5" t="27" w="336" /><ent r="3" t="29" w="143" /><ent r="3" t="32" w="21" /><ent r="3" t="32" w="100" /><ent r="6" t="32" w="146" /><ent r="5" t="32" w="160" /><ent r="3" t="32" w="178" /><ent r="3" t="33" w="22" /><ent r="5" t="34" w="97" /><ent r="3" t="34" w="130" /><ent r="3" t="34" w="144" /><ent r="3" t="34" w="149" /><ent r="3" t="34" w="159" /><ent r="4" t="34" w="269" /><ent r="3" t="34" w="291" /><ent r="3" t="34" w="322" /><ent r="3" t="34" w="373" /><ent r="92" t="35" w="9" /><ent r="7" t="35" w="323" /><ent r="7" t="35" w="336" /><ent r="3" t="36" w="20" /><ent r="4" t="36" w="485" /><ent r="3" t="37" w="55" /><ent r="3" t="37" w="78" /><ent r="3" t="37" w="113" /><ent r="65" t="38" w="84" /><ent r="3" t="39" w="84" /><ent r="65" t="39" w="151" /><ent r="3" t="39" w="269" /><ent r="7" t="39" w="342" /><ent r="7" t="39" w="428" /><ent r="7" t="39" w="489" /><ent r="7" t="39" w="612" /><ent r="4" t="42" w="212" /><ent r="4" t="42" w="305" /><ent r="4" t="42" w="320" /><ent r="4" t="42" w="438" /><ent r="4" t="43" w="46" /><ent r="4" t="43" w="97" /><ent r="106" t="43" w="314" /><ent r="5" t="43" w="570" /><ent r="3" t="44" w="132" /><ent r="55" t="44" w="266" /><ent r="3" t="47" w="25" /><ent r="3" t="47" w="44" /><ent r="6" t="47" w="59" /><ent r="6" t="47" w="77" /><ent r="3" t="48" w="8" /><ent r="3" t="48" w="22" /><ent r="3" t="48" w="68" /><ent r="3" t="48" w="93" /><ent r="3" t="49" w="14" /><ent r="3" t="49" w="33" /><ent r="6" t="49" w="71" /><ent r="6" t="49" w="151" /><ent r="5" t="49" w="270" /><ent r="5" t="49" w="276" /><ent r="3" t="53" w="85" /><ent r="3" t="66" w="64" /><ent r="55" t="75" w="57" /><ent r="1000" t="78" w="1" /><ent r="102" t="78" w="6" /><ent r="3" t="78" w="17" /><ent r="3" t="78" w="51" /><ent r="3" t="78" w="74" /><ent r="55" t="78" w="111" /><ent r="4" t="78" w="127" /><ent r="4" t="78" w="159" /><ent r="4" t="78" w="203" /><ent r="3" t="79" w="60" /><ent r="1000" t="80" w="4" /><ent r="82" t="80" w="11" /><ent r="3" t="80" w="23" /><ent r="3" t="80" w="35" /><ent r="3" t="80" w="62" /><ent r="3" t="80" w="77" /><ent r="3" t="80" w="96" /><ent r="3" t="85" w="20" /><ent r="3" t="87" w="67" /><ent r="3" t="87" w="98" /><ent r="3" t="87" w="232" /><ent r="3" t="88" w="18" /><ent r="3" t="92" w="7" /><ent r="3" t="92" w="30" /><ent r="3" t="92" w="88" /><ent r="3" t="93" w="31" /><ent r="3" t="93" w="94" /><ent r="3" t="94" w="64" /><ent r="4" t="94" w="159" /><ent r="3" t="96" w="144" /><ent r="3" t="97" w="39" /><ent r="3" t="97" w="52" /><ent r="3" t="97" w="66" /><ent r="3" t="97" w="130" /><ent r="4" t="97" w="210" /><ent r="4" t="97" w="221" /><ent r="4" t="97" w="236" /><ent r="4" t="97" w="243" /><ent r="4" t="97" w="262" /><ent r="3" t="97" w="301" /><ent r="3" t="97" w="351" /><ent r="3" t="97" w="371" /><ent r="3" t="98" w="74" /><ent r="4" t="99" w="56" /><ent r="4" t="99" w="73" /><ent r="3" t="99" w="98" /><ent r="3" t="99" w="103" /><ent r="3" t="100" w="72" /><ent r="3" t="101" w="96" /><ent r="3" t="101" w="320" /><ent r="3" t="102" w="22" /><ent r="3" t="103" w="8" /><ent r="3" t="103" w="32" /><ent r="3" t="103" w="97" /><ent r="3" t="103" w="123" /><ent r="3" t="112" w="30" /><ent r="3" t="112" w="56" /><ent r="3" t="112" w="152" /><ent r="3" t="113" w="40" /><ent r="1000" t="114" w="1" /><ent r="3" t="114" w="35" /><ent r="3" t="118" w="20" /><ent r="4" t="118" w="34" /><ent r="4" t="119" w="42" /><ent r="3" t="120" w="17" /><ent r="4" t="120" w="35" /><ent r="1000" t="121" w="1" /><ent r="82" t="121" w="10" /><ent r="3" t="121" w="31" /><ent r="3" t="121" w="75" /><ent r="1000" t="122" w="1" /><ent r="82" t="122" w="8" /><ent r="3" t="122" w="32" /><ent r="3" t="122" w="44" /><ent r="3" t="123" w="20" /><ent r="3" t="124" w="10" /><ent r="3" t="124" w="23" /><ent r="65" t="124" w="48" /><ent r="1000" t="125" w="1" /><ent r="72" t="125" w="6" /><ent r="3" t="126" w="10" /><ent r="64" t="126" w="126" /><ent r="3" t="127" w="43" /><ent r="3" t="127" w="75" /><ent r="1000" t="130" w="1" /><ent r="3" t="130" w="14" /><ent r="65" t="130" w="49" /><ent r="65" t="130" w="58" /><ent r="1000" t="131" w="1" /><ent r="72" t="131" w="7" /><ent r="1000" t="132" w="1" /><ent r="72" t="132" w="8" /><ent r="3" t="137" w="10" /><ent r="3" t="139" w="26" /><ent r="3" t="139" w="55" /><ent r="3" t="140" w="21" /><ent r="3" t="142" w="98" /><ent r="3" t="142" w="200" /><ent r="3" t="143" w="12" /><ent r="3" t="144" w="10" /><ent r="3" t="144" w="53" /><ent r="3" t="145" w="10" /><ent r="3" t="146" w="8" /><ent r="3" t="146" w="162" /><ent r="3" t="146" w="172" /><ent r="3" t="146" w="192" /><ent r="65" t="146" w="217" /><ent r="3" t="149" w="1145" /><ent r="3" t="149" w="1194" /><ent r="3" t="152" w="18" /><ent r="3" t="152" w="233" /><ent r="3" t="152" w="264" /><ent r="3" t="154" w="465" /><ent r="3" t="154" w="525" /><ent r="3" t="154" w="544" /><ent r="3" t="155" w="321" /><ent r="3" t="156" w="543" /><ent r="3" t="157" w="21" /><ent r="3" t="157" w="262" /><ent r="3" t="157" w="371" /><ent r="3" t="160" w="46" /><ent r="3" t="161" w="19" /><ent r="3" t="161" w="76" /><ent r="3" t="161" w="83" /><ent r="3" t="161" w="95" /><ent r="3" t="161" w="122" /><ent r="3" t="161" w="129" /><ent r="3" t="161" w="228" /><ent r="4" t="161" w="373" /><ent r="3" t="162" w="23" /><ent r="3" t="162" w="83" /><ent r="3" t="162" w="90" /><ent r="3" t="162" w="102" /><ent r="3" t="162" w="131" /><ent r="3" t="162" w="138" /><ent r="3" t="162" w="234" /><ent r="3" t="162" w="246" /><ent r="3" t="162" w="276" /><ent r="3" t="162" w="354" /><ent r="4" t="162" w="431" /><ent r="3" t="163" w="25" /><ent r="3" t="163" w="72" /><ent r="3" t="163" w="84" /><ent r="3" t="163" w="96" /><ent r="3" t="163" w="109" /><ent r="3" t="163" w="175" /><ent r="3" t="169" w="166" /><ent r="3" t="170" w="95" /><ent r="3" t="171" w="14" /><ent r="3" t="171" w="47" /><ent r="3" t="171" w="65" /><ent r="3" t="172" w="10" /><ent r="3" t="173" w="22" /><ent r="4" t="173" w="41" /><ent r="4" t="183" w="368" /><ent r="64" t="193" w="224" /><ent r="64" t="194" w="240" /><ent r="3" t="212" w="29" /><ent r="3" t="213" w="29" /><ent r="3" t="219" w="34" /><ent r="3" t="220" w="34" /><ent r="3" t="228" w="153" /><ent r="3" t="228" w="188" /><ent r="3" t="229" w="99" /><ent r="3" t="232" w="472" /><ent r="3" t="232" w="507" /><ent r="3" t="233" w="382" /><ent r="3" t="233" w="417" /><ent r="3" t="234" w="365" /><ent r="3" t="235" w="380" /><ent r="3" t="247" w="18" /><ent r="3" t="250" w="77" /><ent r="4" t="261" w="18" /><ent r="3" t="295" w="371" /><ent r="3" t="296" w="206" /><ent r="3" t="296" w="275" /><ent r="3" t="296" w="282" /><ent r="3" t="296" w="486" /><ent r="3" t="300" w="21" /><ent r="3" t="302" w="91" /><ent r="3" t="303" w="85" /><ent r="3" t="305" w="67" /><ent r="3" t="309" w="17" /><ent r="3" t="309" w="68" /><ent r="3" t="309" w="79" /><ent r="3" t="309" w="110" /><ent r="3" t="309" w="118" /><ent r="3" t="309" w="129" /><ent r="6" t="310" w="666" /><ent r="65" t="311" w="20" /><ent r="65" t="311" w="28" /><ent r="6" t="312" w="76" /><ent r="5" t="312" w="122" /><ent r="5" t="312" w="128" /><ent r="6" t="312" w="149" /><ent r="6" t="312" w="155" /><ent r="6" t="312" w="288" /><ent r="1000" t="313" w="2" /><ent r="92" t="313" w="10" /><ent r="3" t="313" w="19" /><ent r="3" t="313" w="31" /><ent r="6" t="313" w="59" /><ent r="1000" t="314" w="2" /><ent r="92" t="314" w="10" /><ent r="3" t="314" w="16" /><ent r="3" t="314" w="30" /><ent r="6" t="314" w="77" /><ent r="6" t="314" w="94" /><ent r="4" t="315" w="123" /><ent r="3" t="319" w="30" /><ent r="3" t="320" w="30" /><ent r="3" t="320" w="169" /></phr></stem><stem n="sgx"><phr n="SGX"><ent r="1000" t="0" w="2" /><ent r="3" t="0" w="29" /><ent r="3" t="0" w="50" /><ent r="3" t="0" w="87" /><ent r="6" t="2" w="18" /><ent r="6" t="2" w="30" /><ent r="6" t="2" w="43" /><ent r="3" t="3" w="15" /><ent r="4" t="3" w="102" /><ent r="1000" t="4" w="2" /><ent r="1000" t="5" w="2" /><ent r="6" t="5" w="283" /><ent r="3" t="6" w="24" /><ent r="6" t="7" w="233" /><ent r="3" t="8" w="19" /><ent r="3" t="8" w="54" /><ent r="1000" t="9" w="5" /><ent r="1000" t="10" w="6" /><ent r="3" t="10" w="75" /><ent r="6" t="11" w="44" /><ent r="5" t="11" w="68" /><ent r="5" t="11" w="86" /><ent r="5" t="11" w="105" /><ent r="5" t="11" w="242" /><ent r="1000" t="13" w="6" /><ent r="4" t="14" w="106" /><ent r="3" t="14" w="135" /><ent r="3" t="14" w="293" /><ent r="4" t="15" w="152" /><ent r="4" t="15" w="211" /><ent r="4" t="15" w="236" /><ent r="4" t="15" w="246" /><ent r="4" t="15" w="272" /><ent r="4" t="16" w="99" /><ent r="3" t="16" w="128" /><ent r="3" t="16" w="313" /><ent r="4" t="17" w="59" /><ent r="4" t="17" w="169" /><ent r="3" t="17" w="206" /><ent r="3" t="17" w="344" /><ent r="4" t="18" w="238" /><ent r="4" t="20" w="72" /><ent r="4" t="20" w="75" /><ent r="4" t="20" w="78" /><ent r="4" t="20" w="81" /><ent r="4" t="20" w="84" /><ent r="4" t="20" w="91" /><ent r="4" t="20" w="95" /><ent r="4" t="20" w="99" /><ent r="4" t="20" w="102" /><ent r="4" t="20" w="105" /><ent r="3" t="20" w="160" /><ent r="4" t="21" w="64" /><ent r="4" t="21" w="68" /><ent r="4" t="21" w="75" /><ent r="4" t="21" w="80" /><ent r="3" t="22" w="55" /><ent r="3" t="22" w="84" /><ent r="1000" t="23" w="3" /><ent r="1000" t="24" w="2" /><ent r="3" t="24" w="160" /><ent r="4" t="25" w="23" /><ent r="4" t="25" w="98" /><ent r="3" t="25" w="116" /><ent r="1000" t="26" w="1" /><ent r="4" t="26" w="14" /><ent r="4" t="26" w="23" /><ent r="4" t="26" w="482" /><ent r="3" t="26" w="523" /><ent r="4" t="26" w="534" /><ent r="5" t="27" w="175" /><ent r="5" t="27" w="337" /><ent r="7" t="28" w="59" /><ent r="3" t="29" w="145" /><ent r="5" t="30" w="92" /><ent r="7" t="30" w="138" /><ent r="7" t="30" w="198" /><ent r="4" t="30" w="274" /><ent r="3" t="32" w="23" /><ent r="65" t="32" w="87" /><ent r="3" t="32" w="102" /><ent r="3" t="32" w="119" /><ent r="6" t="32" w="148" /><ent r="5" t="32" w="162" /><ent r="3" t="32" w="180" /><ent r="3" t="33" w="24" /><ent r="5" t="34" w="53" /><ent r="5" t="34" w="99" /><ent r="3" t="34" w="132" /><ent r="3" t="34" w="146" /><ent r="3" t="34" w="151" /><ent r="3" t="34" w="161" /><ent r="5" t="34" w="208" /><ent r="4" t="34" w="271" /><ent r="3" t="34" w="293" /><ent r="3" t="34" w="375" /><ent r="3" t="35" w="30" /><ent r="4" t="35" w="45" /><ent r="3" t="35" w="55" /><ent r="4" t="35" w="66" /><ent r="3" t="35" w="86" /><ent r="3" t="35" w="119" /><ent r="4" t="35" w="168" /><ent r="4" t="35" w="188" /><ent r="3" t="35" w="211" /><ent r="3" t="35" w="216" /><ent r="3" t="35" w="371" /><ent r="8" t="35" w="486" /><ent r="8" t="35" w="571" /><ent r="4" t="36" w="31" /><ent r="4" t="36" w="161" /><ent r="3" t="36" w="165" /><ent r="3" t="36" w="312" /><ent r="3" t="36" w="327" /><ent r="66" t="36" w="463" /><ent r="5" t="36" w="478" /><ent r="5" t="36" w="521" /><ent r="3" t="37" w="80" /><ent r="3" t="37" w="115" /><ent r="3" t="37" w="124" /><ent r="3" t="39" w="271" /><ent r="3" t="40" w="130" /><ent r="3" t="40" w="154" /><ent r="3" t="40" w="159" /><ent r="3" t="40" w="177" /><ent r="3" t="40" w="242" /><ent r="4" t="41" w="22" /><ent r="4" t="41" w="36" /><ent r="4" t="42" w="194" /><ent r="4" t="42" w="214" /><ent r="55" t="42" w="333" /><ent r="55" t="42" w="345" /><ent r="5" t="42" w="466" /><ent r="5" t="42" w="475" /><ent r="56" t="42" w="495" /><ent r="4" t="42" w="500" /><ent r="4" t="42" w="511" /><ent r="4" t="42" w="518" /><ent r="4" t="42" w="529" /><ent r="3" t="42" w="778" /><ent r="4" t="42" w="796" /><ent r="4" t="43" w="48" /><ent r="4" t="43" w="99" /><ent r="106" t="43" w="316" /><ent r="5" t="43" w="477" /><ent r="5" t="43" w="572" /><ent r="4" t="44" w="71" /><ent r="3" t="44" w="134" /><ent r="5" t="44" w="234" /><ent r="55" t="44" w="268" /><ent r="56" t="44" w="286" /><ent r="3" t="47" w="46" /><ent r="57" t="47" w="55" /><ent r="6" t="47" w="61" /><ent r="57" t="47" w="72" /><ent r="6" t="47" w="79" /><ent r="57" t="47" w="92" /><ent r="57" t="47" w="108" /><ent r="57" t="47" w="119" /><ent r="57" t="47" w="149" /><ent r="57" t="47" w="158" /><ent r="57" t="47" w="173" /><ent r="57" t="47" w="183" /><ent r="3" t="48" w="10" /><ent r="3" t="48" w="24" /><ent r="3" t="48" w="70" /><ent r="3" t="48" w="95" /><ent r="3" t="49" w="35" /><ent r="57" t="49" w="44" /><ent r="7" t="49" w="64" /><ent r="6" t="49" w="73" /><ent r="57" t="49" w="76" /><ent r="6" t="49" w="91" /><ent r="6" t="49" w="100" /><ent r="57" t="49" w="116" /><ent r="7" t="49" w="143" /><ent r="6" t="49" w="153" /><ent r="57" t="49" w="156" /><ent r="6" t="49" w="174" /><ent r="6" t="49" w="185" /><ent r="57" t="49" w="202" /><ent r="6" t="49" w="218" /><ent r="6" t="49" w="233" /><ent r="6" t="49" w="253" /><ent r="5" t="49" w="271" /><ent r="5" t="49" w="277" /><ent r="1000" t="50" w="3" /><ent r="92" t="50" w="8" /><ent r="3" t="50" w="12" /><ent r="4" t="50" w="19" /><ent r="4" t="50" w="25" /><ent r="3" t="50" w="41" /><ent r="3" t="50" w="74" /><ent r="3" t="50" w="85" /><ent r="3" t="50" w="97" /><ent r="3" t="50" w="109" /><ent r="3" t="50" w="114" /><ent r="4" t="50" w="133" /><ent r="4" t="50" w="138" /><ent r="4" t="53" w="164" /><ent r="5" t="58" w="543" /><ent r="4" t="62" w="226" /><ent r="5" t="64" w="177" /><ent r="4" t="65" w="99" /><ent r="3" t="66" w="66" /><ent r="4" t="68" w="23" /><ent r="4" t="68" w="45" /><ent r="3" t="68" w="94" /><ent r="3" t="68" w="111" /><ent r="4" t="68" w="129" /><ent r="5" t="68" w="189" /><ent r="5" t="68" w="225" /><ent r="4" t="68" w="239" /><ent r="4" t="70" w="27" /><ent r="4" t="73" w="114" /><ent r="64" t="74" w="47" /><ent r="4" t="74" w="355" /><ent r="4" t="74" w="375" /><ent r="64" t="74" w="391" /><ent r="55" t="75" w="59" /><ent r="5" t="75" w="147" /><ent r="5" t="75" w="162" /><ent r="5" t="75" w="277" /><ent r="56" t="75" w="368" /><ent r="5" t="75" w="374" /><ent r="5" t="75" w="406" /><ent r="5" t="75" w="429" /><ent r="5" t="75" w="448" /><ent r="4" t="76" w="43" /><ent r="54" t="76" w="57" /><ent r="4" t="76" w="138" /><ent r="4" t="76" w="146" /><ent r="3" t="76" w="174" /><ent r="3" t="76" w="198" /><ent r="3" t="76" w="204" /><ent r="3" t="76" w="208" /><ent r="3" t="76" w="211" /><ent r="3" t="76" w="232" /><ent r="3" t="76" w="237" /><ent r="3" t="76" w="247" /><ent r="3" t="76" w="288" /><ent r="3" t="76" w="290" /><ent r="3" t="77" w="19" /><ent r="4" t="77" w="72" /><ent r="3" t="77" w="93" /><ent r="4" t="77" w="138" /><ent r="4" t="77" w="163" /><ent r="4" t="77" w="172" /><ent r="4" t="77" w="242" /><ent r="5" t="77" w="247" /><ent r="5" t="77" w="292" /><ent r="5" t="77" w="302" /><ent r="1000" t="78" w="2" /><ent r="55" t="78" w="113" /><ent r="4" t="78" w="205" /><ent r="1000" t="80" w="6" /><ent r="82" t="80" w="13" /><ent r="3" t="80" w="25" /><ent r="3" t="80" w="36" /><ent r="4" t="80" w="54" /><ent r="3" t="80" w="63" /><ent r="3" t="80" w="78" /><ent r="3" t="80" w="97" /><ent r="4" t="80" w="114" /><ent r="4" t="80" w="132" /><ent r="64" t="83" w="26" /><ent r="4" t="83" w="34" /><ent r="64" t="83" w="60" /><ent r="64" t="84" w="36" /><ent r="3" t="85" w="22" /><ent r="64" t="86" w="19" /><ent r="4" t="86" w="27" /><ent r="4" t="87" w="49" /><ent r="3" t="88" w="20" /><ent r="3" t="88" w="23" /><ent r="64" t="90" w="39" /><ent r="3" t="90" w="56" /><ent r="3" t="92" w="32" /><ent r="3" t="93" w="23" /><ent r="3" t="93" w="33" /><ent r="4" t="94" w="52" /><ent r="3" t="94" w="66" /><ent r="54" t="94" w="111" /><ent r="3" t="96" w="146" /><ent r="3" t="97" w="41" /><ent r="3" t="97" w="68" /><ent r="4" t="97" w="238" /><ent r="3" t="97" w="303" /><ent r="3" t="97" w="353" /><ent r="3" t="97" w="373" /><ent r="55" t="98" w="67" /><ent r="3" t="98" w="76" /><ent r="4" t="98" w="90" /><ent r="4" t="98" w="169" /><ent r="3" t="98" w="224" /><ent r="3" t="98" w="231" /><ent r="3" t="98" w="237" /><ent r="3" t="98" w="244" /><ent r="3" t="98" w="256" /><ent r="3" t="98" w="264" /><ent r="3" t="98" w="271" /><ent r="4" t="98" w="286" /><ent r="4" t="98" w="321" /><ent r="4" t="99" w="58" /><ent r="4" t="99" w="74" /><ent r="3" t="99" w="105" /><ent r="5" t="99" w="200" /><ent r="5" t="99" w="218" /><ent r="5" t="99" w="272" /><ent r="5" t="99" w="309" /><ent r="5" t="99" w="314" /><ent r="6" t="99" w="341" /><ent r="5" t="99" w="430" /><ent r="5" t="99" w="458" /><ent r="5" t="99" w="481" /><ent r="5" t="99" w="587" /><ent r="5" t="99" w="603" /><ent r="4" t="99" w="757" /><ent r="4" t="99" w="792" /><ent r="4" t="100" w="35" /><ent r="4" t="100" w="44" /><ent r="3" t="100" w="74" /><ent r="4" t="100" w="82" /><ent r="4" t="100" w="111" /><ent r="3" t="101" w="98" /><ent r="3" t="101" w="321" /><ent r="3" t="102" w="24" /><ent r="4" t="102" w="83" /><ent r="3" t="103" w="10" /><ent r="3" t="103" w="34" /><ent r="3" t="103" w="99" /><ent r="5" t="105" w="18" /><ent r="5" t="105" w="54" /><ent r="5" t="105" w="71" /><ent r="5" t="106" w="21" /><ent r="5" t="106" w="40" /><ent r="5" t="106" w="64" /><ent r="5" t="107" w="80" /><ent r="5" t="107" w="102" /><ent r="5" t="107" w="117" /><ent r="5" t="107" w="150" /><ent r="5" t="108" w="71" /><ent r="5" t="110" w="22" /><ent r="5" t="110" w="53" /><ent r="5" t="110" w="70" /><ent r="5" t="111" w="21" /><ent r="5" t="111" w="34" /><ent r="5" t="111" w="50" /><ent r="4" t="112" w="181" /><ent r="6" t="112" w="230" /><ent r="5" t="112" w="265" /><ent r="3" t="113" w="42" /><ent r="65" t="116" w="22" /><ent r="65" t="116" w="26" /><ent r="65" t="117" w="43" /><ent r="4" t="118" w="36" /><ent r="5" t="118" w="52" /><ent r="5" t="118" w="59" /><ent r="65" t="118" w="85" /><ent r="65" t="118" w="89" /><ent r="65" t="118" w="94" /><ent r="65" t="118" w="98" /><ent r="5" t="119" w="59" /><ent r="5" t="119" w="66" /><ent r="65" t="119" w="91" /><ent r="65" t="119" w="96" /><ent r="65" t="119" w="101" /><ent r="3" t="120" w="19" /><ent r="4" t="120" w="37" /><ent r="5" t="120" w="53" /><ent r="5" t="120" w="60" /><ent r="65" t="120" w="85" /><ent r="1000" t="121" w="3" /><ent r="82" t="121" w="12" /><ent r="3" t="121" w="33" /><ent r="65" t="121" w="40" /><ent r="65" t="121" w="44" /><ent r="3" t="121" w="77" /><ent r="4" t="121" w="113" /><ent r="55" t="121" w="122" /><ent r="55" t="121" w="142" /><ent r="65" t="121" w="151" /><ent r="65" t="121" w="157" /><ent r="65" t="121" w="162" /><ent r="1000" t="122" w="3" /><ent r="82" t="122" w="10" /><ent r="3" t="122" w="17" /><ent r="3" t="122" w="33" /><ent r="3" t="122" w="46" /><ent r="65" t="122" w="49" /><ent r="4" t="123" w="144" /><ent r="4" t="123" w="154" /><ent r="3" t="124" w="12" /><ent r="1000" t="125" w="2" /><ent r="65" t="125" w="36" /><ent r="65" t="125" w="41" /><ent r="4" t="125" w="97" /><ent r="65" t="125" w="108" /><ent r="4" t="126" w="94" /><ent r="4" t="126" w="106" /><ent r="65" t="126" w="187" /><ent r="65" t="126" w="192" /><ent r="3" t="127" w="45" /><ent r="4" t="127" w="54" /><ent r="5" t="127" w="65" /><ent r="5" t="127" w="68" /><ent r="3" t="127" w="76" /><ent r="4" t="130" w="26" /><ent r="4" t="130" w="37" /><ent r="1000" t="131" w="2" /><ent r="4" t="131" w="18" /><ent r="65" t="131" w="43" /><ent r="65" t="131" w="47" /><ent r="65" t="131" w="51" /><ent r="1000" t="132" w="3" /><ent r="4" t="132" w="20" /><ent r="65" t="132" w="76" /><ent r="65" t="132" w="80" /><ent r="65" t="132" w="85" /><ent r="65" t="132" w="89" /><ent r="65" t="132" w="93" /><ent r="65" t="132" w="98" /><ent r="65" t="132" w="125" /><ent r="65" t="132" w="131" /><ent r="65" t="132" w="138" /><ent r="4" t="133" w="237" /><ent r="55" t="133" w="426" /><ent r="5" t="134" w="90" /><ent r="5" t="134" w="107" /><ent r="5" t="134" w="119" /><ent r="5" t="134" w="128" /><ent r="5" t="134" w="150" /><ent r="5" t="134" w="158" /><ent r="5" t="134" w="192" /><ent r="4" t="135" w="13" /><ent r="65" t="135" w="36" /><ent r="65" t="135" w="41" /><ent r="65" t="135" w="46" /><ent r="65" t="135" w="52" /><ent r="65" t="135" w="57" /><ent r="65" t="135" w="63" /><ent r="65" t="135" w="68" /><ent r="65" t="135" w="73" /><ent r="65" t="135" w="78" /><ent r="65" t="136" w="33" /><ent r="65" t="136" w="38" /><ent r="65" t="136" w="44" /><ent r="65" t="136" w="50" /><ent r="65" t="136" w="56" /><ent r="4" t="137" w="30" /><ent r="4" t="137" w="57" /><ent r="3" t="139" w="28" /><ent r="4" t="139" w="37" /><ent r="3" t="139" w="57" /><ent r="3" t="140" w="23" /><ent r="4" t="142" w="163" /><ent r="3" t="142" w="202" /><ent r="66" t="142" w="228" /><ent r="66" t="142" w="234" /><ent r="66" t="142" w="240" /><ent r="6" t="142" w="245" /><ent r="66" t="142" w="252" /><ent r="66" t="142" w="258" /><ent r="6" t="142" w="263" /><ent r="66" t="142" w="274" /><ent r="66" t="142" w="280" /><ent r="66" t="142" w="286" /><ent r="6" t="142" w="291" /><ent r="6" t="142" w="298" /><ent r="66" t="142" w="305" /><ent r="6" t="142" w="310" /><ent r="66" t="142" w="317" /><ent r="6" t="142" w="322" /><ent r="67" t="142" w="333" /><ent r="67" t="142" w="338" /><ent r="6" t="142" w="342" /><ent r="6" t="142" w="349" /><ent r="6" t="142" w="356" /><ent r="6" t="142" w="363" /><ent r="67" t="142" w="371" /><ent r="6" t="142" w="375" /><ent r="6" t="142" w="382" /><ent r="67" t="142" w="389" /><ent r="6" t="142" w="393" /><ent r="6" t="142" w="400" /><ent r="67" t="142" w="407" /><ent r="6" t="142" w="413" /><ent r="6" t="142" w="420" /><ent r="6" t="142" w="427" /><ent r="6" t="142" w="434" /><ent r="67" t="142" w="441" /><ent r="6" t="142" w="447" /><ent r="6" t="142" w="454" /><ent r="6" t="142" w="461" /><ent r="6" t="142" w="468" /><ent r="67" t="142" w="478" /><ent r="65" t="143" w="35" /><ent r="65" t="143" w="38" /><ent r="4" t="146" w="21" /><ent r="4" t="146" w="42" /><ent r="65" t="146" w="57" /><ent r="65" t="146" w="61" /><ent r="65" t="146" w="65" /><ent r="65" t="146" w="69" /><ent r="65" t="146" w="74" /><ent r="65" t="146" w="78" /><ent r="65" t="146" w="82" /><ent r="65" t="146" w="86" /><ent r="65" t="146" w="91" /><ent r="65" t="146" w="95" /><ent r="65" t="146" w="99" /><ent r="65" t="146" w="103" /><ent r="65" t="146" w="107" /><ent r="65" t="146" w="112" /><ent r="65" t="146" w="117" /><ent r="65" t="146" w="122" /><ent r="65" t="146" w="127" /><ent r="65" t="146" w="133" /><ent r="65" t="146" w="139" /><ent r="65" t="146" w="144" /><ent r="65" t="146" w="148" /><ent r="4" t="146" w="181" /><ent r="65" t="147" w="36" /><ent r="65" t="147" w="40" /><ent r="65" t="147" w="45" /><ent r="65" t="147" w="50" /><ent r="1000" t="149" w="1" /><ent r="72" t="149" w="5" /><ent r="4" t="149" w="24" /><ent r="4" t="149" w="34" /><ent r="4" t="149" w="41" /><ent r="3" t="149" w="65" /><ent r="3" t="149" w="68" /><ent r="3" t="149" w="81" /><ent r="3" t="149" w="93" /><ent r="3" t="149" w="100" /><ent r="4" t="149" w="275" /><ent r="4" t="149" w="295" /><ent r="4" t="149" w="311" /><ent r="64" t="149" w="330" /><ent r="64" t="149" w="359" /><ent r="64" t="149" w="377" /><ent r="64" t="149" w="395" /><ent r="64" t="149" w="423" /><ent r="64" t="149" w="488" /><ent r="64" t="149" w="515" /><ent r="4" t="149" w="546" /><ent r="4" t="149" w="557" /><ent r="4" t="149" w="568" /><ent r="4" t="149" w="583" /><ent r="4" t="149" w="596" /><ent r="4" t="149" w="601" /><ent r="4" t="149" w="633" /><ent r="4" t="149" w="650" /><ent r="4" t="149" w="674" /><ent r="4" t="149" w="688" /><ent r="4" t="149" w="730" /><ent r="3" t="149" w="736" /><ent r="3" t="149" w="747" /><ent r="3" t="149" w="754" /><ent r="4" t="149" w="759" /><ent r="4" t="149" w="801" /><ent r="3" t="149" w="807" /><ent r="4" t="149" w="832" /><ent r="4" t="149" w="874" /><ent r="4" t="149" w="879" /><ent r="4" t="149" w="905" /><ent r="4" t="149" w="919" /><ent r="4" t="149" w="939" /><ent r="4" t="149" w="961" /><ent r="4" t="149" w="989" /><ent r="4" t="149" w="1002" /><ent r="4" t="149" w="1032" /><ent r="4" t="149" w="1046" /><ent r="4" t="149" w="1115" /><ent r="4" t="149" w="1133" /><ent r="3" t="149" w="1147" /><ent r="55" t="149" w="1171" /><ent r="3" t="149" w="1196" /><ent r="4" t="149" w="1298" /><ent r="4" t="149" w="1313" /><ent r="6" t="149" w="1339" /><ent r="7" t="149" w="1345" /><ent r="7" t="149" w="1351" /><ent r="1000" t="150" w="1" /><ent r="72" t="150" w="5" /><ent r="4" t="150" w="11" /><ent r="3" t="150" w="27" /><ent r="3" t="150" w="30" /><ent r="3" t="150" w="35" /><ent r="3" t="150" w="59" /><ent r="4" t="150" w="66" /><ent r="4" t="150" w="75" /><ent r="4" t="150" w="106" /><ent r="4" t="150" w="148" /><ent r="55" t="150" w="171" /><ent r="4" t="150" w="189" /><ent r="6" t="150" w="215" /><ent r="7" t="150" w="221" /><ent r="7" t="150" w="227" /><ent r="1000" t="151" w="1" /><ent r="72" t="151" w="5" /><ent r="3" t="151" w="30" /><ent r="3" t="151" w="33" /><ent r="4" t="151" w="108" /><ent r="4" t="151" w="130" /><ent r="6" t="151" w="148" /><ent r="7" t="151" w="154" /><ent r="1000" t="152" w="1" /><ent r="72" t="152" w="5" /><ent r="4" t="152" w="9" /><ent r="3" t="152" w="20" /><ent r="3" t="152" w="34" /><ent r="3" t="152" w="37" /><ent r="3" t="152" w="41" /><ent r="3" t="152" w="49" /><ent r="4" t="152" w="100" /><ent r="4" t="152" w="111" /><ent r="4" t="152" w="123" /><ent r="4" t="152" w="135" /><ent r="4" t="152" w="147" /><ent r="4" t="152" w="163" /><ent r="4" t="152" w="175" /><ent r="4" t="152" w="189" /><ent r="4" t="152" w="203" /><ent r="4" t="152" w="228" /><ent r="3" t="152" w="235" /><ent r="4" t="152" w="241" /><ent r="4" t="152" w="255" /><ent r="4" t="152" w="327" /><ent r="6" t="152" w="338" /><ent r="7" t="152" w="345" /><ent r="7" t="152" w="352" /><ent r="1000" t="153" w="1" /><ent r="72" t="153" w="6" /><ent r="4" t="153" w="11" /><ent r="3" t="153" w="27" /><ent r="3" t="153" w="30" /><ent r="4" t="153" w="81" /><ent r="4" t="153" w="91" /><ent r="4" t="153" w="142" /><ent r="4" t="153" w="148" /><ent r="6" t="153" w="172" /><ent r="7" t="153" w="179" /><ent r="7" t="153" w="186" /><ent r="1000" t="154" w="1" /><ent r="72" t="154" w="5" /><ent r="4" t="154" w="9" /><ent r="3" t="154" w="23" /><ent r="3" t="154" w="26" /><ent r="3" t="154" w="31" /><ent r="3" t="154" w="37" /><ent r="3" t="154" w="46" /><ent r="3" t="154" w="53" /><ent r="3" t="154" w="73" /><ent r="3" t="154" w="80" /><ent r="4" t="154" w="113" /><ent r="4" t="154" w="122" /><ent r="4" t="154" w="295" /><ent r="4" t="154" w="305" /><ent r="4" t="154" w="315" /><ent r="4" t="154" w="327" /><ent r="4" t="154" w="339" /><ent r="4" t="154" w="368" /><ent r="4" t="154" w="380" /><ent r="4" t="154" w="396" /><ent r="4" t="154" w="408" /><ent r="4" t="154" w="421" /><ent r="4" t="154" w="435" /><ent r="4" t="154" w="460" /><ent r="3" t="154" w="467" /><ent r="4" t="154" w="473" /><ent r="4" t="154" w="510" /><ent r="4" t="154" w="516" /><ent r="3" t="154" w="546" /><ent r="4" t="154" w="586" /><ent r="6" t="154" w="597" /><ent r="7" t="154" w="604" /><ent r="7" t="154" w="611" /><ent r="1000" t="155" w="1" /><ent r="72" t="155" w="6" /><ent r="4" t="155" w="11" /><ent r="4" t="155" w="41" /><ent r="4" t="155" w="47" /><ent r="3" t="155" w="80" /><ent r="3" t="155" w="83" /><ent r="3" t="155" w="88" /><ent r="3" t="155" w="94" /><ent r="3" t="155" w="100" /><ent r="3" t="155" w="110" /><ent r="4" t="155" w="129" /><ent r="4" t="155" w="135" /><ent r="4" t="155" w="173" /><ent r="4" t="155" w="181" /><ent r="4" t="155" w="191" /><ent r="4" t="155" w="199" /><ent r="4" t="155" w="216" /><ent r="4" t="155" w="241" /><ent r="4" t="155" w="251" /><ent r="4" t="155" w="263" /><ent r="4" t="155" w="275" /><ent r="4" t="155" w="304" /><ent r="4" t="155" w="316" /><ent r="3" t="155" w="323" /><ent r="4" t="155" w="329" /><ent r="4" t="155" w="345" /><ent r="4" t="155" w="370" /><ent r="4" t="155" w="382" /><ent r="4" t="155" w="395" /><ent r="4" t="155" w="409" /><ent r="4" t="155" w="424" /><ent r="4" t="155" w="450" /><ent r="4" t="155" w="499" /><ent r="6" t="155" w="510" /><ent r="7" t="155" w="517" /><ent r="7" t="155" w="524" /><ent r="1000" t="156" w="1" /><ent r="72" t="156" w="6" /><ent r="4" t="156" w="11" /><ent r="4" t="156" w="71" /><ent r="4" t="156" w="86" /><ent r="3" t="156" w="146" /><ent r="3" t="156" w="149" /><ent r="3" t="156" w="154" /><ent r="3" t="156" w="160" /><ent r="3" t="156" w="166" /><ent r="3" t="156" w="176" /><ent r="3" t="156" w="187" /><ent r="3" t="156" w="199" /><ent r="4" t="156" w="222" /><ent r="4" t="156" w="254" /><ent r="4" t="156" w="264" /><ent r="4" t="156" w="274" /><ent r="4" t="156" w="283" /><ent r="4" t="156" w="303" /><ent r="4" t="156" w="321" /><ent r="4" t="156" w="331" /><ent r="4" t="156" w="341" /><ent r="4" t="156" w="350" /><ent r="4" t="156" w="370" /><ent r="4" t="156" w="380" /><ent r="4" t="156" w="411" /><ent r="4" t="156" w="433" /><ent r="4" t="156" w="463" /><ent r="4" t="156" w="473" /><ent r="4" t="156" w="485" /><ent r="4" t="156" w="497" /><ent r="4" t="156" w="526" /><ent r="4" t="156" w="538" /><ent r="3" t="156" w="545" /><ent r="4" t="156" w="551" /><ent r="4" t="156" w="567" /><ent r="4" t="156" w="592" /><ent r="4" t="156" w="604" /><ent r="4" t="156" w="617" /><ent r="4" t="156" w="631" /><ent r="4" t="156" w="646" /><ent r="4" t="156" w="656" /><ent r="4" t="156" w="670" /><ent r="4" t="156" w="683" /><ent r="4" t="156" w="697" /><ent r="4" t="156" w="748" /><ent r="6" t="156" w="759" /><ent r="7" t="156" w="766" /><ent r="7" t="156" w="773" /><ent r="1000" t="157" w="1" /><ent r="72" t="157" w="7" /><ent r="4" t="157" w="12" /><ent r="4" t="157" w="45" /><ent r="5" t="157" w="108" /><ent r="5" t="157" w="166" /><ent r="4" t="157" w="194" /><ent r="3" t="157" w="217" /><ent r="3" t="157" w="220" /><ent r="3" t="157" w="226" /><ent r="3" t="157" w="238" /><ent r="4" t="157" w="316" /><ent r="4" t="157" w="323" /><ent r="4" t="157" w="332" /><ent r="4" t="157" w="342" /><ent r="4" t="157" w="354" /><ent r="4" t="157" w="366" /><ent r="3" t="157" w="373" /><ent r="4" t="157" w="379" /><ent r="4" t="157" w="395" /><ent r="4" t="157" w="407" /><ent r="4" t="157" w="420" /><ent r="4" t="157" w="430" /><ent r="4" t="157" w="444" /><ent r="4" t="157" w="469" /><ent r="4" t="157" w="485" /><ent r="6" t="157" w="504" /><ent r="7" t="157" w="511" /><ent r="7" t="157" w="518" /><ent r="1000" t="158" w="1" /><ent r="72" t="158" w="6" /><ent r="4" t="158" w="16" /><ent r="3" t="158" w="56" /><ent r="3" t="158" w="59" /><ent r="4" t="158" w="94" /><ent r="4" t="158" w="104" /><ent r="4" t="158" w="121" /><ent r="4" t="158" w="137" /><ent r="4" t="158" w="149" /><ent r="4" t="158" w="162" /><ent r="6" t="158" w="199" /><ent r="7" t="158" w="206" /><ent r="7" t="158" w="213" /><ent r="1000" t="159" w="1" /><ent r="72" t="159" w="6" /><ent r="4" t="159" w="11" /><ent r="3" t="159" w="27" /><ent r="3" t="159" w="30" /><ent r="3" t="159" w="35" /><ent r="3" t="159" w="40" /><ent r="4" t="159" w="49" /><ent r="64" t="159" w="58" /><ent r="4" t="159" w="76" /><ent r="4" t="159" w="86" /><ent r="4" t="159" w="98" /><ent r="4" t="159" w="110" /><ent r="4" t="159" w="124" /><ent r="4" t="159" w="138" /><ent r="4" t="159" w="167" /><ent r="6" t="159" w="185" /><ent r="7" t="159" w="192" /><ent r="7" t="159" w="199" /><ent r="1000" t="160" w="1" /><ent r="72" t="160" w="7" /><ent r="4" t="160" w="13" /><ent r="3" t="160" w="48" /><ent r="4" t="160" w="80" /><ent r="3" t="160" w="89" /><ent r="3" t="160" w="92" /><ent r="4" t="160" w="123" /><ent r="4" t="160" w="133" /><ent r="4" t="160" w="145" /><ent r="4" t="160" w="157" /><ent r="4" t="160" w="188" /><ent r="6" t="160" w="204" /><ent r="7" t="160" w="210" /><ent r="1000" t="161" w="1" /><ent r="72" t="161" w="5" /><ent r="4" t="161" w="9" /><ent r="3" t="161" w="21" /><ent r="3" t="161" w="49" /><ent r="3" t="161" w="52" /><ent r="3" t="161" w="56" /><ent r="3" t="161" w="60" /><ent r="4" t="161" w="68" /><ent r="3" t="161" w="77" /><ent r="4" t="161" w="80" /><ent r="3" t="161" w="84" /><ent r="4" t="161" w="90" /><ent r="3" t="161" w="96" /><ent r="4" t="161" w="110" /><ent r="3" t="161" w="123" /><ent r="4" t="161" w="126" /><ent r="3" t="161" w="130" /><ent r="4" t="161" w="138" /><ent r="4" t="161" w="148" /><ent r="4" t="161" w="155" /><ent r="4" t="161" w="163" /><ent r="4" t="161" w="175" /><ent r="4" t="161" w="205" /><ent r="4" t="161" w="222" /><ent r="3" t="161" w="229" /><ent r="3" t="161" w="240" /><ent r="3" t="161" w="249" /><ent r="3" t="161" w="256" /><ent r="5" t="161" w="279" /><ent r="3" t="161" w="305" /><ent r="6" t="161" w="336" /><ent r="7" t="161" w="343" /><ent r="5" t="161" w="356" /><ent r="5" t="161" w="367" /><ent r="4" t="161" w="374" /><ent r="1000" t="162" w="1" /><ent r="72" t="162" w="6" /><ent r="4" t="162" w="11" /><ent r="3" t="162" w="25" /><ent r="3" t="162" w="54" /><ent r="3" t="162" w="57" /><ent r="3" t="162" w="62" /><ent r="3" t="162" w="66" /><ent r="4" t="162" w="74" /><ent r="3" t="162" w="84" /><ent r="4" t="162" w="87" /><ent r="3" t="162" w="91" /><ent r="4" t="162" w="97" /><ent r="3" t="162" w="103" /><ent r="4" t="162" w="117" /><ent r="3" t="162" w="132" /><ent r="4" t="162" w="135" /><ent r="3" t="162" w="139" /><ent r="4" t="162" w="147" /><ent r="4" t="162" w="157" /><ent r="4" t="162" w="164" /><ent r="4" t="162" w="172" /><ent r="4" t="162" w="202" /><ent r="4" t="162" w="219" /><ent r="3" t="162" w="235" /><ent r="3" t="162" w="247" /><ent r="4" t="162" w="250" /><ent r="4" t="162" w="268" /><ent r="3" t="162" w="277" /><ent r="3" t="162" w="291" /><ent r="3" t="162" w="295" /><ent r="3" t="162" w="314" /><ent r="4" t="162" w="340" /><ent r="3" t="162" w="355" /><ent r="6" t="162" w="396" /><ent r="7" t="162" w="402" /><ent r="5" t="162" w="414" /><ent r="5" t="162" w="425" /><ent r="4" t="162" w="432" /><ent r="1000" t="163" w="1" /><ent r="72" t="163" w="5" /><ent r="4" t="163" w="9" /><ent r="3" t="163" w="27" /><ent r="3" t="163" w="46" /><ent r="3" t="163" w="49" /><ent r="3" t="163" w="54" /><ent r="4" t="163" w="61" /><ent r="3" t="163" w="74" /><ent r="3" t="163" w="85" /><ent r="3" t="163" w="97" /><ent r="3" t="163" w="110" /><ent r="4" t="163" w="124" /><ent r="4" t="163" w="134" /><ent r="4" t="163" w="141" /><ent r="4" t="163" w="148" /><ent r="3" t="163" w="176" /><ent r="4" t="163" w="180" /><ent r="3" t="163" w="213" /><ent r="3" t="163" w="231" /><ent r="4" t="163" w="236" /><ent r="4" t="163" w="247" /><ent r="3" t="163" w="271" /><ent r="3" t="163" w="275" /><ent r="3" t="163" w="287" /><ent r="6" t="163" w="296" /><ent r="7" t="163" w="302" /><ent r="1000" t="164" w="1" /><ent r="72" t="164" w="6" /><ent r="4" t="164" w="11" /><ent r="3" t="164" w="28" /><ent r="3" t="164" w="31" /><ent r="4" t="164" w="62" /><ent r="4" t="164" w="72" /><ent r="4" t="164" w="87" /><ent r="4" t="164" w="99" /><ent r="4" t="164" w="115" /><ent r="4" t="164" w="127" /><ent r="4" t="164" w="140" /><ent r="4" t="164" w="179" /><ent r="4" t="164" w="185" /><ent r="6" t="164" w="209" /><ent r="7" t="164" w="216" /><ent r="7" t="164" w="223" /><ent r="1000" t="165" w="1" /><ent r="72" t="165" w="6" /><ent r="4" t="165" w="10" /><ent r="3" t="165" w="27" /><ent r="3" t="165" w="30" /><ent r="4" t="165" w="73" /><ent r="4" t="165" w="83" /><ent r="4" t="165" w="93" /><ent r="4" t="165" w="116" /><ent r="4" t="165" w="128" /><ent r="4" t="165" w="144" /><ent r="4" t="165" w="156" /><ent r="4" t="165" w="169" /><ent r="6" t="165" w="198" /><ent r="7" t="165" w="205" /><ent r="7" t="165" w="212" /><ent r="1000" t="166" w="1" /><ent r="72" t="166" w="6" /><ent r="4" t="166" w="13" /><ent r="3" t="166" w="51" /><ent r="4" t="166" w="126" /><ent r="4" t="166" w="181" /><ent r="6" t="166" w="196" /><ent r="7" t="166" w="202" /><ent r="7" t="166" w="208" /><ent r="1000" t="167" w="1" /><ent r="72" t="167" w="6" /><ent r="4" t="167" w="13" /><ent r="3" t="167" w="51" /><ent r="4" t="167" w="126" /><ent r="6" t="167" w="160" /><ent r="7" t="167" w="166" /><ent r="7" t="167" w="172" /><ent r="1000" t="168" w="1" /><ent r="72" t="168" w="5" /><ent r="4" t="168" w="11" /><ent r="3" t="168" w="29" /><ent r="3" t="168" w="32" /><ent r="4" t="168" w="110" /><ent r="4" t="168" w="116" /><ent r="4" t="168" w="126" /><ent r="4" t="168" w="147" /><ent r="6" t="168" w="212" /><ent r="7" t="168" w="218" /><ent r="7" t="168" w="224" /><ent r="1000" t="169" w="1" /><ent r="72" t="169" w="6" /><ent r="4" t="169" w="11" /><ent r="3" t="169" w="52" /><ent r="3" t="169" w="62" /><ent r="3" t="169" w="168" /><ent r="4" t="169" w="241" /><ent r="4" t="169" w="278" /><ent r="6" t="169" w="380" /><ent r="7" t="169" w="387" /><ent r="7" t="169" w="393" /><ent r="1000" t="170" w="1" /><ent r="72" t="170" w="6" /><ent r="4" t="170" w="11" /><ent r="3" t="170" w="28" /><ent r="4" t="170" w="55" /><ent r="3" t="170" w="97" /><ent r="4" t="170" w="135" /><ent r="6" t="170" w="156" /><ent r="7" t="170" w="163" /><ent r="7" t="170" w="169" /><ent r="3" t="171" w="16" /><ent r="3" t="171" w="49" /><ent r="3" t="171" w="67" /><ent r="6" t="171" w="74" /><ent r="7" t="171" w="80" /><ent r="7" t="171" w="86" /><ent r="3" t="172" w="12" /><ent r="6" t="172" w="60" /><ent r="7" t="172" w="66" /><ent r="7" t="172" w="72" /><ent r="7" t="172" w="79" /><ent r="3" t="173" w="24" /><ent r="4" t="173" w="43" /><ent r="6" t="173" w="82" /><ent r="7" t="173" w="88" /><ent r="7" t="173" w="94" /><ent r="1000" t="174" w="1" /><ent r="72" t="174" w="5" /><ent r="4" t="174" w="11" /><ent r="3" t="174" w="28" /><ent r="3" t="174" w="32" /><ent r="4" t="174" w="71" /><ent r="6" t="174" w="115" /><ent r="7" t="174" w="121" /><ent r="1000" t="175" w="1" /><ent r="72" t="175" w="5" /><ent r="4" t="175" w="11" /><ent r="3" t="175" w="28" /><ent r="3" t="175" w="32" /><ent r="4" t="175" w="71" /><ent r="6" t="175" w="109" /><ent r="7" t="175" w="115" /><ent r="1000" t="176" w="1" /><ent r="72" t="176" w="6" /><ent r="4" t="176" w="13" /><ent r="3" t="176" w="31" /><ent r="3" t="176" w="36" /><ent r="3" t="176" w="43" /><ent r="4" t="176" w="121" /><ent r="4" t="176" w="143" /><ent r="4" t="176" w="178" /><ent r="4" t="176" w="208" /><ent r="4" t="176" w="214" /><ent r="4" t="176" w="224" /><ent r="6" t="176" w="236" /><ent r="6" t="176" w="239" /><ent r="7" t="176" w="245" /><ent r="1000" t="177" w="1" /><ent r="72" t="177" w="6" /><ent r="4" t="177" w="13" /><ent r="3" t="177" w="31" /><ent r="3" t="177" w="36" /><ent r="4" t="177" w="107" /><ent r="6" t="177" w="186" /><ent r="6" t="177" w="189" /><ent r="7" t="177" w="195" /><ent r="1000" t="178" w="1" /><ent r="72" t="178" w="6" /><ent r="4" t="178" w="13" /><ent r="3" t="178" w="31" /><ent r="3" t="178" w="36" /><ent r="6" t="178" w="294" /><ent r="6" t="178" w="297" /><ent r="7" t="178" w="303" /><ent r="1000" t="179" w="1" /><ent r="72" t="179" w="6" /><ent r="4" t="179" w="13" /><ent r="3" t="179" w="33" /><ent r="3" t="179" w="38" /><ent r="6" t="179" w="212" /><ent r="6" t="179" w="215" /><ent r="7" t="179" w="221" /><ent r="1000" t="180" w="1" /><ent r="72" t="180" w="6" /><ent r="4" t="180" w="13" /><ent r="3" t="180" w="31" /><ent r="3" t="180" w="36" /><ent r="4" t="180" w="179" /><ent r="6" t="180" w="190" /><ent r="7" t="180" w="198" /><ent r="1000" t="181" w="1" /><ent r="72" t="181" w="6" /><ent r="4" t="181" w="13" /><ent r="3" t="181" w="31" /><ent r="3" t="181" w="36" /><ent r="3" t="181" w="43" /><ent r="4" t="181" w="163" /><ent r="4" t="181" w="194" /><ent r="6" t="181" w="204" /><ent r="6" t="181" w="207" /><ent r="7" t="181" w="213" /><ent r="1000" t="182" w="1" /><ent r="72" t="182" w="6" /><ent r="4" t="182" w="13" /><ent r="3" t="182" w="31" /><ent r="3" t="182" w="36" /><ent r="6" t="182" w="185" /><ent r="6" t="182" w="188" /><ent r="7" t="182" w="194" /><ent r="1000" t="183" w="1" /><ent r="72" t="183" w="6" /><ent r="4" t="183" w="13" /><ent r="3" t="183" w="31" /><ent r="3" t="183" w="36" /><ent r="3" t="183" w="42" /><ent r="4" t="183" w="369" /><ent r="4" t="183" w="393" /><ent r="6" t="183" w="405" /><ent r="6" t="183" w="408" /><ent r="7" t="183" w="414" /><ent r="1000" t="184" w="1" /><ent r="72" t="184" w="6" /><ent r="4" t="184" w="13" /><ent r="3" t="184" w="32" /><ent r="3" t="184" w="37" /><ent r="6" t="184" w="192" /><ent r="6" t="184" w="195" /><ent r="7" t="184" w="201" /><ent r="1000" t="185" w="1" /><ent r="72" t="185" w="6" /><ent r="4" t="185" w="13" /><ent r="3" t="185" w="32" /><ent r="3" t="185" w="37" /><ent r="6" t="185" w="138" /><ent r="6" t="185" w="141" /><ent r="7" t="185" w="147" /><ent r="1000" t="186" w="1" /><ent r="72" t="186" w="5" /><ent r="4" t="186" w="11" /><ent r="3" t="186" w="24" /><ent r="3" t="186" w="27" /><ent r="6" t="186" w="105" /><ent r="6" t="186" w="108" /><ent r="7" t="186" w="114" /><ent r="1000" t="187" w="1" /><ent r="72" t="187" w="5" /><ent r="4" t="187" w="11" /><ent r="3" t="187" w="27" /><ent r="3" t="187" w="31" /><ent r="4" t="187" w="190" /><ent r="4" t="187" w="212" /><ent r="4" t="187" w="227" /><ent r="4" t="187" w="235" /><ent r="6" t="187" w="263" /><ent r="6" t="187" w="266" /><ent r="7" t="187" w="272" /><ent r="1000" t="188" w="1" /><ent r="72" t="188" w="5" /><ent r="4" t="188" w="11" /><ent r="3" t="188" w="28" /><ent r="3" t="188" w="32" /><ent r="4" t="188" w="82" /><ent r="4" t="188" w="130" /><ent r="6" t="188" w="150" /><ent r="6" t="188" w="153" /><ent r="7" t="188" w="159" /><ent r="1000" t="189" w="1" /><ent r="72" t="189" w="5" /><ent r="4" t="189" w="22" /><ent r="3" t="189" w="40" /><ent r="3" t="189" w="44" /><ent r="4" t="189" w="94" /><ent r="6" t="189" w="125" /><ent r="6" t="189" w="128" /><ent r="7" t="189" w="134" /><ent r="1000" t="190" w="1" /><ent r="72" t="190" w="7" /><ent r="4" t="190" w="15" /><ent r="3" t="190" w="41" /><ent r="3" t="190" w="47" /><ent r="4" t="190" w="140" /><ent r="4" t="190" w="163" /><ent r="4" t="190" w="177" /><ent r="6" t="190" w="220" /><ent r="6" t="190" w="223" /><ent r="7" t="190" w="229" /><ent r="1000" t="191" w="1" /><ent r="72" t="191" w="7" /><ent r="4" t="191" w="15" /><ent r="3" t="191" w="45" /><ent r="3" t="191" w="55" /><ent r="4" t="191" w="125" /><ent r="4" t="191" w="242" /><ent r="4" t="191" w="264" /><ent r="4" t="191" w="278" /><ent r="6" t="191" w="329" /><ent r="6" t="191" w="332" /><ent r="7" t="191" w="338" /><ent r="1000" t="192" w="1" /><ent r="72" t="192" w="5" /><ent r="4" t="192" w="11" /><ent r="3" t="192" w="29" /><ent r="3" t="192" w="33" /><ent r="4" t="192" w="86" /><ent r="5" t="192" w="121" /><ent r="5" t="192" w="140" /><ent r="5" t="192" w="147" /><ent r="6" t="192" w="155" /><ent r="6" t="192" w="171" /><ent r="6" t="192" w="179" /><ent r="6" t="192" w="195" /><ent r="6" t="192" w="205" /><ent r="6" t="192" w="208" /><ent r="7" t="192" w="214" /><ent r="1000" t="193" w="1" /><ent r="72" t="193" w="4" /><ent r="4" t="193" w="9" /><ent r="3" t="193" w="55" /><ent r="3" t="193" w="58" /><ent r="4" t="193" w="108" /><ent r="4" t="193" w="114" /><ent r="4" t="193" w="189" /><ent r="6" t="193" w="333" /><ent r="6" t="193" w="336" /><ent r="7" t="193" w="342" /><ent r="1000" t="194" w="1" /><ent r="72" t="194" w="4" /><ent r="4" t="194" w="9" /><ent r="3" t="194" w="58" /><ent r="3" t="194" w="61" /><ent r="4" t="194" w="126" /><ent r="4" t="194" w="132" /><ent r="3" t="194" w="206" /><ent r="6" t="194" w="349" /><ent r="6" t="194" w="352" /><ent r="7" t="194" w="358" /><ent r="1000" t="195" w="1" /><ent r="72" t="195" w="5" /><ent r="4" t="195" w="11" /><ent r="3" t="195" w="33" /><ent r="3" t="195" w="39" /><ent r="3" t="195" w="42" /><ent r="3" t="195" w="47" /><ent r="3" t="195" w="54" /><ent r="64" t="195" w="73" /><ent r="64" t="195" w="113" /><ent r="4" t="195" w="158" /><ent r="4" t="195" w="164" /><ent r="4" t="195" w="228" /><ent r="4" t="195" w="245" /><ent r="4" t="195" w="271" /><ent r="4" t="195" w="289" /><ent r="4" t="195" w="309" /><ent r="4" t="195" w="326" /><ent r="4" t="195" w="345" /><ent r="64" t="195" w="405" /><ent r="6" t="195" w="418" /><ent r="7" t="195" w="424" /><ent r="7" t="195" w="430" /><ent r="1000" t="196" w="1" /><ent r="72" t="196" w="5" /><ent r="4" t="196" w="11" /><ent r="3" t="196" w="43" /><ent r="3" t="196" w="51" /><ent r="3" t="196" w="54" /><ent r="3" t="196" w="59" /><ent r="3" t="196" w="67" /><ent r="3" t="196" w="74" /><ent r="64" t="196" w="92" /><ent r="4" t="196" w="115" /><ent r="5" t="196" w="130" /><ent r="64" t="196" w="177" /><ent r="64" t="196" w="195" /><ent r="64" t="196" w="238" /><ent r="64" t="196" w="279" /><ent r="4" t="196" w="290" /><ent r="4" t="196" w="296" /><ent r="4" t="196" w="336" /><ent r="4" t="196" w="357" /><ent r="3" t="196" w="421" /><ent r="4" t="196" w="433" /><ent r="4" t="196" w="468" /><ent r="6" t="196" w="498" /><ent r="7" t="196" w="504" /><ent r="7" t="196" w="510" /><ent r="1000" t="197" w="1" /><ent r="72" t="197" w="5" /><ent r="4" t="197" w="11" /><ent r="3" t="197" w="30" /><ent r="3" t="197" w="37" /><ent r="3" t="197" w="40" /><ent r="3" t="197" w="45" /><ent r="64" t="197" w="62" /><ent r="4" t="197" w="93" /><ent r="4" t="197" w="99" /><ent r="4" t="197" w="110" /><ent r="4" t="197" w="120" /><ent r="4" t="197" w="139" /><ent r="64" t="197" w="152" /><ent r="6" t="197" w="193" /><ent r="7" t="197" w="199" /><ent r="7" t="197" w="205" /><ent r="1000" t="198" w="1" /><ent r="72" t="198" w="7" /><ent r="4" t="198" w="15" /><ent r="64" t="198" w="44" /><ent r="3" t="198" w="55" /><ent r="64" t="198" w="161" /><ent r="64" t="198" w="208" /><ent r="6" t="198" w="243" /><ent r="7" t="198" w="249" /><ent r="7" t="198" w="255" /><ent r="1000" t="199" w="1" /><ent r="72" t="199" w="8" /><ent r="4" t="199" w="17" /><ent r="64" t="199" w="56" /><ent r="3" t="199" w="66" /><ent r="3" t="199" w="74" /><ent r="3" t="199" w="102" /><ent r="64" t="199" w="176" /><ent r="6" t="199" w="186" /><ent r="7" t="199" w="192" /><ent r="7" t="199" w="198" /><ent r="1000" t="200" w="1" /><ent r="72" t="200" w="7" /><ent r="4" t="200" w="15" /><ent r="64" t="200" w="50" /><ent r="3" t="200" w="60" /><ent r="3" t="200" w="67" /><ent r="64" t="200" w="97" /><ent r="3" t="200" w="163" /><ent r="6" t="200" w="172" /><ent r="7" t="200" w="178" /><ent r="7" t="200" w="184" /><ent r="1000" t="201" w="1" /><ent r="72" t="201" w="5" /><ent r="3" t="201" w="64" /><ent r="3" t="201" w="67" /><ent r="3" t="201" w="104" /><ent r="3" t="201" w="268" /><ent r="4" t="201" w="281" /><ent r="5" t="201" w="327" /><ent r="4" t="201" w="351" /><ent r="4" t="201" w="357" /><ent r="5" t="201" w="451" /><ent r="4" t="201" w="477" /><ent r="4" t="201" w="490" /><ent r="4" t="201" w="514" /><ent r="4" t="201" w="617" /><ent r="64" t="201" w="634" /><ent r="6" t="201" w="659" /><ent r="7" t="201" w="665" /><ent r="7" t="201" w="671" /><ent r="1000" t="202" w="1" /><ent r="72" t="202" w="6" /><ent r="4" t="202" w="72" /><ent r="3" t="202" w="79" /><ent r="3" t="202" w="82" /><ent r="3" t="202" w="94" /><ent r="3" t="202" w="101" /><ent r="3" t="202" w="141" /><ent r="4" t="202" w="168" /><ent r="64" t="202" w="241" /><ent r="3" t="202" w="253" /><ent r="4" t="202" w="452" /><ent r="5" t="202" w="499" /><ent r="4" t="202" w="523" /><ent r="4" t="202" w="529" /><ent r="5" t="202" w="622" /><ent r="4" t="202" w="648" /><ent r="4" t="202" w="661" /><ent r="4" t="202" w="684" /><ent r="4" t="202" w="695" /><ent r="4" t="202" w="731" /><ent r="4" t="202" w="790" /><ent r="6" t="202" w="799" /><ent r="7" t="202" w="805" /><ent r="7" t="202" w="811" /><ent r="1000" t="203" w="1" /><ent r="72" t="203" w="5" /><ent r="4" t="203" w="58" /><ent r="4" t="203" w="64" /><ent r="3" t="203" w="72" /><ent r="3" t="203" w="75" /><ent r="3" t="203" w="80" /><ent r="4" t="203" w="173" /><ent r="4" t="203" w="229" /><ent r="4" t="203" w="245" /><ent r="4" t="203" w="282" /><ent r="4" t="203" w="350" /><ent r="4" t="203" w="366" /><ent r="4" t="203" w="397" /><ent r="4" t="203" w="403" /><ent r="4" t="203" w="517" /><ent r="4" t="203" w="538" /><ent r="4" t="203" w="560" /><ent r="4" t="203" w="603" /><ent r="4" t="203" w="616" /><ent r="4" t="203" w="630" /><ent r="4" t="203" w="700" /><ent r="4" t="203" w="709" /><ent r="6" t="203" w="732" /><ent r="7" t="203" w="738" /><ent r="7" t="203" w="744" /><ent r="1000" t="204" w="1" /><ent r="72" t="204" w="5" /><ent r="3" t="204" w="24" /><ent r="3" t="204" w="27" /><ent r="3" t="204" w="52" /><ent r="4" t="204" w="145" /><ent r="5" t="204" w="196" /><ent r="4" t="204" w="233" /><ent r="4" t="204" w="239" /><ent r="5" t="204" w="297" /><ent r="4" t="204" w="323" /><ent r="4" t="204" w="336" /><ent r="4" t="204" w="360" /><ent r="4" t="204" w="433" /><ent r="64" t="204" w="450" /><ent r="6" t="204" w="472" /><ent r="7" t="204" w="478" /><ent r="7" t="204" w="484" /><ent r="1000" t="205" w="1" /><ent r="72" t="205" w="6" /><ent r="4" t="205" w="33" /><ent r="3" t="205" w="40" /><ent r="3" t="205" w="43" /><ent r="3" t="205" w="55" /><ent r="3" t="205" w="62" /><ent r="3" t="205" w="90" /><ent r="4" t="205" w="117" /><ent r="64" t="205" w="184" /><ent r="4" t="205" w="197" /><ent r="4" t="205" w="317" /><ent r="5" t="205" w="365" /><ent r="4" t="205" w="402" /><ent r="4" t="205" w="408" /><ent r="5" t="205" w="466" /><ent r="4" t="205" w="492" /><ent r="4" t="205" w="505" /><ent r="4" t="205" w="528" /><ent r="4" t="205" w="539" /><ent r="4" t="205" w="575" /><ent r="4" t="205" w="636" /><ent r="6" t="205" w="645" /><ent r="7" t="205" w="651" /><ent r="7" t="205" w="657" /><ent r="1000" t="206" w="1" /><ent r="72" t="206" w="6" /><ent r="4" t="206" w="35" /><ent r="4" t="206" w="41" /><ent r="3" t="206" w="49" /><ent r="3" t="206" w="52" /><ent r="3" t="206" w="57" /><ent r="4" t="206" w="129" /><ent r="4" t="206" w="169" /><ent r="4" t="206" w="194" /><ent r="4" t="206" w="213" /><ent r="4" t="206" w="289" /><ent r="4" t="206" w="309" /><ent r="4" t="206" w="330" /><ent r="4" t="206" w="361" /><ent r="4" t="206" w="374" /><ent r="4" t="206" w="388" /><ent r="4" t="206" w="442" /><ent r="6" t="206" w="454" /><ent r="7" t="206" w="460" /><ent r="7" t="206" w="466" /><ent r="1000" t="207" w="1" /><ent r="72" t="207" w="5" /><ent r="4" t="207" w="11" /><ent r="3" t="207" w="29" /><ent r="3" t="207" w="32" /><ent r="3" t="207" w="47" /><ent r="4" t="207" w="145" /><ent r="4" t="207" w="156" /><ent r="4" t="207" w="166" /><ent r="4" t="207" w="182" /><ent r="4" t="207" w="197" /><ent r="6" t="207" w="293" /><ent r="7" t="207" w="299" /><ent r="1000" t="208" w="1" /><ent r="72" t="208" w="5" /><ent r="4" t="208" w="9" /><ent r="4" t="208" w="55" /><ent r="3" t="208" w="70" /><ent r="3" t="208" w="73" /><ent r="3" t="208" w="77" /><ent r="4" t="208" w="133" /><ent r="4" t="208" w="145" /><ent r="4" t="208" w="160" /><ent r="4" t="208" w="176" /><ent r="4" t="208" w="200" /><ent r="4" t="208" w="269" /><ent r="6" t="208" w="290" /><ent r="7" t="208" w="296" /><ent r="1000" t="209" w="1" /><ent r="72" t="209" w="5" /><ent r="4" t="209" w="9" /><ent r="3" t="209" w="52" /><ent r="3" t="209" w="55" /><ent r="3" t="209" w="70" /><ent r="4" t="209" w="177" /><ent r="4" t="209" w="187" /><ent r="4" t="209" w="199" /><ent r="4" t="209" w="246" /><ent r="3" t="209" w="264" /><ent r="4" t="209" w="292" /><ent r="6" t="209" w="320" /><ent r="7" t="209" w="326" /><ent r="1000" t="210" w="1" /><ent r="72" t="210" w="6" /><ent r="4" t="210" w="11" /><ent r="4" t="210" w="31" /><ent r="3" t="210" w="38" /><ent r="3" t="210" w="41" /><ent r="3" t="210" w="46" /><ent r="3" t="210" w="54" /><ent r="4" t="210" w="136" /><ent r="4" t="210" w="145" /><ent r="4" t="210" w="155" /><ent r="4" t="210" w="195" /><ent r="4" t="210" w="220" /><ent r="6" t="210" w="237" /><ent r="7" t="210" w="243" /><ent r="1000" t="211" w="1" /><ent r="72" t="211" w="5" /><ent r="4" t="211" w="9" /><ent r="4" t="211" w="26" /><ent r="3" t="211" w="33" /><ent r="3" t="211" w="36" /><ent r="3" t="211" w="40" /><ent r="4" t="211" w="94" /><ent r="4" t="211" w="104" /><ent r="4" t="211" w="120" /><ent r="6" t="211" w="157" /><ent r="7" t="211" w="163" /><ent r="1000" t="212" w="1" /><ent r="72" t="212" w="5" /><ent r="4" t="212" w="9" /><ent r="3" t="212" w="31" /><ent r="3" t="212" w="38" /><ent r="3" t="212" w="41" /><ent r="3" t="212" w="46" /><ent r="3" t="212" w="93" /><ent r="4" t="212" w="379" /><ent r="4" t="212" w="389" /><ent r="4" t="212" w="452" /><ent r="4" t="212" w="468" /><ent r="6" t="212" w="641" /><ent r="7" t="212" w="647" /><ent r="1000" t="213" w="1" /><ent r="72" t="213" w="5" /><ent r="4" t="213" w="9" /><ent r="3" t="213" w="31" /><ent r="3" t="213" w="38" /><ent r="3" t="213" w="41" /><ent r="3" t="213" w="46" /><ent r="3" t="213" w="94" /><ent r="4" t="213" w="379" /><ent r="4" t="213" w="388" /><ent r="4" t="213" w="398" /><ent r="4" t="213" w="461" /><ent r="4" t="213" w="476" /><ent r="4" t="213" w="492" /><ent r="6" t="213" w="645" /><ent r="7" t="213" w="651" /><ent r="1000" t="214" w="1" /><ent r="72" t="214" w="6" /><ent r="4" t="214" w="13" /><ent r="3" t="214" w="33" /><ent r="3" t="214" w="36" /><ent r="3" t="214" w="42" /><ent r="3" t="214" w="61" /><ent r="4" t="214" w="186" /><ent r="4" t="214" w="197" /><ent r="4" t="214" w="211" /><ent r="4" t="214" w="227" /><ent r="4" t="214" w="242" /><ent r="6" t="214" w="325" /><ent r="7" t="214" w="331" /><ent r="1000" t="215" w="1" /><ent r="72" t="215" w="5" /><ent r="4" t="215" w="9" /><ent r="4" t="215" w="55" /><ent r="3" t="215" w="71" /><ent r="3" t="215" w="74" /><ent r="3" t="215" w="79" /><ent r="3" t="215" w="87" /><ent r="4" t="215" w="170" /><ent r="4" t="215" w="183" /><ent r="4" t="215" w="196" /><ent r="4" t="215" w="212" /><ent r="4" t="215" w="228" /><ent r="3" t="215" w="299" /><ent r="6" t="215" w="319" /><ent r="7" t="215" w="325" /><ent r="1000" t="216" w="1" /><ent r="72" t="216" w="5" /><ent r="4" t="216" w="9" /><ent r="3" t="216" w="54" /><ent r="3" t="216" w="57" /><ent r="3" t="216" w="72" /><ent r="4" t="216" w="178" /><ent r="4" t="216" w="188" /><ent r="4" t="216" w="202" /><ent r="4" t="216" w="218" /><ent r="5" t="216" w="258" /><ent r="4" t="216" w="304" /><ent r="4" t="216" w="324" /><ent r="4" t="216" w="353" /><ent r="6" t="216" w="380" /><ent r="7" t="216" w="386" /><ent r="1000" t="217" w="1" /><ent r="72" t="217" w="5" /><ent r="4" t="217" w="9" /><ent r="3" t="217" w="29" /><ent r="3" t="217" w="35" /><ent r="3" t="217" w="38" /><ent r="3" t="217" w="42" /><ent r="3" t="217" w="50" /><ent r="4" t="217" w="134" /><ent r="4" t="217" w="143" /><ent r="4" t="217" w="157" /><ent r="4" t="217" w="173" /><ent r="4" t="217" w="212" /><ent r="4" t="217" w="248" /><ent r="4" t="217" w="273" /><ent r="6" t="217" w="290" /><ent r="7" t="217" w="296" /><ent r="1000" t="218" w="1" /><ent r="72" t="218" w="5" /><ent r="4" t="218" w="9" /><ent r="4" t="218" w="28" /><ent r="3" t="218" w="35" /><ent r="3" t="218" w="38" /><ent r="3" t="218" w="42" /><ent r="4" t="218" w="96" /><ent r="4" t="218" w="106" /><ent r="4" t="218" w="121" /><ent r="6" t="218" w="159" /><ent r="7" t="218" w="165" /><ent r="1000" t="219" w="1" /><ent r="72" t="219" w="6" /><ent r="4" t="219" w="11" /><ent r="3" t="219" w="36" /><ent r="3" t="219" w="43" /><ent r="3" t="219" w="46" /><ent r="3" t="219" w="52" /><ent r="4" t="219" w="212" /><ent r="4" t="219" w="222" /><ent r="4" t="219" w="237" /><ent r="4" t="219" w="253" /><ent r="6" t="219" w="378" /><ent r="7" t="219" w="384" /><ent r="1000" t="220" w="1" /><ent r="72" t="220" w="6" /><ent r="4" t="220" w="11" /><ent r="3" t="220" w="36" /><ent r="3" t="220" w="43" /><ent r="3" t="220" w="46" /><ent r="3" t="220" w="52" /><ent r="4" t="220" w="212" /><ent r="4" t="220" w="222" /><ent r="4" t="220" w="237" /><ent r="4" t="220" w="253" /><ent r="6" t="220" w="378" /><ent r="7" t="220" w="384" /><ent r="1000" t="221" w="1" /><ent r="72" t="221" w="6" /><ent r="4" t="221" w="11" /><ent r="4" t="221" w="43" /><ent r="4" t="221" w="51" /><ent r="4" t="221" w="69" /><ent r="3" t="221" w="100" /><ent r="3" t="221" w="103" /><ent r="3" t="221" w="108" /><ent r="4" t="221" w="181" /><ent r="4" t="221" w="195" /><ent r="4" t="221" w="207" /><ent r="4" t="221" w="223" /><ent r="4" t="221" w="245" /><ent r="4" t="221" w="314" /><ent r="6" t="221" w="536" /><ent r="7" t="221" w="542" /><ent r="1000" t="222" w="1" /><ent r="72" t="222" w="6" /><ent r="4" t="222" w="11" /><ent r="4" t="222" w="32" /><ent r="3" t="222" w="53" /><ent r="3" t="222" w="56" /><ent r="3" t="222" w="61" /><ent r="4" t="222" w="133" /><ent r="4" t="222" w="146" /><ent r="4" t="222" w="159" /><ent r="6" t="222" w="192" /><ent r="7" t="222" w="198" /><ent r="1000" t="223" w="1" /><ent r="72" t="223" w="7" /><ent r="4" t="223" w="13" /><ent r="4" t="223" w="49" /><ent r="3" t="223" w="72" /><ent r="3" t="223" w="75" /><ent r="3" t="223" w="81" /><ent r="3" t="223" w="88" /><ent r="3" t="223" w="95" /><ent r="4" t="223" w="250" /><ent r="4" t="223" w="262" /><ent r="4" t="223" w="279" /><ent r="4" t="223" w="295" /><ent r="4" t="223" w="455" /><ent r="6" t="223" w="466" /><ent r="7" t="223" w="472" /><ent r="1000" t="224" w="1" /><ent r="72" t="224" w="7" /><ent r="4" t="224" w="13" /><ent r="3" t="224" w="49" /><ent r="3" t="224" w="52" /><ent r="3" t="224" w="58" /><ent r="3" t="224" w="66" /><ent r="3" t="224" w="74" /><ent r="3" t="224" w="83" /><ent r="4" t="224" w="226" /><ent r="4" t="224" w="238" /><ent r="4" t="224" w="258" /><ent r="4" t="224" w="274" /><ent r="4" t="224" w="670" /><ent r="6" t="224" w="681" /><ent r="7" t="224" w="687" /><ent r="1000" t="225" w="1" /><ent r="72" t="225" w="6" /><ent r="4" t="225" w="11" /><ent r="4" t="225" w="35" /><ent r="3" t="225" w="58" /><ent r="3" t="225" w="61" /><ent r="3" t="225" w="67" /><ent r="3" t="225" w="75" /><ent r="4" t="225" w="183" /><ent r="4" t="225" w="201" /><ent r="4" t="225" w="219" /><ent r="4" t="225" w="235" /><ent r="4" t="225" w="248" /><ent r="6" t="225" w="304" /><ent r="7" t="225" w="310" /><ent r="1000" t="226" w="1" /><ent r="72" t="226" w="5" /><ent r="4" t="226" w="9" /><ent r="3" t="226" w="29" /><ent r="3" t="226" w="32" /><ent r="3" t="226" w="47" /><ent r="3" t="226" w="54" /><ent r="3" t="226" w="61" /><ent r="4" t="226" w="202" /><ent r="4" t="226" w="212" /><ent r="4" t="226" w="236" /><ent r="4" t="226" w="252" /><ent r="4" t="226" w="389" /><ent r="4" t="226" w="407" /><ent r="6" t="226" w="418" /><ent r="7" t="226" w="424" /><ent r="1000" t="227" w="1" /><ent r="72" t="227" w="5" /><ent r="4" t="227" w="9" /><ent r="3" t="227" w="30" /><ent r="3" t="227" w="33" /><ent r="3" t="227" w="49" /><ent r="3" t="227" w="56" /><ent r="3" t="227" w="68" /><ent r="4" t="227" w="232" /><ent r="4" t="227" w="251" /><ent r="4" t="227" w="276" /><ent r="4" t="227" w="292" /><ent r="4" t="227" w="350" /><ent r="4" t="227" w="390" /><ent r="4" t="227" w="398" /><ent r="4" t="227" w="418" /><ent r="6" t="227" w="429" /><ent r="7" t="227" w="435" /><ent r="1000" t="228" w="1" /><ent r="72" t="228" w="6" /><ent r="4" t="228" w="11" /><ent r="3" t="228" w="25" /><ent r="3" t="228" w="28" /><ent r="4" t="228" w="40" /><ent r="4" t="228" w="48" /><ent r="4" t="228" w="67" /><ent r="4" t="228" w="81" /><ent r="4" t="228" w="93" /><ent r="4" t="228" w="109" /><ent r="4" t="228" w="123" /><ent r="4" t="228" w="148" /><ent r="3" t="228" w="155" /><ent r="4" t="228" w="161" /><ent r="4" t="228" w="175" /><ent r="3" t="228" w="190" /><ent r="4" t="228" w="195" /><ent r="4" t="228" w="229" /><ent r="6" t="228" w="240" /><ent r="6" t="228" w="244" /><ent r="7" t="228" w="251" /><ent r="7" t="228" w="257" /><ent r="1000" t="229" w="1" /><ent r="72" t="229" w="6" /><ent r="4" t="229" w="11" /><ent r="4" t="229" w="22" /><ent r="3" t="229" w="30" /><ent r="3" t="229" w="33" /><ent r="4" t="229" w="45" /><ent r="4" t="229" w="53" /><ent r="4" t="229" w="72" /><ent r="4" t="229" w="86" /><ent r="3" t="229" w="101" /><ent r="4" t="229" w="105" /><ent r="6" t="229" w="124" /><ent r="6" t="229" w="128" /><ent r="7" t="229" w="135" /><ent r="7" t="229" w="141" /><ent r="1000" t="230" w="1" /><ent r="72" t="230" w="7" /><ent r="4" t="230" w="13" /><ent r="3" t="230" w="34" /><ent r="3" t="230" w="37" /><ent r="3" t="230" w="43" /><ent r="4" t="230" w="84" /><ent r="4" t="230" w="93" /><ent r="4" t="230" w="105" /><ent r="4" t="230" w="145" /><ent r="6" t="230" w="168" /><ent r="6" t="230" w="172" /><ent r="7" t="230" w="179" /><ent r="7" t="230" w="185" /><ent r="1000" t="231" w="1" /><ent r="72" t="231" w="6" /><ent r="4" t="231" w="11" /><ent r="3" t="231" w="26" /><ent r="3" t="231" w="29" /><ent r="3" t="231" w="34" /><ent r="3" t="231" w="40" /><ent r="4" t="231" w="118" /><ent r="4" t="231" w="127" /><ent r="4" t="231" w="139" /><ent r="4" t="231" w="158" /><ent r="4" t="231" w="177" /><ent r="4" t="231" w="191" /><ent r="4" t="231" w="205" /><ent r="4" t="231" w="221" /><ent r="4" t="231" w="246" /><ent r="4" t="231" w="344" /><ent r="6" t="231" w="367" /><ent r="6" t="231" w="371" /><ent r="7" t="231" w="378" /><ent r="7" t="231" w="384" /><ent r="1000" t="232" w="1" /><ent r="72" t="232" w="7" /><ent r="4" t="232" w="13" /><ent r="3" t="232" w="26" /><ent r="3" t="232" w="29" /><ent r="3" t="232" w="41" /><ent r="3" t="232" w="48" /><ent r="5" t="232" w="135" /><ent r="4" t="232" w="154" /><ent r="4" t="232" w="204" /><ent r="4" t="232" w="213" /><ent r="4" t="232" w="225" /><ent r="4" t="232" w="237" /><ent r="3" t="232" w="256" /><ent r="4" t="232" w="268" /><ent r="4" t="232" w="288" /><ent r="4" t="232" w="307" /><ent r="4" t="232" w="321" /><ent r="4" t="232" w="335" /><ent r="4" t="232" w="351" /><ent r="4" t="232" w="376" /><ent r="4" t="232" w="390" /><ent r="4" t="232" w="420" /><ent r="3" t="232" w="474" /><ent r="4" t="232" w="499" /><ent r="3" t="232" w="509" /><ent r="3" t="232" w="528" /><ent r="4" t="232" w="537" /><ent r="3" t="232" w="579" /><ent r="6" t="232" w="632" /><ent r="6" t="232" w="636" /><ent r="7" t="232" w="643" /><ent r="7" t="232" w="649" /><ent r="1000" t="233" w="1" /><ent r="72" t="233" w="6" /><ent r="4" t="233" w="11" /><ent r="3" t="233" w="32" /><ent r="3" t="233" w="35" /><ent r="3" t="233" w="40" /><ent r="4" t="233" w="101" /><ent r="4" t="233" w="110" /><ent r="4" t="233" w="122" /><ent r="4" t="233" w="134" /><ent r="4" t="233" w="153" /><ent r="4" t="233" w="165" /><ent r="4" t="233" w="184" /><ent r="4" t="233" w="203" /><ent r="4" t="233" w="217" /><ent r="4" t="233" w="231" /><ent r="4" t="233" w="247" /><ent r="4" t="233" w="272" /><ent r="4" t="233" w="286" /><ent r="4" t="233" w="330" /><ent r="3" t="233" w="384" /><ent r="4" t="233" w="409" /><ent r="3" t="233" w="419" /><ent r="3" t="233" w="436" /><ent r="4" t="233" w="445" /><ent r="3" t="233" w="486" /><ent r="6" t="233" w="539" /><ent r="6" t="233" w="543" /><ent r="7" t="233" w="550" /><ent r="7" t="233" w="556" /><ent r="1000" t="234" w="1" /><ent r="72" t="234" w="6" /><ent r="4" t="234" w="11" /><ent r="4" t="234" w="23" /><ent r="4" t="234" w="30" /><ent r="3" t="234" w="39" /><ent r="3" t="234" w="42" /><ent r="3" t="234" w="48" /><ent r="4" t="234" w="74" /><ent r="4" t="234" w="83" /><ent r="4" t="234" w="95" /><ent r="4" t="234" w="107" /><ent r="4" t="234" w="124" /><ent r="4" t="234" w="144" /><ent r="4" t="234" w="163" /><ent r="4" t="234" w="182" /><ent r="4" t="234" w="196" /><ent r="4" t="234" w="210" /><ent r="4" t="234" w="226" /><ent r="4" t="234" w="251" /><ent r="4" t="234" w="265" /><ent r="4" t="234" w="284" /><ent r="4" t="234" w="303" /><ent r="3" t="234" w="367" /><ent r="4" t="234" w="392" /><ent r="6" t="234" w="404" /><ent r="6" t="234" w="408" /><ent r="7" t="234" w="415" /><ent r="7" t="234" w="421" /><ent r="1000" t="235" w="1" /><ent r="72" t="235" w="6" /><ent r="4" t="235" w="11" /><ent r="3" t="235" w="28" /><ent r="3" t="235" w="31" /><ent r="3" t="235" w="37" /><ent r="4" t="235" w="89" /><ent r="4" t="235" w="98" /><ent r="4" t="235" w="110" /><ent r="4" t="235" w="122" /><ent r="4" t="235" w="139" /><ent r="4" t="235" w="159" /><ent r="4" t="235" w="178" /><ent r="4" t="235" w="197" /><ent r="4" t="235" w="211" /><ent r="4" t="235" w="225" /><ent r="4" t="235" w="241" /><ent r="4" t="235" w="266" /><ent r="4" t="235" w="280" /><ent r="4" t="235" w="299" /><ent r="4" t="235" w="318" /><ent r="3" t="235" w="382" /><ent r="4" t="235" w="407" /><ent r="6" t="235" w="419" /><ent r="6" t="235" w="423" /><ent r="7" t="235" w="430" /><ent r="7" t="235" w="436" /><ent r="1000" t="236" w="1" /><ent r="72" t="236" w="6" /><ent r="4" t="236" w="11" /><ent r="3" t="236" w="26" /><ent r="3" t="236" w="29" /><ent r="3" t="236" w="35" /><ent r="4" t="236" w="87" /><ent r="4" t="236" w="96" /><ent r="4" t="236" w="108" /><ent r="4" t="236" w="125" /><ent r="4" t="236" w="148" /><ent r="4" t="236" w="167" /><ent r="4" t="236" w="181" /><ent r="4" t="236" w="195" /><ent r="4" t="236" w="211" /><ent r="4" t="236" w="236" /><ent r="4" t="236" w="250" /><ent r="4" t="236" w="269" /><ent r="4" t="236" w="288" /><ent r="6" t="236" w="321" /><ent r="6" t="236" w="325" /><ent r="7" t="236" w="332" /><ent r="7" t="236" w="338" /><ent r="1000" t="237" w="1" /><ent r="72" t="237" w="5" /><ent r="4" t="237" w="11" /><ent r="3" t="237" w="30" /><ent r="3" t="237" w="33" /><ent r="3" t="237" w="38" /><ent r="3" t="237" w="50" /><ent r="4" t="237" w="112" /><ent r="4" t="237" w="154" /><ent r="4" t="237" w="161" /><ent r="4" t="237" w="170" /><ent r="4" t="237" w="176" /><ent r="4" t="237" w="191" /><ent r="4" t="237" w="212" /><ent r="4" t="237" w="228" /><ent r="6" t="237" w="278" /><ent r="6" t="237" w="282" /><ent r="7" t="237" w="289" /><ent r="1000" t="238" w="1" /><ent r="72" t="238" w="5" /><ent r="4" t="238" w="12" /><ent r="3" t="238" w="45" /><ent r="3" t="238" w="48" /><ent r="3" t="238" w="54" /><ent r="3" t="238" w="66" /><ent r="3" t="238" w="76" /><ent r="4" t="238" w="138" /><ent r="4" t="238" w="178" /><ent r="4" t="238" w="234" /><ent r="4" t="238" w="241" /><ent r="4" t="238" w="250" /><ent r="4" t="238" w="256" /><ent r="4" t="238" w="271" /><ent r="4" t="238" w="292" /><ent r="4" t="238" w="308" /><ent r="6" t="238" w="358" /><ent r="6" t="238" w="362" /><ent r="7" t="238" w="369" /><ent r="1000" t="239" w="1" /><ent r="72" t="239" w="6" /><ent r="4" t="239" w="13" /><ent r="4" t="239" w="57" /><ent r="3" t="239" w="65" /><ent r="3" t="239" w="68" /><ent r="3" t="239" w="73" /><ent r="3" t="239" w="79" /><ent r="3" t="239" w="86" /><ent r="4" t="239" w="105" /><ent r="4" t="239" w="122" /><ent r="4" t="239" w="128" /><ent r="4" t="239" w="135" /><ent r="4" t="239" w="148" /><ent r="4" t="239" w="155" /><ent r="4" t="239" w="161" /><ent r="4" t="239" w="168" /><ent r="3" t="239" w="208" /><ent r="3" t="239" w="219" /><ent r="3" t="239" w="230" /><ent r="4" t="239" w="333" /><ent r="4" t="239" w="345" /><ent r="4" t="239" w="351" /><ent r="4" t="239" w="358" /><ent r="4" t="239" w="376" /><ent r="4" t="239" w="394" /><ent r="4" t="239" w="400" /><ent r="4" t="239" w="415" /><ent r="4" t="239" w="444" /><ent r="6" t="239" w="492" /><ent r="6" t="239" w="496" /><ent r="7" t="239" w="503" /><ent r="1000" t="240" w="1" /><ent r="72" t="240" w="5" /><ent r="4" t="240" w="12" /><ent r="3" t="240" w="41" /><ent r="3" t="240" w="44" /><ent r="3" t="240" w="48" /><ent r="4" t="240" w="65" /><ent r="4" t="240" w="73" /><ent r="4" t="240" w="79" /><ent r="6" t="240" w="126" /><ent r="6" t="240" w="130" /><ent r="7" t="240" w="137" /><ent r="1000" t="241" w="1" /><ent r="72" t="241" w="6" /><ent r="3" t="241" w="27" /><ent r="3" t="241" w="30" /><ent r="3" t="241" w="35" /><ent r="3" t="241" w="42" /><ent r="4" t="241" w="81" /><ent r="4" t="241" w="101" /><ent r="4" t="241" w="156" /><ent r="4" t="241" w="164" /><ent r="6" t="241" w="181" /><ent r="7" t="241" w="187" /><ent r="7" t="241" w="193" /><ent r="1000" t="242" w="1" /><ent r="72" t="242" w="7" /><ent r="3" t="242" w="34" /><ent r="3" t="242" w="37" /><ent r="3" t="242" w="43" /><ent r="3" t="242" w="49" /><ent r="4" t="242" w="68" /><ent r="4" t="242" w="122" /><ent r="4" t="242" w="171" /><ent r="4" t="242" w="179" /><ent r="4" t="242" w="192" /><ent r="4" t="242" w="207" /><ent r="4" t="242" w="220" /><ent r="6" t="242" w="233" /><ent r="7" t="242" w="239" /><ent r="7" t="242" w="245" /><ent r="1000" t="243" w="1" /><ent r="72" t="243" w="7" /><ent r="3" t="243" w="43" /><ent r="3" t="243" w="46" /><ent r="3" t="243" w="53" /><ent r="3" t="243" w="59" /><ent r="3" t="243" w="65" /><ent r="4" t="243" w="224" /><ent r="4" t="243" w="236" /><ent r="4" t="243" w="249" /><ent r="4" t="243" w="264" /><ent r="4" t="243" w="277" /><ent r="6" t="243" w="290" /><ent r="7" t="243" w="296" /><ent r="7" t="243" w="302" /><ent r="1000" t="244" w="1" /><ent r="72" t="244" w="7" /><ent r="3" t="244" w="33" /><ent r="3" t="244" w="36" /><ent r="3" t="244" w="43" /><ent r="3" t="244" w="49" /><ent r="3" t="244" w="55" /><ent r="3" t="244" w="62" /><ent r="3" t="244" w="68" /><ent r="4" t="244" w="244" /><ent r="4" t="244" w="391" /><ent r="4" t="244" w="472" /><ent r="4" t="244" w="484" /><ent r="4" t="244" w="497" /><ent r="4" t="244" w="512" /><ent r="4" t="244" w="526" /><ent r="4" t="244" w="539" /><ent r="6" t="244" w="552" /><ent r="7" t="244" w="558" /><ent r="7" t="244" w="564" /><ent r="1000" t="245" w="1" /><ent r="72" t="245" w="7" /><ent r="3" t="245" w="36" /><ent r="3" t="245" w="39" /><ent r="3" t="245" w="46" /><ent r="3" t="245" w="52" /><ent r="3" t="245" w="59" /><ent r="3" t="245" w="65" /><ent r="4" t="245" w="188" /><ent r="4" t="245" w="412" /><ent r="4" t="245" w="421" /><ent r="4" t="245" w="434" /><ent r="4" t="245" w="449" /><ent r="4" t="245" w="462" /><ent r="6" t="245" w="475" /><ent r="7" t="245" w="481" /><ent r="7" t="245" w="487" /><ent r="3" t="247" w="20" /><ent r="65" t="247" w="22" /><ent r="65" t="247" w="27" /><ent r="65" t="247" w="32" /><ent r="65" t="247" w="37" /><ent r="65" t="247" w="42" /><ent r="65" t="247" w="47" /><ent r="65" t="247" w="52" /><ent r="65" t="247" w="57" /><ent r="65" t="247" w="61" /><ent r="65" t="247" w="65" /><ent r="65" t="247" w="70" /><ent r="65" t="247" w="75" /><ent r="65" t="247" w="80" /><ent r="65" t="247" w="85" /><ent r="65" t="247" w="92" /><ent r="65" t="247" w="97" /><ent r="65" t="247" w="101" /><ent r="65" t="247" w="106" /><ent r="65" t="247" w="111" /><ent r="65" t="247" w="116" /><ent r="65" t="247" w="121" /><ent r="65" t="247" w="126" /><ent r="65" t="247" w="131" /><ent r="65" t="247" w="135" /><ent r="65" t="247" w="139" /><ent r="65" t="247" w="144" /><ent r="65" t="247" w="149" /><ent r="65" t="247" w="154" /><ent r="65" t="247" w="159" /><ent r="65" t="247" w="163" /><ent r="65" t="247" w="169" /><ent r="65" t="247" w="174" /><ent r="65" t="247" w="180" /><ent r="65" t="247" w="184" /><ent r="65" t="247" w="188" /><ent r="65" t="247" w="194" /><ent r="65" t="247" w="198" /><ent r="65" t="247" w="203" /><ent r="65" t="247" w="209" /><ent r="65" t="247" w="213" /><ent r="65" t="247" w="218" /><ent r="65" t="247" w="225" /><ent r="65" t="247" w="230" /><ent r="65" t="247" w="235" /><ent r="65" t="247" w="241" /><ent r="65" t="247" w="248" /><ent r="65" t="247" w="254" /><ent r="65" t="247" w="259" /><ent r="65" t="247" w="264" /><ent r="65" t="247" w="269" /><ent r="65" t="247" w="276" /><ent r="65" t="247" w="283" /><ent r="65" t="247" w="290" /><ent r="65" t="247" w="295" /><ent r="65" t="247" w="301" /><ent r="65" t="247" w="306" /><ent r="65" t="247" w="311" /><ent r="65" t="247" w="316" /><ent r="65" t="247" w="322" /><ent r="65" t="247" w="329" /><ent r="65" t="247" w="335" /><ent r="65" t="247" w="340" /><ent r="1000" t="248" w="1" /><ent r="72" t="248" w="6" /><ent r="3" t="248" w="37" /><ent r="6" t="248" w="47" /><ent r="1000" t="249" w="1" /><ent r="72" t="249" w="6" /><ent r="64" t="249" w="23" /><ent r="3" t="249" w="58" /><ent r="6" t="249" w="69" /><ent r="1000" t="250" w="1" /><ent r="72" t="250" w="6" /><ent r="4" t="250" w="13" /><ent r="4" t="250" w="36" /><ent r="4" t="250" w="46" /><ent r="3" t="250" w="55" /><ent r="3" t="250" w="61" /><ent r="3" t="250" w="71" /><ent r="3" t="250" w="81" /><ent r="3" t="250" w="90" /><ent r="3" t="250" w="98" /><ent r="3" t="250" w="109" /><ent r="3" t="250" w="123" /><ent r="3" t="250" w="134" /><ent r="3" t="250" w="146" /><ent r="6" t="250" w="156" /><ent r="1000" t="251" w="1" /><ent r="72" t="251" w="6" /><ent r="4" t="251" w="13" /><ent r="4" t="251" w="38" /><ent r="4" t="251" w="48" /><ent r="3" t="251" w="57" /><ent r="3" t="251" w="63" /><ent r="3" t="251" w="68" /><ent r="3" t="251" w="73" /><ent r="6" t="251" w="83" /><ent r="1000" t="252" w="1" /><ent r="72" t="252" w="6" /><ent r="4" t="252" w="13" /><ent r="4" t="252" w="29" /><ent r="3" t="252" w="134" /><ent r="3" t="252" w="188" /><ent r="6" t="252" w="268" /><ent r="1000" t="253" w="1" /><ent r="72" t="253" w="6" /><ent r="3" t="253" w="45" /><ent r="3" t="253" w="52" /><ent r="3" t="253" w="59" /><ent r="3" t="253" w="66" /><ent r="4" t="253" w="115" /><ent r="4" t="253" w="125" /><ent r="6" t="253" w="139" /><ent r="1000" t="254" w="1" /><ent r="72" t="254" w="6" /><ent r="3" t="254" w="25" /><ent r="3" t="254" w="29" /><ent r="4" t="254" w="44" /><ent r="6" t="254" w="111" /><ent r="1000" t="255" w="1" /><ent r="72" t="255" w="5" /><ent r="3" t="255" w="23" /><ent r="4" t="255" w="30" /><ent r="6" t="255" w="47" /><ent r="1000" t="256" w="1" /><ent r="72" t="256" w="5" /><ent r="3" t="256" w="22" /><ent r="4" t="256" w="29" /><ent r="6" t="256" w="70" /><ent r="1000" t="257" w="1" /><ent r="72" t="257" w="6" /><ent r="3" t="257" w="23" /><ent r="3" t="257" w="44" /><ent r="3" t="257" w="50" /><ent r="3" t="257" w="57" /><ent r="6" t="257" w="226" /><ent r="1000" t="258" w="1" /><ent r="72" t="258" w="6" /><ent r="3" t="258" w="22" /><ent r="3" t="258" w="33" /><ent r="6" t="258" w="56" /><ent r="1000" t="259" w="1" /><ent r="72" t="259" w="6" /><ent r="3" t="259" w="23" /><ent r="3" t="259" w="28" /><ent r="3" t="259" w="34" /><ent r="3" t="259" w="41" /><ent r="6" t="259" w="102" /><ent r="1000" t="260" w="1" /><ent r="72" t="260" w="6" /><ent r="3" t="260" w="22" /><ent r="3" t="260" w="33" /><ent r="6" t="260" w="56" /><ent r="1000" t="261" w="1" /><ent r="72" t="261" w="8" /><ent r="4" t="261" w="20" /><ent r="3" t="261" w="30" /><ent r="3" t="261" w="35" /><ent r="6" t="261" w="46" /><ent r="1000" t="262" w="1" /><ent r="72" t="262" w="6" /><ent r="6" t="262" w="36" /><ent r="1000" t="263" w="1" /><ent r="72" t="263" w="5" /><ent r="3" t="263" w="101" /><ent r="3" t="263" w="114" /><ent r="5" t="263" w="136" /><ent r="5" t="263" w="146" /><ent r="5" t="263" w="158" /><ent r="5" t="263" w="171" /><ent r="5" t="263" w="186" /><ent r="5" t="263" w="201" /><ent r="5" t="263" w="244" /><ent r="5" t="263" w="256" /><ent r="3" t="263" w="269" /><ent r="1000" t="264" w="1" /><ent r="72" t="264" w="8" /><ent r="3" t="264" w="27" /><ent r="3" t="264" w="33" /><ent r="3" t="264" w="39" /><ent r="3" t="264" w="46" /><ent r="6" t="264" w="73" /><ent r="1000" t="265" w="1" /><ent r="72" t="265" w="6" /><ent r="4" t="265" w="36" /><ent r="6" t="265" w="45" /><ent r="1000" t="266" w="1" /><ent r="72" t="266" w="6" /><ent r="4" t="266" w="11" /><ent r="4" t="266" w="41" /><ent r="3" t="266" w="49" /><ent r="3" t="266" w="56" /><ent r="3" t="266" w="64" /><ent r="3" t="266" w="68" /><ent r="6" t="266" w="78" /><ent r="1000" t="267" w="1" /><ent r="72" t="267" w="6" /><ent r="4" t="267" w="11" /><ent r="3" t="267" w="46" /><ent r="3" t="267" w="53" /><ent r="3" t="267" w="61" /><ent r="3" t="267" w="65" /><ent r="6" t="267" w="75" /><ent r="1000" t="268" w="1" /><ent r="72" t="268" w="6" /><ent r="4" t="268" w="29" /><ent r="6" t="268" w="39" /><ent r="1000" t="269" w="1" /><ent r="72" t="269" w="6" /><ent r="4" t="269" w="43" /><ent r="3" t="269" w="67" /><ent r="3" t="269" w="78" /><ent r="3" t="269" w="85" /><ent r="3" t="269" w="91" /><ent r="3" t="269" w="98" /><ent r="3" t="269" w="110" /><ent r="64" t="269" w="393" /><ent r="6" t="269" w="455" /><ent r="1000" t="270" w="1" /><ent r="72" t="270" w="5" /><ent r="4" t="270" w="9" /><ent r="3" t="270" w="26" /><ent r="3" t="270" w="33" /><ent r="3" t="270" w="40" /><ent r="3" t="270" w="44" /><ent r="6" t="270" w="53" /><ent r="1000" t="271" w="1" /><ent r="72" t="271" w="5" /><ent r="6" t="271" w="30" /><ent r="1000" t="272" w="1" /><ent r="72" t="272" w="6" /><ent r="4" t="272" w="11" /><ent r="4" t="272" w="40" /><ent r="3" t="272" w="49" /><ent r="3" t="272" w="57" /><ent r="3" t="272" w="65" /><ent r="3" t="272" w="70" /><ent r="6" t="272" w="80" /><ent r="1000" t="273" w="1" /><ent r="72" t="273" w="6" /><ent r="6" t="273" w="36" /><ent r="1000" t="274" w="1" /><ent r="72" t="274" w="6" /><ent r="4" t="274" w="24" /><ent r="4" t="274" w="30" /><ent r="3" t="274" w="66" /><ent r="3" t="274" w="72" /><ent r="3" t="274" w="82" /><ent r="3" t="274" w="94" /><ent r="6" t="274" w="166" /><ent r="1000" t="275" w="1" /><ent r="72" t="275" w="6" /><ent r="4" t="275" w="20" /><ent r="3" t="275" w="40" /><ent r="3" t="275" w="47" /><ent r="3" t="275" w="59" /><ent r="3" t="275" w="64" /><ent r="3" t="275" w="75" /><ent r="3" t="275" w="86" /><ent r="3" t="275" w="94" /><ent r="3" t="275" w="106" /><ent r="3" t="275" w="113" /><ent r="64" t="275" w="173" /><ent r="6" t="275" w="291" /><ent r="1000" t="276" w="1" /><ent r="72" t="276" w="5" /><ent r="4" t="276" w="27" /><ent r="4" t="276" w="40" /><ent r="3" t="276" w="54" /><ent r="3" t="276" w="60" /><ent r="3" t="276" w="67" /><ent r="3" t="276" w="72" /><ent r="6" t="276" w="117" /><ent r="1000" t="277" w="1" /><ent r="72" t="277" w="7" /><ent r="3" t="277" w="50" /><ent r="3" t="277" w="59" /><ent r="6" t="277" w="184" /><ent r="1000" t="278" w="1" /><ent r="72" t="278" w="6" /><ent r="3" t="278" w="96" /><ent r="3" t="278" w="114" /><ent r="3" t="278" w="122" /><ent r="6" t="278" w="199" /><ent r="1000" t="279" w="1" /><ent r="72" t="279" w="7" /><ent r="3" t="279" w="24" /><ent r="6" t="279" w="36" /><ent r="1000" t="280" w="1" /><ent r="72" t="280" w="5" /><ent r="4" t="280" w="16" /><ent r="3" t="280" w="32" /><ent r="4" t="280" w="47" /><ent r="6" t="280" w="55" /><ent r="1000" t="281" w="1" /><ent r="72" t="281" w="5" /><ent r="3" t="281" w="34" /><ent r="3" t="281" w="43" /><ent r="3" t="281" w="50" /><ent r="3" t="281" w="63" /><ent r="3" t="281" w="68" /><ent r="3" t="281" w="84" /><ent r="3" t="281" w="161" /><ent r="6" t="281" w="202" /><ent r="1000" t="282" w="1" /><ent r="72" t="282" w="7" /><ent r="3" t="282" w="28" /><ent r="3" t="282" w="32" /><ent r="3" t="282" w="36" /><ent r="6" t="282" w="47" /><ent r="1000" t="283" w="1" /><ent r="72" t="283" w="5" /><ent r="3" t="283" w="29" /><ent r="6" t="283" w="48" /><ent r="1000" t="284" w="1" /><ent r="72" t="284" w="6" /><ent r="3" t="284" w="23" /><ent r="3" t="284" w="33" /><ent r="6" t="284" w="56" /><ent r="1000" t="285" w="1" /><ent r="72" t="285" w="7" /><ent r="3" t="285" w="28" /><ent r="6" t="285" w="39" /><ent r="1000" t="286" w="1" /><ent r="72" t="286" w="5" /><ent r="3" t="286" w="19" /><ent r="6" t="286" w="28" /><ent r="1000" t="287" w="1" /><ent r="72" t="287" w="6" /><ent r="3" t="287" w="22" /><ent r="3" t="287" w="38" /><ent r="6" t="287" w="78" /><ent r="1000" t="288" w="1" /><ent r="72" t="288" w="8" /><ent r="3" t="288" w="39" /><ent r="3" t="288" w="46" /><ent r="6" t="288" w="58" /><ent r="1000" t="289" w="1" /><ent r="72" t="289" w="6" /><ent r="3" t="289" w="22" /><ent r="3" t="289" w="31" /><ent r="3" t="289" w="48" /><ent r="3" t="289" w="58" /><ent r="3" t="289" w="64" /><ent r="6" t="289" w="95" /><ent r="1000" t="290" w="1" /><ent r="72" t="290" w="6" /><ent r="3" t="290" w="27" /><ent r="6" t="290" w="37" /><ent r="1000" t="291" w="1" /><ent r="72" t="291" w="7" /><ent r="3" t="291" w="28" /><ent r="6" t="291" w="39" /><ent r="1000" t="292" w="1" /><ent r="72" t="292" w="6" /><ent r="4" t="292" w="15" /><ent r="3" t="292" w="63" /><ent r="3" t="292" w="66" /><ent r="3" t="292" w="74" /><ent r="3" t="292" w="88" /><ent r="3" t="292" w="97" /><ent r="3" t="292" w="106" /><ent r="3" t="292" w="115" /><ent r="4" t="292" w="187" /><ent r="4" t="292" w="193" /><ent r="4" t="292" w="208" /><ent r="4" t="292" w="221" /><ent r="4" t="292" w="242" /><ent r="6" t="292" w="272" /><ent r="1000" t="293" w="1" /><ent r="72" t="293" w="7" /><ent r="3" t="293" w="27" /><ent r="3" t="293" w="34" /><ent r="3" t="293" w="40" /><ent r="3" t="293" w="45" /><ent r="3" t="293" w="50" /><ent r="6" t="293" w="61" /><ent r="1000" t="294" w="1" /><ent r="72" t="294" w="6" /><ent r="3" t="294" w="33" /><ent r="3" t="294" w="39" /><ent r="3" t="294" w="46" /><ent r="3" t="294" w="53" /><ent r="6" t="294" w="101" /><ent r="1000" t="295" w="1" /><ent r="72" t="295" w="6" /><ent r="3" t="295" w="34" /><ent r="3" t="295" w="40" /><ent r="3" t="295" w="47" /><ent r="3" t="295" w="62" /><ent r="3" t="295" w="70" /><ent r="3" t="295" w="86" /><ent r="4" t="295" w="176" /><ent r="4" t="295" w="182" /><ent r="3" t="295" w="373" /><ent r="4" t="295" w="381" /><ent r="4" t="295" w="410" /><ent r="6" t="295" w="467" /><ent r="1000" t="296" w="1" /><ent r="72" t="296" w="6" /><ent r="3" t="296" w="33" /><ent r="3" t="296" w="39" /><ent r="3" t="296" w="44" /><ent r="3" t="296" w="51" /><ent r="3" t="296" w="65" /><ent r="3" t="296" w="208" /><ent r="4" t="296" w="216" /><ent r="4" t="296" w="245" /><ent r="3" t="296" w="277" /><ent r="3" t="296" w="284" /><ent r="4" t="296" w="314" /><ent r="3" t="296" w="488" /><ent r="4" t="296" w="496" /><ent r="4" t="296" w="525" /><ent r="6" t="296" w="539" /><ent r="1000" t="297" w="1" /><ent r="72" t="297" w="7" /><ent r="4" t="297" w="22" /><ent r="3" t="297" w="31" /><ent r="3" t="297" w="34" /><ent r="3" t="297" w="41" /><ent r="3" t="297" w="50" /><ent r="3" t="297" w="56" /><ent r="6" t="297" w="85" /><ent r="1000" t="298" w="1" /><ent r="72" t="298" w="7" /><ent r="4" t="298" w="22" /><ent r="3" t="298" w="31" /><ent r="3" t="298" w="34" /><ent r="3" t="298" w="41" /><ent r="3" t="298" w="50" /><ent r="3" t="298" w="57" /><ent r="3" t="298" w="65" /><ent r="3" t="298" w="73" /><ent r="3" t="298" w="79" /><ent r="6" t="298" w="92" /><ent r="1000" t="299" w="1" /><ent r="72" t="299" w="7" /><ent r="4" t="299" w="22" /><ent r="3" t="299" w="31" /><ent r="3" t="299" w="34" /><ent r="3" t="299" w="41" /><ent r="3" t="299" w="50" /><ent r="3" t="299" w="61" /><ent r="3" t="299" w="67" /><ent r="6" t="299" w="85" /><ent r="1000" t="300" w="1" /><ent r="72" t="300" w="6" /><ent r="3" t="300" w="28" /><ent r="3" t="300" w="44" /><ent r="3" t="300" w="49" /><ent r="6" t="300" w="68" /><ent r="1000" t="301" w="1" /><ent r="72" t="301" w="6" /><ent r="3" t="301" w="19" /><ent r="3" t="301" w="48" /><ent r="6" t="301" w="92" /><ent r="1000" t="302" w="1" /><ent r="72" t="302" w="6" /><ent r="3" t="302" w="25" /><ent r="3" t="302" w="31" /><ent r="3" t="302" w="38" /><ent r="3" t="302" w="44" /><ent r="3" t="302" w="93" /><ent r="6" t="302" w="110" /><ent r="1000" t="303" w="1" /><ent r="72" t="303" w="6" /><ent r="3" t="303" w="25" /><ent r="3" t="303" w="31" /><ent r="3" t="303" w="38" /><ent r="3" t="303" w="46" /><ent r="3" t="303" w="51" /><ent r="3" t="303" w="87" /><ent r="3" t="303" w="159" /><ent r="6" t="303" w="294" /><ent r="1000" t="304" w="1" /><ent r="72" t="304" w="6" /><ent r="3" t="304" w="25" /><ent r="3" t="304" w="34" /><ent r="3" t="304" w="39" /><ent r="3" t="304" w="47" /><ent r="3" t="304" w="56" /><ent r="6" t="304" w="193" /><ent r="1000" t="305" w="1" /><ent r="72" t="305" w="7" /><ent r="3" t="305" w="32" /><ent r="3" t="305" w="39" /><ent r="3" t="305" w="56" /><ent r="3" t="305" w="69" /><ent r="6" t="305" w="169" /><ent r="1000" t="306" w="1" /><ent r="72" t="306" w="8" /><ent r="3" t="306" w="34" /><ent r="3" t="306" w="42" /><ent r="3" t="306" w="55" /><ent r="3" t="306" w="60" /><ent r="3" t="306" w="72" /><ent r="3" t="306" w="84" /><ent r="3" t="306" w="92" /><ent r="3" t="306" w="99" /><ent r="3" t="306" w="128" /><ent r="6" t="306" w="192" /><ent r="1000" t="307" w="1" /><ent r="72" t="307" w="7" /><ent r="3" t="307" w="33" /><ent r="3" t="307" w="40" /><ent r="3" t="307" w="45" /><ent r="3" t="307" w="50" /><ent r="4" t="307" w="59" /><ent r="4" t="307" w="71" /><ent r="6" t="307" w="87" /><ent r="1000" t="308" w="1" /><ent r="72" t="308" w="6" /><ent r="3" t="308" w="25" /><ent r="3" t="308" w="33" /><ent r="3" t="308" w="36" /><ent r="3" t="308" w="42" /><ent r="3" t="308" w="50" /><ent r="3" t="308" w="63" /><ent r="3" t="308" w="66" /><ent r="6" t="308" w="81" /><ent r="1000" t="309" w="1" /><ent r="72" t="309" w="7" /><ent r="3" t="309" w="19" /><ent r="3" t="309" w="30" /><ent r="3" t="309" w="36" /><ent r="3" t="309" w="39" /><ent r="3" t="309" w="44" /><ent r="3" t="309" w="49" /><ent r="3" t="309" w="52" /><ent r="3" t="309" w="57" /><ent r="4" t="309" w="65" /><ent r="3" t="309" w="69" /><ent r="4" t="309" w="74" /><ent r="3" t="309" w="80" /><ent r="4" t="309" w="93" /><ent r="3" t="309" w="111" /><ent r="4" t="309" w="115" /><ent r="3" t="309" w="119" /><ent r="4" t="309" w="124" /><ent r="3" t="309" w="130" /><ent r="6" t="309" w="150" /><ent r="6" t="310" w="19" /><ent r="6" t="310" w="25" /><ent r="6" t="310" w="35" /><ent r="6" t="310" w="47" /><ent r="6" t="310" w="66" /><ent r="6" t="310" w="82" /><ent r="6" t="310" w="99" /><ent r="6" t="310" w="131" /><ent r="6" t="310" w="150" /><ent r="6" t="310" w="165" /><ent r="6" t="310" w="180" /><ent r="6" t="310" w="192" /><ent r="6" t="310" w="234" /><ent r="6" t="310" w="250" /><ent r="6" t="310" w="264" /><ent r="6" t="310" w="277" /><ent r="6" t="310" w="291" /><ent r="6" t="310" w="303" /><ent r="6" t="310" w="326" /><ent r="6" t="310" w="357" /><ent r="6" t="310" w="368" /><ent r="6" t="310" w="382" /><ent r="6" t="310" w="394" /><ent r="6" t="310" w="405" /><ent r="7" t="310" w="418" /><ent r="6" t="310" w="433" /><ent r="6" t="310" w="457" /><ent r="6" t="310" w="471" /><ent r="6" t="310" w="485" /><ent r="6" t="310" w="497" /><ent r="6" t="310" w="510" /><ent r="6" t="310" w="530" /><ent r="6" t="310" w="551" /><ent r="6" t="310" w="563" /><ent r="6" t="310" w="583" /><ent r="6" t="310" w="598" /><ent r="6" t="310" w="613" /><ent r="6" t="310" w="630" /><ent r="6" t="310" w="661" /><ent r="6" t="310" w="668" /><ent r="6" t="310" w="676" /><ent r="6" t="310" w="692" /><ent r="6" t="310" w="709" /><ent r="6" t="310" w="723" /><ent r="6" t="310" w="742" /><ent r="6" t="310" w="764" /><ent r="6" t="310" w="778" /><ent r="6" t="310" w="792" /><ent r="6" t="310" w="809" /><ent r="6" t="310" w="825" /><ent r="6" t="312" w="78" /><ent r="5" t="312" w="124" /><ent r="6" t="312" w="151" /><ent r="6" t="312" w="290" /><ent r="6" t="313" w="61" /><ent r="4" t="315" w="125" /><ent r="5" t="315" w="131" /><ent r="5" t="315" w="483" /><ent r="5" t="315" w="488" /><ent r="6" t="316" w="41" /><ent r="4" t="316" w="516" /></phr></stem></index>