<?xml version="1.0" encoding="utf-8"?><index><stem n="estoppel"><phr n="estoppel"><ent r="3" t="1" w="13" /></phr></stem><stem n="otherwis"><phr n="otherwise"><ent r="3" t="1" w="15" /><ent r="3" t="26" w="546" /><ent r="3" t="41" w="39" /><ent r="4" t="42" w="379" /><ent r="3" t="50" w="45" /><ent r="3" t="53" w="18" /><ent r="3" t="58" w="885" /><ent r="3" t="73" w="103" /><ent r="3" t="74" w="319" /><ent r="3" t="142" w="168" /><ent r="3" t="179" w="153" /><ent r="3" t="183" w="311" /><ent r="3" t="207" w="250" /><ent r="3" t="214" w="283" /><ent r="3" t="250" w="40" /><ent r="3" t="251" w="42" /><ent r="3" t="257" w="162" /><ent r="3" t="316" w="24" /></phr></stem><stem n="ani"><phr n="any"><ent r="3" t="1" w="17" /><ent r="3" t="1" w="53" /><ent r="6" t="1" w="269" /><ent r="3" t="6" w="227" /><ent r="3" t="8" w="82" /><ent r="5" t="11" w="59" /><ent r="3" t="15" w="229" /><ent r="4" t="17" w="86" /><ent r="3" t="17" w="232" /><ent r="3" t="17" w="325" /><ent r="3" t="17" w="360" /><ent r="3" t="26" w="429" /><ent r="5" t="27" w="68" /><ent r="3" t="34" w="344" /><ent r="3" t="36" w="242" /><ent r="3" t="36" w="272" /><ent r="3" t="39" w="20" /><ent r="4" t="39" w="232" /><ent r="4" t="43" w="279" /><ent r="4" t="43" w="507" /><ent r="3" t="46" w="18" /><ent r="3" t="46" w="23" /><ent r="3" t="46" w="75" /><ent r="4" t="46" w="95" /><ent r="3" t="47" w="21" /><ent r="3" t="51" w="96" /><ent r="3" t="51" w="124" /><ent r="3" t="51" w="290" /><ent r="3" t="51" w="347" /><ent r="3" t="58" w="432" /><ent r="3" t="59" w="107" /><ent r="3" t="59" w="281" /><ent r="4" t="59" w="431" /><ent r="4" t="59" w="685" /><ent r="4" t="64" w="123" /><ent r="3" t="65" w="29" /><ent r="3" t="72" w="39" /><ent r="3" t="77" w="62" /><ent r="3" t="77" w="101" /><ent r="3" t="81" w="11" /><ent r="3" t="83" w="38" /><ent r="4" t="99" w="79" /><ent r="3" t="99" w="746" /><ent r="3" t="101" w="93" /><ent r="3" t="101" w="172" /><ent r="4" t="123" w="182" /><ent r="3" t="142" w="58" /><ent r="54" t="145" w="64" /><ent r="4" t="145" w="118" /><ent r="3" t="152" w="116" /><ent r="3" t="154" w="320" /><ent r="3" t="155" w="256" /><ent r="3" t="156" w="478" /><ent r="3" t="157" w="347" /><ent r="3" t="180" w="82" /><ent r="3" t="184" w="115" /><ent r="3" t="187" w="248" /><ent r="3" t="191" w="155" /><ent r="3" t="195" w="86" /><ent r="3" t="195" w="178" /><ent r="3" t="195" w="223" /><ent r="4" t="196" w="149" /><ent r="3" t="196" w="306" /><ent r="3" t="201" w="371" /><ent r="3" t="202" w="543" /><ent r="3" t="203" w="417" /><ent r="3" t="204" w="253" /><ent r="3" t="205" w="422" /><ent r="3" t="206" w="229" /><ent r="3" t="208" w="260" /><ent r="3" t="215" w="291" /><ent r="3" t="221" w="310" /><ent r="3" t="230" w="98" /><ent r="3" t="231" w="132" /><ent r="4" t="232" w="124" /><ent r="3" t="232" w="218" /><ent r="3" t="232" w="553" /><ent r="3" t="232" w="592" /><ent r="3" t="233" w="115" /><ent r="3" t="233" w="460" /><ent r="3" t="233" w="499" /><ent r="3" t="234" w="88" /><ent r="3" t="235" w="103" /><ent r="3" t="236" w="101" /><ent r="3" t="241" w="169" /><ent r="3" t="242" w="184" /><ent r="3" t="243" w="241" /><ent r="3" t="244" w="489" /><ent r="3" t="245" w="426" /><ent r="3" t="250" w="128" /><ent r="3" t="269" w="25" /><ent r="4" t="316" w="556" /></phr></stem><stem n="intellectu"><phr n="intellectual"><ent r="3" t="1" w="18" /></phr></stem><stem n="properti"><phr n="property"><ent r="3" t="1" w="19" /><ent r="3" t="1" w="338" /><ent r="3" t="135" w="34" /><ent r="3" t="166" w="151" /><ent r="3" t="167" w="151" /><ent r="3" t="230" w="26" /><ent r="3" t="230" w="50" /><ent r="4" t="230" w="57" /><ent r="3" t="230" w="69" /><ent r="3" t="230" w="88" /><ent r="3" t="230" w="134" /><ent r="3" t="288" w="16" /><ent r="3" t="296" w="272" /><ent r="3" t="296" w="288" /><ent r="3" t="305" w="143" /><ent r="6" t="318" w="55" /><ent r="6" t="318" w="99" /></phr><phr n="Properties"><ent r="1000" t="5" w="4" /><ent r="92" t="5" w="12" /><ent r="3" t="17" w="429" /><ent r="4" t="19" w="61" /><ent r="3" t="25" w="48" /><ent r="3" t="26" w="506" /><ent r="3" t="32" w="116" /><ent r="5" t="32" w="132" /><ent r="6" t="32" w="138" /><ent r="6" t="32" w="140" /><ent r="3" t="78" w="71" /><ent r="3" t="99" w="702" /><ent r="3" t="99" w="717" /><ent r="3" t="127" w="229" /><ent r="3" t="221" w="461" /></phr></stem><stem n="right"><phr n="rights"><ent r="3" t="1" w="20" /><ent r="3" t="104" w="11" /><ent r="3" t="109" w="28" /></phr><phr n="Right"><ent r="4" t="12" w="15" /><ent r="3" t="14" w="97" /><ent r="3" t="16" w="90" /><ent r="3" t="17" w="159" /><ent r="3" t="19" w="48" /><ent r="4" t="32" w="122" /><ent r="6" t="69" w="148" /><ent r="6" t="69" w="161" /><ent r="6" t="69" w="176" /><ent r="4" t="234" w="129" /><ent r="3" t="234" w="138" /><ent r="4" t="235" w="144" /><ent r="3" t="235" w="153" /><ent r="6" t="310" w="747" /><ent r="6" t="310" w="756" /><ent r="6" t="320" w="142" /></phr></stem><stem n="grant"><phr n="granted"><ent r="3" t="1" w="22" /><ent r="4" t="79" w="117" /><ent r="4" t="87" w="306" /><ent r="4" t="93" w="156" /><ent r="4" t="97" w="299" /><ent r="4" t="103" w="186" /><ent r="4" t="112" w="130" /></phr><phr n="grant"><ent r="3" t="72" w="52" /></phr></stem><stem n="document"><phr n="document"><ent r="3" t="1" w="25" /><ent r="3" t="1" w="69" /><ent r="3" t="1" w="175" /><ent r="3" t="3" w="38" /><ent r="3" t="80" w="149" /><ent r="3" t="104" w="43" /><ent r="3" t="104" w="71" /><ent r="3" t="104" w="81" /><ent r="3" t="104" w="85" /><ent r="3" t="104" w="107" /></phr><phr n="documents"><ent r="3" t="1" w="164" /></phr><phr n="documentation"><ent r="4" t="97" w="247" /></phr></stem><stem n="disclaim"><phr n="disclaims"><ent r="3" t="1" w="28" /></phr></stem><stem n="warranti"><phr n="warranties"><ent r="3" t="1" w="33" /><ent r="3" t="1" w="39" /></phr><phr n="warranty"><ent r="3" t="1" w="54" /></phr></stem><stem n="includ"><phr n="including"><ent r="3" t="1" w="34" /><ent r="4" t="6" w="71" /><ent r="6" t="7" w="180" /><ent r="3" t="8" w="15" /><ent r="3" t="26" w="421" /><ent r="3" t="35" w="32" /><ent r="7" t="39" w="379" /><ent r="7" t="39" w="400" /><ent r="4" t="42" w="237" /><ent r="4" t="42" w="267" /><ent r="4" t="43" w="274" /><ent r="3" t="48" w="63" /><ent r="3" t="55" w="80" /><ent r="3" t="77" w="28" /><ent r="3" t="93" w="168" /><ent r="3" t="96" w="125" /><ent r="4" t="123" w="185" /><ent r="4" t="129" w="96" /><ent r="3" t="144" w="73" /><ent r="3" t="145" w="25" /><ent r="3" t="148" w="12" /><ent r="3" t="245" w="331" /></phr><phr n="includes"><ent r="5" t="23" w="58" /><ent r="6" t="28" w="68" /><ent r="3" t="38" w="63" /><ent r="3" t="67" w="198" /><ent r="3" t="85" w="27" /><ent r="3" t="97" w="45" /><ent r="3" t="97" w="122" /><ent r="3" t="97" w="136" /><ent r="3" t="97" w="168" /><ent r="3" t="97" w="336" /><ent r="3" t="98" w="331" /><ent r="3" t="101" w="60" /><ent r="3" t="113" w="114" /><ent r="3" t="114" w="22" /><ent r="3" t="137" w="16" /><ent r="3" t="145" w="16" /><ent r="3" t="146" w="14" /><ent r="3" t="146" w="25" /><ent r="3" t="198" w="216" /><ent r="3" t="202" w="754" /><ent r="3" t="205" w="598" /><ent r="3" t="239" w="290" /><ent r="3" t="244" w="324" /><ent r="3" t="244" w="402" /><ent r="3" t="245" w="268" /><ent r="3" t="277" w="77" /><ent r="3" t="277" w="136" /><ent r="3" t="295" w="327" /><ent r="3" t="296" w="162" /><ent r="3" t="296" w="442" /><ent r="3" t="303" w="261" /><ent r="3" t="304" w="150" /></phr><phr n="included"><ent r="3" t="25" w="111" /><ent r="7" t="39" w="425" /><ent r="55" t="44" w="263" /><ent r="3" t="47" w="41" /><ent r="3" t="49" w="30" /><ent r="6" t="49" w="69" /><ent r="6" t="49" w="149" /><ent r="3" t="51" w="229" /><ent r="3" t="53" w="33" /><ent r="3" t="53" w="51" /><ent r="3" t="53" w="63" /><ent r="3" t="77" w="228" /><ent r="3" t="98" w="301" /><ent r="4" t="99" w="635" /><ent r="3" t="142" w="135" /><ent r="3" t="146" w="34" /><ent r="3" t="146" w="197" /><ent r="3" t="269" w="370" /><ent r="3" t="269" w="429" /><ent r="3" t="315" w="32" /></phr></stem><stem n="without"><phr n="without"><ent r="3" t="1" w="35" /><ent r="3" t="1" w="88" /><ent r="5" t="23" w="130" /><ent r="7" t="35" w="663" /><ent r="3" t="36" w="241" /><ent r="3" t="37" w="50" /><ent r="4" t="43" w="278" /><ent r="3" t="46" w="73" /><ent r="3" t="59" w="280" /><ent r="3" t="69" w="332" /><ent r="3" t="69" w="364" /><ent r="3" t="73" w="33" /><ent r="3" t="74" w="122" /><ent r="3" t="88" w="43" /><ent r="3" t="101" w="92" /><ent r="3" t="183" w="102" /><ent r="3" t="190" w="211" /></phr></stem><stem n="limit"><phr n="limitation"><ent r="3" t="1" w="36" /><ent r="4" t="68" w="194" /><ent r="4" t="68" w="232" /></phr><phr n="limit"><ent r="3" t="4" w="126" /><ent r="4" t="111" w="83" /><ent r="3" t="232" w="492" /><ent r="3" t="233" w="402" /><ent r="3" t="234" w="385" /><ent r="3" t="235" w="400" /><ent r="6" t="310" w="788" /></phr><phr n="limited"><ent r="3" t="4" w="149" /><ent r="3" t="6" w="113" /><ent r="7" t="39" w="293" /><ent r="7" t="39" w="582" /><ent r="7" t="39" w="633" /><ent r="3" t="66" w="40" /><ent r="3" t="126" w="31" /><ent r="3" t="146" w="55" /><ent r="3" t="169" w="187" /><ent r="3" t="170" w="118" /><ent r="6" t="316" w="67" /></phr><phr n="limitations"><ent r="3" t="39" w="39" /><ent r="3" t="39" w="274" /><ent r="3" t="42" w="594" /></phr><phr n="limits"><ent r="3" t="191" w="88" /><ent r="3" t="232" w="510" /><ent r="3" t="233" w="420" /><ent r="3" t="237" w="210" /><ent r="3" t="238" w="290" /><ent r="3" t="292" w="240" /></phr><phr n="limiting"><ent r="3" t="232" w="478" /><ent r="3" t="233" w="388" /><ent r="3" t="234" w="371" /><ent r="3" t="235" w="386" /></phr></stem><stem n="merchant"><phr n="merchantability"><ent r="3" t="1" w="41" /></phr></stem><stem n="fit"><phr n="fitness"><ent r="3" t="1" w="42" /></phr><phr n="fit"><ent r="3" t="6" w="213" /><ent r="3" t="59" w="41" /><ent r="4" t="137" w="113" /></phr></stem><stem n="particular"><phr n="particular"><ent r="3" t="1" w="45" /><ent r="4" t="42" w="151" /><ent r="3" t="59" w="147" /><ent r="3" t="133" w="160" /><ent r="3" t="212" w="575" /><ent r="3" t="213" w="600" /><ent r="4" t="269" w="254" /></phr></stem><stem n="purpos"><phr n="purpose"><ent r="3" t="1" w="46" /><ent r="4" t="43" w="78" /><ent r="3" t="63" w="47" /><ent r="3" t="252" w="212" /><ent r="3" t="252" w="244" /><ent r="4" t="316" w="602" /></phr><phr n="purposes"><ent r="3" t="8" w="80" /><ent r="3" t="40" w="89" /><ent r="3" t="40" w="111" /><ent r="3" t="149" w="270" /></phr></stem><stem n="non-infring"><phr n="non-infringement"><ent r="3" t="1" w="48" /></phr></stem><stem n="infring"><phr n="infringement"><ent r="3" t="1" w="49" /></phr></stem><stem n="-infringement,"><phr n="-infringement,"><ent r="3" t="1" w="50" /><ent r="3" t="1" w="50" /></phr></stem><stem n="well"><phr n="well"><ent r="3" t="1" w="51" /><ent r="3" t="3" w="50" /><ent r="3" t="43" w="229" /><ent r="4" t="43" w="505" /><ent r="3" t="62" w="80" /><ent r="3" t="64" w="97" /><ent r="3" t="68" w="161" /><ent r="3" t="85" w="102" /><ent r="3" t="98" w="306" /><ent r="3" t="124" w="37" /><ent r="3" t="142" w="208" /><ent r="3" t="151" w="18" /><ent r="3" t="154" w="161" /><ent r="3" t="154" w="244" /><ent r="3" t="198" w="224" /><ent r="3" t="201" w="586" /><ent r="3" t="212" w="358" /><ent r="3" t="213" w="362" /><ent r="3" t="221" w="353" /><ent r="4" t="232" w="108" /><ent r="4" t="241" w="143" /><ent r="4" t="243" w="115" /><ent r="4" t="243" w="160" /><ent r="4" t="243" w="211" /><ent r="4" t="244" w="120" /><ent r="4" t="244" w="172" /><ent r="4" t="244" w="223" /><ent r="4" t="244" w="369" /><ent r="4" t="244" w="459" /><ent r="4" t="245" w="117" /><ent r="4" t="245" w="167" /><ent r="4" t="245" w="313" /><ent r="4" t="245" w="399" /><ent r="4" t="269" w="276" /></phr></stem><stem n="aris"><phr n="arising"><ent r="3" t="1" w="55" /></phr></stem><stem n="cours"><phr n="course"><ent r="3" t="1" w="57" /><ent r="3" t="1" w="60" /><ent r="3" t="123" w="163" /><ent r="3" t="161" w="270" /><ent r="3" t="161" w="325" /><ent r="4" t="162" w="385" /></phr></stem><stem n="perform"><phr n="performance"><ent r="3" t="1" w="59" /><ent r="3" t="8" w="93" /><ent r="66" t="23" w="80" /><ent r="5" t="23" w="93" /><ent r="1000" t="35" w="1" /><ent r="92" t="35" w="6" /><ent r="3" t="35" w="28" /><ent r="3" t="35" w="131" /><ent r="4" t="35" w="234" /><ent r="7" t="39" w="604" /><ent r="3" t="58" w="884" /><ent r="3" t="76" w="128" /><ent r="3" t="146" w="165" /><ent r="65" t="146" w="220" /><ent r="4" t="316" w="740" /></phr><phr n="performs"><ent r="6" t="5" w="139" /><ent r="3" t="193" w="13" /><ent r="4" t="193" w="44" /><ent r="3" t="193" w="192" /><ent r="5" t="193" w="301" /><ent r="3" t="194" w="13" /><ent r="4" t="194" w="47" /><ent r="3" t="194" w="208" /><ent r="5" t="194" w="317" /><ent r="3" t="197" w="143" /><ent r="3" t="207" w="16" /><ent r="3" t="207" w="202" /><ent r="3" t="209" w="13" /><ent r="3" t="212" w="13" /><ent r="3" t="213" w="13" /><ent r="3" t="214" w="19" /><ent r="3" t="214" w="248" /><ent r="3" t="216" w="13" /><ent r="3" t="219" w="16" /><ent r="3" t="220" w="16" /><ent r="6" t="312" w="200" /></phr><phr n="perform"><ent r="4" t="13" w="76" /><ent r="3" t="16" w="62" /><ent r="4" t="42" w="632" /><ent r="6" t="59" w="854" /><ent r="6" t="59" w="867" /><ent r="3" t="93" w="40" /><ent r="4" t="104" w="157" /><ent r="4" t="106" w="90" /><ent r="4" t="107" w="161" /><ent r="4" t="109" w="81" /><ent r="4" t="111" w="96" /><ent r="3" t="127" w="34" /><ent r="4" t="134" w="133" /><ent r="4" t="134" w="197" /><ent r="5" t="193" w="279" /><ent r="5" t="194" w="295" /><ent r="3" t="208" w="60" /><ent r="3" t="208" w="109" /><ent r="3" t="209" w="152" /><ent r="3" t="210" w="82" /><ent r="3" t="211" w="70" /><ent r="3" t="215" w="61" /><ent r="3" t="215" w="144" /><ent r="3" t="216" w="154" /><ent r="3" t="217" w="80" /><ent r="3" t="218" w="72" /><ent r="3" t="221" w="142" /><ent r="3" t="222" w="93" /><ent r="3" t="223" w="211" /><ent r="3" t="224" w="187" /><ent r="3" t="224" w="436" /><ent r="3" t="225" w="101" /><ent r="3" t="225" w="133" /><ent r="3" t="226" w="163" /><ent r="3" t="227" w="193" /><ent r="6" t="310" w="837" /></phr><phr n="performed"><ent r="3" t="40" w="34" /><ent r="3" t="40" w="39" /><ent r="4" t="59" w="433" /><ent r="4" t="59" w="687" /><ent r="3" t="84" w="48" /><ent r="3" t="127" w="132" /><ent r="3" t="127" w="151" /><ent r="3" t="207" w="153" /><ent r="3" t="208" w="40" /><ent r="3" t="208" w="245" /><ent r="3" t="212" w="347" /><ent r="3" t="213" w="351" /><ent r="3" t="214" w="194" /><ent r="3" t="215" w="40" /><ent r="3" t="215" w="276" /><ent r="3" t="221" w="156" /><ent r="3" t="221" w="293" /><ent r="3" t="222" w="107" /><ent r="3" t="223" w="225" /><ent r="3" t="224" w="201" /><ent r="3" t="225" w="147" /><ent r="3" t="225" w="190" /><ent r="3" t="226" w="177" /><ent r="3" t="227" w="207" /><ent r="3" t="227" w="240" /><ent r="3" t="232" w="487" /><ent r="3" t="233" w="397" /><ent r="3" t="234" w="380" /><ent r="3" t="235" w="395" /><ent r="3" t="278" w="50" /><ent r="4" t="316" w="668" /></phr><phr n="performing"><ent r="3" t="208" w="121" /><ent r="3" t="208" w="209" /><ent r="3" t="209" w="164" /><ent r="3" t="209" w="210" /><ent r="3" t="210" w="94" /><ent r="3" t="210" w="183" /><ent r="3" t="211" w="82" /><ent r="3" t="211" w="129" /><ent r="3" t="215" w="158" /><ent r="3" t="215" w="237" /><ent r="3" t="216" w="166" /><ent r="3" t="216" w="229" /><ent r="3" t="217" w="92" /><ent r="3" t="217" w="233" /><ent r="3" t="218" w="84" /><ent r="3" t="218" w="130" /></phr></stem><stem n="deal"><phr n="dealing"><ent r="3" t="1" w="62" /></phr></stem><stem n="usag"><phr n="usage"><ent r="3" t="1" w="64" /><ent r="5" t="23" w="108" /><ent r="3" t="24" w="151" /><ent r="3" t="36" w="38" /><ent r="3" t="36" w="65" /><ent r="3" t="36" w="76" /><ent r="3" t="36" w="90" /><ent r="3" t="36" w="211" /><ent r="3" t="66" w="62" /><ent r="3" t="67" w="215" /><ent r="3" t="94" w="138" /><ent r="4" t="105" w="33" /><ent r="4" t="105" w="36" /><ent r="4" t="107" w="22" /><ent r="4" t="110" w="37" /><ent r="3" t="127" w="209" /><ent r="4" t="137" w="89" /></phr><phr n="usages"><ent r="3" t="104" w="15" /><ent r="4" t="127" w="246" /></phr></stem><stem n="trade"><phr n="trade"><ent r="3" t="1" w="66" /><ent r="3" t="58" w="881" /></phr></stem><stem n="contain"><phr n="contains"><ent r="3" t="1" w="70" /><ent r="3" t="14" w="93" /><ent r="3" t="16" w="86" /><ent r="3" t="17" w="144" /><ent r="3" t="17" w="224" /><ent r="4" t="24" w="97" /><ent r="4" t="24" w="111" /><ent r="4" t="24" w="125" /><ent r="4" t="24" w="139" /><ent r="3" t="25" w="46" /><ent r="6" t="28" w="101" /><ent r="4" t="39" w="231" /><ent r="6" t="43" w="545" /><ent r="3" t="74" w="36" /><ent r="4" t="82" w="95" /><ent r="3" t="98" w="291" /><ent r="3" t="112" w="135" /><ent r="3" t="112" w="187" /><ent r="3" t="113" w="83" /><ent r="3" t="121" w="68" /><ent r="3" t="123" w="148" /><ent r="54" t="133" w="395" /><ent r="3" t="149" w="968" /><ent r="3" t="160" w="39" /><ent r="3" t="196" w="99" /><ent r="3" t="196" w="202" /><ent r="3" t="197" w="68" /><ent r="3" t="209" w="38" /><ent r="3" t="216" w="40" /><ent r="3" t="231" w="261" /><ent r="3" t="231" w="271" /><ent r="3" t="241" w="120" /><ent r="3" t="242" w="96" /><ent r="4" t="242" w="154" /><ent r="3" t="250" w="19" /><ent r="3" t="251" w="19" /><ent r="3" t="252" w="19" /><ent r="3" t="253" w="16" /><ent r="3" t="253" w="81" /><ent r="3" t="275" w="25" /><ent r="3" t="276" w="12" /><ent r="3" t="277" w="15" /><ent r="3" t="278" w="184" /><ent r="6" t="310" w="257" /></phr><phr n="contain"><ent r="3" t="1" w="110" /><ent r="3" t="17" w="411" /><ent r="4" t="43" w="89" /><ent r="3" t="44" w="169" /><ent r="3" t="58" w="937" /><ent r="55" t="75" w="116" /><ent r="3" t="123" w="68" /><ent r="4" t="316" w="597" /></phr><phr n="contained"><ent r="4" t="24" w="351" /><ent r="6" t="312" w="257" /><ent r="4" t="316" w="609" /></phr><phr n="containing"><ent r="6" t="26" w="376" /><ent r="6" t="26" w="400" /><ent r="6" t="30" w="161" /><ent r="4" t="31" w="70" /><ent r="3" t="43" w="214" /><ent r="3" t="74" w="18" /><ent r="3" t="98" w="95" /><ent r="3" t="151" w="59" /><ent r="3" t="257" w="207" /><ent r="3" t="259" w="83" /><ent r="3" t="276" w="84" /><ent r="3" t="278" w="15" /><ent r="6" t="313" w="72" /></phr></stem><stem n="product"><phr n="products"><ent r="3" t="1" w="73" /><ent r="3" t="1" w="105" /></phr><phr n="product"><ent r="6" t="1" w="282" /><ent r="6" t="1" w="307" /><ent r="7" t="14" w="178" /><ent r="6" t="14" w="183" /><ent r="3" t="63" w="62" /><ent r="3" t="63" w="125" /><ent r="6" t="74" w="160" /><ent r="3" t="123" w="100" /><ent r="3" t="149" w="950" /><ent r="3" t="244" w="406" /><ent r="3" t="245" w="335" /><ent r="3" t="273" w="19" /><ent r="3" t="275" w="239" /><ent r="3" t="306" w="170" /><ent r="6" t="310" w="313" /></phr><phr n="Production"><ent r="6" t="5" w="96" /><ent r="5" t="27" w="166" /><ent r="5" t="27" w="352" /><ent r="3" t="68" w="78" /><ent r="4" t="101" w="407" /></phr></stem><stem n="servic"><phr n="services"><ent r="3" t="1" w="74" /><ent r="3" t="1" w="107" /><ent r="3" t="22" w="62" /><ent r="4" t="42" w="351" /><ent r="4" t="42" w="355" /><ent r="6" t="49" w="129" /><ent r="3" t="97" w="95" /><ent r="4" t="99" w="181" /><ent r="4" t="99" w="293" /><ent r="4" t="99" w="631" /><ent r="4" t="99" w="643" /><ent r="3" t="120" w="21" /><ent r="3" t="130" w="47" /><ent r="3" t="135" w="28" /><ent r="3" t="135" w="32" /><ent r="4" t="157" w="106" /><ent r="4" t="157" w="164" /><ent r="3" t="159" w="153" /></phr><phr n="service"><ent r="3" t="1" w="148" /><ent r="57" t="7" w="46" /><ent r="6" t="7" w="98" /><ent r="6" t="7" w="113" /><ent r="6" t="7" w="165" /><ent r="6" t="7" w="174" /><ent r="6" t="7" w="211" /><ent r="6" t="7" w="231" /><ent r="4" t="21" w="66" /><ent r="4" t="21" w="77" /><ent r="57" t="49" w="118" /><ent r="7" t="49" w="145" /><ent r="57" t="49" w="158" /><ent r="6" t="49" w="176" /><ent r="6" t="49" w="187" /><ent r="4" t="50" w="27" /><ent r="4" t="50" w="135" /><ent r="4" t="92" w="85" /><ent r="3" t="97" w="89" /><ent r="4" t="97" w="213" /><ent r="4" t="97" w="223" /><ent r="4" t="97" w="246" /><ent r="3" t="97" w="381" /><ent r="3" t="97" w="397" /><ent r="4" t="99" w="35" /><ent r="56" t="99" w="44" /><ent r="4" t="99" w="50" /><ent r="4" t="99" w="86" /><ent r="3" t="99" w="112" /><ent r="3" t="99" w="119" /><ent r="4" t="99" w="506" /><ent r="3" t="99" w="688" /><ent r="3" t="99" w="720" /><ent r="3" t="99" w="726" /><ent r="1000" t="101" w="5" /><ent r="72" t="101" w="12" /><ent r="3" t="101" w="22" /><ent r="3" t="101" w="75" /><ent r="3" t="101" w="170" /><ent r="4" t="101" w="226" /><ent r="3" t="101" w="267" /><ent r="3" t="101" w="329" /><ent r="3" t="101" w="373" /><ent r="3" t="102" w="48" /><ent r="3" t="103" w="43" /><ent r="1000" t="120" w="3" /><ent r="82" t="120" w="8" /><ent r="82" t="130" w="10" /><ent r="65" t="130" w="70" /><ent r="1000" t="135" w="3" /><ent r="82" t="135" w="8" /><ent r="4" t="149" w="876" /><ent r="3" t="149" w="886" /><ent r="3" t="149" w="894" /><ent r="4" t="149" w="907" /><ent r="3" t="149" w="915" /><ent r="4" t="149" w="921" /><ent r="3" t="152" w="141" /><ent r="4" t="152" w="165" /><ent r="3" t="152" w="170" /><ent r="4" t="152" w="177" /><ent r="3" t="152" w="185" /><ent r="6" t="152" w="340" /><ent r="7" t="152" w="347" /><ent r="7" t="152" w="354" /><ent r="6" t="153" w="174" /><ent r="7" t="153" w="181" /><ent r="7" t="153" w="188" /><ent r="3" t="154" w="136" /><ent r="3" t="154" w="374" /><ent r="4" t="154" w="398" /><ent r="3" t="154" w="403" /><ent r="4" t="154" w="410" /><ent r="3" t="154" w="417" /><ent r="3" t="154" w="528" /><ent r="6" t="154" w="599" /><ent r="7" t="154" w="606" /><ent r="7" t="154" w="613" /><ent r="3" t="155" w="33" /><ent r="3" t="155" w="310" /><ent r="4" t="155" w="372" /><ent r="3" t="155" w="377" /><ent r="4" t="155" w="384" /><ent r="3" t="155" w="391" /><ent r="3" t="156" w="31" /><ent r="3" t="156" w="41" /><ent r="3" t="156" w="45" /><ent r="3" t="156" w="59" /><ent r="3" t="156" w="116" /><ent r="3" t="156" w="123" /><ent r="3" t="156" w="389" /><ent r="3" t="156" w="423" /><ent r="3" t="156" w="532" /><ent r="4" t="156" w="594" /><ent r="3" t="156" w="599" /><ent r="4" t="156" w="606" /><ent r="3" t="156" w="613" /><ent r="4" t="157" w="397" /><ent r="3" t="157" w="402" /><ent r="4" t="157" w="409" /><ent r="3" t="157" w="416" /><ent r="3" t="157" w="425" /><ent r="6" t="157" w="506" /><ent r="7" t="157" w="513" /><ent r="7" t="157" w="520" /><ent r="4" t="158" w="139" /><ent r="3" t="158" w="144" /><ent r="4" t="158" w="151" /><ent r="3" t="158" w="158" /><ent r="3" t="158" w="183" /><ent r="6" t="158" w="201" /><ent r="7" t="158" w="208" /><ent r="7" t="158" w="215" /><ent r="3" t="159" w="19" /><ent r="3" t="159" w="67" /><ent r="4" t="159" w="100" /><ent r="3" t="159" w="105" /><ent r="4" t="159" w="112" /><ent r="3" t="159" w="120" /><ent r="6" t="159" w="187" /><ent r="7" t="159" w="194" /><ent r="7" t="159" w="201" /><ent r="4" t="160" w="147" /><ent r="3" t="160" w="152" /><ent r="4" t="161" w="165" /><ent r="3" t="161" w="170" /><ent r="6" t="161" w="338" /><ent r="7" t="161" w="345" /><ent r="3" t="164" w="93" /><ent r="4" t="164" w="117" /><ent r="3" t="164" w="122" /><ent r="4" t="164" w="129" /><ent r="3" t="164" w="136" /><ent r="6" t="164" w="211" /><ent r="7" t="164" w="218" /><ent r="7" t="164" w="225" /><ent r="4" t="165" w="22" /><ent r="3" t="165" w="122" /><ent r="4" t="165" w="146" /><ent r="3" t="165" w="151" /><ent r="4" t="165" w="158" /><ent r="3" t="165" w="165" /><ent r="4" t="165" w="191" /><ent r="6" t="165" w="200" /><ent r="7" t="165" w="207" /><ent r="7" t="165" w="214" /><ent r="4" t="228" w="50" /><ent r="3" t="228" w="55" /><ent r="3" t="228" w="62" /><ent r="4" t="228" w="69" /><ent r="3" t="228" w="77" /><ent r="3" t="228" w="87" /><ent r="3" t="228" w="206" /><ent r="6" t="228" w="242" /><ent r="6" t="228" w="246" /><ent r="4" t="229" w="55" /><ent r="3" t="229" w="60" /><ent r="3" t="229" w="67" /><ent r="4" t="229" w="74" /><ent r="3" t="229" w="82" /><ent r="3" t="229" w="118" /><ent r="6" t="229" w="126" /><ent r="6" t="229" w="130" /><ent r="3" t="230" w="30" /><ent r="3" t="230" w="74" /><ent r="3" t="230" w="122" /><ent r="3" t="230" w="138" /><ent r="3" t="230" w="157" /><ent r="6" t="230" w="170" /><ent r="6" t="230" w="174" /><ent r="3" t="231" w="22" /><ent r="3" t="231" w="156" /><ent r="4" t="231" w="160" /><ent r="3" t="231" w="165" /><ent r="3" t="231" w="172" /><ent r="4" t="231" w="179" /><ent r="3" t="231" w="187" /><ent r="3" t="231" w="356" /><ent r="6" t="231" w="369" /><ent r="6" t="231" w="373" /><ent r="3" t="232" w="231" /><ent r="3" t="232" w="286" /><ent r="4" t="232" w="290" /><ent r="3" t="232" w="295" /><ent r="3" t="232" w="302" /><ent r="4" t="232" w="309" /><ent r="3" t="232" w="317" /><ent r="3" t="232" w="432" /><ent r="3" t="232" w="575" /><ent r="6" t="232" w="634" /><ent r="6" t="232" w="638" /><ent r="3" t="233" w="128" /><ent r="3" t="233" w="182" /><ent r="4" t="233" w="186" /><ent r="3" t="233" w="191" /><ent r="3" t="233" w="198" /><ent r="4" t="233" w="205" /><ent r="3" t="233" w="213" /><ent r="3" t="233" w="342" /><ent r="3" t="233" w="482" /><ent r="6" t="233" w="541" /><ent r="6" t="233" w="545" /><ent r="3" t="234" w="101" /><ent r="3" t="234" w="161" /><ent r="4" t="234" w="165" /><ent r="3" t="234" w="170" /><ent r="3" t="234" w="177" /><ent r="4" t="234" w="184" /><ent r="3" t="234" w="192" /><ent r="3" t="234" w="296" /><ent r="6" t="234" w="406" /><ent r="6" t="234" w="410" /><ent r="3" t="235" w="116" /><ent r="3" t="235" w="176" /><ent r="4" t="235" w="180" /><ent r="3" t="235" w="185" /><ent r="3" t="235" w="192" /><ent r="4" t="235" w="199" /><ent r="3" t="235" w="207" /><ent r="3" t="235" w="311" /><ent r="6" t="235" w="421" /><ent r="6" t="235" w="425" /><ent r="3" t="236" w="146" /><ent r="4" t="236" w="150" /><ent r="3" t="236" w="155" /><ent r="3" t="236" w="162" /><ent r="4" t="236" w="169" /><ent r="3" t="236" w="177" /><ent r="3" t="236" w="281" /><ent r="6" t="236" w="323" /><ent r="6" t="236" w="327" /><ent r="3" t="237" w="74" /><ent r="3" t="237" w="92" /><ent r="3" t="237" w="130" /><ent r="3" t="238" w="100" /><ent r="3" t="238" w="118" /><ent r="3" t="238" w="156" /><ent r="3" t="239" w="42" /><ent r="3" t="239" w="186" /><ent r="3" t="249" w="39" /><ent r="3" t="283" w="12" /><ent r="3" t="283" w="41" /><ent r="6" t="285" w="41" /><ent r="6" t="286" w="30" /><ent r="3" t="287" w="15" /><ent r="3" t="287" w="53" /><ent r="3" t="287" w="59" /><ent r="6" t="287" w="80" /><ent r="3" t="288" w="20" /><ent r="6" t="288" w="60" /><ent r="6" t="289" w="97" /><ent r="3" t="295" w="103" /><ent r="3" t="295" w="119" /><ent r="3" t="295" w="162" /><ent r="3" t="295" w="198" /><ent r="3" t="296" w="279" /><ent r="3" t="296" w="286" /><ent r="3" t="296" w="366" /><ent r="6" t="310" w="565" /><ent r="6" t="310" w="569" /><ent r="6" t="310" w="576" /><ent r="6" t="310" w="585" /><ent r="6" t="310" w="592" /><ent r="6" t="310" w="615" /><ent r="6" t="310" w="715" /></phr></stem></index>