<?xml version="1.0" encoding="utf-8"?><index><stem n="_spinlock_t"><phr n="_spinlock_t"><ent r="3" t="174" w="34" /><ent r="3" t="175" w="34" /><ent r="65" t="247" w="59" /><ent r="1000" t="255" w="3" /><ent r="72" t="255" w="7" /><ent r="4" t="255" w="32" /><ent r="3" t="259" w="30" /></phr></stem><stem n="_spinlock.h"><phr n="_spinlock.h"><ent r="6" t="174" w="117" /><ent r="6" t="175" w="111" /><ent r="6" t="255" w="49" /></phr></stem><stem n="_spin_unlock"><phr n="_spin_unlock"><ent r="1000" t="175" w="3" /><ent r="72" t="175" w="7" /><ent r="4" t="175" w="13" /><ent r="4" t="175" w="73" /></phr></stem><stem n="_spin_unlock("><phr n="_spin_unlock("><ent r="3" t="175" w="31" /></phr></stem><stem n="_thread_mutex_init("><phr n="_thread_mutex_init("><ent r="3" t="176" w="35" /></phr></stem><stem n="_thread_mutex_t"><phr n="_thread_mutex_t"><ent r="3" t="176" w="39" /><ent r="3" t="177" w="39" /><ent r="3" t="178" w="39" /><ent r="3" t="179" w="41" /><ent r="3" t="180" w="39" /><ent r="3" t="183" w="45" /><ent r="65" t="247" w="68" /><ent r="1000" t="257" w="4" /><ent r="72" t="257" w="9" /></phr></stem><stem n="mutexattr"><phr n="mutexattr"><ent r="3" t="176" w="45" /><ent r="65" t="247" w="72" /><ent r="1000" t="258" w="3" /><ent r="72" t="258" w="8" /><ent r="3" t="258" w="35" /></phr></stem><stem n="_thread_mutexattr_t"><phr n="_thread_mutexattr_t"><ent r="3" t="176" w="46" /><ent r="65" t="247" w="73" /><ent r="1000" t="258" w="4" /><ent r="72" t="258" w="9" /></phr></stem><stem n="[not"><phr n="[NOT"><ent r="3" t="176" w="76" /><ent r="3" t="181" w="74" /></phr></stem><stem n="einval"><phr n="EINVAL"><ent r="4" t="176" w="90" /><ent r="4" t="177" w="68" /><ent r="4" t="178" w="68" /><ent r="4" t="179" w="71" /><ent r="3" t="179" w="162" /><ent r="4" t="180" w="68" /><ent r="4" t="181" w="89" /><ent r="4" t="182" w="69" /><ent r="4" t="183" w="105" /><ent r="4" t="184" w="69" /><ent r="4" t="185" w="70" /><ent r="4" t="187" w="155" /><ent r="4" t="188" w="69" /><ent r="4" t="189" w="81" /></phr></stem><stem n="-recurs"><phr n="-recursive"><ent r="3" t="176" w="150" /><ent r="3" t="176" w="150" /></phr></stem><stem n="non-recurs"><phr n="non-recursive"><ent r="3" t="176" w="150" /></phr></stem><stem n="_thread_mutex_initi"><phr n="_THREAD_MUTEX_INITIALIZER"><ent r="4" t="176" w="211" /></phr></stem><stem n="_thread_non_recursive_mutex_initi"><phr n="_THREAD_NON_RECURSIVE_MUTEX_INITIALIZER"><ent r="4" t="176" w="219" /></phr></stem><stem n=",of,"><phr n=",of,"><ent r="3" t="176" w="222" /></phr></stem><stem n="_thread_recursive_mutex_initi"><phr n="_THREAD_RECURSIVE_MUTEX_INITIALIZER"><ent r="4" t="176" w="228" /></phr></stem><stem n="_thread.h"><phr n="_thread.h"><ent r="6" t="176" w="238" /><ent r="6" t="177" w="188" /><ent r="6" t="178" w="296" /><ent r="6" t="179" w="214" /><ent r="6" t="180" w="192" /><ent r="6" t="181" w="206" /><ent r="6" t="182" w="187" /><ent r="6" t="183" w="407" /><ent r="6" t="184" w="194" /><ent r="6" t="185" w="140" /><ent r="6" t="186" w="107" /><ent r="6" t="187" w="265" /><ent r="6" t="188" w="152" /><ent r="6" t="189" w="127" /><ent r="6" t="190" w="222" /><ent r="6" t="191" w="331" /><ent r="6" t="192" w="207" /><ent r="6" t="256" w="72" /><ent r="6" t="257" w="228" /><ent r="6" t="258" w="58" /><ent r="6" t="259" w="104" /><ent r="6" t="260" w="58" /><ent r="6" t="261" w="48" /></phr></stem><stem n="_thread_mutex_destroy("><phr n="_thread_mutex_destroy("><ent r="3" t="177" w="35" /></phr></stem><stem n="ebusi"><phr n="EBUSY"><ent r="4" t="177" w="87" /><ent r="4" t="179" w="80" /><ent r="3" t="179" w="163" /><ent r="4" t="182" w="87" /><ent r="6" t="192" w="161" /></phr></stem><stem n="pend"><phr n="pending"><ent r="3" t="177" w="98" /><ent r="3" t="179" w="91" /><ent r="3" t="182" w="93" /><ent r="3" t="184" w="21" /><ent r="3" t="184" w="64" /><ent r="3" t="185" w="21" /><ent r="3" t="185" w="64" /></phr></stem><stem n="bring"><phr n="brings"><ent r="3" t="177" w="116" /></phr></stem><stem n="_thread_mutex_lock("><phr n="_thread_mutex_lock("><ent r="3" t="178" w="35" /></phr></stem><stem n="queue"><phr n="queue"><ent r="3" t="178" w="109" /><ent r="3" t="178" w="121" /><ent r="3" t="178" w="154" /><ent r="3" t="178" w="162" /><ent r="3" t="178" w="230" /><ent r="3" t="179" w="125" /><ent r="3" t="179" w="137" /><ent r="3" t="180" w="140" /><ent r="3" t="183" w="177" /><ent r="3" t="183" w="262" /><ent r="3" t="183" w="269" /><ent r="4" t="183" w="364" /><ent r="3" t="184" w="103" /><ent r="3" t="184" w="106" /><ent r="3" t="184" w="136" /><ent r="3" t="184" w="149" /><ent r="3" t="185" w="118" /><ent r="3" t="257" w="52" /><ent r="3" t="257" w="55" /><ent r="4" t="257" w="187" /><ent r="3" t="257" w="202" /><ent r="3" t="259" w="36" /><ent r="3" t="259" w="39" /><ent r="4" t="259" w="66" /><ent r="3" t="259" w="78" /></phr></stem><stem n="head"><phr n="head"><ent r="3" t="178" w="118" /><ent r="3" t="178" w="167" /><ent r="3" t="179" w="134" /><ent r="3" t="257" w="209" /><ent r="3" t="259" w="85" /></phr></stem><stem n="owner"><phr n="owner"><ent r="3" t="178" w="128" /><ent r="3" t="178" w="142" /><ent r="3" t="180" w="110" /><ent r="3" t="232" w="37" /><ent r="3" t="232" w="44" /><ent r="4" t="232" w="64" /><ent r="3" t="232" w="69" /><ent r="4" t="232" w="118" /><ent r="4" t="232" w="140" /><ent r="3" t="232" w="147" /><ent r="4" t="232" w="405" /><ent r="4" t="232" w="410" /><ent r="3" t="233" w="22" /><ent r="3" t="233" w="299" /><ent r="4" t="233" w="319" /><ent r="3" t="234" w="317" /><ent r="3" t="235" w="332" /><ent r="3" t="236" w="302" /><ent r="3" t="257" w="48" /><ent r="4" t="257" w="144" /><ent r="3" t="257" w="179" /></phr></stem><stem n="ownership"><phr n="ownership"><ent r="3" t="178" w="135" /><ent r="4" t="178" w="272" /><ent r="4" t="179" w="190" /><ent r="3" t="257" w="197" /></phr></stem><stem n="refcount"><phr n="refcount"><ent r="3" t="178" w="140" /><ent r="3" t="180" w="123" /><ent r="3" t="257" w="31" /><ent r="4" t="257" w="80" /></phr></stem><stem n="awaken"><phr n="awakened"><ent r="3" t="178" w="196" /><ent r="3" t="180" w="156" /><ent r="3" t="183" w="247" /><ent r="3" t="183" w="289" /></phr></stem><stem n="goe"><phr n="goes"><ent r="3" t="178" w="208" /><ent r="3" t="183" w="307" /></phr></stem><stem n="split"><phr n="split"><ent r="4" t="178" w="278" /><ent r="4" t="179" w="196" /></phr></stem><stem n="critic"><phr n="critical"><ent r="4" t="178" w="280" /><ent r="4" t="179" w="198" /></phr></stem><stem n="tsrdc"><phr n="tsrdc"><ent r="6" t="178" w="298" /></phr></stem><stem n="_tsrdc.edl"><phr n="_tsrdc.edl"><ent r="6" t="178" w="299" /></phr></stem><stem n="_thread_mutex_trylock("><phr n="_thread_mutex_trylock("><ent r="3" t="179" w="37" /></phr></stem><stem n="try-lock"><phr n="try-locked"><ent r="3" t="179" w="57" /></phr></stem><stem n="-locked."><phr n="-locked."><ent r="3" t="179" w="59" /><ent r="3" t="179" w="59" /></phr></stem><stem n="/ebusy."><phr n="/EBUSY."><ent r="3" t="179" w="164" /></phr></stem><stem n="_thread_mutex_unlock("><phr n="_thread_mutex_unlock("><ent r="3" t="180" w="35" /></phr></stem><stem n="eperm"><phr n="EPERM"><ent r="4" t="180" w="85" /><ent r="4" t="183" w="123" /></phr></stem><stem n="decreas"><phr n="decreases"><ent r="3" t="180" w="121" /></phr><phr n="decreased"><ent r="3" t="257" w="102" /></phr></stem><stem n="wakeup"><phr n="wakeup"><ent r="3" t="180" w="134" /></phr></stem><stem n="almost"><phr n="almost"><ent r="3" t="180" w="170" /></phr></stem><stem n="sgxtstdc"><phr n="sgxtstdc"><ent r="6" t="180" w="193" /></phr></stem><stem n="_thread_cond_init("><phr n="_thread_cond_init("><ent r="3" t="181" w="35" /></phr></stem><stem n="_thread_cond_t"><phr n="_thread_cond_t"><ent r="3" t="181" w="39" /><ent r="3" t="182" w="39" /><ent r="3" t="183" w="39" /><ent r="3" t="184" w="40" /><ent r="3" t="185" w="40" /><ent r="65" t="247" w="78" /><ent r="1000" t="259" w="4" /><ent r="72" t="259" w="9" /></phr></stem><stem n="condattr"><phr n="condattr"><ent r="3" t="181" w="45" /><ent r="65" t="247" w="82" /><ent r="1000" t="260" w="3" /><ent r="72" t="260" w="8" /><ent r="3" t="260" w="35" /></phr></stem><stem n="_thread_condattr_t"><phr n="_thread_condattr_t"><ent r="3" t="181" w="46" /><ent r="65" t="247" w="83" /><ent r="1000" t="260" w="4" /><ent r="72" t="260" w="9" /></phr></stem><stem n="_thread_cond_initi"><phr n="_THREAD_COND_INITIALIZER"><ent r="4" t="181" w="197" /></phr></stem><stem n="_thread_cond_destroy("><phr n="_thread_cond_destroy("><ent r="3" t="182" w="35" /></phr></stem><stem n="_thread_cond_wait("><phr n="_thread_cond_wait("><ent r="3" t="183" w="35" /></phr></stem><stem n="conjunct"><phr n="conjunction"><ent r="3" t="183" w="143" /><ent r="6" t="312" w="228" /></phr></stem><stem n="wake"><phr n="wake"><ent r="3" t="183" w="182" /><ent r="3" t="184" w="157" /></phr><phr n="wakes"><ent r="3" t="184" w="19" /><ent r="3" t="185" w="19" /><ent r="3" t="185" w="120" /></phr></stem><stem n="wake-up"><phr n="wake-up"><ent r="3" t="183" w="182" /></phr></stem><stem n="robust"><phr n="robust"><ent r="4" t="183" w="372" /></phr></stem><stem n="throughout"><phr n="throughout"><ent r="3" t="183" w="390" /><ent r="4" t="186" w="94" /></phr></stem><stem n="_thread_cond_signal("><phr n="_thread_cond_signal("><ent r="3" t="184" w="36" /></phr></stem><stem n="-lock."><phr n="-lock."><ent r="3" t="184" w="94" /><ent r="3" t="184" w="94" /><ent r="3" t="184" w="177" /><ent r="3" t="184" w="177" /></phr></stem><stem n="inspect"><phr n="inspects"><ent r="3" t="184" w="96" /></phr></stem><stem n="_thread_cond_broadcast("><phr n="_thread_cond_broadcast("><ent r="3" t="185" w="36" /></phr></stem><stem n="enomem"><phr n="ENOMEM"><ent r="4" t="185" w="79" /><ent r="4" t="187" w="166" /></phr></stem><stem n="_thread_t"><phr n="_thread_t"><ent r="3" t="186" w="26" /><ent r="65" t="247" w="63" /><ent r="1000" t="256" w="3" /><ent r="72" t="256" w="7" /><ent r="4" t="256" w="31" /><ent r="3" t="257" w="46" /></phr></stem><stem n="_thread_self("><phr n="_thread_self("><ent r="3" t="186" w="30" /></phr></stem><stem n="_thread_data()"><phr n="_thread_data()"><ent r="4" t="186" w="74" /></phr></stem><stem n="unam"><phr n="unamed"><ent r="3" t="187" w="18" /></phr></stem><stem n="_create_event("><phr n="_create_event("><ent r="3" t="187" w="30" /></phr></stem><stem n="sync"><phr n="sync"><ent r="3" t="187" w="33" /><ent r="3" t="188" w="34" /><ent r="3" t="189" w="46" /><ent r="3" t="190" w="49" /><ent r="3" t="191" w="57" /><ent r="3" t="192" w="35" /><ent r="65" t="247" w="87" /><ent r="1000" t="261" w="3" /><ent r="72" t="261" w="10" /><ent r="3" t="261" w="32" /><ent r="3" t="261" w="37" /></phr></stem><stem n="_thread_sync_object_handle_t*"><phr n="_thread_sync_object_handle_t*"><ent r="3" t="187" w="37" /></phr></stem><stem n="_manual_reset,"><phr n="_manual_reset,"><ent r="3" t="187" w="43" /></phr></stem><stem n="_signaled_init_st"><phr n="_signaled_init_state"><ent r="3" t="187" w="48" /><ent r="4" t="187" w="101" /></phr></stem><stem n="(event)."><phr n="(event)."><ent r="3" t="187" w="67" /><ent r="3" t="188" w="55" /><ent r="3" t="189" w="67" /><ent r="3" t="190" w="74" /><ent r="3" t="191" w="114" /><ent r="3" t="192" w="56" /></phr></stem><stem n="_manual_reset"><phr n="_manual_reset"><ent r="4" t="187" w="70" /></phr></stem><stem n="-signal"><phr n="-signaled"><ent r="3" t="187" w="138" /><ent r="3" t="187" w="138" /><ent r="3" t="187" w="218" /><ent r="3" t="187" w="218" /><ent r="3" t="189" w="33" /><ent r="3" t="189" w="33" /></phr></stem><stem n="non-sign"><phr n="non-signaled"><ent r="3" t="187" w="138" /><ent r="3" t="187" w="218" /><ent r="3" t="189" w="33" /><ent r="3" t="189" w="106" /></phr></stem><stem n="unnam"><phr n="unnamed"><ent r="3" t="187" w="149" /><ent r="6" t="320" w="111" /></phr></stem><stem n="_set_event("><phr n="_set_event("><ent r="3" t="188" w="31" /></phr></stem><stem n="_thread_sync_object_handle_t"><phr n="_thread_sync_object_handle_t"><ent r="3" t="188" w="37" /><ent r="3" t="189" w="49" /><ent r="3" t="190" w="52" /><ent r="3" t="191" w="60" /><ent r="3" t="192" w="38" /><ent r="65" t="247" w="90" /><ent r="1000" t="261" w="6" /><ent r="72" t="261" w="13" /></phr></stem><stem n="auto-reset"><phr n="auto-reset"><ent r="3" t="188" w="98" /></phr></stem><stem n="manually-reset"><phr n="manually-reset"><ent r="3" t="188" w="117" /><ent r="3" t="188" w="139" /></phr></stem><stem n="_reset_event("><phr n="_reset_event("><ent r="3" t="189" w="43" /></phr></stem><stem n="-signaled."><phr n="-signaled."><ent r="3" t="189" w="108" /><ent r="3" t="189" w="108" /></phr></stem><stem n="interv"><phr n="interval"><ent r="3" t="190" w="35" /><ent r="3" t="190" w="79" /><ent r="3" t="190" w="148" /><ent r="3" t="191" w="39" /><ent r="3" t="191" w="180" /><ent r="3" t="191" w="250" /></phr></stem><stem n="_wait_for_single_object("><phr n="_wait_for_single_object("><ent r="3" t="190" w="46" /></phr></stem><stem n="_func_timeout_infinit"><phr n="_FUNC_TIMEOUT_INFINITE"><ent r="4" t="190" w="87" /><ent r="4" t="190" w="96" /><ent r="4" t="190" w="198" /><ent r="4" t="191" w="188" /><ent r="4" t="191" w="197" /><ent r="4" t="191" w="299" /></phr></stem><stem n="infinit"><phr n="INFINITE"><ent r="4" t="190" w="87" /><ent r="4" t="190" w="96" /><ent r="4" t="190" w="198" /><ent r="4" t="191" w="188" /><ent r="4" t="191" w="197" /><ent r="4" t="191" w="299" /></phr></stem><stem n="immedi"><phr n="immediately"><ent r="3" t="190" w="127" /><ent r="3" t="191" w="230" /></phr></stem><stem n="_thread_error_wait_timeout"><phr n="_THREAD_ERROR_WAIT_TIMEOUT"><ent r="4" t="190" w="144" /><ent r="4" t="191" w="246" /></phr></stem><stem n="_thread_error_wait_fail"><phr n="_THREAD_ERROR_WAIT_FAILED"><ent r="4" t="190" w="167" /><ent r="4" t="191" w="268" /></phr></stem><stem n="(timeout"><phr n="(timeout"><ent r="3" t="190" w="193" /><ent r="3" t="190" w="209" /><ent r="3" t="191" w="294" /><ent r="3" t="191" w="312" /></phr></stem><stem n="_wait_for_multiple_objects("><phr n="_wait_for_multiple_objects("><ent r="3" t="191" w="50" /></phr></stem><stem n="_all,"><phr n="_all,"><ent r="3" t="191" w="66" /><ent r="6" t="316" w="235" /></phr></stem><stem n="max"><phr n="MAX"><ent r="4" t="191" w="95" /><ent r="6" t="316" w="297" /><ent r="6" t="316" w="299" /><ent r="6" t="316" w="309" /></phr></stem><stem n="_wait_handle_num"><phr n="_WAIT_HANDLE_NUM"><ent r="4" t="191" w="98" /></phr></stem><stem n="num"><phr n="NUM"><ent r="4" t="191" w="98" /><ent r="6" t="313" w="278" /></phr></stem><stem n="_all"><phr n="_all"><ent r="4" t="191" w="116" /></phr></stem><stem n="_destroy_event("><phr n="_destroy_event("><ent r="3" t="192" w="32" /></phr></stem><stem n="_wait_single_object"><phr n="_wait_single_object"><ent r="5" t="192" w="143" /><ent r="6" t="192" w="174" /></phr></stem><stem n="_wait_multiple_object"><phr n="_wait_multiple_objects"><ent r="5" t="192" w="150" /><ent r="6" t="192" w="198" /></phr></stem><stem n="equival"><phr n="equivalent"><ent r="3" t="193" w="15" /><ent r="3" t="193" w="140" /><ent r="3" t="194" w="15" /><ent r="3" t="194" w="158" /></phr></stem><stem n="intrinis"><phr n="intrinisic"><ent r="3" t="193" w="22" /><ent r="3" t="194" w="25" /></phr></stem><stem n="_cpuid("><phr n="_cpuid("><ent r="3" t="193" w="60" /></phr></stem><stem n="cpuinfo"><phr n="cpuinfo"><ent r="3" t="193" w="62" /><ent r="4" t="193" w="72" /><ent r="3" t="193" w="122" /><ent r="3" t="193" w="171" /><ent r="3" t="194" w="65" /><ent r="4" t="194" w="78" /><ent r="3" t="194" w="140" /><ent r="3" t="194" w="189" /></phr></stem><stem n="[4],"><phr n="[4],"><ent r="3" t="193" w="64" /><ent r="3" t="194" w="67" /></phr></stem><stem n="leaf"><phr n="leaf"><ent r="3" t="193" w="66" /><ent r="4" t="193" w="94" /><ent r="3" t="193" w="98" /><ent r="3" t="193" w="156" /><ent r="3" t="193" w="247" /><ent r="3" t="194" w="69" /><ent r="4" t="194" w="100" /><ent r="3" t="194" w="104" /><ent r="3" t="194" w="116" /><ent r="3" t="194" w="176" /><ent r="3" t="194" w="263" /></phr><phr n="leafs"><ent r="3" t="193" w="246" /><ent r="3" t="194" w="262" /></phr></stem><stem n="(input)."><phr n="(input)."><ent r="3" t="193" w="158" /><ent r="3" t="194" w="178" /></phr></stem><stem n="eax"><phr n="EAX"><ent r="3" t="193" w="182" /><ent r="3" t="193" w="250" /><ent r="3" t="194" w="200" /><ent r="3" t="194" w="266" /><ent r="3" t="252" w="150" /><ent r="3" t="252" w="232" /></phr></stem><stem n="ebx"><phr n="EBX"><ent r="3" t="193" w="183" /><ent r="3" t="194" w="201" /><ent r="3" t="252" w="162" /><ent r="3" t="252" w="235" /></phr></stem><stem n="ecx"><phr n="ECX"><ent r="3" t="193" w="184" /><ent r="3" t="194" w="202" /><ent r="3" t="252" w="154" /><ent r="3" t="252" w="233" /></phr></stem><stem n="edx"><phr n="EDX"><ent r="3" t="193" w="186" /><ent r="3" t="194" w="204" /><ent r="3" t="252" w="158" /><ent r="3" t="252" w="234" /></phr></stem><stem n="oc"><phr n="oc"><ent r="3" t="193" w="197" /><ent r="3" t="194" w="213" /></phr></stem><stem n="-32"><phr n="-32"><ent r="64" t="193" w="228" /><ent r="64" t="193" w="228" /><ent r="64" t="194" w="244" /><ent r="64" t="194" w="244" /></phr></stem><stem n="ia-32"><phr n="IA-32"><ent r="64" t="193" w="228" /><ent r="64" t="194" w="244" /></phr></stem><stem n="individu"><phr n="individual"><ent r="3" t="193" w="245" /><ent r="3" t="194" w="261" /></phr></stem><stem n="(leaf"><phr n="(Leaf"><ent r="3" t="193" w="247" /><ent r="3" t="194" w="263" /></phr></stem><stem n="prm"><phr n="PRM"><ent r="3" t="193" w="253" /><ent r="3" t="194" w="269" /></phr></stem><stem n="spoof"><phr n="spoofed"><ent r="5" t="193" w="294" /><ent r="5" t="194" w="310" /></phr></stem><stem n="serial"><phr n="serializing"><ent r="5" t="193" w="313" /><ent r="5" t="194" w="329" /></phr><phr n="serialize"><ent r="6" t="313" w="116" /></phr></stem><stem n="fenc"><phr n="fencing"><ent r="5" t="193" w="315" /><ent r="5" t="194" w="331" /></phr><phr n="fence"><ent r="5" t="315" w="329" /><ent r="5" t="315" w="333" /></phr></stem><stem n="_cpuid.h"><phr n="_cpuid.h"><ent r="6" t="193" w="335" /><ent r="6" t="194" w="351" /></phr></stem><stem n="_ex()"><phr n="_ex()"><ent r="4" t="194" w="21" /></phr></stem><stem n="_cpuidex("><phr n="_cpuidex("><ent r="3" t="194" w="63" /></phr></stem><stem n="subleaf"><phr n="subleaf"><ent r="3" t="194" w="72" /><ent r="4" t="194" w="111" /></phr></stem><stem n="-leaf"><phr n="-leaf"><ent r="3" t="194" w="115" /><ent r="3" t="194" w="115" /></phr></stem><stem n="sub-leaf"><phr n="sub-leaf"><ent r="3" t="194" w="115" /></phr></stem><stem n="128-bit"><phr n="128-bit"><ent r="3" t="195" w="18" /><ent r="3" t="195" w="352" /><ent r="3" t="214" w="159" /><ent r="3" t="214" w="260" /><ent r="3" t="215" w="148" /><ent r="3" t="215" w="240" /><ent r="3" t="216" w="16" /><ent r="3" t="216" w="284" /><ent r="3" t="217" w="16" /><ent r="3" t="217" w="111" /><ent r="3" t="217" w="236" /><ent r="3" t="266" w="18" /><ent r="3" t="271" w="17" /></phr></stem><stem n="_get_key("><phr n="_get_key("><ent r="3" t="195" w="45" /></phr></stem><stem n="_key_request_t"><phr n="_key_request_t"><ent r="3" t="195" w="50" /><ent r="64" t="195" w="76" /><ent r="64" t="195" w="116" /><ent r="64" t="195" w="408" /><ent r="65" t="247" w="129" /><ent r="1000" t="269" w="4" /><ent r="72" t="269" w="9" /><ent r="3" t="269" w="55" /><ent r="3" t="278" w="99" /></phr></stem><stem n="*key_request,"><phr n="*key_request,"><ent r="3" t="195" w="53" /></phr></stem><stem n="128bit"><phr n="128bit"><ent r="3" t="195" w="56" /><ent r="3" t="212" w="22" /><ent r="3" t="212" w="49" /><ent r="3" t="212" w="96" /><ent r="3" t="213" w="22" /><ent r="3" t="213" w="49" /><ent r="3" t="213" w="97" /><ent r="3" t="214" w="22" /><ent r="3" t="214" w="44" /><ent r="3" t="214" w="63" /><ent r="3" t="215" w="81" /><ent r="3" t="217" w="52" /><ent r="3" t="219" w="27" /><ent r="3" t="219" w="55" /><ent r="3" t="220" w="27" /><ent r="3" t="220" w="55" /><ent r="3" t="244" w="64" /><ent r="4" t="244" w="246" /><ent r="3" t="245" w="61" /><ent r="4" t="245" w="190" /><ent r="65" t="247" w="123" /><ent r="1000" t="268" w="3" /><ent r="72" t="268" w="8" /><ent r="3" t="292" w="91" /><ent r="3" t="292" w="100" /><ent r="3" t="292" w="109" /><ent r="3" t="292" w="118" /></phr></stem><stem n="_key_128bit_t"><phr n="_key_128bit_t"><ent r="3" t="195" w="57" /><ent r="3" t="244" w="65" /><ent r="4" t="244" w="247" /><ent r="3" t="245" w="62" /><ent r="4" t="245" w="191" /><ent r="65" t="247" w="124" /><ent r="1000" t="268" w="4" /><ent r="72" t="268" w="9" /></phr></stem><stem n="*kei"><phr n="*key"><ent r="3" t="195" w="58" /></phr></stem><stem n="_request"><phr n="_request"><ent r="4" t="195" w="65" /><ent r="4" t="195" w="185" /><ent r="4" t="195" w="211" /><ent r="4" t="195" w="254" /><ent r="4" t="195" w="366" /><ent r="4" t="195" w="389" /><ent r="4" t="278" w="131" /></phr></stem><stem n="-null"><phr n="-NULL"><ent r="3" t="195" w="190" /><ent r="3" t="195" w="190" /><ent r="3" t="195" w="202" /><ent r="3" t="195" w="202" /><ent r="3" t="196" w="311" /><ent r="3" t="196" w="311" /><ent r="3" t="207" w="130" /><ent r="3" t="207" w="130" /><ent r="3" t="214" w="171" /><ent r="3" t="214" w="171" /></phr></stem><stem n="non-nul"><phr n="non-NULL"><ent r="3" t="195" w="190" /><ent r="3" t="195" w="202" /><ent r="3" t="196" w="311" /><ent r="3" t="207" w="84" /><ent r="3" t="207" w="130" /><ent r="3" t="207" w="285" /><ent r="3" t="209" w="108" /><ent r="3" t="214" w="124" /><ent r="3" t="214" w="171" /><ent r="3" t="214" w="317" /><ent r="3" t="216" w="110" /></phr></stem><stem n="request-&gt;kei"><phr n="request-&gt;key"><ent r="4" t="195" w="216" /><ent r="4" t="195" w="317" /></phr></stem><stem n="&gt;kei"><phr n="&gt;key"><ent r="4" t="195" w="217" /><ent r="4" t="195" w="318" /></phr></stem><stem n="_request-&gt;key_polici"><phr n="_request-&gt;key_policy"><ent r="4" t="195" w="218" /></phr></stem><stem n="_error_invalid_attribut"><phr n="_ERROR_INVALID_ATTRIBUTE"><ent r="4" t="195" w="248" /><ent r="6" t="310" w="500" /></phr></stem><stem n="keynam"><phr n="KEYNAME"><ent r="4" t="195" w="262" /><ent r="4" t="195" w="312" /><ent r="6" t="310" w="554" /></phr></stem><stem n="_error_invalid_cpusvn"><phr n="_ERROR_INVALID_CPUSVN"><ent r="4" t="195" w="274" /><ent r="4" t="203" w="520" /><ent r="4" t="206" w="292" /><ent r="6" t="310" w="513" /></phr></stem><stem n="request-&gt;cpu"><phr n="request-&gt;cpu"><ent r="4" t="195" w="279" /></phr></stem><stem n="&gt;cpu"><phr n="&gt;cpu"><ent r="4" t="195" w="280" /></phr></stem><stem n="_request-&gt;cpu_svn"><phr n="_request-&gt;cpu_svn"><ent r="4" t="195" w="281" /></phr></stem><stem n="beyond"><phr n="beyond"><ent r="3" t="195" w="284" /><ent r="3" t="203" w="530" /><ent r="3" t="206" w="301" /><ent r="4" t="232" w="127" /><ent r="6" t="310" w="519" /></phr></stem><stem n="_error_invalid_isvsvn"><phr n="_ERROR_INVALID_ISVSVN"><ent r="4" t="195" w="292" /><ent r="4" t="203" w="541" /><ent r="4" t="206" w="312" /><ent r="6" t="310" w="533" /></phr></stem><stem n="request-&gt;isv"><phr n="request-&gt;isv"><ent r="4" t="195" w="297" /></phr></stem><stem n="&gt;isv"><phr n="&gt;isv"><ent r="4" t="195" w="298" /></phr></stem><stem n="_request-&gt;isv_svn"><phr n="_request-&gt;isv_svn"><ent r="4" t="195" w="299" /></phr></stem><stem n="_error_invalid_keynam"><phr n="_ERROR_INVALID_KEYNAME"><ent r="4" t="195" w="312" /><ent r="6" t="310" w="554" /></phr></stem><stem n="_request-&gt;key_nam"><phr n="_request-&gt;key_name"><ent r="4" t="195" w="319" /></phr></stem><stem n="hierarchi"><phr n="hierarchy"><ent r="3" t="195" w="361" /></phr></stem><stem n="_utils.h"><phr n="_utils.h"><ent r="6" t="195" w="420" /><ent r="6" t="196" w="500" /><ent r="6" t="197" w="195" /></phr></stem><stem n="_create_report("><phr n="_create_report("><ent r="3" t="196" w="57" /></phr></stem><stem n="*target_info,"><phr n="*target_info,"><ent r="3" t="196" w="65" /></phr></stem><stem n="_report_data_t"><phr n="_report_data_t"><ent r="3" t="196" w="70" /><ent r="64" t="196" w="198" /><ent r="64" t="196" w="241" /><ent r="64" t="197" w="155" /><ent r="65" t="247" w="142" /><ent r="1000" t="272" w="4" /><ent r="72" t="272" w="9" /><ent r="4" t="272" w="14" /><ent r="3" t="275" w="109" /></phr></stem><stem n="*report_data,"><phr n="*report_data,"><ent r="3" t="196" w="73" /></phr></stem><stem n="*report"><phr n="*report"><ent r="3" t="196" w="77" /></phr></stem><stem n="_info"><phr n="_info"><ent r="4" t="196" w="84" /><ent r="5" t="196" w="166" /><ent r="4" t="196" w="447" /><ent r="4" t="300" w="58" /></phr></stem><stem n="_data"><phr n="_data"><ent r="4" t="196" w="187" /><ent r="4" t="196" w="228" /><ent r="4" t="226" w="74" /><ent r="4" t="227" w="81" /><ent r="4" t="275" w="270" /><ent r="4" t="278" w="73" /><ent r="4" t="278" w="153" /><ent r="4" t="278" w="181" /><ent r="3" t="303" w="103" /><ent r="3" t="303" w="150" /><ent r="3" t="305" w="81" /><ent r="3" t="305" w="128" /></phr></stem><stem n="inter"><phr n="inter"><ent r="3" t="196" w="367" /><ent r="3" t="196" w="490" /></phr></stem><stem n="inter-enclav"><phr n="inter-enclave"><ent r="3" t="196" w="367" /><ent r="3" t="196" w="490" /></phr></stem><stem n="_verify_report("><phr n="_verify_report("><ent r="3" t="197" w="43" /></phr></stem><stem n="_calc_sealed_data_size("><phr n="_calc_sealed_data_size("><ent r="3" t="198" w="60" /></phr></stem><stem n="_mac_txt_size,"><phr n="_mac_txt_size,"><ent r="3" t="198" w="68" /></phr></stem><stem n="_encrypt_s"><phr n="_encrypt_size"><ent r="3" t="198" w="74" /><ent r="4" t="198" w="113" /><ent r="5" t="204" w="209" /><ent r="5" t="205" w="378" /></phr></stem><stem n="_mac_txt_siz"><phr n="_mac_txt_size"><ent r="4" t="198" w="83" /></phr></stem><stem n="tseal"><phr n="tseal"><ent r="6" t="198" w="244" /><ent r="6" t="199" w="187" /><ent r="6" t="200" w="173" /><ent r="6" t="201" w="660" /><ent r="6" t="202" w="800" /><ent r="6" t="203" w="733" /><ent r="6" t="204" w="473" /><ent r="6" t="205" w="646" /><ent r="6" t="206" w="455" /><ent r="6" t="277" w="185" /><ent r="6" t="278" w="200" /></phr></stem><stem n="_tseal.h"><phr n="_tseal.h"><ent r="6" t="198" w="245" /><ent r="6" t="199" w="188" /><ent r="6" t="200" w="174" /><ent r="6" t="201" w="661" /><ent r="6" t="202" w="801" /><ent r="6" t="203" w="734" /><ent r="6" t="204" w="474" /><ent r="6" t="205" w="647" /><ent r="6" t="206" w="456" /><ent r="6" t="277" w="186" /><ent r="6" t="278" w="201" /></phr></stem><stem n="_mac_text"><phr n="_MAC_text"><ent r="4" t="199" w="49" /></phr></stem><stem n="_get_add_mac_txt_len("><phr n="_get_add_mac_txt_len("><ent r="3" t="199" w="72" /></phr></stem><stem n="*p_sealed_data"><phr n="*p_sealed_data"><ent r="3" t="199" w="80" /><ent r="3" t="200" w="73" /></phr></stem><stem n="_sealed_data"><phr n="_sealed_data"><ent r="4" t="199" w="88" /><ent r="4" t="200" w="81" /><ent r="3" t="201" w="110" /><ent r="4" t="201" w="296" /><ent r="5" t="201" w="460" /><ent r="3" t="202" w="147" /><ent r="4" t="202" w="467" /><ent r="5" t="202" w="631" /><ent r="4" t="203" w="120" /><ent r="5" t="203" w="500" /><ent r="3" t="204" w="58" /><ent r="4" t="204" w="160" /><ent r="5" t="204" w="306" /><ent r="3" t="205" w="96" /><ent r="4" t="205" w="332" /><ent r="5" t="205" w="475" /><ent r="4" t="206" w="84" /><ent r="5" t="206" w="272" /></phr></stem><stem n="_get_encrypt_txt_len("><phr n="_get_encrypt_txt_len("><ent r="3" t="200" w="65" /></phr></stem><stem n="othewis"><phr n="Othewise"><ent r="3" t="200" w="121" /></phr></stem><stem n="_seal_data("><phr n="_seal_data("><ent r="3" t="201" w="70" /></phr></stem></index>