<?xml version="1.0" encoding="utf-8"?><index><stem n="down"><phr n="down"><ent r="3" t="50" w="39" /><ent r="5" t="161" w="283" /></phr></stem><stem n="explicitli"><phr n="explicitly"><ent r="3" t="50" w="48" /><ent r="3" t="50" w="123" /><ent r="3" t="64" w="72" /><ent r="4" t="64" w="595" /><ent r="3" t="73" w="25" /><ent r="4" t="148" w="36" /><ent r="3" t="188" w="86" /><ent r="3" t="188" w="125" /></phr></stem><stem n="suppos"><phr n="Suppose"><ent r="3" t="50" w="54" /></phr><phr n="supposed"><ent r="3" t="258" w="47" /><ent r="3" t="260" w="47" /></phr></stem><stem n="gain"><phr n="gains"><ent r="3" t="50" w="57" /></phr><phr n="gaining"><ent r="3" t="97" w="26" /></phr></stem><stem n="insert"><phr n="inserts"><ent r="3" t="50" w="68" /></phr><phr n="inserted"><ent r="3" t="51" w="101" /><ent r="3" t="51" w="129" /><ent r="3" t="51" w="295" /><ent r="3" t="51" w="352" /><ent r="6" t="312" w="271" /></phr><phr n="insertion"><ent r="3" t="257" w="215" /><ent r="3" t="259" w="91" /></phr></stem><stem n="malici"><phr n="malicious"><ent r="3" t="50" w="70" /></phr></stem><stem n="bad"><phr n="bad"><ent r="3" t="50" w="89" /></phr></stem><stem n="meant"><phr n="meant"><ent r="3" t="51" w="18" /></phr></stem><stem n="(use"><phr n="(used"><ent r="3" t="51" w="50" /><ent r="3" t="51" w="55" /></phr><phr n="(use"><ent r="6" t="315" w="434" /></phr></stem><stem n="//includ"><phr n="//Include"><ent r="3" t="51" w="64" /><ent r="3" t="51" w="93" /><ent r="3" t="51" w="121" /><ent r="3" t="51" w="287" /><ent r="3" t="51" w="344" /></phr></stem><stem n="//import"><phr n="//Import"><ent r="3" t="51" w="68" /></phr></stem><stem n="//data"><phr n="//Data"><ent r="3" t="51" w="74" /></phr></stem><stem n="//function"><phr n="//function"><ent r="3" t="51" w="85" /></phr></stem><stem n="//it"><phr n="//It"><ent r="3" t="51" w="98" /><ent r="3" t="51" w="126" /><ent r="3" t="51" w="292" /><ent r="3" t="51" w="349" /></phr></stem><stem n="(enclave_t.h)"><phr n="(enclave_t.h)"><ent r="3" t="51" w="110" /></phr></stem><stem n="//trust"><phr n="//Trusted"><ent r="3" t="51" w="112" /><ent r="3" t="51" w="306" /></phr></stem><stem n="(enclave_u.h)"><phr n="(enclave_u.h)"><ent r="3" t="51" w="138" /></phr></stem><stem n="//untrust"><phr n="//Untrusted"><ent r="3" t="51" w="140" /><ent r="3" t="51" w="363" /></phr></stem><stem n="block"><phr n="block"><ent r="3" t="51" w="149" /><ent r="3" t="51" w="174" /><ent r="3" t="63" w="14" /><ent r="3" t="150" w="130" /><ent r="3" t="183" w="211" /><ent r="3" t="219" w="317" /><ent r="3" t="220" w="317" /></phr><phr n="blocks"><ent r="3" t="59" w="52" /><ent r="6" t="312" w="143" /></phr><phr n="blocked"><ent r="4" t="108" w="79" /><ent r="3" t="183" w="79" /><ent r="7" t="310" w="215" /></phr></stem><stem n="alwai"><phr n="always"><ent r="3" t="51" w="176" /><ent r="4" t="58" w="565" /><ent r="3" t="73" w="48" /><ent r="3" t="101" w="232" /><ent r="3" t="157" w="42" /><ent r="3" t="174" w="60" /><ent r="3" t="174" w="99" /><ent r="3" t="175" w="60" /><ent r="3" t="183" w="140" /><ent r="3" t="186" w="46" /><ent r="4" t="316" w="721" /></phr></stem><stem n="“other/file.edl”"><phr n="“other/file.edl”"><ent r="3" t="51" w="206" /></phr></stem><stem n="“another/file.edl”"><phr n="“another/file.edl”"><ent r="3" t="51" w="216" /></phr></stem><stem n="*;"><phr n="*;"><ent r="3" t="51" w="217" /><ent r="3" t="71" w="169" /><ent r="3" t="71" w="191" /><ent r="3" t="71" w="229" /><ent r="3" t="71" w="248" /><ent r="3" t="71" w="275" /><ent r="3" t="98" w="229" /></phr></stem><stem n="&quot;string.h&quot;"><phr n="&quot;string.h&quot;"><ent r="3" t="51" w="245" /></phr></stem><stem n="mytyp"><phr n="mytypes"><ent r="3" t="51" w="247" /></phr></stem><stem n="&quot;mytypes.h&quot;"><phr n="&quot;mytypes.h&quot;"><ent r="3" t="51" w="249" /></phr></stem><stem n="struct"><phr n="struct"><ent r="3" t="51" w="253" /><ent r="3" t="51" w="258" /><ent r="3" t="51" w="316" /><ent r="3" t="51" w="399" /><ent r="6" t="54" w="75" /><ent r="3" t="55" w="42" /><ent r="3" t="56" w="54" /><ent r="3" t="56" w="89" /><ent r="3" t="56" w="114" /><ent r="3" t="56" w="116" /><ent r="3" t="56" w="127" /><ent r="3" t="56" w="129" /><ent r="3" t="56" w="160" /><ent r="3" t="56" w="161" /><ent r="3" t="56" w="167" /><ent r="3" t="56" w="173" /><ent r="3" t="56" w="300" /><ent r="3" t="56" w="301" /><ent r="3" t="56" w="302" /><ent r="3" t="56" w="311" /><ent r="6" t="85" w="148" /><ent r="4" t="144" w="188" /><ent r="4" t="144" w="213" /><ent r="3" t="252" w="56" /><ent r="3" t="252" w="142" /><ent r="3" t="253" w="39" /><ent r="3" t="257" w="22" /><ent r="3" t="258" w="21" /><ent r="3" t="259" w="22" /><ent r="3" t="260" w="21" /><ent r="3" t="261" w="29" /><ent r="3" t="263" w="100" /><ent r="3" t="264" w="26" /><ent r="3" t="266" w="55" /><ent r="3" t="267" w="52" /><ent r="3" t="269" w="52" /><ent r="3" t="270" w="32" /><ent r="3" t="272" w="56" /><ent r="3" t="274" w="60" /><ent r="3" t="275" w="34" /><ent r="3" t="276" w="49" /><ent r="3" t="277" w="29" /><ent r="3" t="278" w="90" /><ent r="3" t="280" w="22" /><ent r="3" t="281" w="20" /><ent r="3" t="283" w="19" /><ent r="3" t="284" w="22" /><ent r="3" t="287" w="21" /><ent r="3" t="288" w="30" /><ent r="3" t="289" w="39" /><ent r="3" t="294" w="32" /><ent r="3" t="295" w="33" /><ent r="3" t="296" w="32" /><ent r="3" t="300" w="35" /><ent r="3" t="301" w="33" /><ent r="3" t="302" w="24" /><ent r="3" t="303" w="24" /><ent r="3" t="304" w="24" /><ent r="3" t="305" w="31" /><ent r="3" t="306" w="33" /><ent r="3" t="308" w="24" /><ent r="6" t="316" w="245" /><ent r="6" t="318" w="74" /><ent r="6" t="318" w="83" /><ent r="6" t="318" w="91" /><ent r="6" t="318" w="98" /></phr><phr n="structs"><ent r="3" t="53" w="14" /></phr></stem><stem n="(struct,"><phr n="(struct,"><ent r="3" t="51" w="254" /></phr></stem><stem n="union"><phr n="union"><ent r="3" t="51" w="254" /><ent r="6" t="54" w="77" /><ent r="3" t="55" w="44" /><ent r="3" t="56" w="24" /><ent r="3" t="56" w="196" /><ent r="3" t="56" w="197" /><ent r="3" t="56" w="203" /><ent r="3" t="56" w="209" /><ent r="3" t="56" w="215" /><ent r="3" t="56" w="340" /><ent r="3" t="56" w="341" /><ent r="3" t="56" w="342" /><ent r="3" t="56" w="351" /><ent r="6" t="85" w="150" /></phr><phr n="unions"><ent r="3" t="53" w="15" /><ent r="1000" t="56" w="4" /><ent r="82" t="56" w="9" /><ent r="3" t="56" w="84" /></phr></stem><stem n="enum"><phr n="enum"><ent r="3" t="51" w="255" /><ent r="3" t="51" w="269" /><ent r="3" t="51" w="325" /><ent r="6" t="54" w="79" /><ent r="3" t="55" w="43" /><ent r="3" t="56" w="179" /><ent r="3" t="56" w="180" /><ent r="3" t="56" w="184" /><ent r="3" t="56" w="189" /><ent r="3" t="56" w="320" /><ent r="3" t="56" w="321" /><ent r="3" t="56" w="322" /><ent r="3" t="56" w="331" /><ent r="6" t="85" w="149" /><ent r="65" t="117" w="44" /><ent r="72" t="151" w="6" /><ent r="3" t="151" w="34" /><ent r="4" t="151" w="131" /><ent r="3" t="250" w="54" /><ent r="3" t="251" w="56" /><ent r="3" t="282" w="13" /><ent r="3" t="282" w="26" /><ent r="3" t="293" w="13" /><ent r="3" t="293" w="26" /><ent r="3" t="307" w="32" /><ent r="3" t="309" w="29" /><ent r="6" t="318" w="70" /><ent r="6" t="318" w="73" /></phr><phr n="Enums"><ent r="1000" t="56" w="2" /><ent r="82" t="56" w="7" /><ent r="6" t="320" w="98" /><ent r="6" t="320" w="148" /></phr></stem><stem n="mysecret"><phr n="mysecret"><ent r="3" t="51" w="259" /><ent r="3" t="51" w="317" /><ent r="3" t="51" w="400" /></phr></stem><stem n="char"><phr n="char"><ent r="3" t="51" w="265" /><ent r="6" t="54" w="31" /><ent r="3" t="55" w="14" /><ent r="3" t="56" w="227" /><ent r="3" t="56" w="228" /><ent r="3" t="64" w="233" /><ent r="3" t="64" w="244" /><ent r="3" t="64" w="256" /><ent r="3" t="64" w="335" /><ent r="3" t="64" w="357" /><ent r="3" t="68" w="119" /><ent r="3" t="69" w="252" /><ent r="3" t="69" w="258" /><ent r="3" t="70" w="160" /><ent r="3" t="70" w="166" /><ent r="3" t="76" w="194" /><ent r="6" t="85" w="151" /><ent r="3" t="149" w="73" /><ent r="3" t="168" w="37" /><ent r="3" t="172" w="23" /><ent r="3" t="258" w="29" /><ent r="3" t="260" w="29" /><ent r="4" t="316" w="476" /><ent r="4" t="316" w="479" /><ent r="4" t="316" w="481" /><ent r="4" t="316" w="493" /><ent r="4" t="316" w="496" /><ent r="4" t="316" w="498" /></phr></stem><stem n="text"><phr n="text"><ent r="3" t="51" w="266" /><ent r="4" t="91" w="144" /><ent r="3" t="132" w="115" /><ent r="3" t="132" w="122" /><ent r="4" t="134" w="184" /><ent r="4" t="134" w="187" /><ent r="3" t="189" w="11" /><ent r="3" t="198" w="232" /><ent r="3" t="198" w="237" /><ent r="4" t="199" w="49" /><ent r="3" t="201" w="613" /><ent r="3" t="203" w="105" /><ent r="3" t="203" w="111" /><ent r="4" t="203" w="177" /><ent r="4" t="203" w="233" /><ent r="4" t="203" w="262" /><ent r="4" t="203" w="302" /><ent r="4" t="203" w="313" /><ent r="3" t="203" w="335" /><ent r="4" t="203" w="343" /><ent r="4" t="203" w="385" /><ent r="5" t="203" w="462" /><ent r="5" t="203" w="468" /><ent r="5" t="203" w="479" /><ent r="4" t="203" w="704" /><ent r="3" t="203" w="719" /><ent r="3" t="204" w="73" /><ent r="3" t="204" w="90" /><ent r="3" t="205" w="238" /><ent r="3" t="205" w="257" /><ent r="3" t="206" w="114" /><ent r="4" t="206" w="133" /><ent r="3" t="206" w="159" /><ent r="4" t="206" w="267" /><ent r="4" t="206" w="446" /><ent r="3" t="212" w="154" /><ent r="3" t="212" w="635" /><ent r="3" t="213" w="156" /><ent r="3" t="239" w="261" /><ent r="3" t="239" w="284" /><ent r="3" t="244" w="291" /><ent r="3" t="244" w="318" /><ent r="3" t="245" w="235" /><ent r="3" t="245" w="262" /><ent r="3" t="277" w="89" /><ent r="3" t="277" w="124" /><ent r="3" t="277" w="148" /><ent r="4" t="277" w="164" /><ent r="3" t="278" w="106" /><ent r="3" t="278" w="144" /><ent r="3" t="278" w="165" /><ent r="3" t="295" w="294" /><ent r="3" t="295" w="321" /><ent r="3" t="296" w="129" /><ent r="3" t="296" w="156" /><ent r="3" t="296" w="409" /><ent r="3" t="296" w="436" /><ent r="3" t="303" w="228" /><ent r="3" t="303" w="255" /><ent r="3" t="304" w="117" /><ent r="3" t="304" w="144" /></phr></stem><stem n="boolean"><phr n="boolean"><ent r="3" t="51" w="270" /><ent r="3" t="51" w="326" /></phr></stem><stem n="fals"><phr n="FALSE"><ent r="3" t="51" w="271" /><ent r="4" t="171" w="52" /></phr></stem><stem n="(ecalls),"><phr n="(ECALLs),"><ent r="3" t="51" w="280" /></phr></stem><stem n="“trusted.h”"><phr n="“trusted.h”"><ent r="3" t="51" w="304" /></phr></stem><stem n="psecret"><phr n="psecret"><ent r="3" t="51" w="318" /><ent r="3" t="51" w="401" /></phr></stem><stem n="func"><phr n="func"><ent r="3" t="51" w="324" /><ent r="3" t="51" w="393" /><ent r="3" t="51" w="406" /><ent r="3" t="59" w="316" /><ent r="3" t="59" w="319" /><ent r="3" t="71" w="157" /><ent r="3" t="72" w="79" /><ent r="4" t="190" w="85" /><ent r="4" t="190" w="94" /><ent r="4" t="190" w="196" /><ent r="4" t="191" w="186" /><ent r="4" t="191" w="195" /><ent r="4" t="191" w="297" /><ent r="6" t="313" w="159" /><ent r="6" t="320" w="235" /></phr></stem><stem n="_private_func(enum"><phr n="_private_func(enum"><ent r="3" t="51" w="325" /></phr></stem><stem n="b"><phr n="b"><ent r="3" t="51" w="327" /><ent r="3" t="56" w="61" /><ent r="3" t="56" w="73" /><ent r="3" t="98" w="252" /><ent r="5" t="99" w="169" /><ent r="4" t="99" w="184" /><ent r="5" t="99" w="238" /><ent r="3" t="224" w="64" /><ent r="4" t="224" w="97" /><ent r="3" t="224" w="376" /><ent r="3" t="237" w="47" /><ent r="4" t="237" w="85" /><ent r="3" t="238" w="63" /><ent r="4" t="238" w="111" /><ent r="3" t="295" w="45" /><ent r="4" t="295" w="95" /><ent r="3" t="295" w="190" /><ent r="3" t="303" w="36" /><ent r="4" t="303" w="60" /><ent r="3" t="303" w="118" /><ent r="3" t="303" w="133" /><ent r="4" t="303" w="170" /><ent r="3" t="305" w="93" /><ent r="3" t="305" w="111" /><ent r="6" t="312" w="331" /></phr></stem><stem n="(non-root"><phr n="(non-root"><ent r="3" t="51" w="330" /></phr></stem><stem n="non-root"><phr n="non-root"><ent r="3" t="51" w="330" /></phr></stem><stem n="root"><phr n="root"><ent r="3" t="51" w="331" /><ent r="3" t="113" w="13" /><ent r="3" t="113" w="30" /><ent r="3" t="113" w="58" /><ent r="3" t="113" w="74" /><ent r="3" t="113" w="81" /><ent r="3" t="113" w="108" /><ent r="4" t="113" w="168" /><ent r="4" t="113" w="188" /><ent r="4" t="113" w="193" /><ent r="4" t="178" w="267" /><ent r="4" t="178" w="287" /><ent r="4" t="179" w="185" /><ent r="4" t="179" w="205" /><ent r="6" t="313" w="176" /><ent r="6" t="313" w="181" /></phr></stem><stem n="(ocalls),"><phr n="(OCALLs),"><ent r="3" t="51" w="339" /></phr></stem><stem n="“untrusted.h”"><phr n="“untrusted.h”"><ent r="3" t="51" w="361" /></phr></stem><stem n="_print();"><phr n="_print();"><ent r="3" t="51" w="381" /></phr></stem><stem n="“some_private_func”."><phr n="“some_private_func”."><ent r="3" t="51" w="394" /></phr></stem><stem n="_ocall([in]"><phr n="_ocall([in]"><ent r="3" t="51" w="399" /></phr></stem><stem n="(some_private_func);"><phr n="(some_private_func);"><ent r="3" t="51" w="407" /></phr></stem><stem n="stdio"><phr n="stdio"><ent r="3" t="52" w="19" /><ent r="3" t="52" w="22" /><ent r="4" t="53" w="80" /><ent r="4" t="53" w="99" /><ent r="3" t="53" w="206" /><ent r="6" t="316" w="286" /></phr></stem><stem n="“stdio.h”"><phr n="“stdio.h”"><ent r="3" t="52" w="21" /><ent r="3" t="53" w="208" /></phr></stem><stem n="“../../util.h”"><phr n="“../../util.h”"><ent r="3" t="52" w="28" /><ent r="3" t="53" w="214" /></phr></stem><stem n="/*"><phr n="/*"><ent r="3" t="52" w="28" /><ent r="3" t="250" w="66" /><ent r="3" t="250" w="76" /><ent r="3" t="250" w="86" /><ent r="3" t="250" w="95" /><ent r="3" t="250" w="103" /><ent r="3" t="250" w="114" /><ent r="3" t="250" w="128" /><ent r="3" t="250" w="139" /></phr></stem><stem n="*/"><phr n="*/"><ent r="3" t="52" w="35" /><ent r="3" t="250" w="70" /><ent r="3" t="250" w="80" /><ent r="3" t="250" w="89" /><ent r="3" t="250" w="97" /><ent r="3" t="250" w="108" /><ent r="3" t="250" w="122" /><ent r="3" t="250" w="133" /><ent r="3" t="250" w="145" /></phr></stem><stem n="(c"><phr n="(C"><ent r="3" t="53" w="13" /></phr></stem><stem n="typedef"><phr n="typedefs"><ent r="3" t="53" w="16" /><ent r="3" t="64" w="601" /></phr><phr n="typedef"><ent r="3" t="56" w="155" /><ent r="3" t="64" w="195" /><ent r="3" t="64" w="200" /><ent r="3" t="64" w="309" /><ent r="4" t="64" w="508" /><ent r="3" t="65" w="34" /><ent r="3" t="67" w="70" /><ent r="3" t="67" w="129" /><ent r="3" t="248" w="34" /><ent r="3" t="249" w="55" /><ent r="3" t="250" w="53" /><ent r="3" t="251" w="55" /><ent r="3" t="252" w="55" /><ent r="3" t="252" w="141" /><ent r="3" t="253" w="38" /><ent r="3" t="254" w="23" /><ent r="3" t="255" w="19" /><ent r="3" t="256" w="20" /><ent r="3" t="257" w="21" /><ent r="3" t="258" w="20" /><ent r="3" t="259" w="21" /><ent r="3" t="260" w="20" /><ent r="3" t="261" w="28" /><ent r="3" t="263" w="99" /><ent r="3" t="264" w="25" /><ent r="3" t="266" w="54" /><ent r="3" t="267" w="51" /><ent r="3" t="269" w="51" /><ent r="3" t="270" w="31" /><ent r="3" t="272" w="55" /><ent r="3" t="274" w="59" /><ent r="3" t="275" w="33" /><ent r="3" t="276" w="48" /><ent r="3" t="277" w="28" /><ent r="3" t="278" w="89" /><ent r="3" t="279" w="21" /><ent r="3" t="280" w="21" /><ent r="3" t="281" w="19" /><ent r="3" t="282" w="25" /><ent r="3" t="283" w="18" /><ent r="3" t="284" w="21" /><ent r="3" t="285" w="25" /><ent r="3" t="286" w="16" /><ent r="3" t="287" w="20" /><ent r="3" t="288" w="29" /><ent r="3" t="289" w="38" /><ent r="3" t="290" w="24" /><ent r="3" t="291" w="25" /><ent r="3" t="292" w="62" /><ent r="3" t="293" w="25" /><ent r="3" t="294" w="31" /><ent r="3" t="295" w="32" /><ent r="3" t="296" w="31" /><ent r="3" t="297" w="30" /><ent r="3" t="298" w="30" /><ent r="3" t="299" w="30" /><ent r="3" t="300" w="34" /><ent r="3" t="301" w="32" /><ent r="3" t="302" w="23" /><ent r="3" t="303" w="23" /><ent r="3" t="304" w="23" /><ent r="3" t="305" w="30" /><ent r="3" t="306" w="32" /><ent r="3" t="307" w="31" /><ent r="3" t="308" w="23" /><ent r="3" t="309" w="28" /><ent r="6" t="319" w="48" /></phr></stem><stem n="etc"><phr n="etc"><ent r="3" t="53" w="17" /><ent r="3" t="156" w="668" /><ent r="3" t="168" w="185" /><ent r="3" t="201" w="597" /></phr></stem><stem n=".);"><phr n=".);"><ent r="3" t="53" w="18" /></phr></stem><stem n="belong"><phr n="belong"><ent r="3" t="53" w="40" /></phr><phr n="belonging"><ent r="3" t="102" w="33" /></phr><phr n="belongs"><ent r="3" t="281" w="122" /><ent r="3" t="294" w="94" /></phr></stem><stem n="doesn"><phr n="doesn"><ent r="3" t="53" w="54" /><ent r="3" t="234" w="133" /></phr></stem><stem n=".h"><phr n=".h"><ent r="4" t="53" w="81" /><ent r="4" t="53" w="100" /><ent r="6" t="316" w="52" /><ent r="6" t="316" w="141" /><ent r="6" t="316" w="195" /><ent r="6" t="316" w="229" /><ent r="6" t="316" w="252" /><ent r="6" t="316" w="263" /><ent r="6" t="316" w="287" /><ent r="6" t="316" w="360" /><ent r="6" t="316" w="374" /><ent r="6" t="316" w="385" /><ent r="6" t="316" w="392" /><ent r="6" t="316" w="405" /><ent r="6" t="316" w="443" /></phr></stem><stem n="while"><phr n="While"><ent r="3" t="53" w="91" /><ent r="3" t="77" w="107" /><ent r="3" t="85" w="85" /><ent r="3" t="97" w="379" /><ent r="3" t="134" w="20" /><ent r="3" t="141" w="64" /><ent r="3" t="145" w="140" /><ent r="3" t="150" w="187" /><ent r="3" t="168" w="196" /><ent r="3" t="209" w="209" /><ent r="3" t="216" w="228" /><ent r="3" t="238" w="29" /></phr></stem><stem n="migrat"><phr n="migrating"><ent r="3" t="53" w="119" /></phr></stem><stem n="sinc"><phr n="since"><ent r="3" t="53" w="125" /><ent r="3" t="58" w="910" /><ent r="4" t="62" w="371" /><ent r="3" t="91" w="62" /><ent r="3" t="138" w="75" /><ent r="3" t="168" w="167" /><ent r="3" t="201" w="608" /><ent r="3" t="212" w="629" /><ent r="4" t="263" w="69" /><ent r="6" t="313" w="89" /><ent r="4" t="316" w="673" /><ent r="4" t="316" w="730" /></phr></stem><stem n="similar"><phr n="Similar"><ent r="3" t="53" w="134" /><ent r="3" t="62" w="41" /><ent r="3" t="67" w="213" /><ent r="3" t="101" w="344" /><ent r="3" t="142" w="89" /><ent r="3" t="263" w="228" /></phr></stem><stem n="midl"><phr n="MIDL"><ent r="3" t="53" w="144" /></phr></stem><stem n="(midl*)"><phr n="(MIDL*)"><ent r="3" t="53" w="145" /></phr></stem><stem n="corba"><phr n="CORBA"><ent r="3" t="53" w="146" /></phr></stem><stem n="omg"><phr n="OMG"><ent r="3" t="53" w="150" /></phr></stem><stem n="omg-idl"><phr n="OMG-IDL"><ent r="3" t="53" w="150" /></phr></stem><stem n="(omg-idl),"><phr n="(OMG-IDL),"><ent r="3" t="53" w="152" /></phr></stem><stem n="“filename.h”"><phr n="“filename.h”"><ent r="3" t="53" w="199" /></phr></stem><stem n="“foo.h”"><phr n="“foo.h”"><ent r="3" t="53" w="221" /></phr></stem><stem n="“bar.h”"><phr n="“bar.h”"><ent r="3" t="53" w="233" /></phr></stem><stem n="keyword"><phr n="Keywords"><ent r="1000" t="54" w="1" /><ent r="82" t="54" w="3" /><ent r="3" t="54" w="17" /><ent r="3" t="54" w="26" /><ent r="3" t="69" w="75" /><ent r="3" t="69" w="125" /><ent r="3" t="69" w="129" /><ent r="3" t="71" w="58" /><ent r="65" t="311" w="52" /><ent r="1000" t="318" w="5" /><ent r="92" t="318" w="13" /><ent r="3" t="318" w="17" /><ent r="3" t="318" w="29" /><ent r="6" t="318" w="34" /><ent r="6" t="318" w="112" /></phr><phr n="keyword"><ent r="3" t="62" w="254" /><ent r="62" t="66" w="5" /><ent r="3" t="66" w="18" /><ent r="3" t="66" w="28" /><ent r="3" t="66" w="38" /><ent r="3" t="66" w="92" /><ent r="3" t="69" w="92" /><ent r="3" t="69" w="109" /><ent r="3" t="71" w="83" /><ent r="3" t="71" w="114" /><ent r="3" t="72" w="70" /><ent r="3" t="73" w="32" /><ent r="3" t="73" w="35" /><ent r="6" t="313" w="186" /><ent r="6" t="313" w="195" /><ent r="6" t="313" w="202" /><ent r="6" t="313" w="298" /><ent r="6" t="313" w="343" /><ent r="6" t="313" w="344" /></phr></stem><stem n="short"><phr n="short"><ent r="6" t="54" w="33" /><ent r="3" t="55" w="15" /><ent r="3" t="56" w="93" /><ent r="3" t="56" w="97" /><ent r="3" t="56" w="101" /><ent r="3" t="221" w="512" /></phr></stem><stem n="float"><phr n="float"><ent r="6" t="54" w="37" /><ent r="3" t="55" w="18" /><ent r="3" t="56" w="123" /><ent r="3" t="56" w="136" /><ent r="3" t="56" w="156" /><ent r="3" t="56" w="250" /><ent r="3" t="56" w="251" /><ent r="3" t="71" w="303" /><ent r="3" t="71" w="304" /><ent r="6" t="85" w="153" /></phr><phr n="floating"><ent r="3" t="250" w="116" /><ent r="3" t="250" w="142" /><ent r="5" t="312" w="114" /><ent r="6" t="314" w="124" /></phr></stem><stem n="doubl"><phr n="double"><ent r="6" t="54" w="39" /><ent r="3" t="55" w="19" /><ent r="4" t="55" w="57" /><ent r="3" t="56" w="264" /><ent r="3" t="56" w="265" /><ent r="3" t="56" w="272" /><ent r="3" t="56" w="274" /><ent r="6" t="85" w="154" /></phr></stem><stem n="int8"><phr n="int8"><ent r="6" t="54" w="43" /><ent r="3" t="55" w="21" /></phr></stem><stem n="int16"><phr n="int16"><ent r="6" t="54" w="46" /><ent r="3" t="55" w="23" /></phr></stem><stem n="int32"><phr n="int32"><ent r="6" t="54" w="49" /><ent r="3" t="55" w="25" /></phr></stem><stem n="int64"><phr n="int64"><ent r="6" t="54" w="52" /><ent r="3" t="55" w="27" /></phr></stem><stem n="wchar"><phr n="wchar"><ent r="6" t="54" w="58" /><ent r="3" t="55" w="31" /><ent r="3" t="56" w="290" /><ent r="3" t="56" w="292" /><ent r="4" t="64" w="29" /><ent r="6" t="85" w="157" /><ent r="3" t="172" w="24" /><ent r="6" t="316" w="404" /></phr></stem><stem n="uint8"><phr n="uint8"><ent r="6" t="54" w="61" /><ent r="3" t="55" w="33" /><ent r="3" t="153" w="36" /><ent r="3" t="154" w="61" /><ent r="3" t="165" w="34" /><ent r="3" t="201" w="79" /><ent r="3" t="201" w="92" /><ent r="3" t="202" w="116" /><ent r="3" t="202" w="129" /><ent r="3" t="203" w="88" /><ent r="3" t="203" w="101" /><ent r="3" t="204" w="39" /><ent r="3" t="205" w="77" /><ent r="3" t="206" w="65" /><ent r="3" t="207" w="37" /><ent r="3" t="209" w="60" /><ent r="3" t="212" w="56" /><ent r="3" t="212" w="66" /><ent r="3" t="212" w="72" /><ent r="3" t="212" w="83" /><ent r="3" t="213" w="56" /><ent r="3" t="213" w="66" /><ent r="3" t="213" w="72" /><ent r="3" t="213" w="83" /><ent r="3" t="214" w="51" /><ent r="3" t="216" w="62" /><ent r="3" t="219" w="62" /><ent r="3" t="219" w="73" /><ent r="3" t="219" w="85" /><ent r="3" t="220" w="62" /><ent r="3" t="220" w="73" /><ent r="3" t="220" w="85" /><ent r="3" t="226" w="37" /><ent r="3" t="227" w="38" /><ent r="3" t="227" w="63" /><ent r="3" t="249" w="56" /><ent r="3" t="266" w="61" /><ent r="3" t="267" w="58" /><ent r="3" t="269" w="105" /><ent r="3" t="270" w="37" /><ent r="3" t="272" w="62" /><ent r="3" t="274" w="77" /><ent r="3" t="274" w="89" /><ent r="3" t="275" w="54" /><ent r="3" t="275" w="70" /><ent r="3" t="275" w="81" /><ent r="3" t="275" w="101" /><ent r="3" t="277" w="41" /><ent r="3" t="277" w="46" /><ent r="3" t="277" w="55" /><ent r="3" t="278" w="109" /><ent r="3" t="279" w="22" /><ent r="3" t="280" w="27" /><ent r="3" t="281" w="80" /><ent r="3" t="283" w="24" /><ent r="3" t="284" w="28" /><ent r="3" t="285" w="26" /><ent r="3" t="288" w="37" /><ent r="3" t="289" w="44" /><ent r="3" t="289" w="55" /><ent r="3" t="291" w="26" /><ent r="3" t="295" w="81" /><ent r="3" t="296" w="61" /><ent r="3" t="300" w="40" /><ent r="3" t="303" w="43" /><ent r="3" t="304" w="31" /><ent r="3" t="305" w="50" /><ent r="3" t="306" w="49" /><ent r="3" t="306" w="66" /><ent r="3" t="306" w="78" /><ent r="3" t="308" w="31" /></phr></stem><stem n="uint16"><phr n="uint16"><ent r="6" t="54" w="64" /><ent r="3" t="55" w="35" /><ent r="3" t="202" w="88" /><ent r="3" t="205" w="49" /><ent r="3" t="232" w="35" /><ent r="3" t="269" w="57" /><ent r="3" t="269" w="62" /><ent r="3" t="269" w="74" /><ent r="3" t="281" w="25" /><ent r="3" t="281" w="29" /><ent r="3" t="292" w="83" /><ent r="3" t="295" w="52" /><ent r="3" t="295" w="57" /></phr></stem><stem n="uint32"><phr n="uint32"><ent r="6" t="54" w="67" /><ent r="3" t="55" w="37" /><ent r="3" t="56" w="165" /><ent r="3" t="56" w="201" /><ent r="3" t="56" w="207" /><ent r="3" t="153" w="42" /><ent r="3" t="154" w="67" /><ent r="3" t="154" w="86" /><ent r="3" t="156" w="194" /><ent r="3" t="156" w="206" /><ent r="3" t="158" w="66" /><ent r="3" t="164" w="36" /><ent r="3" t="165" w="39" /><ent r="3" t="174" w="26" /><ent r="3" t="175" w="26" /><ent r="3" t="190" w="55" /><ent r="3" t="191" w="51" /><ent r="3" t="191" w="67" /><ent r="3" t="198" w="53" /><ent r="3" t="198" w="62" /><ent r="3" t="198" w="70" /><ent r="3" t="199" w="64" /><ent r="3" t="200" w="58" /><ent r="3" t="201" w="72" /><ent r="3" t="201" w="86" /><ent r="3" t="201" w="98" /><ent r="3" t="202" w="109" /><ent r="3" t="202" w="123" /><ent r="3" t="202" w="135" /><ent r="3" t="203" w="94" /><ent r="3" t="203" w="107" /><ent r="3" t="204" w="32" /><ent r="3" t="204" w="46" /><ent r="3" t="205" w="70" /><ent r="3" t="205" w="84" /><ent r="3" t="206" w="71" /><ent r="3" t="207" w="42" /><ent r="3" t="209" w="65" /><ent r="3" t="212" w="61" /><ent r="3" t="212" w="77" /><ent r="3" t="212" w="88" /><ent r="3" t="213" w="61" /><ent r="3" t="213" w="77" /><ent r="3" t="213" w="88" /><ent r="3" t="214" w="56" /><ent r="3" t="216" w="67" /><ent r="3" t="219" w="68" /><ent r="3" t="219" w="79" /><ent r="3" t="220" w="68" /><ent r="3" t="220" w="79" /><ent r="3" t="226" w="42" /><ent r="3" t="227" w="43" /><ent r="3" t="232" w="55" /><ent r="3" t="233" w="47" /><ent r="3" t="235" w="44" /><ent r="3" t="236" w="42" /><ent r="3" t="252" w="148" /><ent r="3" t="252" w="152" /><ent r="3" t="252" w="156" /><ent r="3" t="252" w="160" /><ent r="3" t="252" w="164" /><ent r="3" t="252" w="168" /><ent r="3" t="252" w="172" /><ent r="3" t="252" w="176" /><ent r="3" t="252" w="180" /><ent r="3" t="252" w="184" /><ent r="3" t="255" w="21" /><ent r="3" t="257" w="33" /><ent r="3" t="257" w="39" /><ent r="3" t="277" w="36" /><ent r="3" t="278" w="103" /><ent r="3" t="281" w="57" /><ent r="3" t="281" w="75" /><ent r="3" t="287" w="28" /><ent r="3" t="287" w="33" /><ent r="3" t="290" w="25" /><ent r="3" t="295" w="75" /><ent r="3" t="299" w="56" /><ent r="3" t="299" w="74" /><ent r="3" t="305" w="44" /></phr></stem><stem n="uint64"><phr n="uint64"><ent r="6" t="54" w="70" /><ent r="3" t="55" w="39" /><ent r="3" t="56" w="171" /><ent r="3" t="56" w="213" /><ent r="3" t="248" w="35" /><ent r="3" t="252" w="62" /><ent r="3" t="252" w="66" /><ent r="3" t="252" w="70" /><ent r="3" t="252" w="74" /><ent r="3" t="252" w="78" /><ent r="3" t="252" w="82" /><ent r="3" t="252" w="86" /><ent r="3" t="252" w="90" /><ent r="3" t="252" w="94" /><ent r="3" t="252" w="98" /><ent r="3" t="252" w="102" /><ent r="3" t="252" w="106" /><ent r="3" t="252" w="110" /><ent r="3" t="252" w="114" /><ent r="3" t="252" w="118" /><ent r="3" t="252" w="122" /><ent r="3" t="252" w="126" /><ent r="3" t="252" w="130" /><ent r="3" t="263" w="106" /><ent r="3" t="263" w="110" /><ent r="3" t="286" w="17" /></phr></stem></index>