<?xml version="1.0" encoding="utf-8"?><index><stem n="did"><phr n="did"><ent r="3" t="152" w="171" /><ent r="3" t="154" w="404" /><ent r="3" t="155" w="378" /><ent r="3" t="156" w="600" /><ent r="3" t="157" w="403" /><ent r="3" t="158" w="145" /><ent r="3" t="159" w="106" /><ent r="3" t="160" w="153" /><ent r="3" t="161" w="171" /><ent r="3" t="164" w="123" /><ent r="3" t="165" w="152" /><ent r="3" t="178" w="182" /><ent r="3" t="228" w="56" /><ent r="3" t="229" w="61" /><ent r="3" t="231" w="166" /><ent r="3" t="232" w="296" /><ent r="3" t="233" w="192" /><ent r="3" t="234" w="171" /><ent r="3" t="235" w="186" /><ent r="3" t="236" w="156" /><ent r="3" t="254" w="67" /><ent r="6" t="310" w="570" /></phr></stem><stem n="_error_network_failur"><phr n="_ERROR_NETWORK_FAILURE"><ent r="4" t="152" w="192" /><ent r="4" t="154" w="424" /><ent r="4" t="155" w="398" /><ent r="4" t="156" w="620" /><ent r="4" t="157" w="433" /><ent r="4" t="159" w="127" /><ent r="4" t="228" w="112" /><ent r="4" t="231" w="194" /><ent r="4" t="232" w="324" /><ent r="4" t="233" w="220" /><ent r="4" t="234" w="199" /><ent r="4" t="235" w="214" /><ent r="4" t="236" w="184" /><ent r="6" t="310" w="679" /></phr></stem><stem n="_error_update_need"><phr n="_ERROR_UPDATE_NEEDED"><ent r="4" t="152" w="231" /><ent r="4" t="154" w="463" /><ent r="4" t="155" w="319" /><ent r="4" t="156" w="541" /><ent r="4" t="157" w="326" /><ent r="4" t="157" w="369" /><ent r="4" t="228" w="151" /><ent r="6" t="310" w="664" /></phr></stem><stem n="thing"><phr n="thing"><ent r="3" t="152" w="262" /></phr></stem><stem n="(typic"><phr n="(typically"><ent r="3" t="152" w="314" /><ent r="3" t="154" w="573" /><ent r="3" t="155" w="486" /><ent r="3" t="156" w="735" /><ent r="3" t="228" w="216" /></phr></stem><stem n="ten"><phr n="tens"><ent r="3" t="152" w="318" /><ent r="3" t="154" w="577" /><ent r="3" t="155" w="490" /><ent r="3" t="156" w="739" /><ent r="3" t="228" w="220" /></phr></stem><stem n="_uae_service.h"><phr n="_uae_service.h"><ent r="6" t="152" w="341" /><ent r="6" t="153" w="175" /><ent r="6" t="154" w="600" /><ent r="6" t="157" w="507" /><ent r="6" t="158" w="202" /><ent r="6" t="159" w="188" /><ent r="6" t="161" w="339" /><ent r="6" t="164" w="212" /><ent r="6" t="165" w="201" /><ent r="6" t="287" w="81" /></phr></stem><stem n="_get_quote_size("><phr n="_get_quote_size("><ent r="3" t="153" w="34" /></phr></stem><stem n="rl"><phr n="rl"><ent r="3" t="153" w="40" /><ent r="4" t="153" w="54" /><ent r="3" t="154" w="65" /><ent r="3" t="154" w="70" /><ent r="4" t="154" w="165" /><ent r="4" t="154" w="178" /><ent r="4" t="154" w="187" /><ent r="4" t="154" w="196" /><ent r="4" t="154" w="203" /><ent r="3" t="295" w="78" /><ent r="3" t="295" w="84" /><ent r="4" t="295" w="421" /><ent r="4" t="295" w="429" /><ent r="4" t="295" w="435" /></phr></stem><stem n="*p_sig_rl,"><phr n="*p_sig_rl,"><ent r="3" t="153" w="41" /><ent r="3" t="154" w="66" /></phr></stem><stem n="*p_quote_s"><phr n="*p_quote_size"><ent r="3" t="153" w="46" /></phr></stem><stem n="_sig_rl"><phr n="_sig_rl"><ent r="4" t="153" w="54" /><ent r="4" t="154" w="165" /><ent r="4" t="154" w="187" /><ent r="4" t="154" w="196" /></phr></stem><stem n="revok"><phr n="revoke"><ent r="3" t="153" w="58" /><ent r="3" t="154" w="169" /></phr><phr n="REVOKED"><ent r="4" t="154" w="343" /><ent r="3" t="154" w="351" /><ent r="4" t="155" w="279" /><ent r="3" t="155" w="287" /><ent r="4" t="156" w="501" /><ent r="3" t="156" w="509" /><ent r="6" t="310" w="634" /><ent r="6" t="310" w="642" /></phr></stem><stem n="_quote_s"><phr n="_quote_size"><ent r="4" t="153" w="68" /><ent r="4" t="153" w="100" /></phr></stem><stem n="chunk"><phr n="chunk"><ent r="3" t="153" w="119" /><ent r="3" t="164" w="156" /></phr></stem><stem n="try"><phr n="trying"><ent r="3" t="153" w="138" /><ent r="3" t="164" w="175" /><ent r="3" t="178" w="216" /></phr><phr n="try"><ent r="3" t="179" w="57" /><ent r="3" t="180" w="165" /><ent r="7" t="312" w="141" /><ent r="6" t="318" w="40" /><ent r="6" t="318" w="56" /></phr></stem><stem n="linkabl"><phr n="linkable"><ent r="3" t="154" w="15" /><ent r="3" t="154" w="18" /><ent r="4" t="154" w="123" /><ent r="3" t="154" w="127" /><ent r="3" t="154" w="261" /><ent r="3" t="282" w="18" /><ent r="3" t="282" w="21" /><ent r="3" t="282" w="33" /><ent r="3" t="295" w="131" /><ent r="3" t="295" w="135" /></phr></stem><stem n="-linkabl"><phr n="-linkable"><ent r="3" t="154" w="17" /><ent r="3" t="154" w="17" /><ent r="3" t="282" w="20" /><ent r="3" t="282" w="20" /><ent r="3" t="295" w="134" /><ent r="3" t="295" w="134" /></phr></stem><stem n="un"><phr n="un"><ent r="3" t="154" w="17" /><ent r="3" t="282" w="20" /><ent r="3" t="295" w="134" /></phr></stem><stem n="un-link"><phr n="un-linkable"><ent r="3" t="154" w="17" /><ent r="3" t="282" w="20" /><ent r="3" t="295" w="134" /></phr></stem><stem n="_get_quote("><phr n="_get_quote("><ent r="3" t="154" w="29" /></phr></stem><stem n="_report_t"><phr n="_report_t"><ent r="3" t="154" w="33" /><ent r="3" t="154" w="75" /><ent r="3" t="196" w="76" /><ent r="64" t="196" w="281" /><ent r="3" t="197" w="47" /><ent r="64" t="197" w="64" /><ent r="65" t="247" w="161" /><ent r="4" t="275" w="22" /><ent r="1000" t="276" w="3" /><ent r="72" t="276" w="7" /><ent r="3" t="276" w="51" /><ent r="3" t="298" w="75" /><ent r="3" t="303" w="40" /><ent r="3" t="305" w="41" /></phr></stem><stem n="*p_report,"><phr n="*p_report,"><ent r="3" t="154" w="36" /><ent r="3" t="298" w="78" /></phr></stem><stem n="_quote_sign_type_t"><phr n="_quote_sign_type_t"><ent r="3" t="154" w="41" /><ent r="65" t="247" w="192" /><ent r="1000" t="282" w="5" /><ent r="72" t="282" w="11" /></phr></stem><stem n="_type,"><phr n="_type,"><ent r="3" t="154" w="44" /></phr></stem><stem n="_spid_t"><phr n="_spid_t"><ent r="3" t="154" w="48" /><ent r="65" t="247" w="196" /><ent r="1000" t="283" w="3" /><ent r="72" t="283" w="7" /><ent r="3" t="283" w="21" /><ent r="3" t="295" w="49" /></phr></stem><stem n="*p_spid,"><phr n="*p_spid,"><ent r="3" t="154" w="51" /></phr></stem><stem n="_quote_nonce_t"><phr n="_quote_nonce_t"><ent r="3" t="154" w="56" /><ent r="65" t="247" w="201" /><ent r="1000" t="284" w="4" /><ent r="72" t="284" w="9" /><ent r="3" t="298" w="82" /></phr></stem><stem n="*p_nonce,"><phr n="*p_nonce,"><ent r="3" t="154" w="59" /></phr></stem><stem n="_rl_size,"><phr n="_rl_size,"><ent r="3" t="154" w="72" /></phr></stem><stem n="*p_qe_report,"><phr n="*p_qe_report,"><ent r="3" t="154" w="79" /></phr></stem><stem n="_quote_t"><phr n="_quote_t"><ent r="3" t="154" w="82" /><ent r="65" t="247" w="186" /><ent r="1000" t="281" w="3" /><ent r="72" t="281" w="7" /><ent r="3" t="281" w="22" /></phr></stem><stem n="*p_quote,"><phr n="*p_quote,"><ent r="3" t="154" w="85" /></phr></stem><stem n="_size"><phr n="_size"><ent r="3" t="154" w="89" /><ent r="4" t="154" w="277" /><ent r="4" t="156" w="396" /><ent r="3" t="165" w="42" /><ent r="4" t="165" w="57" /><ent r="4" t="226" w="89" /><ent r="4" t="227" w="94" /><ent r="4" t="277" w="69" /><ent r="3" t="299" w="77" /></phr></stem><stem n="_report"><phr n="_report"><ent r="4" t="154" w="96" /><ent r="6" t="269" w="166" /></phr></stem><stem n="unlink"><phr n="UNLINKABLE"><ent r="4" t="154" w="114" /><ent r="3" t="154" w="118" /><ent r="3" t="154" w="263" /><ent r="3" t="282" w="29" /></phr></stem><stem n="_unlinkable_signatur"><phr n="_UNLINKABLE_SIGNATURE"><ent r="4" t="154" w="115" /></phr></stem><stem n="_linkable_signatur"><phr n="_LINKABLE_SIGNATURE"><ent r="4" t="154" w="124" /><ent r="3" t="282" w="34" /></phr></stem><stem n="_spid"><phr n="_spid"><ent r="4" t="154" w="131" /></phr></stem><stem n="_nonc"><phr n="_nonce"><ent r="4" t="154" w="140" /></phr></stem><stem n="_qe_report"><phr n="_qe_report"><ent r="4" t="154" w="149" /><ent r="4" t="154" w="212" /></phr></stem><stem n="_rl_size"><phr n="_rl_size"><ent r="4" t="154" w="179" /><ent r="4" t="154" w="204" /><ent r="4" t="295" w="422" /></phr></stem><stem n="_quot"><phr n="_quote"><ent r="4" t="154" w="247" /><ent r="4" t="154" w="256" /><ent r="4" t="280" w="48" /></phr></stem><stem n="_error_epid_member_revok"><phr n="_ERROR_EPID_MEMBER_REVOKED"><ent r="4" t="154" w="343" /><ent r="4" t="155" w="279" /><ent r="4" t="156" w="501" /><ent r="6" t="310" w="634" /></phr></stem><stem n="membership"><phr n="membership"><ent r="3" t="154" w="348" /><ent r="3" t="155" w="284" /><ent r="3" t="156" w="506" /><ent r="6" t="310" w="639" /></phr></stem><stem n="remedi"><phr n="remedy"><ent r="3" t="154" w="364" /><ent r="3" t="155" w="300" /><ent r="3" t="156" w="522" /><ent r="6" t="310" w="655" /></phr></stem><stem n="_init_quote()"><phr n="_init_quote()"><ent r="4" t="154" w="513" /></phr></stem><stem n="_get_quote()"><phr n="_get_quote()"><ent r="4" t="154" w="519" /></phr></stem><stem n="relianc"><phr n="reliance"><ent r="3" t="154" w="522" /></phr></stem><stem n="(ias)."><phr n="(IAS)."><ent r="3" t="154" w="530" /></phr></stem><stem n="(through"><phr n="(through"><ent r="3" t="154" w="542" /></phr></stem><stem n="_ra_get_msg1("><phr n="_ra_get_msg1("><ent r="3" t="155" w="87" /></phr></stem><stem n="_ecall_get_ga_trusted_t"><phr n="_ecall_get_ga_trusted_t"><ent r="3" t="155" w="105" /><ent r="65" t="247" w="274" /><ent r="72" t="297" w="12" /></phr></stem><stem n="_get_ga,"><phr n="_get_ga,"><ent r="3" t="155" w="109" /></phr></stem><stem n="_ra_msg1_t"><phr n="_ra_msg1_t"><ent r="3" t="155" w="113" /><ent r="65" t="247" w="257" /><ent r="1000" t="294" w="4" /><ent r="72" t="294" w="9" /></phr></stem><stem n="*p_msg1"><phr n="*p_msg1"><ent r="3" t="155" w="115" /></phr></stem><stem n="_get_ga"><phr n="_get_ga"><ent r="4" t="155" w="163" /></phr></stem><stem n="_tkey_exchang"><phr n="_tkey_exchange"><ent r="4" t="155" w="193" /><ent r="4" t="156" w="276" /><ent r="4" t="156" w="343" /></phr></stem><stem n="_msg1"><phr n="_msg1"><ent r="4" t="155" w="223" /></phr></stem><stem n="_error_invalid_st"><phr n="_ERROR_INVALID_STATE"><ent r="4" t="155" w="412" /><ent r="4" t="156" w="634" /><ent r="4" t="239" w="418" /><ent r="4" t="242" w="195" /><ent r="4" t="243" w="252" /><ent r="4" t="244" w="500" /><ent r="4" t="245" w="437" /><ent r="6" t="310" w="85" /></phr></stem><stem n="negoti"><phr n="negotiated"><ent r="3" t="156" w="50" /><ent r="3" t="156" w="80" /><ent r="3" t="239" w="24" /></phr></stem><stem n="readi"><phr n="ready"><ent r="3" t="156" w="62" /></phr></stem><stem n="notifi"><phr n="notify"><ent r="3" t="156" w="114" /><ent r="3" t="161" w="38" /><ent r="3" t="162" w="43" /></phr></stem><stem n="time-out"><phr n="time-out"><ent r="3" t="156" w="127" /></phr></stem><stem n="_ra_proc_msg2("><phr n="_ra_proc_msg2("><ent r="3" t="156" w="153" /></phr></stem><stem n="_ecall_proc_msg2_trusted_t"><phr n="_ecall_proc_msg2_trusted_t"><ent r="3" t="156" w="171" /><ent r="65" t="247" w="288" /><ent r="72" t="298" w="12" /></phr></stem><stem n="_proc_msg2,"><phr n="_proc_msg2,"><ent r="3" t="156" w="175" /></phr></stem><stem n="_ecall_get_msg3_trusted_t"><phr n="_ecall_get_msg3_trusted_t"><ent r="3" t="156" w="181" /><ent r="65" t="247" w="281" /><ent r="72" t="299" w="12" /></phr></stem><stem n="_get_msg3,"><phr n="_get_msg3,"><ent r="3" t="156" w="185" /></phr></stem><stem n="_ra_msg2_t"><phr n="_ra_msg2_t"><ent r="3" t="156" w="190" /><ent r="4" t="156" w="383" /><ent r="65" t="247" w="262" /><ent r="1000" t="295" w="4" /><ent r="72" t="295" w="9" /><ent r="3" t="298" w="60" /></phr></stem><stem n="*p_msg2,"><phr n="*p_msg2,"><ent r="3" t="156" w="193" /><ent r="3" t="298" w="63" /></phr></stem><stem n="_size,"><phr n="_size,"><ent r="3" t="156" w="198" /><ent r="3" t="226" w="46" /><ent r="3" t="227" w="47" /><ent r="3" t="299" w="60" /></phr></stem><stem n="_ra_msg3_t"><phr n="_ra_msg3_t"><ent r="3" t="156" w="202" /><ent r="4" t="156" w="414" /><ent r="65" t="247" w="267" /><ent r="1000" t="296" w="4" /><ent r="72" t="296" w="9" /><ent r="3" t="299" w="70" /></phr></stem><stem n="pp"><phr n="pp"><ent r="3" t="156" w="203" /><ent r="4" t="156" w="407" /><ent r="3" t="156" w="455" /></phr></stem><stem n="**pp_msg3,"><phr n="**pp_msg3,"><ent r="3" t="156" w="205" /></phr></stem><stem n="*p_msg3_size"><phr n="*p_msg3_size"><ent r="3" t="156" w="210" /></phr></stem><stem n="_proc_msg2"><phr n="_proc_msg2"><ent r="4" t="156" w="244" /></phr></stem><stem n="_ra_proc_msg2_trusted_t"><phr n="_ra_proc_msg2_trusted_t"><ent r="4" t="156" w="259" /></phr></stem><stem n="_get_msg3"><phr n="_get_msg3"><ent r="4" t="156" w="311" /></phr></stem><stem n="_ra_get_msg3_trusted_t"><phr n="_ra_get_msg3_trusted_t"><ent r="4" t="156" w="326" /></phr></stem><stem n="_ra_get_msg3"><phr n="_ra_get_msg3"><ent r="4" t="156" w="373" /></phr></stem><stem n="_msg2"><phr n="_msg2"><ent r="4" t="156" w="377" /><ent r="3" t="156" w="403" /></phr></stem><stem n="_msg3"><phr n="_msg3"><ent r="4" t="156" w="408" /><ent r="3" t="156" w="456" /></phr></stem><stem n="_ukey_exchang"><phr n="_ukey_exchange"><ent r="4" t="156" w="435" /></phr></stem><stem n="_msg3_size"><phr n="_msg3_size"><ent r="4" t="156" w="449" /></phr></stem><stem n="_error_mac_mismatch"><phr n="_ERROR_MAC_MISMATCH"><ent r="4" t="156" w="659" /><ent r="4" t="197" w="113" /><ent r="4" t="203" w="563" /><ent r="4" t="206" w="333" /><ent r="4" t="213" w="464" /><ent r="6" t="310" w="488" /></phr></stem><stem n="mismatch"><phr n="MISMATCH"><ent r="4" t="156" w="659" /><ent r="4" t="156" w="673" /><ent r="4" t="197" w="113" /><ent r="4" t="203" w="563" /><ent r="4" t="206" w="333" /><ent r="4" t="213" w="464" /><ent r="4" t="228" w="164" /><ent r="4" t="244" w="515" /><ent r="4" t="292" w="211" /><ent r="6" t="310" w="488" /><ent r="6" t="310" w="795" /></phr></stem><stem n="_error_kdf_mismatch"><phr n="_ERROR_KDF_MISMATCH"><ent r="4" t="156" w="673" /><ent r="4" t="228" w="164" /><ent r="4" t="244" w="515" /><ent r="4" t="292" w="211" /><ent r="6" t="310" w="795" /></phr></stem><stem n="incom"><phr n="incoming"><ent r="3" t="156" w="704" /></phr></stem><stem n="_report_remote_attestation_failur"><phr n="_report_remote_attestation_failure"><ent r="1000" t="157" w="5" /></phr></stem><stem n="decid"><phr n="decide"><ent r="3" t="157" w="31" /><ent r="3" t="161" w="35" /><ent r="3" t="162" w="40" /><ent r="3" t="244" w="432" /><ent r="3" t="245" w="361" /></phr><phr n="decided"><ent r="3" t="157" w="75" /></phr></stem><stem n="pib"><phr n="PIB"><ent r="3" t="157" w="63" /></phr></stem><stem n="(pib)."><phr n="(PIB)."><ent r="3" t="157" w="64" /></phr></stem><stem n="_statu"><phr n="_status"><ent r="4" t="157" w="68" /><ent r="4" t="157" w="267" /></phr></stem><stem n=":0"><phr n=":0"><ent r="5" t="157" w="87" /></phr></stem><stem n="neg"><phr n="negative"><ent r="4" t="157" w="124" /></phr></stem><stem n="experi"><phr n="experience"><ent r="4" t="157" w="126" /></phr></stem><stem n="latenc"><phr n="latencies"><ent r="4" t="157" w="130" /><ent r="4" t="157" w="183" /></phr></stem><stem n=":!=0"><phr n=":!=0"><ent r="5" t="157" w="141" /></phr></stem><stem n="incur"><phr n="incur"><ent r="4" t="157" w="181" /></phr></stem><stem n="_platform_info_t*"><phr n="_platform_info_t*"><ent r="3" t="157" w="230" /></phr></stem><stem n="_platform_info"><phr n="_platform_info"><ent r="3" t="157" w="232" /><ent r="4" t="157" w="253" /><ent r="3" t="300" w="37" /></phr></stem><stem n="_status,"><phr n="_status,"><ent r="3" t="157" w="237" /></phr></stem><stem n="_update_info_bit_t*"><phr n="_update_info_bit_t*"><ent r="3" t="157" w="243" /></phr></stem><stem n="_update_info"><phr n="_update_info"><ent r="3" t="157" w="245" /><ent r="4" t="157" w="297" /></phr></stem><stem n="_get_extended_epid_group_id("><phr n="_get_extended_epid_group_id("><ent r="3" t="158" w="65" /></phr></stem><stem n="*p_extended_epid_group_id"><phr n="*p_extended_epid_group_id"><ent r="3" t="158" w="72" /></phr></stem><stem n="_get_ps_cap("><phr n="_get_ps_cap("><ent r="3" t="159" w="34" /></phr></stem><stem n="_ps_cap_t*"><phr n="_ps_cap_t*"><ent r="3" t="159" w="39" /></phr></stem><stem n="_sgx_ps_cap"><phr n="_sgx_ps_cap"><ent r="3" t="159" w="42" /><ent r="4" t="159" w="51" /></phr></stem><stem n="_ps_cap_t"><phr n="_ps_cap_t"><ent r="64" t="159" w="61" /><ent r="65" t="247" w="216" /><ent r="1000" t="287" w="4" /><ent r="72" t="287" w="9" /></phr></stem><stem n="_cap"><phr n="_cap"><ent r="3" t="159" w="93" /></phr></stem><stem n="(s)."><phr n="(s)."><ent r="3" t="160" w="52" /></phr></stem><stem n="_register_wl_cert_chain("><phr n="_register_wl_cert_chain("><ent r="3" t="160" w="97" /></phr></stem><stem n="tchar"><phr n="TCHAR"><ent r="3" t="160" w="99" /></phr></stem><stem n="*certchainpath"><phr n="*CertChainPath"><ent r="3" t="160" w="100" /></phr></stem><stem n="certchainpath"><phr n="CertChainPath"><ent r="3" t="160" w="100" /><ent r="4" t="160" w="106" /><ent r="4" t="160" w="140" /></phr></stem><stem n="update-to"><phr n="update-to"><ent r="3" t="160" w="173" /></phr></stem><stem n="update-to-d"><phr n="update-to-date"><ent r="3" t="160" w="173" /></phr></stem><stem n="_status.h"><phr n="_status.h"><ent r="6" t="160" w="206" /><ent r="6" t="309" w="152" /></phr></stem><stem n="restart"><phr n="restart"><ent r="3" t="161" w="42" /><ent r="3" t="162" w="47" /></phr></stem><stem n="_enable_device("><phr n="_enable_device("><ent r="3" t="161" w="55" /></phr></stem><stem n="_device_status_t"><phr n="_device_status_t"><ent r="3" t="161" w="59" /><ent r="3" t="162" w="65" /><ent r="65" t="247" w="343" /><ent r="72" t="309" w="10" /></phr></stem><stem n="*sgx_device_statu"><phr n="*sgx_device_status"><ent r="3" t="161" w="62" /><ent r="3" t="162" w="68" /></phr></stem><stem n="_device_statu"><phr n="_device_status"><ent r="4" t="161" w="70" /><ent r="4" t="161" w="157" /><ent r="4" t="162" w="76" /><ent r="4" t="162" w="166" /></phr></stem><stem n="_enabl"><phr n="_ENABLED"><ent r="4" t="161" w="81" /><ent r="4" t="162" w="88" /><ent r="4" t="309" w="66" /></phr><phr n="_enable"><ent r="5" t="315" w="233" /></phr></stem><stem n="_disabled_reboot_requir"><phr n="_DISABLED_REBOOT_REQUIRED"><ent r="4" t="161" w="93" /><ent r="4" t="162" w="100" /><ent r="4" t="309" w="77" /></phr></stem><stem n="legaci"><phr n="LEGACY"><ent r="4" t="161" w="112" /><ent r="4" t="162" w="119" /><ent r="5" t="263" w="246" /><ent r="3" t="309" w="46" /><ent r="4" t="309" w="95" /><ent r="3" t="309" w="103" /></phr></stem><stem n="_disabled_legacy_o"><phr n="_DISABLED_LEGACY_OS"><ent r="4" t="161" w="113" /><ent r="4" t="162" w="120" /><ent r="4" t="309" w="96" /></phr></stem><stem n="_disabl"><phr n="_DISABLED"><ent r="4" t="161" w="127" /><ent r="3" t="161" w="306" /><ent r="4" t="162" w="136" /><ent r="5" t="162" w="365" /><ent r="4" t="309" w="116" /></phr><phr n="_disable"><ent r="5" t="315" w="235" /></phr></stem><stem n="-v*."><phr n="-V*."><ent r="3" t="161" w="191" /><ent r="3" t="161" w="191" /><ent r="3" t="162" w="188" /><ent r="3" t="162" w="188" /></phr></stem><stem n="re-en"><phr n="re-enable"><ent r="3" t="161" w="247" /></phr></stem><stem n="-sgx"><phr n="-SGX"><ent r="5" t="161" w="278" /><ent r="5" t="161" w="278" /></phr></stem><stem n="non-sgx"><phr n="non-SGX"><ent r="5" t="161" w="278" /></phr></stem><stem n="shut"><phr n="Shut"><ent r="5" t="161" w="282" /></phr></stem><stem n="_cap_enable_device("><phr n="_cap_enable_device("><ent r="3" t="162" w="61" /></phr></stem><stem n="efi"><phr n="EFI"><ent r="4" t="162" w="204" /><ent r="3" t="162" w="216" /><ent r="3" t="163" w="164" /><ent r="6" t="310" w="811" /><ent r="6" t="310" w="821" /></phr></stem><stem n="_error_efi_not_support"><phr n="_ERROR_EFI_NOT_SUPPORTED"><ent r="4" t="162" w="206" /><ent r="6" t="310" w="813" /></phr></stem><stem n="_error_no_privileg"><phr n="_ERROR_NO_PRIVILEGE"><ent r="4" t="162" w="222" /><ent r="4" t="163" w="151" /><ent r="6" t="310" w="828" /></phr></stem><stem n="(note:"><phr n="(NOTE:"><ent r="3" t="162" w="308" /></phr></stem><stem n="abil"><phr n="ability"><ent r="3" t="162" w="309" /></phr></stem><stem n="/configur"><phr n="/configure"><ent r="3" t="162" w="313" /></phr></stem><stem n="gx"><phr n="GX"><ent r="5" t="162" w="364" /></phr></stem><stem n="_capable.h"><phr n="_capable.h"><ent r="6" t="162" w="398" /><ent r="6" t="163" w="298" /></phr></stem><stem n="_is_capable("><phr n="_is_capable("><ent r="3" t="163" w="52" /></phr></stem><stem n="*sgx_capabl"><phr n="*sgx_capable"><ent r="3" t="163" w="55" /></phr></stem><stem n="_capabl"><phr n="_capable"><ent r="4" t="163" w="62" /><ent r="4" t="163" w="142" /></phr></stem><stem n="primari"><phr n="primary"><ent r="3" t="163" w="193" /></phr></stem><stem n="‘1’,"><phr n="‘1’,"><ent r="3" t="163" w="221" /></phr></stem><stem n="proce"><phr n="proceed"><ent r="3" t="163" w="225" /><ent r="3" t="183" w="325" /></phr></stem><stem n="/updat"><phr n="/updated"><ent r="3" t="163" w="255" /></phr></stem><stem n="cloud"><phr n="cloud"><ent r="3" t="163" w="258" /></phr></stem><stem n="download"><phr n="downloading"><ent r="3" t="163" w="273" /></phr></stem><stem n="lot"><phr n="lot"><ent r="3" t="163" w="281" /></phr></stem><stem n="-list."><phr n="-list."><ent r="3" t="164" w="25" /><ent r="3" t="164" w="25" /><ent r="3" t="165" w="55" /><ent r="3" t="165" w="55" /></phr></stem><stem n="_get_whitelist_size("><phr n="_get_whitelist_size("><ent r="3" t="164" w="35" /></phr></stem><stem n="*p_whitelist_s"><phr n="*p_whitelist_size"><ent r="3" t="164" w="40" /></phr></stem><stem n="_whitelist_s"><phr n="_whitelist_size"><ent r="4" t="164" w="48" /><ent r="4" t="164" w="81" /><ent r="4" t="165" w="110" /></phr></stem><stem n="aesm"><phr n="aesm"><ent r="4" t="165" w="21" /><ent r="4" t="165" w="190" /></phr></stem><stem n="_servic"><phr n="_service"><ent r="4" t="165" w="22" /><ent r="4" t="165" w="191" /></phr></stem><stem n="_get_whitelist("><phr n="_get_whitelist("><ent r="3" t="165" w="33" /></phr></stem><stem n="*p_whitelist,"><phr n="*p_whitelist,"><ent r="3" t="165" w="38" /></phr></stem><stem n="_whitelist"><phr n="_whitelist"><ent r="4" t="165" w="49" /><ent r="4" t="165" w="101" /></phr></stem><stem n="addr"><phr n="addr"><ent r="4" t="166" w="28" /><ent r="3" t="166" w="58" /><ent r="4" t="166" w="68" /><ent r="4" t="167" w="28" /><ent r="3" t="167" w="58" /><ent r="4" t="167" w="68" /></phr></stem><stem n="strictli"><phr n="strictly"><ent r="3" t="166" w="42" /><ent r="3" t="166" w="95" /><ent r="3" t="167" w="42" /><ent r="3" t="167" w="95" /></phr></stem><stem n="*addr,"><phr n="*addr,"><ent r="3" t="166" w="59" /><ent r="3" t="167" w="59" /></phr></stem><stem n="wrap"><phr n="wrapped"><ent r="3" t="166" w="121" /><ent r="3" t="167" w="121" /><ent r="3" t="168" w="91" /></phr><phr n="wrap"><ent r="3" t="186" w="68" /></phr></stem><stem n="around"><phr n="around"><ent r="3" t="166" w="122" /><ent r="3" t="167" w="122" /><ent r="3" t="168" w="92" /></phr></stem><stem n="sometim"><phr n="sometimes"><ent r="3" t="166" w="160" /></phr></stem><stem n="_trts.h"><phr n="_trts.h"><ent r="6" t="166" w="198" /><ent r="6" t="167" w="162" /><ent r="6" t="168" w="214" /></phr></stem><stem n="_read_rand("><phr n="_read_rand("><ent r="3" t="168" w="35" /></phr></stem><stem n="*rand,"><phr n="*rand,"><ent r="3" t="168" w="39" /></phr></stem><stem n="_in_byt"><phr n="_in_bytes"><ent r="3" t="168" w="44" /><ent r="4" t="168" w="96" /></phr></stem><stem n="-random"><phr n="-random"><ent r="3" t="168" w="159" /><ent r="3" t="168" w="159" /><ent r="3" t="168" w="193" /><ent r="3" t="168" w="193" /><ent r="3" t="168" w="204" /><ent r="3" t="168" w="204" /></phr></stem><stem n="pseudo-random"><phr n="pseudo-random"><ent r="3" t="168" w="159" /><ent r="3" t="168" w="204" /></phr></stem><stem n="sequenc"><phr n="sequence"><ent r="3" t="168" w="161" /><ent r="3" t="168" w="195" /><ent r="3" t="168" w="206" /><ent r="6" t="320" w="139" /></phr></stem><stem n="real-random"><phr n="real-random"><ent r="3" t="168" w="193" /></phr></stem><stem n="_first_handl"><phr n="_first_handler"><ent r="4" t="169" w="32" /><ent r="4" t="169" w="75" /><ent r="4" t="169" w="262" /><ent r="4" t="169" w="327" /></phr></stem><stem n="append"><phr n="append"><ent r="3" t="169" w="41" /><ent r="3" t="169" w="267" /><ent r="6" t="313" w="124" /></phr></stem><stem n="_register_exception_handler("><phr n="_register_exception_handler("><ent r="3" t="169" w="56" /></phr></stem><stem n="_first_handler,"><phr n="_first_handler,"><ent r="3" t="169" w="61" /></phr></stem><stem n="_handler"><phr n="_handler"><ent r="3" t="169" w="67" /><ent r="4" t="169" w="118" /></phr></stem><stem n="nonzero"><phr n="nonzero"><ent r="3" t="169" w="92" /><ent r="3" t="169" w="265" /></phr></stem><stem n="-zero"><phr n="-zero"><ent r="4" t="169" w="131" /><ent r="4" t="169" w="131" /><ent r="4" t="170" w="65" /><ent r="4" t="170" w="65" /></phr></stem><stem n="non-zero"><phr n="Non-zero"><ent r="4" t="169" w="131" /><ent r="4" t="170" w="65" /><ent r="3" t="201" w="232" /><ent r="4" t="201" w="384" /><ent r="4" t="201" w="419" /><ent r="3" t="202" w="400" /><ent r="4" t="202" w="555" /><ent r="4" t="202" w="590" /><ent r="4" t="203" w="430" /></phr></stem><stem n="registr"><phr n="registration"><ent r="3" t="169" w="172" /><ent r="3" t="170" w="101" /></phr></stem><stem n="importantli"><phr n="importantly"><ent r="3" t="169" w="332" /></phr></stem><stem n="_trts_exception.h"><phr n="_trts_exception.h"><ent r="6" t="169" w="383" /><ent r="6" t="170" w="159" /><ent r="6" t="250" w="159" /><ent r="6" t="251" w="86" /><ent r="6" t="252" w="271" /><ent r="6" t="253" w="142" /><ent r="6" t="254" w="114" /></phr></stem><stem n="_unregister_exception_handler("><phr n="_unregister_exception_handler("><ent r="3" t="170" w="32" /></phr></stem><stem n="(not"><phr n="(not"><ent r="3" t="170" w="84" /></phr></stem><stem n="earlier"><phr n="earlier"><ent r="3" t="170" w="150" /><ent r="3" t="203" w="663" /><ent r="3" t="206" w="413" /><ent r="3" t="209" w="287" /><ent r="3" t="216" w="348" /></phr></stem><stem n="bool"><phr n="bool"><ent r="3" t="171" w="21" /></phr></stem><stem n="none"><phr n="None"><ent r="3" t="171" w="30" /><ent r="3" t="173" w="65" /></phr></stem><stem n="_debug.h"><phr n="_debug.h"><ent r="6" t="171" w="76" /><ent r="6" t="172" w="62" /><ent r="6" t="173" w="84" /></phr></stem><stem n="outputdebugstringa"><phr n="OutputDebugStringA"><ent r="3" t="172" w="20" /></phr></stem><stem n="w"><phr n="W"><ent r="3" t="172" w="21" /></phr></stem><stem n="(w)("><phr n="(W)("><ent r="3" t="172" w="22" /></phr></stem><stem n="*(wchar_t*)"><phr n="*(wchar_t*)"><ent r="3" t="172" w="26" /></phr></stem><stem n="lpoutputstr"><phr n="lpOutputString"><ent r="4" t="172" w="33" /></phr></stem><stem n="-termin"><phr n="-terminated"><ent r="3" t="172" w="38" /><ent r="3" t="172" w="38" /></phr></stem><stem n="null-termin"><phr n="null-terminated"><ent r="3" t="172" w="38" /></phr></stem><stem n="(simulation),"><phr n="(simulation),"><ent r="6" t="172" w="78" /></phr></stem><stem n="detach"><phr n="detaches"><ent r="4" t="173" w="45" /></phr></stem><stem n="crash"><phr n="crash"><ent r="4" t="173" w="52" /></phr><phr n="CRASHED"><ent r="6" t="310" w="183" /><ent r="6" t="310" w="188" /></phr></stem><stem n="_spin_lock"><phr n="_spin_lock"><ent r="1000" t="174" w="3" /><ent r="72" t="174" w="7" /><ent r="4" t="174" w="13" /><ent r="4" t="174" w="73" /></phr></stem><stem n="_spin_lock("><phr n="_spin_lock("><ent r="3" t="174" w="31" /></phr></stem><stem n="spinlock"><phr n="spinlock"><ent r="3" t="174" w="33" /><ent r="6" t="174" w="116" /><ent r="3" t="175" w="33" /><ent r="6" t="175" w="110" /><ent r="65" t="247" w="58" /><ent r="1000" t="255" w="2" /><ent r="72" t="255" w="6" /><ent r="3" t="255" w="24" /><ent r="4" t="255" w="31" /><ent r="6" t="255" w="48" /><ent r="3" t="259" w="29" /></phr></stem></index>