<?xml version="1.0" encoding="utf-8"?><index><stem n="_extended_epid_group_id"><phr n="_extended_epid_group_id"><ent r="6" t="99" w="359" /><ent r="4" t="158" w="82" /><ent r="4" t="158" w="115" /></phr></stem><stem n="msg0"><phr n="msg0"><ent r="6" t="99" w="366" /></phr></stem><stem n="msg1"><phr n="msg1"><ent r="5" t="99" w="433" /><ent r="5" t="99" w="484" /><ent r="5" t="99" w="523" /><ent r="4" t="101" w="214" /><ent r="5" t="118" w="55" /><ent r="5" t="119" w="62" /><ent r="65" t="119" w="94" /><ent r="5" t="120" w="56" /><ent r="65" t="136" w="42" /><ent r="65" t="136" w="48" /><ent r="1000" t="155" w="4" /><ent r="72" t="155" w="9" /><ent r="4" t="155" w="14" /><ent r="3" t="155" w="86" /><ent r="3" t="155" w="112" /><ent r="3" t="155" w="115" /><ent r="4" t="155" w="223" /><ent r="4" t="237" w="157" /><ent r="4" t="238" w="237" /><ent r="1000" t="242" w="5" /><ent r="72" t="242" w="11" /><ent r="3" t="242" w="14" /><ent r="3" t="242" w="41" /><ent r="3" t="242" w="45" /><ent r="3" t="242" w="47" /><ent r="4" t="242" w="60" /><ent r="4" t="242" w="70" /><ent r="3" t="242" w="73" /><ent r="3" t="242" w="79" /><ent r="3" t="242" w="95" /><ent r="3" t="242" w="174" /><ent r="1000" t="243" w="5" /><ent r="72" t="243" w="11" /><ent r="3" t="243" w="21" /><ent r="3" t="243" w="50" /><ent r="3" t="243" w="55" /><ent r="3" t="243" w="57" /><ent r="4" t="243" w="76" /><ent r="3" t="243" w="227" /><ent r="65" t="247" w="256" /><ent r="65" t="247" w="303" /><ent r="1000" t="294" w="3" /><ent r="72" t="294" w="8" /><ent r="3" t="294" w="35" /><ent r="3" t="294" w="55" /><ent r="1000" t="302" w="3" /><ent r="72" t="302" w="8" /><ent r="3" t="302" w="13" /><ent r="3" t="302" w="27" /><ent r="3" t="302" w="46" /></phr></stem><stem n="_ra_get_msg1()"><phr n="_ra_get_msg1()"><ent r="5" t="99" w="434" /><ent r="5" t="99" w="485" /></phr></stem><stem n="_ra_get_ga"><phr n="_ra_get_ga"><ent r="5" t="99" w="461" /><ent r="4" t="155" w="176" /><ent r="4" t="155" w="219" /><ent r="4" t="155" w="453" /></phr></stem><stem n="tke"><phr n="TKE"><ent r="4" t="99" w="466" /></phr></stem><stem n="reflect"><phr n="reflects"><ent r="4" t="99" w="468" /><ent r="3" t="154" w="520" /><ent r="3" t="155" w="465" /></phr><phr n="reflect"><ent r="3" t="231" w="335" /></phr></stem><stem n="enclave-specif"><phr n="enclave-specific"><ent r="4" t="99" w="478" /><ent r="3" t="99" w="804" /><ent r="3" t="155" w="475" /></phr></stem><stem n="-specific."><phr n="-specific."><ent r="4" t="99" w="480" /><ent r="4" t="99" w="480" /><ent r="3" t="155" w="477" /><ent r="3" t="155" w="477" /></phr></stem><stem n="s1"><phr n="S1"><ent r="4" t="99" w="488" /><ent r="4" t="99" w="503" /><ent r="4" t="99" w="528" /><ent r="4" t="101" w="54" /></phr></stem><stem n="(ga"><phr n="(ga"><ent r="4" t="99" w="490" /></phr></stem><stem n="gid"><phr n="GID"><ent r="4" t="99" w="492" /><ent r="4" t="101" w="56" /><ent r="3" t="152" w="55" /><ent r="4" t="152" w="86" /><ent r="3" t="152" w="298" /><ent r="3" t="154" w="538" /><ent r="3" t="294" w="51" /><ent r="4" t="294" w="82" /><ent r="3" t="295" w="452" /><ent r="3" t="296" w="83" /></phr></stem><stem n="network"><phr n="network"><ent r="5" t="99" w="512" /><ent r="5" t="99" w="655" /><ent r="4" t="108" w="46" /><ent r="4" t="152" w="191" /><ent r="3" t="152" w="194" /><ent r="4" t="154" w="423" /><ent r="3" t="154" w="426" /><ent r="4" t="155" w="397" /><ent r="3" t="155" w="400" /><ent r="4" t="156" w="619" /><ent r="3" t="156" w="622" /><ent r="4" t="157" w="432" /><ent r="3" t="157" w="435" /><ent r="4" t="159" w="126" /><ent r="3" t="159" w="129" /><ent r="4" t="228" w="111" /><ent r="3" t="228" w="114" /><ent r="4" t="231" w="193" /><ent r="3" t="231" w="196" /><ent r="4" t="232" w="323" /><ent r="3" t="232" w="326" /><ent r="4" t="233" w="219" /><ent r="3" t="233" w="222" /><ent r="4" t="234" w="198" /><ent r="3" t="234" w="201" /><ent r="4" t="235" w="213" /><ent r="3" t="235" w="216" /><ent r="4" t="236" w="183" /><ent r="3" t="236" w="186" /><ent r="6" t="310" w="678" /><ent r="6" t="310" w="681" /></phr></stem><stem n="_network_send_receive()"><phr n="_network_send_receive()"><ent r="5" t="99" w="515" /><ent r="5" t="99" w="658" /></phr></stem><stem n="proc"><phr n="proc"><ent r="5" t="99" w="522" /><ent r="5" t="99" w="589" /><ent r="5" t="99" w="605" /><ent r="5" t="118" w="61" /><ent r="5" t="119" w="68" /><ent r="65" t="119" w="98" /><ent r="5" t="120" w="62" /><ent r="65" t="136" w="47" /><ent r="65" t="136" w="53" /><ent r="65" t="136" w="59" /><ent r="1000" t="156" w="3" /><ent r="72" t="156" w="8" /><ent r="4" t="156" w="13" /><ent r="3" t="156" w="151" /><ent r="3" t="156" w="168" /><ent r="3" t="156" w="173" /><ent r="4" t="156" w="243" /><ent r="4" t="156" w="256" /><ent r="4" t="156" w="305" /><ent r="4" t="156" w="699" /><ent r="4" t="237" w="163" /><ent r="4" t="238" w="243" /><ent r="4" t="239" w="59" /><ent r="4" t="239" w="446" /><ent r="1000" t="243" w="4" /><ent r="72" t="243" w="10" /><ent r="3" t="243" w="49" /><ent r="1000" t="244" w="4" /><ent r="72" t="244" w="10" /><ent r="3" t="244" w="39" /><ent r="1000" t="245" w="4" /><ent r="72" t="245" w="10" /><ent r="3" t="245" w="42" /><ent r="65" t="247" w="285" /><ent r="1000" t="298" w="3" /><ent r="72" t="298" w="9" /><ent r="3" t="298" w="36" /></phr></stem><stem n="req"><phr n="req"><ent r="5" t="99" w="524" /></phr></stem><stem n="_ra_proc_msg1_req()"><phr n="_ra_proc_msg1_req()"><ent r="5" t="99" w="525" /></phr></stem><stem n="s2"><phr n="S2"><ent r="4" t="99" w="531" /><ent r="5" t="99" w="537" /><ent r="4" t="99" w="594" /></phr></stem><stem n="eventu"><phr n="eventually"><ent r="4" t="99" w="534" /></phr></stem><stem n="spid"><phr n="SPID"><ent r="5" t="99" w="540" /><ent r="5" t="99" w="563" /><ent r="3" t="154" w="47" /><ent r="3" t="154" w="50" /><ent r="4" t="154" w="131" /><ent r="65" t="247" w="195" /><ent r="1000" t="283" w="2" /><ent r="72" t="283" w="6" /><ent r="3" t="283" w="20" /><ent r="3" t="283" w="30" /><ent r="3" t="295" w="48" /><ent r="3" t="295" w="50" /><ent r="4" t="295" w="114" /><ent r="3" t="295" w="231" /></phr></stem><stem n="-byte"><phr n="-byte"><ent r="5" t="99" w="542" /><ent r="5" t="99" w="542" /><ent r="56" t="99" w="547" /><ent r="56" t="99" w="547" /><ent r="5" t="99" w="565" /><ent r="5" t="99" w="565" /><ent r="56" t="99" w="570" /><ent r="56" t="99" w="570" /><ent r="54" t="149" w="161" /><ent r="54" t="149" w="161" /><ent r="3" t="295" w="232" /><ent r="3" t="295" w="232" /><ent r="3" t="295" w="235" /><ent r="3" t="295" w="235" /><ent r="3" t="296" w="320" /><ent r="3" t="296" w="320" /><ent r="3" t="296" w="344" /><ent r="3" t="296" w="344" /><ent r="3" t="303" w="98" /><ent r="3" t="303" w="98" /><ent r="3" t="303" w="145" /><ent r="3" t="303" w="145" /><ent r="3" t="303" w="173" /><ent r="3" t="303" w="173" /><ent r="3" t="305" w="76" /><ent r="3" t="305" w="76" /><ent r="3" t="305" w="123" /><ent r="3" t="305" w="123" /></phr></stem><stem n="2-byte"><phr n="2-byte"><ent r="5" t="99" w="542" /><ent r="56" t="99" w="547" /><ent r="5" t="99" w="565" /><ent r="56" t="99" w="570" /><ent r="3" t="295" w="232" /><ent r="3" t="295" w="235" /><ent r="3" t="303" w="173" /></phr></stem><stem n="-id"><phr n="-ID"><ent r="56" t="99" w="549" /><ent r="56" t="99" w="549" /><ent r="56" t="99" w="572" /><ent r="56" t="99" w="572" /></phr></stem><stem n="kdf"><phr n="KDF"><ent r="56" t="99" w="549" /><ent r="56" t="99" w="572" /><ent r="72" t="100" w="18" /><ent r="3" t="100" w="27" /><ent r="3" t="100" w="65" /><ent r="3" t="100" w="69" /><ent r="3" t="100" w="126" /><ent r="4" t="156" w="672" /><ent r="4" t="228" w="163" /><ent r="3" t="238" w="41" /><ent r="3" t="239" w="198" /><ent r="3" t="239" w="340" /><ent r="4" t="244" w="514" /><ent r="3" t="292" w="85" /><ent r="4" t="292" w="139" /><ent r="4" t="292" w="210" /><ent r="3" t="295" w="59" /><ent r="4" t="295" w="138" /><ent r="3" t="295" w="237" /><ent r="3" t="295" w="364" /><ent r="3" t="295" w="368" /><ent r="3" t="296" w="199" /><ent r="3" t="296" w="203" /><ent r="3" t="296" w="479" /><ent r="3" t="296" w="483" /><ent r="3" t="303" w="175" /><ent r="6" t="310" w="794" /></phr></stem><stem n="kdf-id"><phr n="KDF-ID"><ent r="56" t="99" w="549" /><ent r="56" t="99" w="572" /><ent r="3" t="295" w="237" /><ent r="3" t="303" w="175" /></phr></stem><stem n="sigsp"><phr n="SigSP"><ent r="5" t="99" w="553" /><ent r="5" t="99" w="576" /></phr></stem><stem n="(gb,"><phr n="(gb,"><ent r="5" t="99" w="555" /><ent r="5" t="99" w="578" /></phr></stem><stem n="cmac"><phr n="CMAC"><ent r="5" t="99" w="557" /><ent r="5" t="99" w="611" /><ent r="65" t="146" w="88" /><ent r="3" t="197" w="146" /><ent r="1000" t="214" w="3" /><ent r="72" t="214" w="8" /><ent r="4" t="214" w="15" /><ent r="3" t="214" w="23" /><ent r="3" t="214" w="38" /><ent r="3" t="214" w="43" /><ent r="3" t="214" w="62" /><ent r="3" t="214" w="86" /><ent r="3" t="214" w="165" /><ent r="3" t="214" w="190" /><ent r="4" t="214" w="244" /><ent r="3" t="214" w="251" /><ent r="3" t="214" w="265" /><ent r="3" t="214" w="296" /><ent r="3" t="215" w="18" /><ent r="3" t="215" w="35" /><ent r="4" t="215" w="57" /><ent r="3" t="215" w="80" /><ent r="3" t="215" w="88" /><ent r="3" t="215" w="93" /><ent r="3" t="215" w="113" /><ent r="4" t="215" w="126" /><ent r="3" t="215" w="147" /><ent r="3" t="215" w="174" /><ent r="3" t="215" w="239" /><ent r="3" t="215" w="254" /><ent r="3" t="216" w="15" /><ent r="3" t="216" w="38" /><ent r="3" t="216" w="73" /><ent r="3" t="216" w="77" /><ent r="4" t="216" w="136" /><ent r="3" t="216" w="157" /><ent r="3" t="216" w="197" /><ent r="3" t="216" w="231" /><ent r="4" t="216" w="244" /><ent r="4" t="216" w="251" /><ent r="4" t="216" w="265" /><ent r="3" t="216" w="283" /><ent r="3" t="216" w="293" /><ent r="3" t="216" w="338" /><ent r="3" t="217" w="15" /><ent r="3" t="217" w="43" /><ent r="3" t="217" w="47" /><ent r="3" t="217" w="51" /><ent r="4" t="217" w="62" /><ent r="3" t="217" w="83" /><ent r="3" t="217" w="152" /><ent r="3" t="217" w="178" /><ent r="4" t="217" w="201" /><ent r="4" t="217" w="205" /><ent r="4" t="217" w="218" /><ent r="3" t="217" w="235" /><ent r="3" t="217" w="267" /><ent r="3" t="218" w="18" /><ent r="3" t="218" w="43" /><ent r="3" t="218" w="47" /><ent r="4" t="218" w="54" /><ent r="3" t="218" w="75" /><ent r="3" t="218" w="100" /><ent r="3" t="218" w="112" /><ent r="3" t="218" w="132" /><ent r="3" t="218" w="149" /><ent r="3" t="239" w="202" /><ent r="3" t="239" w="213" /><ent r="3" t="239" w="224" /><ent r="3" t="239" w="235" /><ent r="4" t="244" w="257" /><ent r="4" t="244" w="266" /><ent r="3" t="244" w="296" /><ent r="4" t="245" w="201" /><ent r="4" t="245" w="210" /><ent r="3" t="245" w="240" /><ent r="3" t="271" w="19" /><ent r="3" t="276" w="103" /><ent r="3" t="295" w="228" /><ent r="3" t="295" w="250" /><ent r="4" t="295" w="260" /><ent r="4" t="295" w="269" /><ent r="3" t="295" w="299" /><ent r="3" t="296" w="76" /><ent r="4" t="296" w="95" /><ent r="4" t="296" w="104" /><ent r="3" t="296" w="134" /><ent r="4" t="296" w="375" /><ent r="4" t="296" w="384" /><ent r="3" t="296" w="414" /><ent r="3" t="303" w="45" /><ent r="3" t="303" w="158" /><ent r="3" t="303" w="165" /><ent r="3" t="303" w="184" /><ent r="4" t="303" w="194" /><ent r="4" t="303" w="203" /><ent r="3" t="303" w="233" /><ent r="3" t="304" w="33" /><ent r="3" t="304" w="55" /><ent r="3" t="304" w="61" /><ent r="3" t="304" w="73" /><ent r="4" t="304" w="83" /><ent r="4" t="304" w="92" /><ent r="3" t="304" w="122" /></phr></stem><stem n="(gb"><phr n="(gb"><ent r="5" t="99" w="561" /></phr></stem><stem n="msg2"><phr n="msg2"><ent r="5" t="99" w="590" /><ent r="5" t="99" w="606" /><ent r="4" t="101" w="88" /><ent r="4" t="101" w="238" /><ent r="5" t="118" w="62" /><ent r="5" t="119" w="69" /><ent r="65" t="119" w="99" /><ent r="5" t="120" w="63" /><ent r="65" t="136" w="54" /><ent r="1000" t="156" w="4" /><ent r="72" t="156" w="9" /><ent r="4" t="156" w="14" /><ent r="3" t="156" w="152" /><ent r="3" t="156" w="169" /><ent r="3" t="156" w="174" /><ent r="3" t="156" w="189" /><ent r="3" t="156" w="192" /><ent r="3" t="156" w="196" /><ent r="4" t="156" w="244" /><ent r="4" t="156" w="257" /><ent r="4" t="156" w="306" /><ent r="4" t="156" w="377" /><ent r="4" t="156" w="382" /><ent r="4" t="156" w="395" /><ent r="3" t="156" w="403" /><ent r="4" t="156" w="700" /><ent r="4" t="237" w="164" /><ent r="4" t="238" w="244" /><ent r="4" t="239" w="60" /><ent r="4" t="239" w="447" /><ent r="3" t="243" w="28" /><ent r="3" t="243" w="61" /><ent r="3" t="243" w="63" /><ent r="4" t="243" w="125" /><ent r="3" t="243" w="231" /><ent r="1000" t="244" w="5" /><ent r="72" t="244" w="11" /><ent r="3" t="244" w="16" /><ent r="3" t="244" w="40" /><ent r="3" t="244" w="45" /><ent r="3" t="244" w="47" /><ent r="4" t="244" w="81" /><ent r="3" t="244" w="475" /><ent r="65" t="247" w="261" /><ent r="65" t="247" w="286" /><ent r="65" t="247" w="308" /><ent r="1000" t="295" w="3" /><ent r="72" t="295" w="8" /><ent r="3" t="295" w="36" /><ent r="3" t="295" w="88" /><ent r="1000" t="298" w="4" /><ent r="72" t="298" w="10" /><ent r="3" t="298" w="37" /><ent r="3" t="298" w="59" /><ent r="3" t="298" w="62" /><ent r="1000" t="303" w="3" /><ent r="72" t="303" w="8" /><ent r="3" t="303" w="13" /><ent r="3" t="303" w="27" /><ent r="3" t="303" w="53" /></phr></stem><stem n="_ra_proc_msg2()"><phr n="_ra_proc_msg2()"><ent r="5" t="99" w="591" /><ent r="5" t="99" w="607" /></phr></stem><stem n="s3"><phr n="S3"><ent r="5" t="99" w="610" /><ent r="3" t="99" w="710" /></phr></stem><stem n="m"><phr n="M"><ent r="5" t="99" w="615" /><ent r="5" t="99" w="620" /><ent r="3" t="252" w="48" /><ent r="3" t="257" w="30" /><ent r="3" t="257" w="35" /><ent r="3" t="257" w="41" /><ent r="3" t="257" w="47" /><ent r="3" t="257" w="54" /><ent r="4" t="257" w="65" /><ent r="4" t="257" w="79" /><ent r="4" t="257" w="127" /><ent r="4" t="257" w="143" /><ent r="4" t="257" w="186" /><ent r="3" t="258" w="30" /><ent r="4" t="258" w="41" /><ent r="3" t="259" w="31" /><ent r="3" t="259" w="38" /><ent r="4" t="259" w="49" /><ent r="4" t="259" w="65" /><ent r="3" t="260" w="30" /><ent r="4" t="260" w="41" /><ent r="3" t="270" w="39" /></phr></stem><stem n="(m)||m"><phr n="(M)||M"><ent r="5" t="99" w="616" /></phr></stem><stem n="||m"><phr n="||M"><ent r="5" t="99" w="616" /></phr></stem><stem n="||p"><phr n="||PS"><ent r="5" t="99" w="622" /></phr></stem><stem n="_security_property||"><phr n="_SECURITY_PROPERTY||"><ent r="5" t="99" w="624" /></phr></stem><stem n="property||"><phr n="PROPERTY||"><ent r="5" t="99" w="624" /></phr></stem><stem n="msg3"><phr n="msg3"><ent r="4" t="99" w="648" /><ent r="4" t="99" w="664" /><ent r="65" t="136" w="60" /><ent r="3" t="156" w="179" /><ent r="3" t="156" w="184" /><ent r="3" t="156" w="201" /><ent r="3" t="156" w="204" /><ent r="3" t="156" w="209" /><ent r="4" t="156" w="311" /><ent r="4" t="156" w="324" /><ent r="4" t="156" w="373" /><ent r="4" t="156" w="408" /><ent r="4" t="156" w="413" /><ent r="4" t="156" w="448" /><ent r="3" t="156" w="456" /><ent r="3" t="244" w="29" /><ent r="3" t="244" w="51" /><ent r="3" t="244" w="53" /><ent r="4" t="244" w="130" /><ent r="3" t="244" w="479" /><ent r="1000" t="245" w="5" /><ent r="72" t="245" w="11" /><ent r="3" t="245" w="16" /><ent r="3" t="245" w="43" /><ent r="3" t="245" w="48" /><ent r="3" t="245" w="50" /><ent r="4" t="245" w="78" /><ent r="4" t="245" w="374" /><ent r="3" t="245" w="381" /><ent r="65" t="247" w="266" /><ent r="65" t="247" w="279" /><ent r="65" t="247" w="313" /><ent r="65" t="247" w="318" /><ent r="1000" t="296" w="3" /><ent r="72" t="296" w="8" /><ent r="3" t="296" w="35" /><ent r="3" t="296" w="67" /><ent r="1000" t="299" w="4" /><ent r="72" t="299" w="10" /><ent r="3" t="299" w="37" /><ent r="3" t="299" w="69" /><ent r="3" t="299" w="72" /><ent r="3" t="299" w="76" /><ent r="1000" t="304" w="3" /><ent r="72" t="304" w="8" /><ent r="3" t="304" w="13" /><ent r="3" t="304" w="27" /><ent r="3" t="304" w="41" /><ent r="3" t="304" w="44" /><ent r="3" t="304" w="49" /><ent r="3" t="304" w="67" /><ent r="4" t="304" w="179" /><ent r="3" t="304" w="187" /><ent r="1000" t="305" w="3" /><ent r="72" t="305" w="9" /><ent r="3" t="305" w="19" /><ent r="3" t="305" w="34" /><ent r="3" t="305" w="58" /></phr></stem><stem n="verif"><phr n="verification"><ent r="4" t="99" w="669" /><ent r="3" t="101" w="279" /><ent r="3" t="102" w="73" /><ent r="3" t="104" w="80" /><ent r="1000" t="112" w="6" /><ent r="92" t="112" w="13" /><ent r="3" t="112" w="300" /><ent r="3" t="113" w="113" /><ent r="3" t="113" w="115" /><ent r="3" t="156" w="662" /><ent r="3" t="197" w="18" /><ent r="3" t="197" w="96" /><ent r="3" t="197" w="117" /><ent r="3" t="197" w="132" /><ent r="3" t="203" w="567" /><ent r="3" t="206" w="337" /><ent r="3" t="227" w="166" /><ent r="3" t="227" w="238" /><ent r="3" t="227" w="248" /><ent r="3" t="227" w="297" /><ent r="3" t="227" w="382" /><ent r="6" t="310" w="492" /><ent r="6" t="310" w="608" /></phr></stem><stem n="think"><phr n="thinks"><ent r="3" t="99" w="690" /></phr></stem><stem n="criteria"><phr n="criteria"><ent r="3" t="99" w="723" /></phr></stem><stem n="consum"><phr n="consume"><ent r="3" t="99" w="743" /></phr></stem><stem n="_ra_get_keys()"><phr n="_ra_get_keys()"><ent r="4" t="99" w="761" /></phr></stem><stem n="_ra_close()"><phr n="_ra_close()"><ent r="4" t="99" w="795" /></phr></stem><stem n="(kdf)"><phr n="(KDF)"><ent r="72" t="100" w="19" /></phr></stem><stem n="_ra_get_kei"><phr n="_ra_get_keys"><ent r="4" t="100" w="38" /><ent r="4" t="100" w="114" /><ent r="65" t="147" w="48" /><ent r="4" t="156" w="74" /><ent r="1000" t="239" w="4" /><ent r="72" t="239" w="9" /><ent r="4" t="239" w="16" /><ent r="4" t="295" w="413" /><ent r="4" t="296" w="248" /><ent r="4" t="296" w="528" /></phr></stem><stem n="_ra_init"><phr n="_ra_init"><ent r="4" t="100" w="46" /><ent r="65" t="147" w="38" /><ent r="4" t="155" w="43" /><ent r="4" t="155" w="131" /><ent r="4" t="156" w="224" /><ent r="1000" t="237" w="3" /><ent r="72" t="237" w="7" /><ent r="4" t="237" w="13" /><ent r="1000" t="238" w="3" /><ent r="4" t="239" w="107" /><ent r="4" t="239" w="150" /><ent r="4" t="240" w="67" /><ent r="4" t="295" w="178" /></phr></stem><stem n="_ra_init_ex"><phr n="_ra_init_ex"><ent r="4" t="100" w="85" /><ent r="65" t="147" w="43" /><ent r="4" t="155" w="50" /><ent r="4" t="155" w="138" /><ent r="72" t="238" w="8" /><ent r="4" t="238" w="15" /><ent r="4" t="239" w="336" /><ent r="4" t="239" w="379" /><ent r="4" t="295" w="185" /><ent r="4" t="295" w="384" /><ent r="4" t="296" w="219" /><ent r="4" t="296" w="499" /></phr></stem><stem n="callback"><phr n="callback"><ent r="3" t="100" w="91" /><ent r="3" t="254" w="11" /><ent r="3" t="295" w="390" /><ent r="3" t="296" w="225" /><ent r="3" t="296" w="505" /></phr></stem><stem n="(smk)"><phr n="(SMK)"><ent r="3" t="100" w="105" /><ent r="3" t="295" w="404" /><ent r="3" t="296" w="239" /><ent r="3" t="296" w="519" /></phr></stem><stem n="sk"><phr n="SK"><ent r="3" t="100" w="116" /><ent r="3" t="238" w="208" /><ent r="4" t="239" w="131" /><ent r="4" t="239" w="164" /><ent r="3" t="239" w="233" /><ent r="3" t="239" w="238" /><ent r="4" t="239" w="311" /><ent r="4" t="239" w="354" /><ent r="3" t="292" w="45" /><ent r="3" t="292" w="103" /><ent r="4" t="292" w="158" /><ent r="3" t="292" w="164" /><ent r="3" t="293" w="37" /><ent r="3" t="295" w="415" /><ent r="3" t="296" w="250" /><ent r="3" t="296" w="530" /></phr></stem><stem n="(sk,"><phr n="(SK,"><ent r="3" t="100" w="117" /><ent r="3" t="295" w="416" /><ent r="3" t="296" w="251" /><ent r="3" t="296" w="531" /></phr></stem><stem n="mk"><phr n="MK"><ent r="3" t="100" w="117" /><ent r="3" t="238" w="209" /><ent r="4" t="239" w="125" /><ent r="4" t="239" w="158" /><ent r="3" t="239" w="222" /><ent r="3" t="239" w="227" /><ent r="4" t="239" w="309" /><ent r="4" t="239" w="348" /><ent r="3" t="292" w="46" /><ent r="3" t="292" w="112" /><ent r="4" t="292" w="167" /><ent r="3" t="292" w="173" /><ent r="3" t="293" w="43" /><ent r="3" t="295" w="416" /><ent r="3" t="296" w="251" /><ent r="3" t="296" w="531" /></phr></stem><stem n="vk"><phr n="VK"><ent r="3" t="100" w="119" /><ent r="3" t="238" w="211" /><ent r="4" t="239" w="137" /><ent r="4" t="239" w="170" /><ent r="3" t="239" w="211" /><ent r="3" t="239" w="216" /><ent r="4" t="239" w="308" /><ent r="4" t="239" w="360" /><ent r="3" t="292" w="48" /><ent r="3" t="292" w="121" /><ent r="4" t="292" w="176" /><ent r="3" t="292" w="182" /><ent r="3" t="293" w="48" /><ent r="3" t="295" w="418" /><ent r="3" t="296" w="253" /><ent r="3" t="296" w="340" /><ent r="3" t="296" w="351" /><ent r="4" t="296" w="387" /><ent r="3" t="296" w="533" /></phr></stem><stem n="decis"><phr n="decision"><ent r="3" t="100" w="121" /></phr></stem><stem n="approv"><phr n="approved"><ent r="3" t="100" w="137" /></phr></stem><stem n="pre-gener"><phr n="pre-generated"><ent r="3" t="101" w="41" /></phr></stem><stem n="(gid"><phr n="(GID"><ent r="4" t="101" w="56" /></phr></stem><stem n="public+priv"><phr n="public+private"><ent r="3" t="101" w="80" /></phr></stem><stem n="difficult"><phr n="difficult"><ent r="3" t="101" w="149" /><ent r="3" t="221" w="427" /></phr></stem><stem n="&#8209;gener"><phr n="&#8209;generated"><ent r="3" t="101" w="153" /></phr></stem><stem n="overcom"><phr n="overcome"><ent r="3" t="101" w="157" /></phr></stem><stem n="(only)"><phr n="(only)"><ent r="3" t="101" w="167" /></phr></stem><stem n="9"><phr n="9"><ent r="4" t="101" w="188" /></phr></stem><stem n="crypto"><phr n="crypto"><ent r="3" t="101" w="196" /><ent r="4" t="112" w="164" /><ent r="3" t="133" w="301" /><ent r="3" t="201" w="496" /><ent r="3" t="202" w="666" /><ent r="3" t="204" w="342" /><ent r="3" t="205" w="510" /></phr></stem><stem n="libcrypto"><phr n="libcrypto"><ent r="55" t="101" w="201" /><ent r="55" t="101" w="350" /></phr></stem><stem n="_libcrypto.lib"><phr n="_libcrypto.lib"><ent r="55" t="101" w="202" /><ent r="55" t="101" w="351" /></phr></stem><stem n="predict"><phr n="predictable"><ent r="3" t="101" w="205" /></phr></stem><stem n="_app"><phr n="_app"><ent r="4" t="101" w="221" /><ent r="4" t="101" w="254" /><ent r="4" t="101" w="302" /><ent r="4" t="101" w="307" /></phr></stem><stem n="_provider."><phr n="_provider."><ent r="4" t="101" w="228" /></phr></stem><stem n="exact"><phr n="exact"><ent r="3" t="101" w="235" /></phr></stem><stem n="now"><phr n="now"><ent r="3" t="101" w="241" /><ent r="3" t="178" w="125" /></phr></stem><stem n="suffici"><phr n="sufficient"><ent r="3" t="101" w="244" /><ent r="3" t="154" w="551" /></phr></stem><stem n="ignor"><phr n="ignore"><ent r="3" t="101" w="310" /><ent r="7" t="129" w="120" /></phr></stem><stem n="built-in"><phr n="built-in"><ent r="3" t="101" w="315" /></phr></stem><stem n="temporarili"><phr n="temporarily"><ent r="3" t="101" w="335" /><ent r="3" t="152" w="143" /><ent r="3" t="154" w="376" /><ent r="3" t="155" w="312" /><ent r="3" t="156" w="534" /><ent r="3" t="157" w="427" /><ent r="3" t="164" w="95" /><ent r="3" t="165" w="124" /><ent r="3" t="228" w="89" /><ent r="3" t="232" w="233" /><ent r="3" t="233" w="130" /><ent r="3" t="234" w="103" /><ent r="3" t="235" w="118" /><ent r="6" t="310" w="717" /></phr></stem><stem n="subsystem"><phr n="subsystem"><ent r="3" t="101" w="339" /></phr></stem><stem n="behav"><phr n="behave"><ent r="3" t="101" w="341" /></phr></stem><stem n="manner"><phr n="manner"><ent r="3" t="101" w="345" /></phr></stem><stem n="-comput"><phr n="-computed"><ent r="3" t="101" w="356" /><ent r="3" t="101" w="356" /></phr></stem><stem n="pre-comput"><phr n="pre-computed"><ent r="3" t="101" w="356" /></phr></stem><stem n="_messages.h"><phr n="_messages.h"><ent r="4" t="101" w="364" /><ent r="4" t="101" w="390" /></phr></stem><stem n="our"><phr n="ours"><ent r="3" t="101" w="381" /></phr></stem><stem n="_get_extended_epid_group_id"><phr n="_get_extended_epid_group_id"><ent r="4" t="102" w="88" /><ent r="65" t="119" w="106" /><ent r="72" t="158" w="11" /><ent r="4" t="158" w="21" /></phr></stem><stem n="monoton"><phr n="Monotonic"><ent r="3" t="103" w="38" /><ent r="3" t="103" w="48" /><ent r="4" t="104" w="133" /><ent r="4" t="104" w="174" /><ent r="4" t="105" w="14" /><ent r="5" t="105" w="20" /><ent r="4" t="105" w="39" /><ent r="4" t="105" w="46" /><ent r="5" t="105" w="56" /><ent r="4" t="106" w="30" /><ent r="4" t="106" w="36" /><ent r="5" t="106" w="42" /><ent r="4" t="106" w="56" /><ent r="5" t="106" w="66" /><ent r="4" t="106" w="74" /><ent r="4" t="107" w="71" /><ent r="5" t="107" w="82" /><ent r="4" t="107" w="96" /><ent r="5" t="107" w="104" /><ent r="5" t="107" w="119" /><ent r="4" t="107" w="133" /><ent r="4" t="108" w="67" /><ent r="5" t="108" w="73" /><ent r="65" t="135" w="59" /><ent r="65" t="135" w="65" /><ent r="65" t="135" w="70" /><ent r="65" t="135" w="75" /><ent r="65" t="135" w="80" /><ent r="1000" t="232" w="3" /><ent r="72" t="232" w="9" /><ent r="4" t="232" w="15" /><ent r="3" t="232" w="21" /><ent r="3" t="232" w="31" /><ent r="3" t="232" w="73" /><ent r="4" t="232" w="86" /><ent r="4" t="232" w="98" /><ent r="4" t="232" w="115" /><ent r="3" t="232" w="171" /><ent r="3" t="232" w="192" /><ent r="3" t="232" w="207" /><ent r="3" t="232" w="250" /><ent r="3" t="232" w="262" /><ent r="4" t="232" w="392" /><ent r="3" t="232" w="399" /><ent r="3" t="232" w="441" /><ent r="3" t="232" w="514" /><ent r="4" t="232" w="539" /><ent r="4" t="232" w="608" /><ent r="1000" t="233" w="3" /><ent r="72" t="233" w="8" /><ent r="4" t="233" w="13" /><ent r="3" t="233" w="18" /><ent r="3" t="233" w="37" /><ent r="3" t="233" w="68" /><ent r="3" t="233" w="89" /><ent r="3" t="233" w="104" /><ent r="3" t="233" w="147" /><ent r="3" t="233" w="159" /><ent r="4" t="233" w="288" /><ent r="3" t="233" w="294" /><ent r="3" t="233" w="314" /><ent r="3" t="233" w="351" /><ent r="4" t="233" w="447" /><ent r="4" t="233" w="515" /><ent r="1000" t="234" w="3" /><ent r="72" t="234" w="8" /><ent r="4" t="234" w="13" /><ent r="3" t="234" w="18" /><ent r="4" t="234" w="25" /><ent r="4" t="234" w="32" /><ent r="3" t="234" w="44" /><ent r="3" t="234" w="64" /><ent r="3" t="234" w="77" /><ent r="3" t="234" w="114" /><ent r="3" t="234" w="141" /><ent r="4" t="234" w="267" /><ent r="3" t="234" w="272" /><ent r="4" t="234" w="305" /><ent r="3" t="234" w="329" /><ent r="3" t="234" w="334" /><ent r="1000" t="235" w="3" /><ent r="72" t="235" w="8" /><ent r="4" t="235" w="13" /><ent r="3" t="235" w="18" /><ent r="3" t="235" w="33" /><ent r="3" t="235" w="58" /><ent r="3" t="235" w="77" /><ent r="3" t="235" w="92" /><ent r="3" t="235" w="129" /><ent r="3" t="235" w="156" /><ent r="4" t="235" w="282" /><ent r="3" t="235" w="288" /><ent r="4" t="235" w="320" /><ent r="3" t="235" w="344" /><ent r="3" t="235" w="349" /><ent r="1000" t="236" w="3" /><ent r="72" t="236" w="8" /><ent r="4" t="236" w="13" /><ent r="3" t="236" w="21" /><ent r="3" t="236" w="31" /><ent r="3" t="236" w="56" /><ent r="3" t="236" w="75" /><ent r="3" t="236" w="90" /><ent r="3" t="236" w="115" /><ent r="4" t="236" w="252" /><ent r="3" t="236" w="261" /><ent r="4" t="236" w="290" /><ent r="3" t="236" w="314" /><ent r="3" t="287" w="57" /><ent r="3" t="289" w="16" /><ent r="3" t="289" w="79" /><ent r="3" t="289" w="88" /><ent r="6" t="310" w="730" /><ent r="6" t="310" w="771" /><ent r="6" t="310" w="784" /></phr></stem></index>