<?xml version="1.0" encoding="utf-8"?><index><stem n="helper"><phr n="Helper"><ent r="65" t="124" w="53" /><ent r="72" t="125" w="11" /><ent r="3" t="125" w="19" /><ent r="3" t="149" w="272" /><ent r="3" t="198" w="24" /><ent r="3" t="199" w="27" /><ent r="3" t="200" w="24" /><ent r="3" t="201" w="278" /><ent r="4" t="201" w="324" /><ent r="3" t="202" w="449" /><ent r="4" t="202" w="496" /><ent r="3" t="203" w="170" /><ent r="3" t="203" w="226" /><ent r="3" t="203" w="697" /><ent r="3" t="204" w="142" /><ent r="4" t="204" w="193" /><ent r="3" t="205" w="314" /><ent r="4" t="205" w="362" /><ent r="3" t="206" w="126" /><ent r="3" t="206" w="439" /></phr></stem><stem n="_is_within_enclav"><phr n="_is_within_enclave"><ent r="65" t="125" w="39" /><ent r="1000" t="166" w="4" /><ent r="72" t="166" w="9" /><ent r="4" t="166" w="16" /><ent r="3" t="166" w="54" /><ent r="4" t="166" w="129" /><ent r="4" t="166" w="184" /></phr></stem><stem n="_is_outside_enclav"><phr n="_is_outside_enclave"><ent r="65" t="125" w="44" /><ent r="1000" t="167" w="4" /><ent r="72" t="167" w="9" /><ent r="4" t="167" w="16" /><ent r="3" t="167" w="54" /><ent r="4" t="167" w="129" /></phr></stem><stem n="rdrand"><phr n="RDRAND"><ent r="3" t="125" w="53" /><ent r="3" t="139" w="50" /><ent r="3" t="139" w="68" /><ent r="3" t="201" w="501" /><ent r="3" t="202" w="671" /><ent r="3" t="204" w="347" /><ent r="3" t="205" w="515" /></phr></stem><stem n="rand"><phr n="rand"><ent r="4" t="125" w="70" /><ent r="4" t="125" w="99" /><ent r="65" t="125" w="110" /><ent r="4" t="139" w="19" /><ent r="4" t="139" w="39" /><ent r="1000" t="168" w="3" /><ent r="72" t="168" w="7" /><ent r="4" t="168" w="13" /><ent r="3" t="168" w="34" /><ent r="3" t="168" w="38" /><ent r="4" t="168" w="50" /><ent r="3" t="168" w="69" /><ent r="4" t="168" w="149" /><ent r="4" t="168" w="180" /><ent r="3" t="284" w="30" /><ent r="4" t="284" w="41" /><ent r="6" t="316" w="365" /></phr></stem><stem n="srand"><phr n="srand"><ent r="4" t="125" w="74" /><ent r="4" t="139" w="15" /><ent r="4" t="168" w="183" /><ent r="6" t="316" w="366" /></phr></stem><stem n="pseudo"><phr n="pseudo"><ent r="3" t="125" w="87" /><ent r="3" t="139" w="64" /><ent r="3" t="168" w="159" /><ent r="3" t="168" w="204" /></phr></stem><stem n="_read_rand"><phr n="_read_rand"><ent r="4" t="125" w="99" /><ent r="65" t="125" w="110" /><ent r="4" t="139" w="39" /><ent r="1000" t="168" w="3" /><ent r="72" t="168" w="7" /><ent r="4" t="168" w="13" /><ent r="4" t="168" w="149" /></phr></stem><stem n="#ud"><phr n="#UD"><ent r="3" t="126" w="83" /><ent r="3" t="169" w="205" /></phr></stem><stem n="ud"><phr n="UD"><ent r="3" t="126" w="83" /><ent r="3" t="169" w="205" /><ent r="3" t="250" w="101" /></phr></stem><stem n="(invalid"><phr n="(Invalid"><ent r="3" t="126" w="85" /><ent r="3" t="169" w="207" /></phr></stem><stem n="opcod"><phr n="Opcode"><ent r="3" t="126" w="86" /><ent r="3" t="169" w="208" /><ent r="3" t="250" w="107" /></phr></stem><stem n="_register_exception_handl"><phr n="_register_exception_handler"><ent r="4" t="126" w="97" /><ent r="65" t="126" w="190" /><ent r="1000" t="169" w="4" /><ent r="72" t="169" w="9" /><ent r="4" t="169" w="14" /><ent r="4" t="169" w="244" /><ent r="4" t="169" w="281" /><ent r="4" t="170" w="58" /></phr></stem><stem n="_exception_handler_t"><phr n="_exception_handler_t"><ent r="4" t="126" w="109" /><ent r="3" t="169" w="65" /><ent r="65" t="247" w="55" /><ent r="1000" t="254" w="4" /><ent r="72" t="254" w="9" /></phr></stem><stem n="unregist"><phr n="unregister"><ent r="65" t="126" w="193" /><ent r="1000" t="170" w="2" /><ent r="72" t="170" w="7" /><ent r="4" t="170" w="12" /><ent r="3" t="170" w="19" /><ent r="3" t="170" w="29" /><ent r="4" t="170" w="136" /><ent r="3" t="170" w="143" /></phr><phr n="unregistered"><ent r="3" t="170" w="73" /><ent r="3" t="170" w="83" /></phr></stem><stem n="_unregister_exception_handl"><phr n="_unregister_exception_handler"><ent r="65" t="126" w="195" /><ent r="1000" t="170" w="4" /><ent r="72" t="170" w="9" /><ent r="4" t="170" w="14" /><ent r="4" t="170" w="138" /></phr></stem><stem n="requiresus"><phr n="requiresusing"><ent r="3" t="127" w="18" /></phr></stem><stem n="_tstdc"><phr n="_tstdc"><ent r="4" t="127" w="55" /><ent r="4" t="137" w="31" /><ent r="4" t="137" w="58" /><ent r="4" t="316" w="517" /></phr></stem><stem n="_cpuid"><phr n="_cpuid"><ent r="5" t="127" w="66" /><ent r="65" t="143" w="36" /><ent r="1000" t="193" w="2" /><ent r="72" t="193" w="5" /><ent r="4" t="193" w="10" /><ent r="4" t="193" w="190" /><ent r="3" t="194" w="207" /><ent r="5" t="315" w="484" /></phr></stem><stem n="_cpuid_ex"><phr n="_cpuid_ex"><ent r="5" t="127" w="70" /></phr></stem><stem n="__cpuid"><phr n="__cpuid"><ent r="5" t="127" w="93" /><ent r="5" t="315" w="466" /></phr></stem><stem n="__cpuidex"><phr n="__cpuidex"><ent r="5" t="127" w="95" /><ent r="5" t="315" w="470" /></phr></stem><stem n="cpuidex"><phr n="cpuidex"><ent r="5" t="127" w="95" /><ent r="65" t="143" w="39" /><ent r="3" t="193" w="198" /><ent r="1000" t="194" w="2" /><ent r="72" t="194" w="5" /><ent r="4" t="194" w="10" /><ent r="3" t="194" w="62" /><ent r="3" t="194" w="214" /><ent r="5" t="315" w="470" /><ent r="5" t="315" w="489" /></phr></stem><stem n="problemat"><phr n="problematic"><ent r="3" t="127" w="141" /><ent r="3" t="210" w="166" /><ent r="3" t="217" w="184" /></phr></stem><stem n="ideal"><phr n="Ideally"><ent r="3" t="127" w="142" /></phr></stem><stem n="saniti"><phr n="sanity"><ent r="3" t="127" w="143" /></phr></stem><stem n="third"><phr n="third"><ent r="3" t="127" w="160" /><ent r="3" t="127" w="191" /><ent r="4" t="127" w="242" /></phr></stem><stem n="(unless"><phr n="(unless"><ent r="3" t="127" w="189" /></phr></stem><stem n="popul"><phr n="populates"><ent r="4" t="127" w="257" /><ent r="3" t="223" w="316" /></phr><phr n="populate"><ent r="6" t="127" w="327" /><ent r="3" t="196" w="444" /></phr><phr n="populated"><ent r="3" t="199" w="99" /><ent r="3" t="200" w="92" /><ent r="3" t="202" w="476" /><ent r="3" t="205" w="341" /><ent r="3" t="223" w="335" /><ent r="3" t="224" w="327" /><ent r="3" t="227" w="168" /><ent r="3" t="267" w="31" /></phr></stem><stem n="rt"><phr n="RTS"><ent r="4" t="127" w="279" /><ent r="3" t="149" w="849" /><ent r="3" t="254" w="74" /><ent r="3" t="254" w="98" /></phr></stem><stem n="examin"><phr n="examines"><ent r="4" t="127" w="302" /></phr></stem><stem n="rip"><phr n="RIP"><ent r="6" t="127" w="336" /><ent r="3" t="252" w="132" /><ent r="4" t="252" w="225" /></phr></stem><stem n="bypass"><phr n="bypass"><ent r="6" t="127" w="338" /></phr></stem><stem n="isdebuggerpres"><phr n="IsDebuggerPresent"><ent r="65" t="128" w="23" /><ent r="1000" t="171" w="1" /><ent r="72" t="171" w="3" /><ent r="3" t="171" w="22" /></phr></stem><stem n="outputdebugstr"><phr n="OutputDebugString"><ent r="65" t="128" w="25" /><ent r="1000" t="172" w="1" /><ent r="72" t="172" w="3" /></phr></stem><stem n="debugbreak"><phr n="DebugBreak"><ent r="65" t="128" w="27" /><ent r="1000" t="173" w="1" /><ent r="72" t="173" w="3" /><ent r="3" t="173" w="57" /></phr></stem><stem n="major"><phr n="majority"><ent r="3" t="129" w="8" /><ent r="3" t="315" w="11" /></phr><phr n="major"><ent r="3" t="154" w="251" /></phr></stem><stem n="&lt;intrin"><phr n="&lt;intrin"><ent r="4" t="129" w="29" /><ent r="5" t="129" w="100" /><ent r="4" t="315" w="27" /></phr></stem><stem n="fall"><phr n="fall"><ent r="3" t="129" w="55" /><ent r="3" t="315" w="81" /></phr></stem><stem n="altern"><phr n="alternatives"><ent r="4" t="129" w="89" /><ent r="4" t="315" w="118" /></phr><phr n="alternative"><ent r="6" t="315" w="436" /></phr></stem><stem n="vcinstalldir"><phr n="VCInstallDir"><ent r="7" t="129" w="107" /></phr></stem><stem n="includepath"><phr n="IncludePath"><ent r="7" t="129" w="110" /></phr></stem><stem n="(vcinstalldir)include;$(includepath)"><phr n="(VCInstallDir)include;$(IncludePath)"><ent r="7" t="129" w="111" /></phr></stem><stem n="/oi"><phr n="/Oi"><ent r="4" t="129" w="131" /></phr></stem><stem n="oi"><phr n="Oi"><ent r="4" t="129" w="131" /></phr></stem><stem n="#pragma"><phr n="#pragma"><ent r="4" t="129" w="133" /><ent r="6" t="312" w="243" /><ent r="6" t="316" w="64" /><ent r="6" t="316" w="174" /></phr></stem><stem n="pragma"><phr n="pragma"><ent r="4" t="129" w="133" /><ent r="6" t="312" w="233" /><ent r="6" t="312" w="243" /><ent r="6" t="316" w="64" /><ent r="6" t="316" w="174" /></phr></stem><stem n="&lt;sgx"><phr n="&lt;sgx"><ent r="4" t="129" w="142" /></phr></stem><stem n="intrin"><phr n="intrin"><ent r="4" t="129" w="143" /><ent r="5" t="315" w="132" /></phr></stem><stem n="_intrin.h&gt;"><phr n="_intrin.h&gt;"><ent r="4" t="129" w="144" /></phr></stem><stem n="_tservic"><phr n="_tservice"><ent r="4" t="130" w="27" /><ent r="4" t="130" w="38" /><ent r="4" t="131" w="19" /><ent r="4" t="132" w="21" /><ent r="4" t="135" w="14" /><ent r="4" t="146" w="43" /></phr></stem><stem n="–hellman"><phr n="–Hellman"><ent r="65" t="130" w="74" /><ent r="82" t="136" w="7" /></phr></stem><stem n="_get_kei"><phr n="_get_key"><ent r="65" t="131" w="45" /><ent r="1000" t="195" w="3" /><ent r="72" t="195" w="7" /><ent r="4" t="195" w="13" /><ent r="4" t="195" w="347" /><ent r="4" t="268" w="31" /><ent r="4" t="269" w="45" /></phr></stem><stem n="_create_report"><phr n="_create_report"><ent r="65" t="131" w="49" /><ent r="1000" t="196" w="3" /><ent r="72" t="196" w="7" /><ent r="4" t="196" w="13" /><ent r="5" t="196" w="132" /><ent r="4" t="196" w="359" /><ent r="4" t="196" w="435" /><ent r="4" t="196" w="470" /><ent r="3" t="197" w="32" /><ent r="4" t="265" w="38" /><ent r="4" t="266" w="43" /><ent r="4" t="272" w="42" /><ent r="4" t="274" w="26" /><ent r="4" t="276" w="29" /></phr></stem><stem n="_verify_report"><phr n="_verify_report"><ent r="65" t="131" w="53" /><ent r="4" t="196" w="117" /><ent r="1000" t="197" w="3" /><ent r="72" t="197" w="7" /><ent r="4" t="197" w="13" /><ent r="4" t="197" w="141" /></phr></stem><stem n="-unseal"><phr n="-unsealing"><ent r="1000" t="132" w="4" /><ent r="1000" t="132" w="4" /></phr></stem><stem n="sealing-uns"><phr n="Sealing-unsealing"><ent r="1000" t="132" w="4" /></phr></stem><stem n="aes-gmac"><phr n="AES-GMAC"><ent r="4" t="132" w="64" /><ent r="3" t="204" w="19" /><ent r="3" t="205" w="21" /><ent r="3" t="206" w="25" /><ent r="3" t="206" w="97" /><ent r="3" t="206" w="119" /><ent r="3" t="206" w="397" /><ent r="3" t="277" w="119" /></phr></stem><stem n="gmac"><phr n="GMAC"><ent r="4" t="132" w="65" /><ent r="54" t="133" w="410" /><ent r="3" t="204" w="20" /><ent r="3" t="205" w="22" /><ent r="3" t="206" w="26" /><ent r="3" t="206" w="98" /><ent r="3" t="206" w="120" /><ent r="3" t="206" w="398" /><ent r="3" t="277" w="120" /></phr></stem><stem n="-gmac."><phr n="-GMAC."><ent r="4" t="132" w="66" /><ent r="4" t="132" w="66" /><ent r="3" t="204" w="21" /><ent r="3" t="204" w="21" /><ent r="3" t="205" w="23" /><ent r="3" t="205" w="23" /><ent r="3" t="206" w="27" /><ent r="3" t="206" w="27" /><ent r="3" t="206" w="99" /><ent r="3" t="206" w="99" /><ent r="3" t="206" w="399" /><ent r="3" t="206" w="399" /></phr></stem><stem n="_seal_data_ex"><phr n="_seal_data_ex"><ent r="65" t="132" w="83" /><ent r="1000" t="202" w="4" /><ent r="72" t="202" w="9" /><ent r="4" t="202" w="687" /><ent r="4" t="203" w="67" /></phr></stem><stem n="_mac_aadata"><phr n="_mac_aadata"><ent r="65" t="132" w="91" /><ent r="55" t="133" w="428" /><ent r="1000" t="204" w="3" /><ent r="72" t="204" w="7" /><ent r="4" t="204" w="362" /><ent r="4" t="205" w="35" /><ent r="4" t="205" w="119" /><ent r="4" t="205" w="199" /><ent r="4" t="205" w="541" /><ent r="4" t="205" w="577" /><ent r="4" t="205" w="638" /><ent r="4" t="206" w="37" /></phr></stem><stem n="aadata"><phr n="aadata"><ent r="65" t="132" w="91" /><ent r="65" t="132" w="95" /><ent r="65" t="132" w="100" /><ent r="55" t="133" w="428" /><ent r="1000" t="204" w="3" /><ent r="72" t="204" w="7" /><ent r="3" t="204" w="29" /><ent r="4" t="204" w="362" /><ent r="1000" t="205" w="3" /><ent r="72" t="205" w="8" /><ent r="4" t="205" w="35" /><ent r="3" t="205" w="45" /><ent r="4" t="205" w="119" /><ent r="4" t="205" w="199" /><ent r="4" t="205" w="530" /><ent r="4" t="205" w="541" /><ent r="4" t="205" w="577" /><ent r="4" t="205" w="638" /><ent r="1000" t="206" w="4" /><ent r="72" t="206" w="8" /><ent r="4" t="206" w="37" /><ent r="4" t="206" w="43" /><ent r="3" t="206" w="54" /><ent r="4" t="206" w="390" /></phr></stem><stem n="_mac_aadata_ex"><phr n="_mac_aadata_ex"><ent r="65" t="132" w="96" /><ent r="1000" t="205" w="4" /><ent r="72" t="205" w="9" /><ent r="4" t="205" w="531" /><ent r="4" t="206" w="44" /></phr></stem><stem n="unmac"><phr n="unmac"><ent r="65" t="132" w="99" /><ent r="72" t="206" w="7" /><ent r="3" t="206" w="53" /><ent r="4" t="206" w="170" /><ent r="4" t="206" w="389" /></phr></stem><stem n="_unmac_aadata"><phr n="_unmac_aadata"><ent r="65" t="132" w="100" /><ent r="72" t="206" w="8" /><ent r="4" t="206" w="390" /></phr></stem><stem n="(mac)"><phr n="(MAC)"><ent r="3" t="132" w="122" /><ent r="3" t="201" w="129" /><ent r="3" t="201" w="163" /></phr></stem><stem n="calc"><phr n="calc"><ent r="65" t="132" w="126" /><ent r="5" t="134" w="91" /><ent r="1000" t="198" w="2" /><ent r="72" t="198" w="8" /><ent r="4" t="198" w="16" /><ent r="3" t="198" w="56" /><ent r="4" t="201" w="282" /><ent r="5" t="201" w="328" /><ent r="5" t="201" w="452" /><ent r="4" t="201" w="618" /><ent r="4" t="202" w="453" /><ent r="5" t="202" w="500" /><ent r="5" t="202" w="623" /><ent r="4" t="204" w="146" /><ent r="5" t="204" w="197" /><ent r="5" t="204" w="298" /><ent r="4" t="204" w="434" /><ent r="4" t="205" w="318" /><ent r="5" t="205" w="366" /><ent r="5" t="205" w="467" /></phr></stem><stem n="_calc_sealed_data_s"><phr n="_calc_sealed_data_size"><ent r="65" t="132" w="129" /><ent r="5" t="134" w="94" /><ent r="1000" t="198" w="5" /><ent r="72" t="198" w="11" /><ent r="4" t="198" w="19" /><ent r="4" t="201" w="285" /><ent r="5" t="201" w="331" /><ent r="5" t="201" w="455" /><ent r="4" t="201" w="621" /><ent r="4" t="202" w="456" /><ent r="5" t="202" w="503" /><ent r="5" t="202" w="626" /><ent r="4" t="204" w="149" /><ent r="5" t="204" w="200" /><ent r="5" t="204" w="301" /><ent r="4" t="204" w="437" /><ent r="4" t="205" w="321" /><ent r="5" t="205" w="369" /><ent r="5" t="205" w="470" /></phr></stem><stem n="txt"><phr n="txt"><ent r="65" t="132" w="135" /><ent r="65" t="132" w="141" /><ent r="5" t="134" w="153" /><ent r="5" t="134" w="162" /><ent r="3" t="198" w="66" /><ent r="3" t="198" w="72" /><ent r="4" t="198" w="82" /><ent r="4" t="198" w="111" /><ent r="1000" t="199" w="5" /><ent r="72" t="199" w="12" /><ent r="4" t="199" w="21" /><ent r="3" t="199" w="70" /><ent r="1000" t="200" w="4" /><ent r="72" t="200" w="10" /><ent r="4" t="200" w="18" /><ent r="3" t="200" w="63" /><ent r="4" t="203" w="285" /><ent r="4" t="203" w="369" /><ent r="4" t="203" w="712" /><ent r="5" t="204" w="207" /><ent r="5" t="205" w="376" /></phr></stem><stem n="_get_add_mac_txt_len"><phr n="_get_add_mac_txt_len"><ent r="65" t="132" w="136" /><ent r="5" t="134" w="163" /><ent r="1000" t="199" w="6" /><ent r="72" t="199" w="13" /><ent r="4" t="199" w="22" /></phr></stem><stem n="_get_encrypt_txt_len"><phr n="_get_encrypt_txt_len"><ent r="65" t="132" w="142" /><ent r="5" t="134" w="154" /><ent r="1000" t="200" w="5" /><ent r="72" t="200" w="11" /><ent r="4" t="200" w="19" /><ent r="4" t="203" w="286" /><ent r="4" t="203" w="370" /><ent r="4" t="203" w="713" /></phr></stem><stem n="seallibrari"><phr n="SealLibrary"><ent r="62" t="133" w="5" /></phr></stem><stem n="instanti"><phr n="instantiated"><ent r="3" t="133" w="12" /><ent r="4" t="144" w="224" /></phr><phr n="instantiate"><ent r="4" t="144" w="201" /><ent r="4" t="269" w="283" /></phr><phr n="instantiations"><ent r="3" t="201" w="559" /><ent r="3" t="204" w="418" /></phr><phr n="instantiation"><ent r="3" t="203" w="664" /><ent r="3" t="206" w="414" /></phr></stem><stem n="(confidenti"><phr n="(confidentiality"><ent r="3" t="133" w="16" /></phr></stem><stem n="preserv"><phr n="preservation"><ent r="3" t="133" w="47" /><ent r="3" t="278" w="64" /></phr><phr n="preserved"><ent r="3" t="133" w="100" /><ent r="3" t="134" w="26" /><ent r="3" t="134" w="48" /><ent r="3" t="203" w="660" /><ent r="3" t="206" w="410" /></phr><phr n="preserve"><ent r="3" t="133" w="129" /><ent r="3" t="201" w="542" /></phr></stem><stem n="shutdown"><phr n="shutdown"><ent r="4" t="133" w="75" /></phr></stem><stem n="-wear-out"><phr n="-wear-out"><ent r="3" t="133" w="219" /><ent r="3" t="133" w="220" /></phr></stem><stem n="key-wear"><phr n="key-wear"><ent r="3" t="133" w="219" /></phr></stem><stem n="key-wear-out"><phr n="key-wear-out"><ent r="3" t="133" w="219" /></phr></stem><stem n="wear"><phr n="wear"><ent r="3" t="133" w="220" /><ent r="3" t="232" w="463" /><ent r="3" t="233" w="373" /><ent r="3" t="234" w="356" /><ent r="3" t="235" w="371" /><ent r="3" t="267" w="39" /><ent r="3" t="269" w="404" /><ent r="3" t="276" w="96" /></phr></stem><stem n="wear-out"><phr n="wear-out"><ent r="3" t="133" w="220" /><ent r="3" t="267" w="39" /><ent r="3" t="269" w="404" /><ent r="3" t="276" w="96" /></phr></stem><stem n="alongsid"><phr n="alongside"><ent r="3" t="133" w="255" /></phr></stem><stem n="re-gener"><phr n="re-generate"><ent r="3" t="133" w="266" /></phr></stem><stem n="-gcm"><phr n="-GCM"><ent r="3" t="133" w="277" /><ent r="3" t="133" w="277" /><ent r="3" t="133" w="304" /><ent r="3" t="133" w="304" /><ent r="3" t="201" w="14" /><ent r="3" t="201" w="14" /><ent r="3" t="202" w="16" /><ent r="3" t="202" w="16" /><ent r="3" t="203" w="14" /><ent r="3" t="203" w="14" /><ent r="3" t="203" w="131" /><ent r="3" t="203" w="131" /><ent r="3" t="203" w="635" /><ent r="3" t="203" w="635" /><ent r="3" t="212" w="16" /><ent r="3" t="212" w="16" /><ent r="3" t="212" w="119" /><ent r="3" t="212" w="119" /><ent r="3" t="212" w="236" /><ent r="3" t="212" w="236" /><ent r="3" t="212" w="240" /><ent r="3" t="212" w="240" /><ent r="3" t="213" w="16" /><ent r="3" t="213" w="16" /><ent r="3" t="213" w="121" /><ent r="3" t="213" w="121" /><ent r="3" t="213" w="238" /><ent r="3" t="213" w="238" /><ent r="3" t="213" w="242" /><ent r="3" t="213" w="242" /></phr></stem><stem n="aes-gcm"><phr n="AES-GCM"><ent r="3" t="133" w="277" /><ent r="3" t="133" w="304" /><ent r="3" t="201" w="14" /><ent r="3" t="202" w="16" /><ent r="3" t="203" w="14" /><ent r="3" t="203" w="131" /><ent r="3" t="203" w="635" /><ent r="3" t="212" w="16" /><ent r="3" t="212" w="119" /><ent r="3" t="212" w="236" /><ent r="3" t="212" w="240" /><ent r="3" t="213" w="16" /><ent r="3" t="213" w="121" /><ent r="3" t="213" w="238" /><ent r="3" t="213" w="242" /></phr></stem><stem n="gcm"><phr n="GCM"><ent r="3" t="133" w="278" /><ent r="3" t="133" w="305" /><ent r="3" t="133" w="322" /><ent r="3" t="133" w="332" /><ent r="3" t="133" w="352" /><ent r="54" t="133" w="372" /><ent r="54" t="133" w="393" /><ent r="54" t="133" w="408" /><ent r="3" t="201" w="15" /><ent r="3" t="201" w="50" /><ent r="3" t="202" w="17" /><ent r="3" t="202" w="52" /><ent r="3" t="203" w="15" /><ent r="3" t="203" w="44" /><ent r="3" t="203" w="132" /><ent r="3" t="203" w="636" /><ent r="3" t="212" w="17" /><ent r="3" t="212" w="48" /><ent r="3" t="212" w="95" /><ent r="3" t="212" w="120" /><ent r="3" t="212" w="237" /><ent r="3" t="212" w="241" /><ent r="3" t="212" w="290" /><ent r="3" t="212" w="345" /><ent r="3" t="212" w="485" /><ent r="3" t="212" w="495" /><ent r="3" t="212" w="511" /><ent r="3" t="212" w="541" /><ent r="3" t="212" w="560" /><ent r="3" t="212" w="576" /><ent r="3" t="213" w="17" /><ent r="3" t="213" w="48" /><ent r="3" t="213" w="96" /><ent r="3" t="213" w="122" /><ent r="3" t="213" w="239" /><ent r="3" t="213" w="243" /><ent r="3" t="213" w="292" /><ent r="3" t="213" w="347" /><ent r="3" t="213" w="510" /><ent r="3" t="213" w="520" /><ent r="3" t="213" w="536" /><ent r="3" t="213" w="566" /><ent r="3" t="213" w="585" /><ent r="3" t="213" w="601" /><ent r="3" t="220" w="54" /><ent r="65" t="247" w="165" /><ent r="1000" t="277" w="3" /><ent r="72" t="277" w="9" /><ent r="3" t="277" w="18" /><ent r="3" t="277" w="31" /><ent r="3" t="277" w="61" /><ent r="3" t="277" w="99" /><ent r="3" t="278" w="116" /><ent r="3" t="278" w="187" /></phr></stem><stem n="(ae"><phr n="(AES"><ent r="3" t="133" w="279" /></phr></stem><stem n="mac-protect"><phr n="MAC-protect"><ent r="3" t="133" w="288" /></phr></stem><stem n="software-bas"><phr n="software-based"><ent r="3" t="133" w="295" /><ent r="3" t="133" w="313" /></phr></stem><stem n="aes-ni"><phr n="AES-NI"><ent r="3" t="133" w="307" /></phr></stem><stem n="ni"><phr n="NI"><ent r="3" t="133" w="308" /></phr></stem><stem n="-ni,"><phr n="-NI,"><ent r="3" t="133" w="309" /><ent r="3" t="133" w="309" /></phr></stem><stem n="immun"><phr n="immune"><ent r="3" t="133" w="311" /></phr></stem><stem n="galoi"><phr n="Galois"><ent r="3" t="133" w="319" /><ent r="54" t="133" w="411" /><ent r="3" t="212" w="482" /><ent r="3" t="212" w="538" /><ent r="3" t="213" w="507" /><ent r="3" t="213" w="563" /></phr></stem><stem n="/counter"><phr n="/Counter"><ent r="3" t="133" w="320" /><ent r="3" t="212" w="483" /><ent r="3" t="213" w="508" /></phr></stem><stem n="(gcm)"><phr n="(GCM)"><ent r="3" t="133" w="323" /><ent r="3" t="212" w="486" /><ent r="3" t="213" w="511" /></phr></stem><stem n="assur"><phr n="assures"><ent r="3" t="133" w="333" /><ent r="3" t="212" w="512" /><ent r="3" t="213" w="537" /></phr><phr n="assurance"><ent r="3" t="133" w="357" /><ent r="54" t="133" w="377" /><ent r="3" t="204" w="395" /><ent r="3" t="212" w="546" /><ent r="3" t="212" w="564" /><ent r="3" t="213" w="571" /><ent r="3" t="213" w="589" /></phr></stem><stem n="(of"><phr n="(of"><ent r="3" t="133" w="339" /><ent r="3" t="133" w="361" /><ent r="54" t="133" w="381" /><ent r="3" t="204" w="399" /><ent r="3" t="212" w="518" /><ent r="3" t="212" w="550" /><ent r="3" t="213" w="543" /><ent r="3" t="213" w="575" /></phr></stem><stem n="univers"><phr n="universal"><ent r="3" t="133" w="349" /><ent r="3" t="212" w="528" /><ent r="3" t="213" w="553" /><ent r="6" t="320" w="225" /></phr></stem><stem n="practic"><phr n="practically"><ent r="3" t="133" w="362" /><ent r="54" t="133" w="382" /><ent r="3" t="204" w="400" /><ent r="3" t="212" w="551" /><ent r="3" t="213" w="576" /></phr><phr n="practice"><ent r="3" t="138" w="56" /></phr></stem><stem n="unlimit"><phr n="unlimited"><ent r="3" t="133" w="363" /><ent r="54" t="133" w="383" /><ent r="3" t="204" w="401" /><ent r="3" t="212" w="552" /><ent r="3" t="213" w="577" /></phr></stem><stem n="(galoi"><phr n="(Galois"><ent r="54" t="133" w="411" /></phr></stem><stem n="-confidenti"><phr n="-confidential"><ent r="54" t="133" w="436" /><ent r="54" t="133" w="436" /></phr></stem><stem n="non-confidenti"><phr n="non-confidential"><ent r="54" t="133" w="436" /></phr></stem><stem n="(kei"><phr n="(key"><ent r="3" t="134" w="70" /><ent r="3" t="202" w="712" /><ent r="3" t="205" w="556" /></phr></stem><stem n="_sealed_data_t"><phr n="_sealed_data_t"><ent r="5" t="134" w="110" /><ent r="5" t="134" w="122" /><ent r="64" t="198" w="47" /><ent r="64" t="198" w="164" /><ent r="64" t="198" w="211" /><ent r="3" t="199" w="77" /><ent r="3" t="200" w="70" /><ent r="3" t="201" w="107" /><ent r="3" t="201" w="271" /><ent r="64" t="201" w="637" /><ent r="3" t="202" w="144" /><ent r="3" t="203" w="83" /><ent r="3" t="204" w="55" /><ent r="64" t="204" w="453" /><ent r="3" t="205" w="93" /><ent r="3" t="206" w="60" /><ent r="65" t="247" w="172" /><ent r="1000" t="278" w="4" /><ent r="72" t="278" w="9" /><ent r="3" t="278" w="93" /></phr></stem><stem n="_create_pse_sess"><phr n="_create_pse_session"><ent r="65" t="135" w="39" /><ent r="1000" t="228" w="4" /><ent r="72" t="228" w="9" /><ent r="4" t="228" w="14" /><ent r="4" t="229" w="25" /><ent r="4" t="230" w="148" /><ent r="4" t="231" w="347" /><ent r="4" t="232" w="423" /><ent r="4" t="233" w="333" /><ent r="4" t="234" w="287" /><ent r="4" t="235" w="302" /><ent r="4" t="236" w="272" /><ent r="4" t="237" w="115" /><ent r="4" t="238" w="141" /></phr></stem><stem n="_close_pse_sess"><phr n="_close_pse_session"><ent r="65" t="135" w="44" /><ent r="1000" t="229" w="4" /><ent r="72" t="229" w="9" /><ent r="4" t="229" w="14" /></phr></stem><stem n="sec"><phr n="sec"><ent r="65" t="135" w="49" /><ent r="1000" t="230" w="4" /><ent r="72" t="230" w="10" /><ent r="4" t="230" w="16" /><ent r="3" t="230" w="40" /><ent r="3" t="230" w="45" /><ent r="65" t="247" w="220" /><ent r="1000" t="288" w="3" /><ent r="72" t="288" w="10" /><ent r="3" t="288" w="32" /><ent r="3" t="288" w="41" /><ent r="3" t="288" w="48" /><ent r="3" t="296" w="53" /><ent r="3" t="296" w="58" /><ent r="3" t="296" w="81" /><ent r="3" t="296" w="268" /></phr><phr n="secs"><ent r="3" t="264" w="36" /><ent r="4" t="264" w="53" /></phr></stem><stem n="_get_ps_sec_prop"><phr n="_get_ps_sec_prop"><ent r="65" t="135" w="50" /><ent r="1000" t="230" w="5" /><ent r="72" t="230" w="11" /><ent r="4" t="230" w="17" /><ent r="3" t="230" w="41" /></phr></stem><stem n="prop"><phr n="prop"><ent r="65" t="135" w="50" /><ent r="1000" t="230" w="5" /><ent r="72" t="230" w="11" /><ent r="4" t="230" w="17" /><ent r="3" t="230" w="41" /><ent r="3" t="230" w="46" /><ent r="4" t="245" w="377" /><ent r="65" t="247" w="221" /><ent r="1000" t="288" w="4" /><ent r="72" t="288" w="11" /><ent r="3" t="288" w="33" /><ent r="3" t="288" w="42" /><ent r="3" t="288" w="49" /><ent r="3" t="296" w="54" /><ent r="3" t="296" w="59" /><ent r="3" t="296" w="82" /><ent r="3" t="296" w="269" /><ent r="3" t="305" w="47" /><ent r="3" t="305" w="53" /><ent r="3" t="305" w="137" /><ent r="4" t="305" w="149" /></phr></stem><stem n="_create_monotonic_counter_ex"><phr n="_create_monotonic_counter_ex"><ent r="65" t="135" w="61" /><ent r="1000" t="232" w="5" /><ent r="72" t="232" w="11" /><ent r="4" t="232" w="17" /><ent r="4" t="232" w="394" /><ent r="4" t="232" w="541" /><ent r="4" t="234" w="34" /></phr></stem><stem n="_dh_init_sess"><phr n="_dh_init_session"><ent r="65" t="136" w="36" /><ent r="1000" t="241" w="4" /><ent r="72" t="241" w="9" /></phr></stem><stem n="gen"><phr n="gen"><ent r="65" t="136" w="41" /><ent r="1000" t="242" w="4" /><ent r="72" t="242" w="10" /><ent r="3" t="242" w="40" /><ent r="6" t="313" w="163" /><ent r="6" t="313" w="218" /></phr></stem><stem n="_dh_responder_gen_msg1"><phr n="_dh_responder_gen_msg1"><ent r="65" t="136" w="42" /><ent r="1000" t="242" w="5" /><ent r="72" t="242" w="11" /></phr></stem><stem n="_dh_initiator_proc_msg1"><phr n="_dh_initiator_proc_msg1"><ent r="65" t="136" w="48" /><ent r="1000" t="243" w="5" /><ent r="72" t="243" w="11" /></phr></stem><stem n="_dh_responder_proc_msg2"><phr n="_dh_responder_proc_msg2"><ent r="65" t="136" w="54" /><ent r="1000" t="244" w="5" /><ent r="72" t="244" w="11" /></phr></stem><stem n="_dh_initiator_proc_msg3"><phr n="_dh_initiator_proc_msg3"><ent r="65" t="136" w="60" /><ent r="1000" t="245" w="5" /><ent r="72" t="245" w="11" /></phr></stem></index>