<?xml version="1.0" encoding="utf-8"?><index><stem n="sdk"><phr n="SDK"><ent r="1000" t="0" w="3" /><ent r="102" t="0" w="12" /><ent r="3" t="0" w="88" /><ent r="3" t="3" w="16" /><ent r="3" t="3" w="60" /><ent r="3" t="6" w="202" /><ent r="3" t="6" w="278" /><ent r="3" t="8" w="20" /><ent r="3" t="9" w="33" /><ent r="3" t="10" w="25" /><ent r="3" t="10" w="76" /><ent r="3" t="22" w="15" /><ent r="1000" t="23" w="4" /><ent r="102" t="23" w="13" /><ent r="3" t="23" w="32" /><ent r="3" t="24" w="23" /><ent r="3" t="25" w="17" /><ent r="3" t="25" w="117" /><ent r="3" t="29" w="146" /><ent r="3" t="34" w="147" /><ent r="4" t="34" w="272" /><ent r="3" t="34" w="327" /><ent r="3" t="36" w="25" /><ent r="4" t="36" w="490" /><ent r="3" t="37" w="60" /><ent r="3" t="39" w="89" /><ent r="7" t="39" w="347" /><ent r="7" t="39" w="433" /><ent r="7" t="39" w="494" /><ent r="7" t="39" w="617" /><ent r="3" t="41" w="62" /><ent r="4" t="42" w="310" /><ent r="4" t="42" w="443" /><ent r="55" t="44" w="269" /><ent r="3" t="47" w="30" /><ent r="3" t="47" w="47" /><ent r="3" t="48" w="11" /><ent r="3" t="49" w="19" /><ent r="3" t="49" w="36" /><ent r="3" t="53" w="90" /><ent r="3" t="77" w="231" /><ent r="3" t="78" w="22" /><ent r="3" t="79" w="65" /><ent r="3" t="87" w="237" /><ent r="3" t="92" w="93" /><ent r="3" t="93" w="99" /><ent r="3" t="94" w="26" /><ent r="3" t="94" w="68" /><ent r="3" t="94" w="120" /><ent r="3" t="96" w="147" /><ent r="3" t="97" w="135" /><ent r="3" t="97" w="167" /><ent r="3" t="98" w="17" /><ent r="3" t="103" w="11" /><ent r="3" t="103" w="100" /><ent r="3" t="103" w="128" /><ent r="3" t="112" w="61" /><ent r="3" t="112" w="157" /><ent r="1000" t="114" w="7" /><ent r="3" t="114" w="40" /><ent r="3" t="123" w="25" /><ent r="3" t="123" w="89" /><ent r="3" t="123" w="120" /><ent r="3" t="123" w="171" /><ent r="3" t="124" w="28" /><ent r="3" t="126" w="15" /><ent r="3" t="127" w="46" /><ent r="3" t="127" w="77" /><ent r="3" t="130" w="19" /><ent r="3" t="137" w="15" /><ent r="3" t="139" w="29" /><ent r="3" t="140" w="24" /><ent r="3" t="142" w="103" /><ent r="3" t="143" w="17" /><ent r="3" t="144" w="15" /><ent r="3" t="144" w="58" /><ent r="3" t="145" w="15" /><ent r="3" t="146" w="13" /><ent r="3" t="146" w="37" /><ent r="3" t="146" w="200" /><ent r="3" t="169" w="169" /><ent r="3" t="170" w="98" /><ent r="3" t="212" w="32" /><ent r="3" t="213" w="32" /><ent r="3" t="219" w="37" /><ent r="3" t="220" w="37" /><ent r="4" t="315" w="126" /></phr></stem><stem n="develop"><phr n="Developer"><ent r="1000" t="0" w="4" /><ent r="92" t="0" w="14" /><ent r="3" t="3" w="17" /><ent r="3" t="3" w="78" /><ent r="4" t="4" w="111" /><ent r="3" t="13" w="37" /><ent r="3" t="40" w="309" /><ent r="3" t="75" w="15" /><ent r="4" t="113" w="156" /><ent r="65" t="146" w="222" /><ent r="3" t="170" w="109" /><ent r="64" t="193" w="232" /><ent r="64" t="194" w="248" /></phr><phr n="developers"><ent r="3" t="0" w="36" /><ent r="3" t="0" w="82" /><ent r="3" t="3" w="21" /><ent r="6" t="5" w="284" /><ent r="3" t="10" w="35" /><ent r="3" t="16" w="60" /><ent r="4" t="42" w="362" /><ent r="4" t="42" w="380" /><ent r="3" t="53" w="117" /><ent r="3" t="58" w="942" /><ent r="3" t="68" w="60" /><ent r="3" t="83" w="15" /><ent r="3" t="101" w="322" /><ent r="3" t="124" w="46" /><ent r="3" t="125" w="92" /><ent r="3" t="133" w="32" /><ent r="3" t="142" w="149" /><ent r="3" t="142" w="169" /><ent r="3" t="143" w="23" /><ent r="3" t="144" w="27" /><ent r="3" t="169" w="17" /><ent r="3" t="170" w="141" /></phr><phr n="development"><ent r="3" t="1" w="79" /><ent r="3" t="10" w="38" /><ent r="3" t="27" w="24" /><ent r="1000" t="38" w="2" /><ent r="102" t="38" w="8" /><ent r="3" t="38" w="17" /><ent r="3" t="38" w="61" /><ent r="3" t="40" w="106" /><ent r="1000" t="43" w="2" /><ent r="92" t="43" w="7" /><ent r="4" t="97" w="228" /></phr><phr n="developed"><ent r="4" t="43" w="72" /></phr><phr n="developing"><ent r="3" t="43" w="244" /><ent r="3" t="44" w="130" /><ent r="3" t="87" w="97" /></phr><phr n="develop"><ent r="4" t="43" w="294" /><ent r="3" t="145" w="146" /></phr></stem><stem n="refer"><phr n="Reference"><ent r="1000" t="0" w="5" /><ent r="92" t="0" w="15" /><ent r="6" t="1" w="310" /><ent r="3" t="3" w="18" /><ent r="3" t="3" w="48" /><ent r="65" t="39" w="157" /><ent r="4" t="42" w="612" /><ent r="64" t="80" w="144" /><ent r="3" t="103" w="103" /><ent r="4" t="110" w="14" /><ent r="4" t="110" w="44" /><ent r="1000" t="112" w="1" /><ent r="92" t="112" w="8" /><ent r="1000" t="114" w="12" /><ent r="102" t="114" w="18" /><ent r="3" t="114" w="33" /><ent r="64" t="126" w="132" /><ent r="65" t="146" w="223" /><ent r="3" t="231" w="65" /><ent r="3" t="231" w="68" /><ent r="3" t="250" w="130" /><ent r="3" t="257" w="82" /><ent r="3" t="311" w="10" /></phr><phr n="refer"><ent r="6" t="1" w="303" /><ent r="3" t="41" w="54" /><ent r="3" t="43" w="18" /><ent r="3" t="80" w="109" /><ent r="3" t="80" w="136" /><ent r="4" t="97" w="240" /><ent r="3" t="133" w="181" /><ent r="3" t="191" w="316" /></phr><phr n="refers"><ent r="3" t="92" w="14" /><ent r="3" t="93" w="9" /></phr><phr n="referred"><ent r="4" t="92" w="52" /><ent r="4" t="92" w="73" /><ent r="3" t="248" w="15" /></phr><phr n="references"><ent r="6" t="320" w="125" /></phr></stem><stem n="r"><phr n="R"><ent r="102" t="0" w="8" /><ent r="3" t="0" w="23" /><ent r="3" t="0" w="28" /><ent r="3" t="0" w="49" /><ent r="3" t="0" w="86" /><ent r="3" t="3" w="9" /><ent r="3" t="3" w="14" /><ent r="3" t="3" w="56" /><ent r="3" t="3" w="84" /><ent r="4" t="3" w="96" /><ent r="4" t="3" w="101" /><ent r="4" t="3" w="112" /><ent r="92" t="4" w="7" /><ent r="3" t="4" w="15" /><ent r="3" t="4" w="118" /><ent r="92" t="5" w="7" /><ent r="5" t="5" w="18" /><ent r="6" t="5" w="83" /><ent r="5" t="5" w="189" /><ent r="6" t="5" w="261" /><ent r="6" t="5" w="282" /><ent r="3" t="5" w="298" /><ent r="3" t="6" w="11" /><ent r="3" t="6" w="23" /><ent r="3" t="6" w="198" /><ent r="3" t="6" w="274" /><ent r="6" t="7" w="21" /><ent r="6" t="7" w="82" /><ent r="6" t="7" w="96" /><ent r="6" t="7" w="159" /><ent r="6" t="7" w="205" /><ent r="6" t="7" w="236" /><ent r="3" t="8" w="9" /><ent r="3" t="8" w="18" /><ent r="3" t="8" w="53" /><ent r="102" t="9" w="12" /><ent r="3" t="9" w="29" /><ent r="65" t="9" w="40" /><ent r="65" t="9" w="51" /><ent r="92" t="10" w="14" /><ent r="3" t="10" w="21" /><ent r="3" t="10" w="41" /><ent r="3" t="10" w="74" /><ent r="6" t="11" w="43" /><ent r="5" t="11" w="67" /><ent r="5" t="11" w="85" /><ent r="5" t="11" w="104" /><ent r="5" t="11" w="241" /><ent r="92" t="13" w="15" /><ent r="3" t="13" w="33" /><ent r="4" t="14" w="105" /><ent r="3" t="14" w="134" /><ent r="3" t="14" w="292" /><ent r="4" t="16" w="98" /><ent r="3" t="16" w="127" /><ent r="4" t="16" w="233" /><ent r="3" t="16" w="312" /><ent r="4" t="17" w="58" /><ent r="4" t="17" w="168" /><ent r="3" t="17" w="205" /><ent r="3" t="17" w="343" /><ent r="3" t="18" w="11" /><ent r="65" t="20" w="252" /><ent r="3" t="22" w="11" /><ent r="3" t="22" w="54" /><ent r="3" t="22" w="83" /><ent r="102" t="23" w="9" /><ent r="3" t="23" w="28" /><ent r="66" t="23" w="84" /><ent r="3" t="24" w="19" /><ent r="3" t="25" w="13" /><ent r="3" t="25" w="115" /><ent r="3" t="29" w="144" /><ent r="3" t="32" w="22" /><ent r="3" t="32" w="101" /><ent r="6" t="32" w="147" /><ent r="5" t="32" w="161" /><ent r="3" t="32" w="179" /><ent r="3" t="33" w="23" /><ent r="5" t="34" w="52" /><ent r="5" t="34" w="98" /><ent r="3" t="34" w="131" /><ent r="3" t="34" w="145" /><ent r="3" t="34" w="150" /><ent r="3" t="34" w="160" /><ent r="5" t="34" w="207" /><ent r="4" t="34" w="270" /><ent r="3" t="34" w="292" /><ent r="3" t="34" w="323" /><ent r="3" t="34" w="374" /><ent r="92" t="35" w="10" /><ent r="3" t="36" w="21" /><ent r="4" t="36" w="486" /><ent r="3" t="37" w="56" /><ent r="3" t="37" w="79" /><ent r="3" t="37" w="114" /><ent r="65" t="38" w="85" /><ent r="3" t="39" w="85" /><ent r="65" t="39" w="152" /><ent r="3" t="39" w="270" /><ent r="7" t="39" w="343" /><ent r="7" t="39" w="429" /><ent r="7" t="39" w="490" /><ent r="7" t="39" w="613" /><ent r="4" t="42" w="213" /><ent r="4" t="42" w="306" /><ent r="4" t="42" w="321" /><ent r="4" t="42" w="439" /><ent r="4" t="43" w="47" /><ent r="4" t="43" w="98" /><ent r="106" t="43" w="315" /><ent r="5" t="43" w="571" /><ent r="3" t="44" w="133" /><ent r="55" t="44" w="267" /><ent r="3" t="47" w="26" /><ent r="3" t="47" w="45" /><ent r="6" t="47" w="60" /><ent r="6" t="47" w="78" /><ent r="3" t="48" w="9" /><ent r="3" t="48" w="23" /><ent r="3" t="48" w="69" /><ent r="3" t="48" w="94" /><ent r="3" t="49" w="15" /><ent r="3" t="49" w="34" /><ent r="6" t="49" w="72" /><ent r="6" t="49" w="152" /><ent r="3" t="53" w="86" /><ent r="3" t="66" w="65" /><ent r="55" t="75" w="58" /><ent r="102" t="78" w="7" /><ent r="3" t="78" w="18" /><ent r="3" t="78" w="52" /><ent r="3" t="78" w="75" /><ent r="55" t="78" w="112" /><ent r="4" t="78" w="204" /><ent r="3" t="79" w="61" /><ent r="1000" t="80" w="5" /><ent r="82" t="80" w="12" /><ent r="3" t="80" w="24" /><ent r="3" t="85" w="21" /><ent r="3" t="87" w="68" /><ent r="3" t="87" w="99" /><ent r="3" t="87" w="233" /><ent r="3" t="88" w="19" /><ent r="3" t="92" w="8" /><ent r="3" t="92" w="31" /><ent r="3" t="92" w="89" /><ent r="3" t="93" w="32" /><ent r="3" t="93" w="95" /><ent r="3" t="94" w="65" /><ent r="3" t="96" w="145" /><ent r="3" t="97" w="40" /><ent r="3" t="97" w="67" /><ent r="3" t="97" w="131" /><ent r="4" t="97" w="211" /><ent r="4" t="97" w="237" /><ent r="4" t="97" w="244" /><ent r="3" t="97" w="302" /><ent r="3" t="97" w="352" /><ent r="3" t="97" w="372" /><ent r="3" t="98" w="75" /><ent r="4" t="99" w="57" /><ent r="3" t="99" w="99" /><ent r="3" t="99" w="104" /><ent r="3" t="100" w="73" /><ent r="3" t="101" w="97" /><ent r="3" t="102" w="23" /><ent r="3" t="103" w="9" /><ent r="3" t="103" w="33" /><ent r="3" t="103" w="98" /><ent r="3" t="103" w="124" /><ent r="3" t="112" w="31" /><ent r="3" t="112" w="57" /><ent r="3" t="112" w="153" /><ent r="3" t="113" w="41" /><ent r="1000" t="114" w="2" /><ent r="3" t="114" w="36" /><ent r="3" t="118" w="21" /><ent r="4" t="118" w="35" /><ent r="4" t="119" w="43" /><ent r="3" t="120" w="18" /><ent r="4" t="120" w="36" /><ent r="1000" t="121" w="2" /><ent r="82" t="121" w="11" /><ent r="3" t="121" w="32" /><ent r="3" t="121" w="76" /><ent r="1000" t="122" w="2" /><ent r="82" t="122" w="9" /><ent r="3" t="122" w="45" /><ent r="3" t="123" w="21" /><ent r="3" t="124" w="11" /><ent r="3" t="124" w="24" /><ent r="65" t="124" w="49" /><ent r="72" t="125" w="7" /><ent r="3" t="126" w="11" /><ent r="64" t="126" w="127" /><ent r="3" t="127" w="44" /><ent r="1000" t="130" w="2" /><ent r="3" t="130" w="15" /><ent r="65" t="130" w="50" /><ent r="65" t="130" w="59" /><ent r="72" t="131" w="8" /><ent r="1000" t="132" w="2" /><ent r="72" t="132" w="9" /><ent r="3" t="137" w="11" /><ent r="3" t="139" w="27" /><ent r="3" t="139" w="56" /><ent r="3" t="140" w="22" /><ent r="3" t="142" w="99" /><ent r="3" t="142" w="201" /><ent r="3" t="143" w="13" /><ent r="3" t="144" w="11" /><ent r="3" t="144" w="54" /><ent r="3" t="145" w="11" /><ent r="3" t="146" w="9" /><ent r="3" t="146" w="163" /><ent r="3" t="146" w="173" /><ent r="65" t="146" w="218" /><ent r="3" t="149" w="1146" /><ent r="3" t="149" w="1195" /><ent r="3" t="152" w="19" /><ent r="3" t="152" w="234" /><ent r="3" t="152" w="265" /><ent r="3" t="154" w="466" /><ent r="3" t="154" w="526" /><ent r="3" t="154" w="545" /><ent r="3" t="155" w="322" /><ent r="3" t="156" w="544" /><ent r="3" t="157" w="372" /><ent r="3" t="160" w="47" /><ent r="3" t="161" w="20" /><ent r="3" t="162" w="24" /><ent r="3" t="163" w="26" /><ent r="3" t="163" w="73" /><ent r="3" t="169" w="167" /><ent r="3" t="170" w="96" /><ent r="3" t="171" w="15" /><ent r="3" t="171" w="48" /><ent r="3" t="171" w="66" /><ent r="3" t="172" w="11" /><ent r="3" t="173" w="23" /><ent r="4" t="173" w="42" /><ent r="64" t="193" w="225" /><ent r="64" t="194" w="241" /><ent r="3" t="212" w="30" /><ent r="3" t="213" w="30" /><ent r="3" t="219" w="35" /><ent r="3" t="220" w="35" /><ent r="3" t="228" w="154" /><ent r="3" t="228" w="189" /><ent r="3" t="229" w="100" /><ent r="3" t="232" w="473" /><ent r="3" t="232" w="508" /><ent r="3" t="233" w="383" /><ent r="3" t="233" w="418" /><ent r="3" t="234" w="366" /><ent r="3" t="235" w="381" /><ent r="3" t="247" w="19" /><ent r="4" t="261" w="19" /><ent r="3" t="295" w="372" /><ent r="3" t="296" w="207" /><ent r="3" t="296" w="276" /><ent r="3" t="296" w="283" /><ent r="3" t="296" w="487" /><ent r="3" t="302" w="92" /><ent r="3" t="303" w="86" /><ent r="3" t="305" w="68" /><ent r="3" t="309" w="18" /><ent r="6" t="310" w="667" /><ent r="65" t="311" w="21" /><ent r="65" t="311" w="29" /><ent r="6" t="312" w="77" /><ent r="5" t="312" w="123" /><ent r="5" t="312" w="129" /><ent r="6" t="312" w="150" /><ent r="6" t="312" w="289" /><ent r="1000" t="313" w="3" /><ent r="92" t="313" w="11" /><ent r="3" t="313" w="20" /><ent r="3" t="313" w="32" /><ent r="6" t="313" w="60" /><ent r="1000" t="314" w="3" /><ent r="92" t="314" w="11" /><ent r="3" t="314" w="17" /><ent r="6" t="314" w="78" /><ent r="6" t="314" w="95" /><ent r="4" t="315" w="124" /><ent r="3" t="319" w="31" /><ent r="3" t="320" w="31" /><ent r="6" t="320" w="123" /><ent r="3" t="320" w="170" /></phr></stem><stem n="(r)"><phr n="(R)"><ent r="102" t="0" w="9" /><ent r="3" t="0" w="24" /><ent r="3" t="0" w="50" /><ent r="3" t="0" w="87" /><ent r="3" t="3" w="10" /><ent r="3" t="3" w="57" /><ent r="3" t="3" w="85" /><ent r="4" t="3" w="97" /><ent r="4" t="3" w="113" /><ent r="92" t="4" w="8" /><ent r="3" t="4" w="16" /><ent r="3" t="4" w="119" /><ent r="92" t="5" w="8" /><ent r="5" t="5" w="19" /><ent r="5" t="5" w="190" /><ent r="6" t="5" w="262" /><ent r="6" t="5" w="283" /><ent r="3" t="5" w="299" /><ent r="3" t="6" w="12" /><ent r="3" t="6" w="24" /><ent r="3" t="6" w="199" /><ent r="3" t="6" w="275" /><ent r="6" t="7" w="22" /><ent r="6" t="7" w="83" /><ent r="6" t="7" w="160" /><ent r="6" t="7" w="206" /><ent r="6" t="7" w="237" /><ent r="3" t="8" w="10" /><ent r="3" t="8" w="19" /><ent r="3" t="8" w="54" /><ent r="102" t="9" w="13" /><ent r="3" t="9" w="30" /><ent r="65" t="9" w="41" /><ent r="65" t="9" w="52" /><ent r="92" t="10" w="15" /><ent r="3" t="10" w="22" /><ent r="3" t="10" w="42" /><ent r="3" t="10" w="75" /><ent r="5" t="11" w="68" /><ent r="5" t="11" w="86" /><ent r="5" t="11" w="105" /><ent r="5" t="11" w="242" /><ent r="92" t="13" w="16" /><ent r="3" t="13" w="34" /><ent r="4" t="14" w="106" /><ent r="3" t="14" w="135" /><ent r="3" t="14" w="293" /><ent r="4" t="16" w="99" /><ent r="3" t="16" w="128" /><ent r="4" t="16" w="234" /><ent r="3" t="16" w="313" /><ent r="4" t="17" w="59" /><ent r="4" t="17" w="169" /><ent r="3" t="17" w="206" /><ent r="3" t="17" w="344" /><ent r="3" t="18" w="12" /><ent r="65" t="20" w="253" /><ent r="3" t="22" w="12" /><ent r="3" t="22" w="55" /><ent r="3" t="22" w="84" /><ent r="102" t="23" w="10" /><ent r="3" t="23" w="29" /><ent r="66" t="23" w="85" /><ent r="3" t="24" w="20" /><ent r="3" t="25" w="14" /><ent r="3" t="25" w="116" /><ent r="3" t="29" w="145" /><ent r="3" t="32" w="23" /><ent r="3" t="32" w="102" /><ent r="6" t="32" w="148" /><ent r="5" t="32" w="162" /><ent r="3" t="32" w="180" /><ent r="3" t="33" w="24" /><ent r="5" t="34" w="99" /><ent r="3" t="34" w="132" /><ent r="3" t="34" w="146" /><ent r="3" t="34" w="151" /><ent r="3" t="34" w="161" /><ent r="4" t="34" w="271" /><ent r="3" t="34" w="293" /><ent r="3" t="34" w="324" /><ent r="3" t="34" w="375" /><ent r="92" t="35" w="11" /><ent r="3" t="36" w="22" /><ent r="4" t="36" w="487" /><ent r="3" t="37" w="57" /><ent r="3" t="37" w="80" /><ent r="3" t="37" w="115" /><ent r="65" t="38" w="86" /><ent r="3" t="39" w="86" /><ent r="65" t="39" w="153" /><ent r="3" t="39" w="271" /><ent r="7" t="39" w="344" /><ent r="7" t="39" w="430" /><ent r="7" t="39" w="491" /><ent r="7" t="39" w="614" /><ent r="4" t="42" w="214" /><ent r="4" t="42" w="307" /><ent r="4" t="42" w="322" /><ent r="4" t="42" w="440" /><ent r="4" t="43" w="48" /><ent r="4" t="43" w="99" /><ent r="106" t="43" w="316" /><ent r="5" t="43" w="572" /><ent r="3" t="44" w="134" /><ent r="55" t="44" w="268" /><ent r="3" t="47" w="27" /><ent r="3" t="47" w="46" /><ent r="6" t="47" w="61" /><ent r="6" t="47" w="79" /><ent r="3" t="48" w="10" /><ent r="3" t="48" w="70" /><ent r="3" t="48" w="95" /><ent r="3" t="49" w="16" /><ent r="3" t="49" w="35" /><ent r="6" t="49" w="73" /><ent r="6" t="49" w="153" /><ent r="3" t="53" w="87" /><ent r="3" t="66" w="66" /><ent r="55" t="75" w="59" /><ent r="102" t="78" w="8" /><ent r="3" t="78" w="19" /><ent r="3" t="78" w="53" /><ent r="3" t="78" w="76" /><ent r="55" t="78" w="113" /><ent r="4" t="78" w="205" /><ent r="3" t="79" w="62" /><ent r="1000" t="80" w="6" /><ent r="82" t="80" w="13" /><ent r="3" t="80" w="25" /><ent r="3" t="85" w="22" /><ent r="3" t="87" w="69" /><ent r="3" t="87" w="100" /><ent r="3" t="87" w="234" /><ent r="3" t="88" w="20" /><ent r="3" t="92" w="9" /><ent r="3" t="92" w="32" /><ent r="3" t="92" w="90" /><ent r="3" t="93" w="33" /><ent r="3" t="93" w="96" /><ent r="3" t="94" w="66" /><ent r="3" t="96" w="146" /><ent r="3" t="97" w="41" /><ent r="3" t="97" w="68" /><ent r="3" t="97" w="132" /><ent r="4" t="97" w="212" /><ent r="4" t="97" w="238" /><ent r="4" t="97" w="245" /><ent r="3" t="97" w="303" /><ent r="3" t="97" w="353" /><ent r="3" t="97" w="373" /><ent r="3" t="98" w="76" /><ent r="4" t="99" w="58" /><ent r="3" t="99" w="100" /><ent r="3" t="100" w="74" /><ent r="3" t="101" w="98" /><ent r="3" t="102" w="24" /><ent r="3" t="103" w="10" /><ent r="3" t="103" w="34" /><ent r="3" t="103" w="99" /><ent r="3" t="103" w="125" /><ent r="3" t="112" w="32" /><ent r="3" t="112" w="58" /><ent r="3" t="112" w="154" /><ent r="3" t="113" w="42" /><ent r="1000" t="114" w="3" /><ent r="3" t="114" w="37" /><ent r="3" t="118" w="22" /><ent r="4" t="118" w="36" /><ent r="4" t="119" w="44" /><ent r="3" t="120" w="19" /><ent r="4" t="120" w="37" /><ent r="1000" t="121" w="3" /><ent r="82" t="121" w="12" /><ent r="3" t="121" w="33" /><ent r="3" t="121" w="77" /><ent r="1000" t="122" w="3" /><ent r="82" t="122" w="10" /><ent r="3" t="122" w="46" /><ent r="3" t="123" w="22" /><ent r="3" t="124" w="12" /><ent r="3" t="124" w="25" /><ent r="65" t="124" w="50" /><ent r="72" t="125" w="8" /><ent r="3" t="126" w="12" /><ent r="64" t="126" w="128" /><ent r="3" t="127" w="45" /><ent r="1000" t="130" w="3" /><ent r="3" t="130" w="16" /><ent r="65" t="130" w="51" /><ent r="65" t="130" w="60" /><ent r="72" t="131" w="9" /><ent r="1000" t="132" w="3" /><ent r="72" t="132" w="10" /><ent r="3" t="137" w="12" /><ent r="3" t="139" w="28" /><ent r="3" t="139" w="57" /><ent r="3" t="140" w="23" /><ent r="3" t="142" w="100" /><ent r="3" t="142" w="202" /><ent r="3" t="143" w="14" /><ent r="3" t="144" w="12" /><ent r="3" t="144" w="55" /><ent r="3" t="145" w="12" /><ent r="3" t="146" w="10" /><ent r="3" t="146" w="164" /><ent r="3" t="146" w="174" /><ent r="65" t="146" w="219" /><ent r="3" t="149" w="1147" /><ent r="3" t="149" w="1196" /><ent r="3" t="152" w="20" /><ent r="3" t="152" w="235" /><ent r="3" t="152" w="266" /><ent r="3" t="154" w="467" /><ent r="3" t="154" w="527" /><ent r="3" t="154" w="546" /><ent r="3" t="155" w="323" /><ent r="3" t="156" w="545" /><ent r="3" t="157" w="373" /><ent r="3" t="160" w="48" /><ent r="3" t="161" w="21" /><ent r="3" t="162" w="25" /><ent r="3" t="163" w="27" /><ent r="3" t="163" w="74" /><ent r="3" t="169" w="168" /><ent r="3" t="170" w="97" /><ent r="3" t="171" w="16" /><ent r="3" t="171" w="49" /><ent r="3" t="171" w="67" /><ent r="3" t="172" w="12" /><ent r="3" t="173" w="24" /><ent r="4" t="173" w="43" /><ent r="64" t="193" w="226" /><ent r="64" t="194" w="242" /><ent r="3" t="212" w="31" /><ent r="3" t="213" w="31" /><ent r="3" t="219" w="36" /><ent r="3" t="220" w="36" /><ent r="3" t="228" w="155" /><ent r="3" t="228" w="190" /><ent r="3" t="229" w="101" /><ent r="3" t="232" w="474" /><ent r="3" t="232" w="509" /><ent r="3" t="233" w="384" /><ent r="3" t="233" w="419" /><ent r="3" t="234" w="367" /><ent r="3" t="235" w="382" /><ent r="3" t="247" w="20" /><ent r="4" t="261" w="20" /><ent r="3" t="295" w="373" /><ent r="3" t="296" w="208" /><ent r="3" t="296" w="277" /><ent r="3" t="296" w="284" /><ent r="3" t="296" w="488" /><ent r="3" t="302" w="93" /><ent r="3" t="303" w="87" /><ent r="3" t="305" w="69" /><ent r="3" t="309" w="19" /><ent r="6" t="310" w="668" /><ent r="65" t="311" w="22" /><ent r="65" t="311" w="30" /><ent r="6" t="312" w="78" /><ent r="5" t="312" w="124" /><ent r="5" t="312" w="130" /><ent r="6" t="312" w="151" /><ent r="6" t="312" w="290" /><ent r="1000" t="313" w="4" /><ent r="92" t="313" w="12" /><ent r="3" t="313" w="21" /><ent r="3" t="313" w="33" /><ent r="6" t="313" w="61" /><ent r="1000" t="314" w="4" /><ent r="92" t="314" w="12" /><ent r="3" t="314" w="18" /><ent r="6" t="314" w="79" /><ent r="6" t="314" w="96" /><ent r="4" t="315" w="125" /><ent r="3" t="319" w="32" /><ent r="3" t="320" w="32" /><ent r="3" t="320" w="171" /></phr></stem><stem n="softwar"><phr n="Software"><ent r="102" t="0" w="9" /><ent r="3" t="0" w="24" /><ent r="3" t="0" w="78" /><ent r="3" t="1" w="146" /><ent r="3" t="3" w="10" /><ent r="3" t="3" w="20" /><ent r="3" t="3" w="32" /><ent r="3" t="3" w="57" /><ent r="3" t="3" w="77" /><ent r="3" t="3" w="85" /><ent r="4" t="3" w="97" /><ent r="92" t="4" w="8" /><ent r="3" t="4" w="16" /><ent r="3" t="4" w="119" /><ent r="92" t="5" w="8" /><ent r="5" t="5" w="19" /><ent r="5" t="5" w="25" /><ent r="6" t="5" w="84" /><ent r="6" t="5" w="104" /><ent r="5" t="5" w="190" /><ent r="6" t="5" w="262" /><ent r="3" t="5" w="299" /><ent r="3" t="6" w="12" /><ent r="3" t="6" w="199" /><ent r="3" t="6" w="275" /><ent r="6" t="7" w="22" /><ent r="6" t="7" w="237" /><ent r="6" t="7" w="267" /><ent r="6" t="7" w="271" /><ent r="6" t="7" w="285" /><ent r="3" t="8" w="10" /><ent r="3" t="8" w="13" /><ent r="3" t="8" w="23" /><ent r="3" t="8" w="55" /><ent r="3" t="8" w="88" /><ent r="102" t="9" w="13" /><ent r="3" t="9" w="30" /><ent r="65" t="9" w="41" /><ent r="65" t="9" w="52" /><ent r="92" t="10" w="15" /><ent r="3" t="10" w="22" /><ent r="3" t="10" w="31" /><ent r="3" t="10" w="42" /><ent r="92" t="13" w="16" /><ent r="3" t="13" w="34" /><ent r="3" t="14" w="350" /><ent r="4" t="16" w="234" /><ent r="3" t="18" w="12" /><ent r="3" t="22" w="12" /><ent r="3" t="22" w="85" /><ent r="102" t="23" w="10" /><ent r="3" t="23" w="29" /><ent r="3" t="24" w="20" /><ent r="3" t="25" w="14" /><ent r="3" t="34" w="324" /><ent r="3" t="36" w="22" /><ent r="4" t="36" w="487" /><ent r="3" t="37" w="57" /><ent r="65" t="38" w="86" /><ent r="3" t="39" w="86" /><ent r="65" t="39" w="153" /><ent r="7" t="39" w="344" /><ent r="7" t="39" w="430" /><ent r="7" t="39" w="491" /><ent r="7" t="39" w="614" /><ent r="4" t="42" w="307" /><ent r="4" t="42" w="322" /><ent r="4" t="42" w="440" /><ent r="3" t="47" w="27" /><ent r="3" t="49" w="16" /><ent r="3" t="53" w="87" /><ent r="55" t="75" w="64" /><ent r="102" t="78" w="8" /><ent r="3" t="78" w="19" /><ent r="3" t="79" w="62" /><ent r="3" t="87" w="69" /><ent r="3" t="87" w="100" /><ent r="3" t="87" w="234" /><ent r="3" t="92" w="9" /><ent r="3" t="92" w="90" /><ent r="3" t="93" w="96" /><ent r="3" t="97" w="44" /><ent r="3" t="97" w="132" /><ent r="3" t="99" w="100" /><ent r="3" t="100" w="24" /><ent r="3" t="102" w="26" /><ent r="3" t="102" w="111" /><ent r="3" t="103" w="125" /><ent r="3" t="112" w="32" /><ent r="3" t="112" w="58" /><ent r="3" t="112" w="154" /><ent r="1000" t="114" w="3" /><ent r="3" t="114" w="37" /><ent r="3" t="118" w="22" /><ent r="3" t="122" w="36" /><ent r="3" t="123" w="22" /><ent r="3" t="124" w="25" /><ent r="65" t="124" w="50" /><ent r="72" t="125" w="8" /><ent r="3" t="126" w="12" /><ent r="64" t="126" w="128" /><ent r="1000" t="130" w="3" /><ent r="3" t="130" w="16" /><ent r="65" t="130" w="51" /><ent r="65" t="130" w="60" /><ent r="72" t="131" w="9" /><ent r="72" t="132" w="10" /><ent r="3" t="133" w="140" /><ent r="3" t="133" w="163" /><ent r="3" t="133" w="295" /><ent r="3" t="133" w="313" /><ent r="3" t="137" w="12" /><ent r="3" t="142" w="100" /><ent r="3" t="143" w="14" /><ent r="3" t="144" w="12" /><ent r="3" t="144" w="55" /><ent r="3" t="145" w="12" /><ent r="3" t="146" w="10" /><ent r="3" t="149" w="234" /><ent r="3" t="152" w="266" /><ent r="3" t="163" w="88" /><ent r="64" t="193" w="231" /><ent r="64" t="194" w="247" /><ent r="3" t="197" w="17" /><ent r="3" t="203" w="580" /><ent r="3" t="206" w="348" /><ent r="4" t="250" w="38" /><ent r="4" t="251" w="40" /><ent r="3" t="251" w="70" /><ent r="4" t="253" w="127" /><ent r="3" t="301" w="82" /><ent r="3" t="309" w="136" /></phr></stem><stem n="guard"><phr n="Guard"><ent r="102" t="0" w="10" /><ent r="3" t="0" w="25" /><ent r="3" t="3" w="11" /><ent r="3" t="3" w="33" /><ent r="3" t="3" w="58" /><ent r="3" t="3" w="86" /><ent r="4" t="3" w="98" /><ent r="92" t="4" w="9" /><ent r="3" t="4" w="17" /><ent r="3" t="4" w="120" /><ent r="92" t="5" w="9" /><ent r="5" t="5" w="20" /><ent r="6" t="5" w="85" /><ent r="5" t="5" w="191" /><ent r="6" t="5" w="263" /><ent r="3" t="5" w="300" /><ent r="3" t="6" w="13" /><ent r="3" t="6" w="200" /><ent r="3" t="6" w="276" /><ent r="6" t="7" w="23" /><ent r="6" t="7" w="238" /><ent r="6" t="7" w="272" /><ent r="3" t="8" w="11" /><ent r="102" t="9" w="14" /><ent r="3" t="9" w="31" /><ent r="65" t="9" w="42" /><ent r="65" t="9" w="53" /><ent r="92" t="10" w="16" /><ent r="3" t="10" w="23" /><ent r="3" t="10" w="43" /><ent r="92" t="13" w="17" /><ent r="3" t="13" w="35" /><ent r="4" t="16" w="235" /><ent r="3" t="18" w="13" /><ent r="3" t="22" w="13" /><ent r="102" t="23" w="11" /><ent r="3" t="23" w="30" /><ent r="3" t="24" w="21" /><ent r="3" t="25" w="15" /><ent r="3" t="34" w="325" /><ent r="3" t="36" w="23" /><ent r="4" t="36" w="488" /><ent r="3" t="37" w="58" /><ent r="65" t="38" w="87" /><ent r="3" t="39" w="87" /><ent r="65" t="39" w="154" /><ent r="7" t="39" w="345" /><ent r="7" t="39" w="431" /><ent r="7" t="39" w="492" /><ent r="7" t="39" w="615" /><ent r="4" t="42" w="308" /><ent r="4" t="42" w="323" /><ent r="4" t="42" w="441" /><ent r="3" t="47" w="28" /><ent r="3" t="49" w="17" /><ent r="3" t="53" w="88" /><ent r="102" t="78" w="9" /><ent r="3" t="78" w="20" /><ent r="3" t="79" w="63" /><ent r="3" t="87" w="70" /><ent r="3" t="87" w="101" /><ent r="3" t="87" w="235" /><ent r="3" t="92" w="10" /><ent r="3" t="92" w="91" /><ent r="3" t="93" w="97" /><ent r="3" t="97" w="133" /><ent r="3" t="99" w="101" /><ent r="3" t="103" w="126" /><ent r="3" t="112" w="33" /><ent r="3" t="112" w="59" /><ent r="3" t="112" w="155" /><ent r="1000" t="114" w="4" /><ent r="3" t="114" w="38" /><ent r="3" t="118" w="23" /><ent r="3" t="123" w="23" /><ent r="3" t="124" w="26" /><ent r="65" t="124" w="51" /><ent r="72" t="125" w="9" /><ent r="3" t="126" w="13" /><ent r="64" t="126" w="129" /><ent r="1000" t="130" w="4" /><ent r="3" t="130" w="17" /><ent r="65" t="130" w="52" /><ent r="65" t="130" w="61" /><ent r="72" t="131" w="10" /><ent r="72" t="132" w="11" /><ent r="3" t="137" w="13" /><ent r="3" t="142" w="101" /><ent r="3" t="143" w="15" /><ent r="3" t="144" w="13" /><ent r="3" t="144" w="56" /><ent r="3" t="145" w="13" /><ent r="3" t="146" w="11" /><ent r="3" t="152" w="267" /></phr></stem></index>