<?xml version="1.0" encoding="utf-8"?><index><stem n="c"><phr n="C"><ent r="3" t="3" w="90" /><ent r="4" t="17" w="105" /><ent r="4" t="17" w="401" /><ent r="5" t="18" w="84" /><ent r="4" t="20" w="28" /><ent r="4" t="21" w="31" /><ent r="5" t="24" w="108" /><ent r="5" t="24" w="136" /><ent r="3" t="34" w="380" /><ent r="3" t="39" w="34" /><ent r="3" t="39" w="48" /><ent r="3" t="39" w="68" /><ent r="7" t="39" w="287" /><ent r="7" t="39" w="295" /><ent r="7" t="39" w="299" /><ent r="7" t="39" w="318" /><ent r="7" t="39" w="324" /><ent r="4" t="42" w="601" /><ent r="4" t="42" w="607" /><ent r="6" t="47" w="97" /><ent r="3" t="51" w="43" /><ent r="3" t="51" w="223" /><ent r="3" t="52" w="8" /><ent r="3" t="53" w="8" /><ent r="3" t="53" w="13" /><ent r="3" t="53" w="170" /><ent r="3" t="55" w="68" /><ent r="3" t="55" w="82" /><ent r="3" t="56" w="62" /><ent r="3" t="56" w="75" /><ent r="3" t="64" w="22" /><ent r="3" t="64" w="600" /><ent r="3" t="64" w="606" /><ent r="3" t="66" w="31" /><ent r="3" t="66" w="96" /><ent r="3" t="69" w="58" /><ent r="3" t="70" w="50" /><ent r="3" t="85" w="128" /><ent r="6" t="85" w="192" /><ent r="3" t="123" w="37" /><ent r="4" t="123" w="186" /><ent r="3" t="125" w="64" /><ent r="1000" t="137" w="1" /><ent r="82" t="137" w="5" /><ent r="3" t="137" w="22" /><ent r="3" t="137" w="35" /><ent r="3" t="137" w="45" /><ent r="115" t="137" w="160" /><ent r="3" t="139" w="30" /><ent r="3" t="140" w="25" /><ent r="4" t="144" w="187" /><ent r="4" t="144" w="212" /><ent r="3" t="145" w="127" /><ent r="3" t="168" w="157" /><ent r="65" t="311" w="37" /><ent r="65" t="311" w="49" /><ent r="6" t="312" w="334" /><ent r="1000" t="316" w="2" /><ent r="92" t="316" w="9" /><ent r="3" t="316" w="19" /><ent r="3" t="316" w="31" /><ent r="3" t="316" w="470" /><ent r="3" t="316" w="486" /><ent r="3" t="316" w="505" /><ent r="3" t="316" w="513" /><ent r="4" t="316" w="547" /><ent r="3" t="317" w="36" /><ent r="64" t="317" w="41" /><ent r="1000" t="318" w="2" /><ent r="92" t="318" w="10" /><ent r="3" t="318" w="26" /></phr></stem><stem n="c++"><phr n="C++"><ent r="3" t="3" w="91" /><ent r="6" t="11" w="40" /><ent r="8" t="11" w="140" /><ent r="8" t="11" w="143" /><ent r="4" t="20" w="29" /><ent r="4" t="21" w="32" /><ent r="3" t="34" w="381" /><ent r="3" t="39" w="35" /><ent r="3" t="39" w="50" /><ent r="3" t="39" w="69" /><ent r="7" t="39" w="288" /><ent r="7" t="39" w="297" /><ent r="7" t="39" w="300" /><ent r="7" t="39" w="319" /><ent r="7" t="39" w="325" /><ent r="7" t="39" w="374" /><ent r="7" t="39" w="394" /><ent r="7" t="39" w="401" /><ent r="7" t="39" w="593" /><ent r="4" t="42" w="604" /><ent r="6" t="47" w="113" /><ent r="3" t="52" w="9" /><ent r="3" t="78" w="53" /><ent r="3" t="78" w="76" /><ent r="3" t="85" w="129" /><ent r="6" t="85" w="201" /><ent r="6" t="85" w="204" /><ent r="3" t="123" w="38" /><ent r="4" t="123" w="187" /><ent r="3" t="125" w="65" /><ent r="3" t="129" w="12" /><ent r="1000" t="144" w="1" /><ent r="82" t="144" w="5" /><ent r="3" t="144" w="21" /><ent r="3" t="144" w="26" /><ent r="3" t="144" w="31" /><ent r="3" t="144" w="35" /><ent r="3" t="144" w="44" /><ent r="3" t="144" w="64" /><ent r="4" t="144" w="101" /><ent r="4" t="144" w="153" /><ent r="4" t="144" w="169" /><ent r="4" t="144" w="181" /><ent r="4" t="144" w="203" /><ent r="1000" t="145" w="1" /><ent r="72" t="145" w="5" /><ent r="3" t="145" w="22" /><ent r="54" t="145" w="58" /><ent r="3" t="145" w="73" /><ent r="3" t="145" w="144" /><ent r="3" t="145" w="153" /><ent r="3" t="149" w="1329" /><ent r="65" t="311" w="51" /><ent r="6" t="312" w="94" /><ent r="6" t="312" w="97" /><ent r="1000" t="317" w="2" /><ent r="1000" t="318" w="4" /><ent r="92" t="318" w="12" /><ent r="3" t="318" w="28" /><ent r="3" t="319" w="39" /><ent r="3" t="320" w="39" /><ent r="3" t="320" w="171" /></phr></stem><stem n="/c++."><phr n="/C++."><ent r="3" t="3" w="92" /><ent r="7" t="39" w="289" /></phr></stem><stem n="note"><phr n="Note"><ent r="4" t="3" w="93" /><ent r="4" t="4" w="96" /><ent r="6" t="11" w="217" /><ent r="4" t="16" w="207" /><ent r="4" t="18" w="192" /><ent r="4" t="20" w="204" /><ent r="4" t="20" w="225" /><ent r="4" t="34" w="228" /><ent r="4" t="35" w="225" /><ent r="4" t="36" w="343" /><ent r="4" t="36" w="472" /><ent r="4" t="36" w="526" /><ent r="6" t="43" w="529" /><ent r="4" t="58" w="534" /><ent r="3" t="62" w="164" /><ent r="4" t="62" w="352" /><ent r="4" t="64" w="107" /><ent r="4" t="68" w="185" /><ent r="4" t="77" w="236" /><ent r="4" t="79" w="84" /><ent r="4" t="87" w="274" /><ent r="4" t="90" w="85" /><ent r="4" t="91" w="127" /><ent r="4" t="93" w="124" /><ent r="4" t="97" w="207" /><ent r="4" t="97" w="266" /><ent r="4" t="99" w="28" /><ent r="6" t="99" w="392" /><ent r="4" t="101" w="393" /><ent r="4" t="103" w="153" /><ent r="4" t="112" w="97" /><ent r="4" t="113" w="139" /><ent r="4" t="118" w="27" /><ent r="4" t="119" w="35" /><ent r="4" t="120" w="28" /><ent r="4" t="126" w="135" /><ent r="4" t="126" w="167" /><ent r="4" t="144" w="151" /><ent r="4" t="146" w="208" /><ent r="4" t="148" w="21" /><ent r="3" t="161" w="301" /><ent r="4" t="161" w="348" /><ent r="3" t="162" w="307" /><ent r="4" t="162" w="358" /><ent r="4" t="162" w="406" /><ent r="4" t="169" w="344" /><ent r="4" t="173" w="31" /><ent r="4" t="177" w="149" /><ent r="3" t="178" w="238" /><ent r="4" t="178" w="255" /><ent r="4" t="179" w="173" /><ent r="3" t="180" w="141" /><ent r="4" t="182" w="146" /><ent r="4" t="183" w="355" /><ent r="4" t="186" w="87" /><ent r="4" t="192" w="117" /><ent r="4" t="193" w="40" /><ent r="4" t="193" w="256" /><ent r="4" t="194" w="43" /><ent r="4" t="194" w="272" /><ent r="4" t="201" w="192" /><ent r="4" t="201" w="309" /><ent r="4" t="202" w="360" /><ent r="4" t="202" w="481" /><ent r="4" t="204" w="96" /><ent r="4" t="204" w="177" /><ent r="4" t="205" w="268" /><ent r="4" t="205" w="346" /><ent r="4" t="216" w="235" /><ent r="4" t="217" w="192" /><ent r="4" t="221" w="85" /><ent r="4" t="221" w="161" /><ent r="4" t="222" w="38" /><ent r="4" t="222" w="112" /><ent r="4" t="223" w="142" /><ent r="4" t="223" w="184" /><ent r="4" t="223" w="230" /><ent r="4" t="224" w="108" /><ent r="4" t="224" w="128" /><ent r="4" t="224" w="160" /><ent r="4" t="224" w="206" /><ent r="4" t="225" w="106" /><ent r="4" t="225" w="152" /><ent r="4" t="226" w="115" /><ent r="4" t="226" w="136" /><ent r="4" t="226" w="182" /><ent r="4" t="227" w="128" /><ent r="4" t="227" w="148" /><ent r="4" t="227" w="212" /><ent r="4" t="232" w="598" /><ent r="4" t="233" w="505" /><ent r="4" t="241" w="127" /><ent r="4" t="242" w="146" /><ent r="4" t="243" w="99" /><ent r="4" t="243" w="144" /><ent r="4" t="243" w="195" /><ent r="4" t="244" w="104" /><ent r="4" t="244" w="156" /><ent r="4" t="244" w="207" /><ent r="4" t="244" w="353" /><ent r="4" t="244" w="443" /><ent r="4" t="245" w="101" /><ent r="4" t="245" w="151" /><ent r="4" t="245" w="297" /><ent r="4" t="245" w="383" /><ent r="4" t="257" w="111" /><ent r="4" t="263" w="14" /><ent r="4" t="263" w="41" /><ent r="4" t="269" w="239" /><ent r="4" t="269" w="257" /><ent r="4" t="277" w="154" /><ent r="3" t="297" w="66" /><ent r="4" t="315" w="120" /><ent r="4" t="315" w="452" /><ent r="3" t="316" w="529" /><ent r="4" t="316" w="544" /></phr><phr n="notes"><ent r="3" t="8" w="43" /></phr><phr n="noting"><ent r="3" t="98" w="283" /></phr></stem><stem n="6th"><phr n="6th"><ent r="4" t="3" w="109" /></phr></stem><stem n="gener"><phr n="Generation"><ent r="4" t="3" w="110" /><ent r="3" t="37" w="25" /><ent r="3" t="101" w="90" /><ent r="3" t="101" w="176" /><ent r="3" t="102" w="71" /><ent r="1000" t="139" w="3" /><ent r="72" t="139" w="8" /><ent r="3" t="168" w="140" /><ent r="3" t="168" w="162" /><ent r="3" t="195" w="338" /><ent r="3" t="226" w="258" /><ent r="6" t="313" w="45" /></phr><phr n="generated"><ent r="8" t="11" w="177" /><ent r="4" t="16" w="248" /><ent r="3" t="16" w="408" /><ent r="3" t="18" w="50" /><ent r="4" t="18" w="88" /><ent r="4" t="18" w="142" /><ent r="4" t="24" w="338" /><ent r="6" t="26" w="170" /><ent r="6" t="26" w="179" /><ent r="6" t="26" w="195" /><ent r="6" t="26" w="405" /><ent r="5" t="27" w="131" /><ent r="6" t="28" w="154" /><ent r="6" t="28" w="175" /><ent r="4" t="36" w="545" /><ent r="3" t="40" w="194" /><ent r="4" t="43" w="492" /><ent r="3" t="51" w="232" /><ent r="3" t="53" w="20" /><ent r="4" t="58" w="562" /><ent r="4" t="62" w="383" /><ent r="3" t="68" w="143" /><ent r="3" t="101" w="42" /><ent r="3" t="101" w="67" /><ent r="3" t="101" w="153" /><ent r="3" t="101" w="312" /><ent r="3" t="101" w="379" /><ent r="3" t="127" w="183" /><ent r="3" t="133" w="154" /><ent r="3" t="133" w="228" /><ent r="3" t="150" w="57" /><ent r="3" t="152" w="108" /><ent r="3" t="153" w="88" /><ent r="3" t="154" w="312" /><ent r="3" t="155" w="178" /><ent r="3" t="155" w="248" /><ent r="3" t="156" w="261" /><ent r="3" t="156" w="328" /><ent r="3" t="156" w="470" /><ent r="3" t="157" w="339" /><ent r="3" t="158" w="101" /><ent r="3" t="159" w="83" /><ent r="3" t="160" w="130" /><ent r="3" t="161" w="145" /><ent r="3" t="162" w="154" /><ent r="3" t="163" w="131" /><ent r="3" t="164" w="69" /><ent r="3" t="165" w="90" /><ent r="4" t="196" w="143" /><ent r="3" t="196" w="399" /><ent r="3" t="197" w="27" /><ent r="3" t="206" w="32" /><ent r="3" t="209" w="184" /><ent r="3" t="212" w="386" /><ent r="3" t="213" w="395" /><ent r="3" t="216" w="185" /><ent r="3" t="219" w="219" /><ent r="3" t="220" w="219" /><ent r="3" t="223" w="260" /><ent r="3" t="224" w="42" /><ent r="3" t="224" w="146" /><ent r="3" t="224" w="236" /><ent r="3" t="226" w="110" /><ent r="3" t="226" w="131" /><ent r="3" t="226" w="210" /><ent r="3" t="226" w="381" /><ent r="3" t="239" w="145" /><ent r="3" t="239" w="329" /><ent r="3" t="242" w="176" /><ent r="3" t="243" w="85" /><ent r="3" t="243" w="233" /><ent r="3" t="244" w="90" /><ent r="3" t="244" w="139" /><ent r="3" t="244" w="481" /><ent r="3" t="245" w="87" /><ent r="3" t="249" w="34" /><ent r="3" t="253" w="102" /><ent r="3" t="274" w="55" /><ent r="3" t="297" w="19" /><ent r="3" t="298" w="19" /><ent r="3" t="299" w="19" /></phr><phr n="generate"><ent r="3" t="15" w="89" /><ent r="3" t="16" w="77" /><ent r="3" t="16" w="130" /><ent r="4" t="16" w="159" /><ent r="3" t="16" w="164" /><ent r="3" t="16" w="260" /><ent r="3" t="16" w="284" /><ent r="3" t="16" w="290" /><ent r="4" t="16" w="305" /><ent r="3" t="16" w="315" /><ent r="4" t="16" w="397" /><ent r="3" t="24" w="88" /><ent r="6" t="24" w="191" /><ent r="6" t="24" w="210" /><ent r="6" t="24" w="220" /><ent r="3" t="24" w="275" /><ent r="6" t="26" w="89" /><ent r="6" t="26" w="155" /><ent r="58" t="27" w="218" /><ent r="6" t="30" w="132" /><ent r="4" t="31" w="17" /><ent r="5" t="36" w="422" /><ent r="4" t="38" w="74" /><ent r="3" t="40" w="133" /><ent r="3" t="42" w="800" /><ent r="3" t="53" w="168" /><ent r="3" t="94" w="87" /><ent r="4" t="94" w="230" /><ent r="4" t="99" w="530" /><ent r="3" t="100" w="52" /><ent r="3" t="100" w="94" /><ent r="3" t="101" w="233" /><ent r="3" t="102" w="28" /><ent r="3" t="125" w="56" /><ent r="3" t="129" w="44" /><ent r="3" t="133" w="267" /><ent r="3" t="141" w="90" /><ent r="3" t="156" w="34" /><ent r="3" t="168" w="19" /><ent r="3" t="196" w="438" /><ent r="3" t="201" w="505" /><ent r="3" t="202" w="675" /><ent r="3" t="204" w="351" /><ent r="3" t="204" w="377" /><ent r="3" t="205" w="519" /><ent r="3" t="238" w="201" /><ent r="3" t="239" w="343" /><ent r="3" t="292" w="38" /><ent r="3" t="295" w="393" /><ent r="3" t="296" w="228" /><ent r="3" t="296" w="508" /><ent r="3" t="302" w="89" /><ent r="6" t="312" w="350" /></phr><phr n="generating"><ent r="3" t="16" w="120" /><ent r="4" t="16" w="218" /><ent r="3" t="16" w="270" /><ent r="3" t="29" w="46" /></phr><phr n="Generates"><ent r="5" t="23" w="39" /><ent r="5" t="23" w="53" /><ent r="3" t="24" w="25" /><ent r="4" t="24" w="364" /><ent r="3" t="26" w="537" /><ent r="3" t="26" w="548" /><ent r="7" t="27" w="208" /><ent r="6" t="28" w="62" /><ent r="4" t="38" w="131" /><ent r="4" t="38" w="144" /><ent r="4" t="42" w="196" /><ent r="4" t="43" w="480" /><ent r="3" t="65" w="102" /><ent r="4" t="94" w="284" /><ent r="4" t="94" w="348" /><ent r="3" t="101" w="77" /><ent r="3" t="139" w="63" /><ent r="3" t="141" w="57" /><ent r="3" t="154" w="13" /><ent r="3" t="168" w="191" /><ent r="3" t="168" w="202" /><ent r="3" t="195" w="16" /><ent r="3" t="195" w="350" /><ent r="3" t="223" w="19" /><ent r="3" t="223" w="338" /><ent r="3" t="224" w="19" /><ent r="3" t="242" w="13" /><ent r="3" t="243" w="27" /><ent r="3" t="244" w="28" /></phr><phr n="general"><ent r="3" t="25" w="32" /><ent r="3" t="59" w="138" /><ent r="3" t="133" w="78" /><ent r="3" t="142" w="79" /><ent r="3" t="252" w="211" /><ent r="3" t="252" w="243" /></phr><phr n="generic"><ent r="3" t="51" w="184" /><ent r="6" t="318" w="75" /></phr><phr n="generalized"><ent r="3" t="60" w="10" /></phr><phr n="generally"><ent r="3" t="61" w="119" /><ent r="3" t="97" w="7" /><ent r="3" t="129" w="54" /><ent r="4" t="263" w="85" /><ent r="3" t="267" w="30" /><ent r="3" t="269" w="407" /><ent r="3" t="315" w="80" /></phr></stem><stem n="core"><phr n="Core"><ent r="4" t="3" w="113" /><ent r="3" t="95" w="77" /></phr></stem><stem n="tm"><phr n="TM"><ent r="4" t="3" w="114" /><ent r="66" t="23" w="86" /><ent r="92" t="35" w="12" /></phr></stem><stem n="(tm)"><phr n="(TM)"><ent r="4" t="3" w="115" /><ent r="66" t="23" w="87" /><ent r="92" t="35" w="13" /></phr></stem><stem n="processor"><phr n="Processor"><ent r="4" t="3" w="115" /><ent r="3" t="142" w="74" /><ent r="3" t="193" w="32" /><ent r="3" t="193" w="162" /><ent r="3" t="194" w="35" /><ent r="3" t="194" w="182" /><ent r="3" t="195" w="358" /><ent r="3" t="252" w="20" /><ent r="3" t="253" w="27" /><ent r="3" t="253" w="83" /></phr></stem><stem n="(codenam"><phr n="(codenamed"><ent r="4" t="3" w="116" /></phr></stem><stem n="codenam"><phr n="codenamed"><ent r="4" t="3" w="116" /></phr></stem><stem n="skylak"><phr n="Skylake"><ent r="4" t="3" w="117" /></phr></stem><stem n=")."><phr n=")."><ent r="4" t="3" w="118" /><ent r="6" t="5" w="59" /><ent r="3" t="6" w="157" /><ent r="6" t="7" w="50" /><ent r="6" t="7" w="191" /><ent r="8" t="11" w="199" /><ent r="3" t="24" w="312" /><ent r="6" t="26" w="136" /><ent r="6" t="26" w="222" /><ent r="3" t="39" w="53" /><ent r="4" t="39" w="170" /><ent r="4" t="39" w="210" /><ent r="7" t="39" w="298" /><ent r="7" t="39" w="392" /><ent r="4" t="42" w="560" /><ent r="4" t="42" w="588" /><ent r="55" t="46" w="112" /><ent r="3" t="48" w="29" /><ent r="3" t="51" w="58" /><ent r="3" t="51" w="333" /><ent r="4" t="59" w="669" /><ent r="3" t="61" w="44" /><ent r="3" t="62" w="94" /><ent r="3" t="80" w="108" /><ent r="3" t="97" w="93" /><ent r="3" t="97" w="318" /><ent r="3" t="98" w="47" /><ent r="3" t="100" w="120" /><ent r="3" t="113" w="87" /><ent r="3" t="113" w="110" /><ent r="3" t="126" w="88" /><ent r="3" t="127" w="202" /><ent r="4" t="144" w="229" /><ent r="3" t="156" w="406" /><ent r="3" t="156" w="459" /><ent r="3" t="162" w="334" /><ent r="3" t="168" w="106" /><ent r="3" t="169" w="210" /><ent r="3" t="170" w="91" /><ent r="3" t="183" w="104" /><ent r="3" t="191" w="314" /><ent r="3" t="193" w="255" /><ent r="3" t="194" w="271" /><ent r="3" t="201" w="191" /><ent r="3" t="202" w="359" /><ent r="3" t="202" w="719" /><ent r="3" t="203" w="201" /><ent r="3" t="205" w="563" /><ent r="3" t="207" w="236" /><ent r="3" t="210" w="35" /><ent r="3" t="212" w="250" /><ent r="3" t="212" w="368" /><ent r="3" t="212" w="540" /><ent r="3" t="213" w="252" /><ent r="3" t="213" w="383" /><ent r="3" t="213" w="565" /><ent r="4" t="216" w="253" /><ent r="4" t="217" w="207" /><ent r="3" t="219" w="25" /><ent r="3" t="220" w="25" /><ent r="3" t="238" w="212" /><ent r="4" t="263" w="96" /><ent r="3" t="265" w="40" /><ent r="3" t="266" w="45" /><ent r="3" t="277" w="90" /><ent r="3" t="278" w="194" /><ent r="3" t="292" w="49" /><ent r="3" t="295" w="419" /><ent r="3" t="296" w="254" /><ent r="4" t="296" w="470" /><ent r="3" t="296" w="534" /><ent r="4" t="316" w="682" /></phr></stem><stem n="whose"><phr n="whose"><ent r="3" t="4" w="23" /><ent r="3" t="62" w="68" /><ent r="3" t="191" w="168" /></phr></stem><stem n="object"><phr n="objective"><ent r="3" t="4" w="24" /></phr><phr n="objects"><ent r="7" t="39" w="500" /><ent r="3" t="42" w="80" /><ent r="3" t="123" w="47" /><ent r="3" t="142" w="86" /><ent r="67" t="142" w="445" /><ent r="4" t="144" w="93" /><ent r="4" t="144" w="154" /><ent r="4" t="144" w="225" /><ent r="3" t="145" w="154" /><ent r="4" t="187" w="239" /><ent r="1000" t="191" w="5" /><ent r="72" t="191" w="11" /><ent r="4" t="191" w="19" /><ent r="3" t="191" w="30" /><ent r="3" t="191" w="49" /><ent r="3" t="191" w="80" /><ent r="3" t="191" w="92" /><ent r="4" t="191" w="129" /><ent r="3" t="191" w="136" /><ent r="4" t="191" w="282" /><ent r="5" t="192" w="150" /><ent r="6" t="192" w="198" /><ent r="6" t="320" w="103" /></phr><phr n="object"><ent r="67" t="142" w="411" /><ent r="4" t="144" w="170" /><ent r="4" t="144" w="182" /><ent r="4" t="144" w="204" /><ent r="3" t="149" w="335" /><ent r="3" t="149" w="364" /><ent r="3" t="149" w="382" /><ent r="3" t="149" w="400" /><ent r="3" t="149" w="428" /><ent r="3" t="149" w="1325" /><ent r="3" t="174" w="48" /><ent r="3" t="175" w="48" /><ent r="3" t="176" w="23" /><ent r="3" t="176" w="59" /><ent r="3" t="176" w="95" /><ent r="3" t="176" w="134" /><ent r="3" t="177" w="23" /><ent r="3" t="177" w="52" /><ent r="3" t="177" w="73" /><ent r="3" t="178" w="23" /><ent r="3" t="178" w="52" /><ent r="3" t="178" w="73" /><ent r="3" t="179" w="25" /><ent r="3" t="179" w="54" /><ent r="3" t="179" w="76" /><ent r="3" t="180" w="23" /><ent r="3" t="180" w="52" /><ent r="3" t="180" w="73" /><ent r="3" t="181" w="127" /><ent r="3" t="183" w="70" /><ent r="3" t="183" w="113" /><ent r="3" t="187" w="34" /><ent r="3" t="187" w="65" /><ent r="3" t="187" w="201" /><ent r="4" t="187" w="231" /><ent r="3" t="188" w="19" /><ent r="3" t="188" w="35" /><ent r="3" t="188" w="53" /><ent r="3" t="188" w="63" /><ent r="3" t="188" w="93" /><ent r="3" t="188" w="101" /><ent r="3" t="188" w="120" /><ent r="3" t="189" w="30" /><ent r="3" t="189" w="47" /><ent r="3" t="189" w="65" /><ent r="3" t="189" w="75" /><ent r="3" t="189" w="104" /><ent r="1000" t="190" w="5" /><ent r="72" t="190" w="11" /><ent r="4" t="190" w="19" /><ent r="3" t="190" w="26" /><ent r="3" t="190" w="45" /><ent r="3" t="190" w="50" /><ent r="3" t="190" w="72" /><ent r="3" t="190" w="103" /><ent r="3" t="190" w="120" /><ent r="3" t="190" w="135" /><ent r="3" t="190" w="155" /><ent r="4" t="190" w="181" /><ent r="3" t="190" w="190" /><ent r="3" t="190" w="205" /><ent r="3" t="191" w="58" /><ent r="3" t="191" w="112" /><ent r="3" t="191" w="156" /><ent r="3" t="191" w="167" /><ent r="3" t="191" w="205" /><ent r="3" t="191" w="223" /><ent r="3" t="191" w="257" /><ent r="3" t="191" w="291" /><ent r="3" t="191" w="308" /><ent r="3" t="191" w="319" /><ent r="3" t="192" w="19" /><ent r="3" t="192" w="36" /><ent r="3" t="192" w="54" /><ent r="3" t="192" w="64" /><ent r="3" t="192" w="93" /><ent r="4" t="192" w="131" /><ent r="5" t="192" w="143" /><ent r="6" t="192" w="174" /><ent r="3" t="195" w="78" /><ent r="3" t="196" w="97" /><ent r="3" t="196" w="200" /><ent r="3" t="197" w="66" /><ent r="3" t="197" w="106" /><ent r="3" t="197" w="157" /><ent r="65" t="247" w="88" /><ent r="3" t="255" w="38" /><ent r="3" t="256" w="64" /><ent r="3" t="257" w="17" /><ent r="3" t="257" w="87" /><ent r="3" t="257" w="141" /><ent r="3" t="258" w="16" /><ent r="1000" t="261" w="4" /><ent r="72" t="261" w="11" /><ent r="4" t="261" w="23" /><ent r="3" t="261" w="33" /><ent r="3" t="261" w="38" /></phr></stem><stem n="-level"><phr n="-level"><ent r="3" t="4" w="29" /><ent r="3" t="4" w="29" /><ent r="3" t="22" w="57" /><ent r="3" t="22" w="57" /></phr></stem><stem n="high"><phr n="high"><ent r="3" t="4" w="29" /><ent r="3" t="145" w="89" /></phr></stem><stem n="high-level"><phr n="high-level"><ent r="3" t="4" w="29" /></phr></stem><stem n="level"><phr n="level"><ent r="3" t="4" w="30" /><ent r="6" t="5" w="44" /><ent r="3" t="22" w="58" /><ent r="4" t="129" w="74" /><ent r="3" t="145" w="90" /><ent r="3" t="149" w="811" /><ent r="3" t="221" w="438" /><ent r="4" t="315" w="100" /></phr><phr n="levels"><ent r="6" t="7" w="262" /></phr></stem><stem n="secret"><phr n="secrets"><ent r="3" t="4" w="33" /><ent r="3" t="6" w="228" /><ent r="3" t="58" w="257" /><ent r="3" t="58" w="434" /><ent r="3" t="59" w="167" /><ent r="55" t="78" w="189" /><ent r="4" t="89" w="32" /><ent r="1000" t="91" w="5" /><ent r="72" t="91" w="14" /><ent r="3" t="97" w="90" /><ent r="3" t="103" w="20" /><ent r="3" t="119" w="16" /><ent r="3" t="133" w="80" /><ent r="3" t="147" w="18" /></phr><phr n="secret"><ent r="4" t="4" w="115" /><ent r="4" t="6" w="44" /><ent r="3" t="6" w="118" /><ent r="4" t="18" w="200" /><ent r="3" t="40" w="52" /><ent r="3" t="40" w="75" /><ent r="3" t="40" w="77" /><ent r="3" t="40" w="79" /><ent r="3" t="40" w="115" /><ent r="3" t="40" w="118" /><ent r="3" t="40" w="120" /><ent r="3" t="40" w="158" /><ent r="3" t="40" w="164" /><ent r="3" t="40" w="166" /><ent r="3" t="40" w="181" /><ent r="3" t="40" w="183" /><ent r="3" t="40" w="185" /><ent r="4" t="40" w="217" /><ent r="3" t="40" w="238" /><ent r="3" t="40" w="240" /><ent r="3" t="40" w="247" /><ent r="3" t="40" w="249" /><ent r="3" t="40" w="266" /><ent r="4" t="40" w="273" /><ent r="4" t="40" w="297" /><ent r="3" t="51" w="314" /><ent r="3" t="72" w="94" /><ent r="3" t="72" w="96" /><ent r="3" t="72" w="98" /><ent r="3" t="72" w="102" /><ent r="3" t="72" w="104" /><ent r="3" t="72" w="106" /><ent r="3" t="72" w="113" /><ent r="3" t="72" w="116" /><ent r="3" t="72" w="119" /><ent r="3" t="72" w="122" /><ent r="3" t="72" w="125" /><ent r="3" t="72" w="129" /><ent r="4" t="73" w="79" /><ent r="4" t="73" w="90" /><ent r="3" t="87" w="154" /><ent r="3" t="87" w="203" /><ent r="3" t="93" w="173" /><ent r="1000" t="96" w="1" /><ent r="72" t="96" w="5" /><ent r="3" t="96" w="98" /><ent r="3" t="96" w="166" /><ent r="3" t="96" w="222" /><ent r="3" t="99" w="737" /><ent r="3" t="99" w="745" /><ent r="3" t="104" w="42" /><ent r="4" t="104" w="129" /><ent r="4" t="104" w="152" /><ent r="4" t="104" w="178" /><ent r="4" t="105" w="34" /><ent r="4" t="106" w="88" /><ent r="4" t="107" w="20" /><ent r="4" t="107" w="51" /><ent r="4" t="107" w="61" /><ent r="4" t="107" w="159" /><ent r="4" t="108" w="36" /><ent r="4" t="108" w="56" /><ent r="4" t="108" w="93" /><ent r="4" t="108" w="96" /><ent r="4" t="110" w="38" /><ent r="4" t="111" w="94" /><ent r="4" t="113" w="160" /><ent r="4" t="113" w="161" /><ent r="3" t="133" w="43" /><ent r="3" t="133" w="95" /><ent r="3" t="134" w="18" /><ent r="3" t="134" w="42" /><ent r="3" t="134" w="68" /><ent r="3" t="134" w="81" /><ent r="3" t="195" w="20" /><ent r="3" t="195" w="354" /><ent r="3" t="201" w="543" /><ent r="3" t="203" w="656" /><ent r="3" t="224" w="21" /><ent r="3" t="224" w="144" /><ent r="3" t="224" w="336" /><ent r="3" t="224" w="342" /><ent r="3" t="224" w="390" /><ent r="3" t="224" w="398" /><ent r="3" t="224" w="404" /><ent r="3" t="224" w="422" /><ent r="3" t="224" w="535" /><ent r="3" t="224" w="574" /><ent r="3" t="224" w="634" /><ent r="3" t="224" w="639" /><ent r="3" t="224" w="643" /><ent r="3" t="224" w="651" /><ent r="3" t="238" w="69" /><ent r="4" t="238" w="181" /><ent r="3" t="238" w="192" /><ent r="3" t="239" w="179" /><ent r="3" t="239" w="273" /><ent r="3" t="244" w="306" /><ent r="3" t="245" w="250" /><ent r="65" t="247" w="244" /><ent r="72" t="292" w="9" /><ent r="4" t="292" w="18" /><ent r="3" t="292" w="29" /><ent r="3" t="292" w="69" /><ent r="3" t="292" w="137" /><ent r="3" t="295" w="309" /><ent r="3" t="296" w="144" /><ent r="3" t="296" w="359" /><ent r="3" t="296" w="424" /><ent r="3" t="303" w="243" /><ent r="3" t="304" w="132" /><ent r="4" t="316" w="598" /><ent r="4" t="316" w="610" /><ent r="4" t="316" w="706" /></phr></stem><stem n="oper"><phr n="operates"><ent r="3" t="4" w="35" /><ent r="3" t="62" w="116" /><ent r="3" t="62" w="126" /><ent r="3" t="64" w="48" /></phr><phr n="operating"><ent r="6" t="6" w="83" /><ent r="3" t="85" w="60" /><ent r="64" t="144" w="126" /><ent r="115" t="145" w="52" /><ent r="3" t="149" w="1220" /><ent r="3" t="149" w="1262" /><ent r="3" t="161" w="116" /><ent r="3" t="162" w="123" /><ent r="3" t="162" w="209" /><ent r="4" t="263" w="80" /><ent r="3" t="309" w="99" /><ent r="6" t="310" w="816" /><ent r="65" t="311" w="58" /><ent r="65" t="311" w="65" /><ent r="4" t="315" w="102" /><ent r="92" t="319" w="10" /><ent r="92" t="320" w="10" /></phr><phr n="operate"><ent r="3" t="6" w="115" /><ent r="3" t="142" w="56" /></phr><phr n="operator"><ent r="3" t="62" w="48" /></phr><phr n="operations"><ent r="3" t="69" w="217" /><ent r="3" t="85" w="72" /><ent r="3" t="101" w="112" /><ent r="3" t="133" w="191" /><ent r="3" t="142" w="70" /><ent r="3" t="174" w="86" /><ent r="3" t="185" w="91" /><ent r="3" t="221" w="67" /><ent r="3" t="224" w="439" /><ent r="3" t="232" w="457" /><ent r="3" t="232" w="484" /><ent r="3" t="233" w="367" /><ent r="3" t="233" w="394" /><ent r="3" t="234" w="350" /><ent r="3" t="234" w="377" /><ent r="3" t="235" w="365" /><ent r="3" t="235" w="392" /><ent r="6" t="312" w="203" /></phr><phr n="operation"><ent r="3" t="101" w="180" /><ent r="4" t="106" w="50" /><ent r="4" t="107" w="90" /><ent r="4" t="111" w="71" /><ent r="4" t="111" w="88" /><ent r="3" t="133" w="327" /><ent r="4" t="134" w="135" /><ent r="4" t="134" w="200" /><ent r="3" t="149" w="728" /><ent r="3" t="152" w="161" /><ent r="3" t="152" w="226" /><ent r="3" t="154" w="394" /><ent r="3" t="154" w="458" /><ent r="3" t="155" w="343" /><ent r="3" t="155" w="368" /><ent r="3" t="156" w="565" /><ent r="3" t="156" w="590" /><ent r="3" t="157" w="393" /><ent r="3" t="157" w="467" /><ent r="3" t="158" w="135" /><ent r="3" t="164" w="113" /><ent r="3" t="165" w="142" /><ent r="3" t="176" w="164" /><ent r="3" t="181" w="149" /><ent r="3" t="182" w="121" /><ent r="3" t="182" w="131" /><ent r="3" t="185" w="106" /><ent r="3" t="187" w="249" /><ent r="3" t="207" w="180" /><ent r="3" t="208" w="174" /><ent r="3" t="212" w="19" /><ent r="3" t="212" w="122" /><ent r="3" t="212" w="466" /><ent r="3" t="212" w="490" /><ent r="3" t="212" w="508" /><ent r="3" t="213" w="19" /><ent r="3" t="213" w="124" /><ent r="3" t="213" w="490" /><ent r="3" t="213" w="515" /><ent r="3" t="213" w="533" /><ent r="3" t="214" w="88" /><ent r="3" t="214" w="225" /><ent r="3" t="215" w="115" /><ent r="3" t="215" w="210" /><ent r="3" t="216" w="216" /><ent r="3" t="217" w="171" /><ent r="3" t="219" w="22" /><ent r="3" t="219" w="110" /><ent r="3" t="219" w="251" /><ent r="3" t="220" w="22" /><ent r="3" t="220" w="110" /><ent r="3" t="220" w="251" /><ent r="3" t="221" w="221" /><ent r="3" t="223" w="293" /><ent r="3" t="224" w="272" /><ent r="3" t="225" w="233" /><ent r="3" t="226" w="250" /><ent r="3" t="227" w="290" /><ent r="3" t="228" w="107" /><ent r="3" t="228" w="146" /><ent r="3" t="231" w="219" /><ent r="3" t="231" w="244" /><ent r="3" t="232" w="349" /><ent r="3" t="232" w="374" /><ent r="3" t="232" w="495" /><ent r="3" t="233" w="245" /><ent r="3" t="233" w="270" /><ent r="3" t="233" w="405" /><ent r="3" t="234" w="224" /><ent r="3" t="234" w="249" /><ent r="3" t="234" w="388" /><ent r="3" t="235" w="239" /><ent r="3" t="235" w="264" /><ent r="3" t="235" w="403" /><ent r="3" t="236" w="209" /><ent r="3" t="236" w="234" /><ent r="3" t="237" w="205" /><ent r="3" t="238" w="285" /><ent r="3" t="239" w="251" /><ent r="3" t="244" w="281" /><ent r="3" t="245" w="225" /><ent r="3" t="278" w="48" /><ent r="3" t="278" w="54" /><ent r="3" t="292" w="235" /><ent r="3" t="295" w="284" /><ent r="3" t="296" w="119" /><ent r="3" t="296" w="399" /><ent r="3" t="303" w="218" /><ent r="3" t="304" w="107" /><ent r="6" t="310" w="62" /><ent r="6" t="310" w="352" /><ent r="6" t="310" w="839" /></phr><phr n="operators"><ent r="4" t="144" w="228" /><ent r="6" t="320" w="81" /></phr></stem></index>