<?xml version="1.0" encoding="utf-8"?><index><stem n="add"><phr n="Add"><ent r="65" t="9" w="55" /><ent r="1000" t="12" w="1" /><ent r="82" t="12" w="8" /><ent r="1000" t="13" w="7" /><ent r="92" t="13" w="19" /><ent r="3" t="13" w="26" /><ent r="3" t="13" w="53" /><ent r="4" t="18" w="76" /><ent r="109" t="27" w="234" /><ent r="109" t="27" w="294" /><ent r="7" t="27" w="298" /><ent r="3" t="34" w="361" /><ent r="3" t="35" w="99" /><ent r="3" t="42" w="708" /><ent r="5" t="43" w="370" /><ent r="3" t="46" w="71" /><ent r="3" t="71" w="39" /><ent r="3" t="71" w="67" /><ent r="3" t="74" w="371" /><ent r="64" t="74" w="393" /><ent r="6" t="129" w="104" /><ent r="65" t="132" w="133" /><ent r="5" t="134" w="160" /><ent r="3" t="169" w="295" /><ent r="3" t="198" w="64" /><ent r="4" t="198" w="80" /><ent r="1000" t="199" w="3" /><ent r="72" t="199" w="10" /><ent r="4" t="199" w="19" /><ent r="3" t="199" w="68" /><ent r="4" t="203" w="176" /><ent r="4" t="203" w="232" /><ent r="4" t="203" w="703" /><ent r="4" t="206" w="131" /><ent r="4" t="206" w="444" /></phr><phr n="Adds"><ent r="4" t="17" w="96" /><ent r="5" t="23" w="63" /></phr></stem><stem n="add-in"><phr n="Add-in"><ent r="65" t="9" w="55" /><ent r="1000" t="13" w="7" /><ent r="92" t="13" w="19" /><ent r="3" t="13" w="26" /><ent r="3" t="13" w="53" /><ent r="109" t="27" w="234" /><ent r="109" t="27" w="294" /><ent r="3" t="74" w="371" /><ent r="64" t="74" w="393" /></phr></stem><stem n="instal"><phr n="installs"><ent r="3" t="10" w="26" /></phr><phr n="installed"><ent r="3" t="29" w="134" /><ent r="3" t="34" w="153" /><ent r="4" t="34" w="186" /><ent r="3" t="50" w="31" /><ent r="3" t="50" w="66" /><ent r="3" t="149" w="751" /><ent r="3" t="162" w="211" /><ent r="3" t="163" w="254" /></phr><phr n="installation"><ent r="4" t="34" w="266" /><ent r="7" t="35" w="326" /><ent r="7" t="35" w="339" /><ent r="3" t="50" w="43" /><ent r="3" t="134" w="40" /><ent r="3" t="163" w="228" /></phr><phr n="installing"><ent r="3" t="78" w="15" /><ent r="3" t="162" w="289" /><ent r="3" t="232" w="582" /><ent r="3" t="233" w="489" /></phr><phr n="installer"><ent r="4" t="161" w="364" /><ent r="3" t="162" w="337" /><ent r="4" t="162" w="422" /><ent r="3" t="163" w="223" /></phr><phr n="installers"><ent r="3" t="162" w="19" /><ent r="3" t="162" w="38" /><ent r="3" t="162" w="264" /><ent r="3" t="162" w="283" /><ent r="3" t="163" w="202" /></phr></stem><stem n="aid"><phr n="aid"><ent r="3" t="10" w="34" /></phr></stem><stem n="rapid"><phr n="rapid"><ent r="3" t="10" w="37" /></phr></stem><stem n="proper"><phr n="proper"><ent r="3" t="10" w="59" /><ent r="5" t="11" w="114" /><ent r="5" t="11" w="214" /><ent r="3" t="41" w="66" /><ent r="3" t="109" w="14" /></phr></stem><stem n="take"><phr n="take"><ent r="3" t="10" w="62" /><ent r="3" t="16" w="197" /><ent r="6" t="30" w="172" /><ent r="3" t="73" w="70" /><ent r="3" t="80" w="94" /><ent r="4" t="157" w="115" /><ent r="4" t="157" w="172" /><ent r="3" t="292" w="24" /></phr><phr n="takes"><ent r="7" t="27" w="240" /><ent r="7" t="27" w="264" /><ent r="3" t="238" w="187" /><ent r="3" t="297" w="73" /></phr></stem><stem n="advantag"><phr n="advantage"><ent r="3" t="10" w="63" /></phr><phr n="advantages"><ent r="3" t="221" w="376" /></phr></stem><stem n="variou"><phr n="various"><ent r="3" t="10" w="66" /><ent r="3" t="28" w="12" /><ent r="3" t="123" w="95" /><ent r="3" t="148" w="10" /><ent r="3" t="176" w="129" /><ent r="3" t="181" w="123" /><ent r="3" t="187" w="196" /><ent r="3" t="248" w="29" /></phr></stem><stem n="menu"><phr n="menu"><ent r="5" t="11" w="11" /><ent r="3" t="19" w="66" /></phr></stem><stem n="bar"><phr n="bar"><ent r="5" t="11" w="12" /><ent r="3" t="51" w="208" /><ent r="3" t="53" w="231" /></phr></stem><stem n="*,"><phr n="*,"><ent r="5" t="11" w="17" /><ent r="3" t="19" w="48" /><ent r="4" t="34" w="43" /><ent r="7" t="39" w="381" /><ent r="7" t="39" w="382" /><ent r="3" t="55" w="72" /><ent r="4" t="316" w="480" /><ent r="4" t="316" w="497" /></phr></stem><stem n="choos"><phr n="choose"><ent r="5" t="11" w="17" /><ent r="3" t="29" w="36" /><ent r="3" t="29" w="53" /><ent r="55" t="43" w="307" /><ent r="3" t="75" w="20" /><ent r="55" t="75" w="198" /><ent r="3" t="320" w="188" /></phr><phr n="Choosing"><ent r="4" t="75" w="122" /></phr></stem><stem n="--&gt;new--&gt;project"><phr n="--&gt;New--&gt;Project"><ent r="6" t="11" w="19" /><ent r="6" t="11" w="22" /></phr></stem><stem n="file-"><phr n="File-"><ent r="6" t="11" w="19" /></phr></stem><stem n="file--&gt;new"><phr n="File--&gt;New"><ent r="6" t="11" w="19" /></phr></stem><stem n="file--&gt;new-"><phr n="File--&gt;New-"><ent r="6" t="11" w="19" /></phr></stem><stem n="file--&gt;new--&gt;project"><phr n="File--&gt;New--&gt;Project"><ent r="6" t="11" w="19" /></phr></stem><stem n="&gt;new"><phr n="&gt;New"><ent r="6" t="11" w="20" /><ent r="6" t="11" w="21" /></phr></stem><stem n="&gt;new-"><phr n="&gt;New-"><ent r="6" t="11" w="20" /><ent r="6" t="11" w="21" /></phr></stem><stem n="&gt;new--&gt;project"><phr n="&gt;New--&gt;Project"><ent r="6" t="11" w="20" /><ent r="6" t="11" w="21" /></phr></stem><stem n="&gt;project"><phr n="&gt;Project"><ent r="6" t="11" w="22" /><ent r="6" t="11" w="23" /></phr></stem><stem n="dialog"><phr n="dialog"><ent r="5" t="11" w="31" /><ent r="5" t="11" w="81" /><ent r="5" t="11" w="89" /><ent r="3" t="14" w="113" /><ent r="3" t="14" w="131" /><ent r="3" t="14" w="260" /><ent r="3" t="14" w="420" /><ent r="3" t="16" w="110" /><ent r="3" t="17" w="178" /><ent r="4" t="34" w="81" /><ent r="4" t="34" w="113" /><ent r="4" t="34" w="126" /><ent r="3" t="37" w="191" /><ent r="3" t="37" w="213" /></phr></stem><stem n="box"><phr n="box"><ent r="5" t="11" w="32" /><ent r="4" t="12" w="35" /><ent r="3" t="14" w="145" /><ent r="6" t="318" w="49" /></phr></stem><stem n="open"><phr n="opens"><ent r="5" t="11" w="33" /></phr><phr n="Open"><ent r="3" t="14" w="89" /><ent r="3" t="16" w="82" /><ent r="3" t="17" w="140" /><ent r="3" t="78" w="37" /><ent r="3" t="79" w="75" /><ent r="4" t="79" w="101" /><ent r="4" t="87" w="290" /><ent r="54" t="93" w="115" /><ent r="4" t="93" w="140" /><ent r="4" t="97" w="283" /><ent r="54" t="103" w="144" /><ent r="3" t="112" w="23" /><ent r="3" t="112" w="80" /><ent r="4" t="112" w="114" /><ent r="65" t="146" w="119" /><ent r="3" t="169" w="146" /><ent r="1000" t="221" w="3" /><ent r="72" t="221" w="8" /><ent r="4" t="221" w="13" /><ent r="3" t="221" w="105" /><ent r="4" t="221" w="247" /><ent r="4" t="222" w="34" /><ent r="4" t="223" w="51" /><ent r="4" t="223" w="457" /><ent r="4" t="224" w="672" /><ent r="4" t="225" w="37" /><ent r="4" t="226" w="409" /><ent r="4" t="227" w="420" /><ent r="6" t="310" w="363" /><ent r="6" t="310" w="465" /></phr><phr n="opened"><ent r="3" t="149" w="613" /></phr></stem><stem n="--&gt;visual"><phr n="--&gt;Visual"><ent r="6" t="11" w="37" /><ent r="6" t="11" w="38" /></phr></stem><stem n="templat"><phr n="Templates"><ent r="6" t="11" w="37" /><ent r="6" t="320" w="46" /><ent r="6" t="320" w="52" /><ent r="6" t="320" w="69" /><ent r="6" t="320" w="94" /><ent r="6" t="320" w="151" /></phr><phr n="Template"><ent r="7" t="39" w="446" /><ent r="3" t="51" w="60" /><ent r="6" t="85" w="208" /><ent r="6" t="320" w="65" /><ent r="6" t="320" w="114" /></phr></stem><stem n="templates-"><phr n="Templates-"><ent r="6" t="11" w="37" /></phr></stem><stem n="templates--&gt;visu"><phr n="Templates--&gt;Visual"><ent r="6" t="11" w="37" /></phr></stem><stem n="&gt;visual"><phr n="&gt;Visual"><ent r="6" t="11" w="38" /><ent r="6" t="11" w="39" /></phr></stem><stem n="c++-"><phr n="C++-"><ent r="6" t="11" w="40" /></phr></stem><stem n="c++--&gt;intel"><phr n="C++--&gt;Intel"><ent r="6" t="11" w="40" /></phr></stem><stem n="&gt;intel"><phr n="&gt;Intel"><ent r="6" t="11" w="41" /><ent r="6" t="11" w="42" /><ent r="5" t="34" w="51" /><ent r="5" t="34" w="206" /></phr></stem><stem n="--&gt;intel(r)"><phr n="--&gt;Intel(R)"><ent r="6" t="11" w="44" /><ent r="6" t="11" w="45" /></phr></stem><stem n="locat"><phr n="location"><ent r="5" t="11" w="50" /><ent r="3" t="16" w="139" /><ent r="3" t="16" w="154" /><ent r="3" t="16" w="323" /><ent r="3" t="62" w="93" /><ent r="3" t="71" w="86" /><ent r="3" t="71" w="104" /></phr><phr n="locate"><ent r="4" t="36" w="538" /></phr><phr n="locations"><ent r="3" t="62" w="82" /><ent r="3" t="82" w="70" /></phr><phr n="located"><ent r="4" t="79" w="91" /><ent r="4" t="90" w="104" /><ent r="4" t="97" w="273" /><ent r="4" t="103" w="160" /><ent r="4" t="112" w="104" /><ent r="3" t="112" w="310" /><ent r="3" t="137" w="48" /><ent r="3" t="166" w="23" /><ent r="3" t="167" w="23" /><ent r="3" t="176" w="103" /><ent r="3" t="177" w="81" /><ent r="3" t="181" w="102" /><ent r="3" t="182" w="82" /><ent r="3" t="193" w="89" /><ent r="3" t="194" w="95" /><ent r="3" t="195" w="104" /><ent r="3" t="195" w="150" /><ent r="3" t="195" w="193" /><ent r="3" t="195" w="205" /></phr><phr n="locates"><ent r="4" t="87" w="280" /><ent r="4" t="93" w="130" /></phr></stem><stem n="solut"><phr n="solution"><ent r="5" t="11" w="52" /><ent r="5" t="11" w="244" /><ent r="4" t="12" w="18" /><ent r="5" t="12" w="31" /><ent r="6" t="12" w="51" /><ent r="4" t="12" w="58" /><ent r="3" t="14" w="91" /><ent r="3" t="16" w="84" /><ent r="4" t="17" w="64" /><ent r="3" t="17" w="142" /><ent r="3" t="17" w="230" /><ent r="3" t="17" w="238" /><ent r="3" t="17" w="296" /><ent r="4" t="19" w="55" /><ent r="4" t="43" w="50" /><ent r="3" t="93" w="90" /></phr></stem><stem n="appropri"><phr n="appropriate"><ent r="5" t="11" w="56" /><ent r="4" t="43" w="327" /><ent r="3" t="96" w="200" /><ent r="3" t="121" w="37" /><ent r="4" t="144" w="227" /><ent r="3" t="161" w="25" /><ent r="3" t="162" w="29" /><ent r="3" t="195" w="83" /><ent r="3" t="269" w="22" /><ent r="3" t="292" w="56" /><ent r="4" t="316" w="582" /></phr></stem><stem n="field"><phr n="fields"><ent r="5" t="11" w="57" /><ent r="3" t="56" w="81" /><ent r="3" t="176" w="130" /><ent r="3" t="177" w="126" /><ent r="3" t="178" w="143" /><ent r="3" t="181" w="124" /><ent r="3" t="187" w="197" /><ent r="3" t="196" w="325" /><ent r="3" t="256" w="41" /></phr><phr n="field"><ent r="3" t="17" w="320" /><ent r="3" t="212" w="303" /><ent r="3" t="212" w="536" /><ent r="3" t="212" w="539" /><ent r="3" t="213" w="306" /><ent r="3" t="213" w="561" /><ent r="3" t="213" w="564" /><ent r="3" t="221" w="31" /><ent r="4" t="221" w="89" /><ent r="4" t="222" w="42" /><ent r="3" t="223" w="362" /><ent r="3" t="239" w="182" /><ent r="3" t="239" w="276" /><ent r="3" t="244" w="309" /><ent r="3" t="245" w="253" /><ent r="3" t="245" w="379" /><ent r="3" t="257" w="160" /><ent r="3" t="257" w="166" /><ent r="3" t="295" w="312" /><ent r="3" t="296" w="147" /><ent r="3" t="296" w="302" /><ent r="3" t="296" w="328" /><ent r="3" t="296" w="362" /><ent r="3" t="296" w="427" /><ent r="3" t="303" w="104" /><ent r="3" t="303" w="151" /><ent r="3" t="303" w="246" /><ent r="3" t="304" w="135" /><ent r="3" t="305" w="82" /><ent r="3" t="305" w="129" /><ent r="3" t="305" w="144" /></phr></stem><stem n="creation"><phr n="Creation"><ent r="5" t="11" w="72" /><ent r="4" t="16" w="226" /><ent r="7" t="39" w="591" /><ent r="4" t="89" w="26" /><ent r="1000" t="90" w="5" /><ent r="72" t="90" w="11" /><ent r="3" t="90" w="21" /><ent r="3" t="90" w="35" /><ent r="3" t="90" w="54" /><ent r="3" t="91" w="49" /><ent r="1000" t="116" w="2" /><ent r="82" t="116" w="7" /><ent r="3" t="149" w="767" /><ent r="3" t="223" w="301" /><ent r="3" t="224" w="280" /></phr></stem><stem n="click"><phr n="Click"><ent r="5" t="11" w="74" /><ent r="5" t="11" w="91" /><ent r="4" t="12" w="16" /><ent r="3" t="14" w="98" /><ent r="3" t="14" w="279" /><ent r="3" t="16" w="91" /><ent r="3" t="16" w="155" /><ent r="3" t="16" w="349" /><ent r="3" t="16" w="368" /><ent r="3" t="16" w="393" /><ent r="3" t="17" w="160" /><ent r="3" t="17" w="299" /><ent r="3" t="17" w="382" /><ent r="3" t="17" w="461" /><ent r="3" t="17" w="481" /><ent r="3" t="19" w="49" /><ent r="4" t="32" w="123" /><ent r="4" t="34" w="70" /><ent r="4" t="34" w="102" /><ent r="4" t="34" w="115" /></phr><phr n="clicking"><ent r="3" t="37" w="205" /></phr></stem><stem n="ok"><phr n="OK"><ent r="6" t="11" w="76" /><ent r="6" t="12" w="48" /><ent r="4" t="17" w="384" /><ent r="4" t="17" w="483" /><ent r="5" t="34" w="104" /><ent r="3" t="64" w="680" /><ent r="3" t="64" w="691" /><ent r="3" t="64" w="704" /></phr></stem><stem n="welcom"><phr n="welcome"><ent r="5" t="11" w="80" /><ent r="5" t="11" w="88" /></phr></stem><stem n="appear"><phr n="appears"><ent r="5" t="11" w="82" /><ent r="3" t="14" w="289" /><ent r="3" t="16" w="111" /><ent r="3" t="39" w="18" /></phr><phr n="appear"><ent r="4" t="42" w="186" /></phr></stem><stem n="next"><phr n="Next"><ent r="6" t="11" w="93" /><ent r="3" t="16" w="300" /><ent r="3" t="16" w="355" /><ent r="3" t="16" w="374" /><ent r="3" t="161" w="269" /><ent r="3" t="254" w="78" /></phr></stem><stem n="go"><phr n="go"><ent r="5" t="11" w="96" /><ent r="5" t="32" w="135" /></phr><phr n="going"><ent r="3" t="155" w="156" /><ent r="3" t="156" w="237" /></phr></stem><stem n="static"><phr n="static"><ent r="8" t="11" w="130" /><ent r="7" t="39" w="403" /><ent r="3" t="43" w="21" /><ent r="4" t="43" w="65" /><ent r="4" t="43" w="359" /><ent r="4" t="45" w="28" /><ent r="3" t="46" w="78" /><ent r="1000" t="47" w="1" /><ent r="82" t="47" w="4" /><ent r="3" t="47" w="12" /><ent r="3" t="71" w="32" /><ent r="3" t="98" w="64" /><ent r="3" t="98" w="117" /><ent r="3" t="112" w="202" /><ent r="3" t="123" w="11" /><ent r="6" t="319" w="45" /><ent r="6" t="320" w="118" /><ent r="6" t="320" w="166" /></phr><phr n="statically"><ent r="4" t="39" w="195" /><ent r="3" t="94" w="73" /><ent r="3" t="176" w="200" /><ent r="3" t="181" w="185" /></phr></stem><stem n="addit"><phr n="Additional"><ent r="7" t="11" w="137" /><ent r="3" t="17" w="356" /><ent r="4" t="18" w="77" /><ent r="3" t="21" w="28" /><ent r="6" t="35" w="436" /><ent r="4" t="38" w="92" /><ent r="5" t="43" w="443" /><ent r="5" t="43" w="452" /><ent r="55" t="44" w="295" /><ent r="3" t="55" w="74" /><ent r="3" t="75" w="487" /><ent r="3" t="80" w="128" /><ent r="3" t="133" w="359" /><ent r="54" t="133" w="379" /><ent r="4" t="134" w="186" /><ent r="3" t="142" w="190" /><ent r="54" t="145" w="40" /><ent r="3" t="146" w="155" /><ent r="3" t="192" w="81" /><ent r="3" t="193" w="220" /><ent r="3" t="194" w="236" /><ent r="3" t="195" w="87" /><ent r="3" t="198" w="90" /><ent r="3" t="198" w="96" /><ent r="3" t="198" w="235" /><ent r="4" t="199" w="47" /><ent r="3" t="199" w="121" /><ent r="3" t="201" w="37" /><ent r="3" t="201" w="74" /><ent r="3" t="201" w="82" /><ent r="4" t="201" w="116" /><ent r="3" t="201" w="124" /><ent r="3" t="201" w="133" /><ent r="3" t="201" w="158" /><ent r="3" t="201" w="165" /><ent r="4" t="201" w="181" /><ent r="5" t="201" w="379" /><ent r="5" t="201" w="388" /><ent r="5" t="201" w="396" /><ent r="3" t="201" w="565" /><ent r="3" t="202" w="39" /><ent r="3" t="202" w="111" /><ent r="3" t="202" w="119" /><ent r="4" t="202" w="281" /><ent r="3" t="202" w="289" /><ent r="3" t="202" w="298" /><ent r="3" t="202" w="323" /><ent r="3" t="202" w="333" /><ent r="4" t="202" w="349" /><ent r="5" t="202" w="550" /><ent r="5" t="202" w="559" /><ent r="5" t="202" w="567" /><ent r="3" t="203" w="37" /><ent r="3" t="203" w="91" /><ent r="3" t="203" w="97" /><ent r="3" t="203" w="148" /><ent r="3" t="203" w="156" /><ent r="4" t="203" w="195" /><ent r="4" t="203" w="203" /><ent r="3" t="203" w="215" /><ent r="5" t="203" w="425" /><ent r="5" t="203" w="434" /><ent r="5" t="203" w="442" /><ent r="3" t="203" w="679" /><ent r="3" t="204" w="34" /><ent r="3" t="204" w="42" /><ent r="4" t="204" w="64" /><ent r="5" t="204" w="260" /><ent r="3" t="204" w="397" /><ent r="3" t="205" w="72" /><ent r="3" t="205" w="80" /><ent r="4" t="205" w="229" /><ent r="5" t="205" w="429" /><ent r="3" t="206" w="68" /><ent r="3" t="206" w="74" /><ent r="4" t="206" w="146" /><ent r="4" t="206" w="187" /><ent r="5" t="206" w="236" /><ent r="3" t="206" w="423" /><ent r="3" t="206" w="434" /><ent r="3" t="212" w="281" /><ent r="3" t="212" w="320" /><ent r="3" t="212" w="361" /><ent r="3" t="212" w="548" /><ent r="3" t="213" w="283" /><ent r="3" t="213" w="323" /><ent r="3" t="213" w="365" /><ent r="3" t="213" w="573" /><ent r="4" t="245" w="376" /><ent r="3" t="269" w="26" /><ent r="3" t="277" w="85" /><ent r="3" t="277" w="144" /><ent r="4" t="277" w="158" /><ent r="3" t="278" w="163" /><ent r="3" t="305" w="46" /><ent r="3" t="305" w="52" /><ent r="3" t="305" w="136" /><ent r="3" t="305" w="142" /><ent r="4" t="305" w="148" /><ent r="3" t="305" w="156" /><ent r="6" t="318" w="111" /></phr><phr n="addition"><ent r="3" t="15" w="209" /><ent r="3" t="17" w="427" /><ent r="3" t="30" w="269" /><ent r="3" t="43" w="207" /><ent r="3" t="77" w="177" /><ent r="3" t="127" w="73" /><ent r="3" t="144" w="109" /><ent r="3" t="203" w="256" /><ent r="3" t="203" w="361" /><ent r="3" t="221" w="414" /><ent r="3" t="316" w="502" /><ent r="3" t="319" w="52" /></phr></stem><stem n="stl"><phr n="STL"><ent r="8" t="11" w="141" /><ent r="8" t="11" w="144" /><ent r="3" t="39" w="72" /><ent r="7" t="39" w="326" /><ent r="6" t="47" w="115" /><ent r="6" t="85" w="206" /><ent r="3" t="145" w="26" /></phr></stem><stem n="link"><phr n="Link"><ent r="8" t="11" w="142" /><ent r="3" t="45" w="15" /><ent r="3" t="47" w="10" /><ent r="6" t="47" w="65" /><ent r="6" t="47" w="85" /><ent r="6" t="47" w="106" /><ent r="6" t="47" w="143" /><ent r="6" t="47" w="167" /><ent r="6" t="47" w="181" /><ent r="6" t="49" w="57" /><ent r="5" t="49" w="109" /><ent r="6" t="49" w="136" /><ent r="5" t="49" w="195" /><ent r="3" t="76" w="21" /><ent r="3" t="98" w="80" /><ent r="4" t="123" w="178" /><ent r="3" t="155" w="188" /><ent r="3" t="156" w="271" /><ent r="3" t="156" w="338" /></phr><phr n="Linking"><ent r="65" t="38" w="36" /><ent r="65" t="38" w="41" /><ent r="1000" t="45" w="1" /><ent r="92" t="45" w="5" /><ent r="3" t="46" w="35" /><ent r="3" t="46" w="69" /><ent r="3" t="46" w="79" /><ent r="1000" t="49" w="1" /><ent r="82" t="49" w="7" /><ent r="6" t="312" w="66" /></phr><phr n="linked"><ent r="4" t="39" w="196" /><ent r="3" t="40" w="311" /><ent r="3" t="42" w="101" /><ent r="3" t="43" w="26" /><ent r="5" t="43" w="523" /><ent r="5" t="43" w="575" /><ent r="5" t="43" w="600" /><ent r="3" t="44" w="61" /><ent r="3" t="44" w="193" /><ent r="3" t="46" w="20" /><ent r="3" t="48" w="57" /><ent r="5" t="49" w="89" /><ent r="5" t="49" w="172" /><ent r="3" t="94" w="74" /><ent r="3" t="112" w="207" /><ent r="3" t="123" w="14" /><ent r="3" t="123" w="136" /><ent r="3" t="146" w="178" /><ent r="3" t="149" w="1158" /><ent r="6" t="312" w="252" /></phr></stem><stem n="edl"><phr n="EDL"><ent r="8" t="11" w="150" /><ent r="8" t="11" w="154" /><ent r="4" t="17" w="78" /><ent r="3" t="17" w="248" /><ent r="3" t="17" w="250" /><ent r="3" t="17" w="274" /><ent r="4" t="17" w="302" /><ent r="3" t="17" w="308" /><ent r="3" t="17" w="329" /><ent r="3" t="17" w="347" /><ent r="3" t="17" w="353" /><ent r="3" t="17" w="362" /><ent r="3" t="17" w="478" /><ent r="5" t="18" w="104" /><ent r="4" t="18" w="109" /><ent r="4" t="18" w="123" /><ent r="3" t="24" w="33" /><ent r="3" t="24" w="75" /><ent r="4" t="24" w="81" /><ent r="3" t="24" w="164" /><ent r="3" t="24" w="167" /><ent r="6" t="24" w="205" /><ent r="3" t="24" w="304" /><ent r="4" t="38" w="107" /><ent r="3" t="40" w="57" /><ent r="3" t="40" w="66" /><ent r="3" t="40" w="128" /><ent r="3" t="42" w="50" /><ent r="4" t="42" w="201" /><ent r="4" t="42" w="294" /><ent r="4" t="42" w="377" /><ent r="4" t="42" w="419" /><ent r="4" t="42" w="626" /><ent r="3" t="42" w="691" /><ent r="3" t="42" w="717" /><ent r="4" t="43" w="133" /><ent r="4" t="43" w="138" /><ent r="4" t="43" w="225" /><ent r="4" t="43" w="286" /><ent r="4" t="43" w="334" /><ent r="5" t="43" w="378" /><ent r="5" t="43" w="386" /><ent r="5" t="43" w="439" /><ent r="5" t="43" w="445" /><ent r="4" t="43" w="502" /><ent r="4" t="43" w="511" /><ent r="55" t="44" w="272" /><ent r="3" t="51" w="15" /><ent r="3" t="51" w="59" /><ent r="3" t="51" w="70" /><ent r="3" t="51" w="88" /><ent r="3" t="51" w="160" /><ent r="3" t="51" w="163" /><ent r="3" t="51" w="169" /><ent r="3" t="51" w="180" /><ent r="3" t="51" w="191" /><ent r="3" t="51" w="199" /><ent r="3" t="51" w="205" /><ent r="3" t="51" w="215" /><ent r="3" t="53" w="31" /><ent r="3" t="53" w="160" /><ent r="3" t="53" w="187" /><ent r="3" t="54" w="24" /><ent r="3" t="55" w="7" /><ent r="3" t="57" w="5" /><ent r="3" t="59" w="86" /><ent r="3" t="59" w="292" /><ent r="3" t="63" w="141" /><ent r="3" t="64" w="597" /><ent r="3" t="64" w="625" /><ent r="3" t="64" w="671" /><ent r="3" t="65" w="15" /><ent r="3" t="65" w="55" /><ent r="3" t="66" w="11" /><ent r="3" t="66" w="43" /><ent r="3" t="66" w="103" /><ent r="3" t="67" w="9" /><ent r="3" t="68" w="8" /><ent r="3" t="68" w="34" /><ent r="3" t="68" w="55" /><ent r="3" t="68" w="90" /><ent r="3" t="68" w="139" /><ent r="3" t="68" w="158" /><ent r="3" t="68" w="182" /><ent r="4" t="68" w="215" /><ent r="3" t="71" w="50" /><ent r="3" t="71" w="57" /><ent r="3" t="71" w="74" /><ent r="3" t="71" w="90" /><ent r="3" t="71" w="107" /><ent r="3" t="71" w="155" /><ent r="3" t="71" w="167" /><ent r="3" t="71" w="177" /><ent r="3" t="71" w="189" /><ent r="3" t="71" w="195" /><ent r="3" t="71" w="200" /><ent r="3" t="71" w="208" /><ent r="3" t="71" w="219" /><ent r="3" t="71" w="227" /><ent r="3" t="71" w="239" /><ent r="3" t="71" w="246" /><ent r="3" t="71" w="266" /><ent r="3" t="71" w="273" /><ent r="3" t="71" w="293" /><ent r="3" t="72" w="32" /><ent r="3" t="73" w="73" /><ent r="3" t="73" w="95" /><ent r="3" t="85" w="37" /><ent r="3" t="85" w="94" /><ent r="3" t="85" w="132" /><ent r="3" t="98" w="166" /><ent r="4" t="98" w="172" /><ent r="3" t="98" w="181" /><ent r="4" t="98" w="207" /><ent r="3" t="98" w="210" /><ent r="3" t="98" w="227" /><ent r="4" t="142" w="165" /><ent r="4" t="148" w="29" /><ent r="4" t="148" w="40" /><ent r="4" t="148" w="46" /><ent r="4" t="155" w="202" /><ent r="3" t="155" w="207" /><ent r="4" t="156" w="286" /><ent r="3" t="156" w="290" /><ent r="4" t="156" w="353" /><ent r="3" t="156" w="357" /><ent r="6" t="176" w="241" /><ent r="6" t="177" w="191" /><ent r="6" t="178" w="299" /><ent r="6" t="179" w="217" /><ent r="6" t="180" w="194" /><ent r="6" t="181" w="209" /><ent r="6" t="182" w="190" /><ent r="6" t="183" w="410" /><ent r="6" t="184" w="197" /><ent r="6" t="185" w="143" /><ent r="6" t="186" w="110" /><ent r="6" t="187" w="268" /><ent r="6" t="188" w="155" /><ent r="6" t="189" w="130" /><ent r="6" t="190" w="225" /><ent r="6" t="191" w="334" /><ent r="6" t="192" w="210" /><ent r="6" t="193" w="338" /><ent r="6" t="194" w="354" /><ent r="6" t="228" w="247" /><ent r="6" t="229" w="131" /><ent r="6" t="230" w="175" /><ent r="6" t="231" w="374" /><ent r="6" t="232" w="639" /><ent r="6" t="233" w="546" /><ent r="6" t="234" w="411" /><ent r="6" t="235" w="426" /><ent r="6" t="236" w="328" /><ent r="6" t="237" w="285" /><ent r="6" t="238" w="365" /><ent r="6" t="239" w="499" /><ent r="6" t="240" w="133" /><ent r="4" t="297" w="25" /><ent r="4" t="298" w="25" /><ent r="4" t="299" w="25" /></phr><phr n="EDLs"><ent r="4" t="17" w="214" /><ent r="3" t="51" w="283" /></phr></stem><stem n="import"><phr n="Import"><ent r="8" t="11" w="163" /><ent r="65" t="13" w="85" /><ent r="82" t="17" w="8" /><ent r="4" t="17" w="11" /><ent r="4" t="17" w="37" /><ent r="3" t="17" w="137" /><ent r="4" t="17" w="172" /><ent r="3" t="17" w="208" /><ent r="4" t="17" w="220" /><ent r="3" t="17" w="288" /><ent r="4" t="17" w="301" /><ent r="3" t="17" w="337" /><ent r="3" t="17" w="346" /><ent r="3" t="29" w="55" /><ent r="4" t="42" w="369" /><ent r="65" t="42" w="403" /><ent r="4" t="42" w="412" /><ent r="4" t="42" w="462" /><ent r="5" t="43" w="373" /><ent r="5" t="43" w="389" /><ent r="5" t="43" w="420" /><ent r="5" t="43" w="442" /><ent r="66" t="43" w="465" /><ent r="6" t="43" w="538" /><ent r="5" t="43" w="586" /><ent r="3" t="44" w="142" /><ent r="3" t="44" w="151" /><ent r="3" t="44" w="213" /><ent r="55" t="46" w="109" /><ent r="3" t="51" w="68" /><ent r="3" t="51" w="195" /><ent r="3" t="51" w="206" /><ent r="3" t="51" w="216" /><ent r="3" t="51" w="217" /><ent r="3" t="51" w="336" /><ent r="6" t="54" w="119" /><ent r="82" t="71" w="15" /><ent r="3" t="71" w="24" /><ent r="3" t="71" w="52" /><ent r="4" t="71" w="64" /><ent r="4" t="71" w="112" /><ent r="3" t="71" w="119" /><ent r="3" t="71" w="126" /><ent r="3" t="71" w="156" /><ent r="3" t="71" w="168" /><ent r="3" t="71" w="178" /><ent r="3" t="71" w="190" /><ent r="3" t="71" w="198" /><ent r="3" t="71" w="206" /><ent r="3" t="71" w="228" /><ent r="3" t="71" w="229" /><ent r="3" t="71" w="247" /><ent r="3" t="71" w="274" /><ent r="3" t="98" w="228" /><ent r="3" t="142" w="156" /><ent r="4" t="148" w="37" /><ent r="3" t="149" w="970" /><ent r="3" t="155" w="197" /><ent r="3" t="156" w="280" /><ent r="3" t="156" w="347" /><ent r="6" t="310" w="259" /></phr><phr n="importing"><ent r="3" t="13" w="43" /><ent r="3" t="51" w="210" /></phr><phr n="imported"><ent r="4" t="13" w="95" /><ent r="3" t="17" w="21" /><ent r="3" t="17" w="234" /><ent r="3" t="17" w="282" /><ent r="3" t="17" w="311" /><ent r="4" t="17" w="318" /><ent r="3" t="17" w="328" /><ent r="3" t="17" w="469" /><ent r="4" t="18" w="118" /><ent r="4" t="43" w="508" /><ent r="3" t="44" w="180" /><ent r="3" t="51" w="166" /><ent r="3" t="71" w="138" /><ent r="3" t="98" w="178" /></phr><phr n="imports"><ent r="4" t="42" w="431" /><ent r="3" t="51" w="54" /></phr><phr n="important"><ent r="3" t="66" w="61" /><ent r="4" t="99" w="255" /></phr></stem><stem n="random"><phr n="random"><ent r="8" t="11" w="173" /><ent r="3" t="101" w="62" /><ent r="3" t="101" w="79" /><ent r="3" t="101" w="183" /><ent r="3" t="125" w="59" /><ent r="3" t="125" w="88" /><ent r="3" t="125" w="105" /><ent r="1000" t="139" w="1" /><ent r="72" t="139" w="6" /><ent r="3" t="139" w="12" /><ent r="3" t="139" w="34" /><ent r="3" t="139" w="65" /><ent r="3" t="168" w="21" /><ent r="3" t="168" w="61" /><ent r="3" t="168" w="138" /><ent r="3" t="168" w="160" /><ent r="3" t="168" w="194" /><ent r="3" t="168" w="205" /><ent r="3" t="195" w="384" /><ent r="3" t="201" w="507" /><ent r="3" t="202" w="677" /><ent r="3" t="204" w="353" /><ent r="3" t="205" w="521" /><ent r="3" t="267" w="34" /><ent r="3" t="269" w="411" /><ent r="3" t="284" w="46" /></phr><phr n="randomization"><ent r="3" t="149" w="1208" /><ent r="3" t="149" w="1274" /><ent r="3" t="149" w="1284" /></phr><phr n="randomized"><ent r="3" t="149" w="1231" /></phr><phr n="randomize"><ent r="54" t="149" w="1250" /><ent r="54" t="149" w="1253" /></phr></stem></index>