<?xml version="1.0" encoding="utf-8"?><index><stem n="file"><phr n="file"><ent r="4" t="4" w="100" /><ent r="6" t="11" w="19" /><ent r="8" t="11" w="151" /><ent r="8" t="11" w="155" /><ent r="8" t="11" w="180" /><ent r="8" t="11" w="193" /><ent r="69" t="11" w="196" /><ent r="6" t="11" w="237" /><ent r="3" t="14" w="22" /><ent r="3" t="14" w="26" /><ent r="64" t="14" w="45" /><ent r="7" t="14" w="176" /><ent r="3" t="14" w="253" /><ent r="64" t="14" w="330" /><ent r="64" t="14" w="440" /><ent r="4" t="15" w="109" /><ent r="4" t="15" w="163" /><ent r="3" t="16" w="201" /><ent r="3" t="16" w="264" /><ent r="3" t="16" w="281" /><ent r="3" t="16" w="288" /><ent r="3" t="16" w="295" /><ent r="4" t="16" w="308" /><ent r="3" t="16" w="319" /><ent r="3" t="16" w="331" /><ent r="3" t="16" w="348" /><ent r="4" t="16" w="360" /><ent r="4" t="16" w="378" /><ent r="3" t="16" w="385" /><ent r="3" t="16" w="406" /><ent r="3" t="16" w="417" /><ent r="3" t="17" w="249" /><ent r="3" t="17" w="309" /><ent r="3" t="17" w="348" /><ent r="3" t="17" w="479" /><ent r="4" t="18" w="64" /><ent r="4" t="18" w="95" /><ent r="4" t="18" w="110" /><ent r="4" t="18" w="151" /><ent r="3" t="24" w="34" /><ent r="3" t="24" w="76" /><ent r="3" t="24" w="168" /><ent r="3" t="24" w="300" /><ent r="3" t="24" w="305" /><ent r="3" t="25" w="67" /><ent r="6" t="26" w="131" /><ent r="6" t="26" w="256" /><ent r="6" t="26" w="278" /><ent r="6" t="26" w="296" /><ent r="6" t="26" w="315" /><ent r="6" t="26" w="320" /><ent r="6" t="26" w="332" /><ent r="6" t="26" w="341" /><ent r="67" t="26" w="344" /><ent r="6" t="26" w="375" /><ent r="6" t="26" w="399" /><ent r="3" t="26" w="476" /><ent r="3" t="26" w="540" /><ent r="58" t="27" w="223" /><ent r="7" t="27" w="245" /><ent r="7" t="27" w="262" /><ent r="7" t="27" w="268" /><ent r="1000" t="28" w="1" /><ent r="82" t="28" w="4" /><ent r="3" t="28" w="20" /><ent r="3" t="28" w="29" /><ent r="6" t="28" w="32" /><ent r="6" t="28" w="39" /><ent r="6" t="28" w="54" /><ent r="6" t="28" w="66" /><ent r="6" t="28" w="74" /><ent r="6" t="28" w="77" /><ent r="67" t="28" w="85" /><ent r="6" t="28" w="89" /><ent r="6" t="28" w="94" /><ent r="6" t="28" w="117" /><ent r="6" t="28" w="125" /><ent r="6" t="28" w="142" /><ent r="6" t="28" w="150" /><ent r="6" t="30" w="160" /><ent r="6" t="30" w="176" /><ent r="6" t="30" w="193" /><ent r="3" t="30" w="228" /><ent r="3" t="30" w="242" /><ent r="4" t="31" w="69" /><ent r="3" t="36" w="101" /><ent r="64" t="36" w="118" /><ent r="5" t="36" w="404" /><ent r="4" t="38" w="108" /><ent r="4" t="39" w="209" /><ent r="3" t="40" w="58" /><ent r="3" t="42" w="51" /><ent r="4" t="42" w="202" /><ent r="4" t="42" w="295" /><ent r="4" t="42" w="420" /><ent r="4" t="42" w="627" /><ent r="3" t="42" w="718" /><ent r="4" t="43" w="134" /><ent r="4" t="43" w="139" /><ent r="3" t="43" w="213" /><ent r="3" t="43" w="227" /><ent r="3" t="43" w="236" /><ent r="4" t="43" w="287" /><ent r="4" t="43" w="335" /><ent r="5" t="43" w="379" /><ent r="5" t="43" w="387" /><ent r="5" t="43" w="440" /><ent r="4" t="43" w="503" /><ent r="4" t="43" w="512" /><ent r="3" t="44" w="38" /><ent r="3" t="44" w="147" /><ent r="55" t="44" w="273" /><ent r="4" t="46" w="93" /><ent r="1000" t="51" w="4" /><ent r="3" t="51" w="40" /><ent r="3" t="51" w="94" /><ent r="3" t="51" w="106" /><ent r="3" t="51" w="122" /><ent r="3" t="51" w="134" /><ent r="3" t="51" w="181" /><ent r="3" t="51" w="192" /><ent r="3" t="51" w="204" /><ent r="3" t="51" w="214" /><ent r="3" t="51" w="288" /><ent r="3" t="51" w="299" /><ent r="3" t="51" w="345" /><ent r="3" t="51" w="356" /><ent r="3" t="53" w="35" /><ent r="3" t="53" w="53" /><ent r="3" t="53" w="61" /><ent r="3" t="53" w="161" /><ent r="3" t="53" w="172" /><ent r="3" t="55" w="84" /><ent r="3" t="63" w="142" /><ent r="3" t="65" w="28" /><ent r="3" t="68" w="35" /><ent r="3" t="68" w="52" /><ent r="3" t="68" w="140" /><ent r="3" t="68" w="159" /><ent r="4" t="68" w="216" /><ent r="3" t="69" w="216" /><ent r="3" t="69" w="246" /><ent r="3" t="69" w="268" /><ent r="3" t="69" w="297" /><ent r="3" t="69" w="358" /><ent r="3" t="70" w="142" /><ent r="3" t="70" w="154" /><ent r="3" t="70" w="179" /><ent r="3" t="70" w="211" /><ent r="3" t="71" w="75" /><ent r="3" t="71" w="91" /><ent r="3" t="71" w="108" /><ent r="3" t="71" w="196" /><ent r="3" t="71" w="201" /><ent r="3" t="71" w="209" /><ent r="3" t="71" w="225" /><ent r="3" t="71" w="237" /><ent r="3" t="71" w="244" /><ent r="3" t="71" w="264" /><ent r="3" t="71" w="271" /><ent r="3" t="71" w="291" /><ent r="3" t="72" w="33" /><ent r="1000" t="74" w="3" /><ent r="92" t="74" w="7" /><ent r="3" t="74" w="12" /><ent r="3" t="74" w="17" /><ent r="3" t="74" w="28" /><ent r="3" t="74" w="52" /><ent r="3" t="74" w="72" /><ent r="3" t="74" w="116" /><ent r="3" t="74" w="125" /><ent r="3" t="74" w="136" /><ent r="3" t="74" w="386" /><ent r="55" t="75" w="114" /><ent r="3" t="76" w="97" /><ent r="3" t="76" w="118" /><ent r="3" t="76" w="181" /><ent r="3" t="76" w="236" /><ent r="4" t="82" w="77" /><ent r="3" t="85" w="38" /><ent r="4" t="90" w="98" /><ent r="3" t="98" w="88" /><ent r="3" t="98" w="167" /><ent r="3" t="98" w="182" /><ent r="3" t="98" w="211" /><ent r="3" t="98" w="329" /><ent r="3" t="112" w="47" /><ent r="3" t="112" w="78" /><ent r="3" t="112" w="83" /><ent r="5" t="112" w="239" /><ent r="3" t="112" w="308" /><ent r="3" t="112" w="334" /><ent r="4" t="113" w="143" /><ent r="3" t="142" w="167" /><ent r="4" t="148" w="41" /><ent r="3" t="149" w="14" /><ent r="3" t="149" w="74" /><ent r="4" t="149" w="111" /><ent r="55" t="149" w="148" /><ent r="55" t="149" w="166" /><ent r="3" t="149" w="564" /><ent r="4" t="149" w="604" /><ent r="3" t="149" w="609" /><ent r="3" t="149" w="620" /><ent r="3" t="149" w="631" /><ent r="3" t="149" w="1060" /><ent r="3" t="155" w="208" /><ent r="3" t="156" w="291" /><ent r="3" t="156" w="358" /><ent r="3" t="160" w="118" /><ent r="6" t="310" w="460" /><ent r="6" t="310" w="467" /><ent r="6" t="312" w="188" /><ent r="6" t="312" w="275" /><ent r="6" t="313" w="71" /><ent r="6" t="313" w="119" /><ent r="6" t="313" w="123" /><ent r="6" t="313" w="155" /><ent r="6" t="313" w="156" /><ent r="6" t="313" w="214" /><ent r="3" t="315" w="25" /><ent r="6" t="316" w="36" /><ent r="6" t="316" w="39" /></phr><phr n="Files"><ent r="65" t="9" w="60" /><ent r="6" t="11" w="227" /><ent r="67" t="11" w="232" /><ent r="3" t="16" w="392" /><ent r="4" t="17" w="79" /><ent r="4" t="17" w="106" /><ent r="3" t="17" w="275" /><ent r="3" t="17" w="330" /><ent r="3" t="17" w="354" /><ent r="3" t="17" w="363" /><ent r="3" t="17" w="388" /><ent r="3" t="17" w="440" /><ent r="3" t="17" w="447" /><ent r="1000" t="18" w="3" /><ent r="92" t="18" w="7" /><ent r="3" t="18" w="25" /><ent r="3" t="18" w="49" /><ent r="3" t="18" w="56" /><ent r="4" t="18" w="79" /><ent r="3" t="18" w="133" /><ent r="3" t="18" w="159" /><ent r="3" t="24" w="90" /><ent r="6" t="24" w="193" /><ent r="6" t="24" w="206" /><ent r="3" t="28" w="10" /><ent r="1000" t="29" w="3" /><ent r="82" t="29" w="7" /><ent r="3" t="29" w="16" /><ent r="4" t="36" w="365" /><ent r="4" t="36" w="532" /><ent r="4" t="36" w="541" /><ent r="4" t="36" w="550" /><ent r="4" t="42" w="378" /><ent r="5" t="43" w="446" /><ent r="3" t="44" w="46" /><ent r="3" t="51" w="16" /><ent r="3" t="51" w="65" /><ent r="3" t="51" w="71" /><ent r="3" t="51" w="170" /><ent r="3" t="51" w="200" /><ent r="3" t="51" w="233" /><ent r="3" t="68" w="183" /></phr></stem><stem n="disassembl"><phr n="disassembled"><ent r="4" t="4" w="103" /><ent r="4" t="113" w="146" /></phr></stem><stem n="so"><phr n="so"><ent r="4" t="4" w="104" /><ent r="4" t="24" w="335" /><ent r="3" t="25" w="74" /><ent r="3" t="42" w="93" /><ent r="6" t="47" w="102" /><ent r="6" t="47" w="139" /><ent r="3" t="64" w="519" /><ent r="3" t="64" w="543" /><ent r="3" t="65" w="86" /><ent r="3" t="76" w="98" /><ent r="3" t="85" w="74" /><ent r="4" t="99" w="64" /><ent r="4" t="99" w="256" /><ent r="4" t="113" w="147" /><ent r="3" t="123" w="108" /><ent r="3" t="156" w="718" /><ent r="3" t="203" w="641" /><ent r="4" t="316" w="662" /></phr></stem><stem n="algorithm"><phr n="algorithms"><ent r="4" t="4" w="106" /><ent r="6" t="5" w="209" /><ent r="3" t="5" w="306" /><ent r="4" t="113" w="149" /><ent r="3" t="221" w="381" /></phr><phr n="algorithm"><ent r="3" t="133" w="331" /><ent r="3" t="208" w="19" /><ent r="3" t="208" w="115" /><ent r="3" t="208" w="283" /><ent r="3" t="209" w="158" /><ent r="3" t="210" w="88" /><ent r="3" t="211" w="76" /><ent r="3" t="212" w="494" /><ent r="3" t="213" w="519" /><ent r="3" t="215" w="19" /><ent r="3" t="215" w="152" /><ent r="3" t="215" w="312" /><ent r="3" t="216" w="160" /><ent r="3" t="217" w="86" /><ent r="3" t="218" w="19" /><ent r="3" t="218" w="78" /><ent r="3" t="218" w="150" /><ent r="3" t="221" w="149" /><ent r="3" t="221" w="329" /><ent r="3" t="222" w="100" /><ent r="3" t="223" w="218" /><ent r="3" t="224" w="194" /><ent r="3" t="225" w="140" /><ent r="3" t="226" w="170" /><ent r="3" t="227" w="200" /></phr></stem><stem n="will"><phr n="will"><ent r="4" t="4" w="112" /><ent r="6" t="5" w="225" /><ent r="3" t="5" w="343" /><ent r="3" t="5" w="350" /><ent r="3" t="5" w="368" /><ent r="3" t="6" w="164" /><ent r="3" t="6" w="178" /><ent r="8" t="11" w="175" /><ent r="8" t="11" w="186" /><ent r="3" t="14" w="114" /><ent r="3" t="15" w="105" /><ent r="3" t="15" w="122" /><ent r="3" t="15" w="178" /><ent r="3" t="17" w="155" /><ent r="3" t="17" w="179" /><ent r="3" t="17" w="389" /><ent r="3" t="24" w="51" /><ent r="3" t="24" w="85" /><ent r="3" t="24" w="274" /><ent r="5" t="27" w="94" /><ent r="3" t="36" w="206" /><ent r="4" t="36" w="500" /><ent r="3" t="37" w="34" /><ent r="3" t="37" w="181" /><ent r="3" t="37" w="192" /><ent r="4" t="39" w="162" /><ent r="4" t="39" w="176" /><ent r="4" t="39" w="225" /><ent r="3" t="40" w="132" /><ent r="3" t="40" w="198" /><ent r="3" t="40" w="234" /><ent r="3" t="40" w="276" /><ent r="3" t="41" w="33" /><ent r="3" t="42" w="119" /><ent r="4" t="42" w="183" /><ent r="4" t="42" w="185" /><ent r="4" t="42" w="222" /><ent r="4" t="42" w="252" /><ent r="4" t="42" w="277" /><ent r="4" t="42" w="381" /><ent r="4" t="42" w="631" /><ent r="4" t="42" w="647" /><ent r="3" t="42" w="752" /><ent r="3" t="42" w="799" /><ent r="3" t="42" w="806" /><ent r="4" t="43" w="194" /><ent r="6" t="43" w="559" /><ent r="5" t="43" w="598" /><ent r="3" t="44" w="168" /><ent r="3" t="44" w="185" /><ent r="4" t="44" w="238" /><ent r="4" t="46" w="88" /><ent r="3" t="50" w="91" /><ent r="3" t="51" w="99" /><ent r="3" t="51" w="127" /><ent r="3" t="51" w="227" /><ent r="3" t="51" w="293" /><ent r="3" t="51" w="350" /><ent r="3" t="53" w="76" /><ent r="3" t="53" w="95" /><ent r="3" t="53" w="167" /><ent r="3" t="58" w="299" /><ent r="3" t="58" w="310" /><ent r="4" t="58" w="564" /><ent r="3" t="58" w="868" /><ent r="4" t="59" w="351" /><ent r="4" t="59" w="406" /><ent r="4" t="59" w="422" /><ent r="4" t="59" w="437" /><ent r="4" t="59" w="468" /><ent r="4" t="59" w="486" /><ent r="4" t="59" w="492" /><ent r="4" t="59" w="507" /><ent r="4" t="59" w="538" /><ent r="4" t="59" w="555" /><ent r="4" t="59" w="568" /><ent r="4" t="59" w="595" /><ent r="4" t="59" w="661" /><ent r="4" t="59" w="676" /><ent r="4" t="59" w="722" /><ent r="4" t="59" w="733" /><ent r="4" t="59" w="748" /><ent r="4" t="59" w="779" /><ent r="4" t="59" w="794" /><ent r="4" t="59" w="807" /><ent r="6" t="59" w="886" /><ent r="6" t="59" w="920" /><ent r="6" t="59" w="934" /><ent r="6" t="59" w="945" /><ent r="3" t="62" w="151" /><ent r="3" t="62" w="156" /><ent r="3" t="62" w="229" /><ent r="3" t="62" w="347" /><ent r="3" t="63" w="116" /><ent r="4" t="64" w="180" /><ent r="3" t="64" w="479" /><ent r="3" t="65" w="89" /><ent r="3" t="69" w="110" /><ent r="3" t="73" w="37" /><ent r="3" t="73" w="117" /><ent r="3" t="74" w="140" /><ent r="55" t="75" w="115" /><ent r="55" t="75" w="213" /><ent r="3" t="76" w="71" /><ent r="3" t="76" w="272" /><ent r="3" t="77" w="42" /><ent r="3" t="77" w="49" /><ent r="3" t="77" w="65" /><ent r="4" t="77" w="275" /><ent r="4" t="77" w="296" /><ent r="3" t="80" w="98" /><ent r="3" t="86" w="32" /><ent r="3" t="87" w="15" /><ent r="3" t="87" w="23" /><ent r="3" t="87" w="42" /><ent r="3" t="87" w="196" /><ent r="3" t="88" w="27" /><ent r="4" t="99" w="159" /><ent r="4" t="99" w="517" /><ent r="3" t="101" w="231" /><ent r="3" t="101" w="309" /><ent r="3" t="102" w="64" /><ent r="3" t="102" w="150" /><ent r="3" t="103" w="101" /><ent r="3" t="104" w="62" /><ent r="3" t="104" w="101" /><ent r="3" t="104" w="112" /><ent r="4" t="107" w="62" /><ent r="3" t="109" w="43" /><ent r="4" t="113" w="157" /><ent r="4" t="118" w="39" /><ent r="4" t="119" w="46" /><ent r="4" t="120" w="40" /><ent r="3" t="123" w="122" /><ent r="4" t="123" w="192" /><ent r="3" t="126" w="52" /><ent r="3" t="126" w="79" /><ent r="3" t="138" w="47" /><ent r="3" t="142" w="45" /><ent r="3" t="142" w="170" /><ent r="3" t="144" w="143" /><ent r="3" t="145" w="78" /><ent r="3" t="149" w="50" /><ent r="3" t="149" w="370" /><ent r="3" t="149" w="440" /><ent r="3" t="149" w="1051" /><ent r="3" t="149" w="1073" /><ent r="3" t="149" w="1091" /><ent r="3" t="149" w="1109" /><ent r="3" t="150" w="129" /><ent r="3" t="154" w="228" /><ent r="3" t="154" w="362" /><ent r="3" t="155" w="298" /><ent r="3" t="156" w="520" /><ent r="4" t="157" w="113" /><ent r="4" t="157" w="122" /><ent r="4" t="157" w="171" /><ent r="3" t="157" w="291" /><ent r="3" t="158" w="40" /><ent r="3" t="161" w="246" /><ent r="3" t="163" w="278" /><ent r="3" t="169" w="200" /><ent r="4" t="173" w="51" /><ent r="3" t="174" w="98" /><ent r="3" t="178" w="124" /><ent r="3" t="178" w="226" /><ent r="3" t="180" w="163" /><ent r="3" t="183" w="72" /><ent r="3" t="187" w="93" /><ent r="3" t="187" w="123" /><ent r="3" t="187" w="136" /><ent r="3" t="188" w="142" /><ent r="5" t="193" w="308" /><ent r="5" t="194" w="324" /><ent r="3" t="195" w="380" /><ent r="3" t="198" w="98" /><ent r="3" t="198" w="103" /><ent r="3" t="198" w="128" /><ent r="3" t="201" w="40" /><ent r="3" t="201" w="45" /><ent r="4" t="201" w="196" /><ent r="3" t="201" w="568" /><ent r="3" t="201" w="573" /><ent r="3" t="201" w="610" /><ent r="3" t="202" w="42" /><ent r="3" t="202" w="47" /><ent r="3" t="202" w="249" /><ent r="4" t="202" w="364" /><ent r="3" t="205" w="192" /><ent r="3" t="209" w="281" /><ent r="3" t="212" w="298" /><ent r="3" t="212" w="631" /><ent r="3" t="216" w="342" /><ent r="4" t="232" w="132" /><ent r="3" t="257" w="89" /><ent r="4" t="257" w="115" /><ent r="3" t="274" w="46" /><ent r="3" t="296" w="303" /><ent r="6" t="310" w="653" /><ent r="6" t="312" w="299" /><ent r="4" t="315" w="147" /><ent r="4" t="316" w="572" /><ent r="4" t="316" w="665" /><ent r="4" t="316" w="692" /></phr></stem><stem n="remain"><phr n="remain"><ent r="4" t="4" w="114" /><ent r="4" t="113" w="159" /><ent r="3" t="201" w="611" /><ent r="3" t="212" w="632" /></phr><phr n="remains"><ent r="3" t="180" w="150" /><ent r="3" t="188" w="102" /><ent r="3" t="188" w="121" /></phr></stem><stem n="hard"><phr n="hard"><ent r="3" t="4" w="125" /><ent r="3" t="113" w="33" /><ent r="3" t="113" w="79" /><ent r="3" t="221" w="466" /></phr></stem><stem n="size"><phr n="size"><ent r="3" t="4" w="131" /><ent r="7" t="14" w="199" /><ent r="7" t="14" w="203" /><ent r="7" t="14" w="214" /><ent r="6" t="14" w="218" /><ent r="3" t="15" w="227" /><ent r="6" t="26" w="578" /><ent r="7" t="39" w="586" /><ent r="6" t="54" w="55" /><ent r="6" t="54" w="99" /><ent r="3" t="55" w="29" /><ent r="3" t="56" w="281" /><ent r="3" t="56" w="283" /><ent r="3" t="57" w="22" /><ent r="4" t="58" w="201" /><ent r="4" t="59" w="398" /><ent r="4" t="59" w="460" /><ent r="4" t="59" w="537" /><ent r="4" t="59" w="651" /><ent r="4" t="59" w="712" /><ent r="4" t="59" w="778" /><ent r="1000" t="60" w="2" /><ent r="72" t="60" w="6" /><ent r="3" t="60" w="16" /><ent r="3" t="60" w="26" /><ent r="5" t="60" w="39" /><ent r="5" t="60" w="45" /><ent r="5" t="60" w="53" /><ent r="5" t="60" w="95" /><ent r="5" t="60" w="101" /><ent r="4" t="60" w="109" /><ent r="5" t="60" w="118" /><ent r="1000" t="61" w="2" /><ent r="62" t="61" w="5" /><ent r="4" t="61" w="9" /><ent r="3" t="61" w="18" /><ent r="3" t="61" w="99" /><ent r="4" t="61" w="115" /><ent r="3" t="62" w="70" /><ent r="4" t="62" w="176" /><ent r="3" t="62" w="303" /><ent r="3" t="62" w="404" /><ent r="3" t="62" w="408" /><ent r="3" t="62" w="423" /><ent r="3" t="62" w="427" /><ent r="3" t="62" w="462" /><ent r="3" t="62" w="466" /><ent r="3" t="62" w="473" /><ent r="3" t="62" w="481" /><ent r="3" t="62" w="493" /><ent r="3" t="62" w="497" /><ent r="3" t="62" w="510" /><ent r="3" t="62" w="518" /><ent r="3" t="62" w="531" /><ent r="3" t="62" w="557" /><ent r="3" t="62" w="576" /><ent r="3" t="62" w="580" /><ent r="3" t="62" w="589" /><ent r="3" t="62" w="596" /><ent r="3" t="62" w="599" /><ent r="4" t="63" w="40" /><ent r="3" t="63" w="68" /><ent r="4" t="63" w="97" /><ent r="3" t="63" w="130" /><ent r="3" t="63" w="132" /><ent r="3" t="64" w="78" /><ent r="3" t="64" w="100" /><ent r="5" t="64" w="129" /><ent r="3" t="64" w="267" /><ent r="3" t="64" w="271" /><ent r="3" t="64" w="286" /><ent r="3" t="64" w="290" /><ent r="3" t="64" w="407" /><ent r="3" t="64" w="411" /><ent r="3" t="64" w="445" /><ent r="3" t="64" w="484" /><ent r="4" t="64" w="554" /><ent r="3" t="64" w="660" /><ent r="3" t="64" w="676" /><ent r="3" t="64" w="686" /><ent r="3" t="67" w="13" /><ent r="3" t="67" w="107" /><ent r="3" t="67" w="112" /><ent r="3" t="67" w="182" /><ent r="3" t="67" w="187" /><ent r="3" t="69" w="274" /><ent r="3" t="69" w="279" /><ent r="3" t="69" w="280" /><ent r="3" t="69" w="287" /><ent r="3" t="69" w="289" /><ent r="3" t="69" w="291" /><ent r="3" t="69" w="336" /><ent r="3" t="69" w="340" /><ent r="3" t="69" w="341" /><ent r="3" t="69" w="348" /><ent r="3" t="69" w="350" /><ent r="3" t="69" w="352" /><ent r="3" t="70" w="188" /><ent r="3" t="70" w="193" /><ent r="3" t="70" w="194" /><ent r="3" t="70" w="201" /><ent r="3" t="70" w="203" /><ent r="3" t="70" w="205" /><ent r="6" t="74" w="219" /><ent r="6" t="74" w="234" /><ent r="6" t="85" w="155" /><ent r="6" t="85" w="176" /><ent r="65" t="118" w="92" /><ent r="55" t="121" w="125" /><ent r="54" t="121" w="130" /><ent r="65" t="121" w="160" /><ent r="3" t="132" w="113" /><ent r="65" t="132" w="129" /><ent r="5" t="134" w="94" /><ent r="4" t="134" w="168" /><ent r="3" t="138" w="20" /><ent r="3" t="151" w="26" /><ent r="3" t="151" w="66" /><ent r="3" t="151" w="71" /><ent r="1000" t="153" w="4" /><ent r="72" t="153" w="9" /><ent r="4" t="153" w="14" /><ent r="3" t="153" w="20" /><ent r="3" t="153" w="33" /><ent r="3" t="153" w="46" /><ent r="4" t="153" w="68" /><ent r="3" t="153" w="73" /><ent r="4" t="153" w="100" /><ent r="3" t="153" w="127" /><ent r="4" t="153" w="151" /><ent r="3" t="153" w="158" /><ent r="3" t="154" w="71" /><ent r="3" t="154" w="89" /><ent r="4" t="154" w="179" /><ent r="3" t="154" w="182" /><ent r="4" t="154" w="204" /><ent r="4" t="154" w="277" /><ent r="3" t="154" w="282" /><ent r="3" t="154" w="290" /><ent r="4" t="154" w="298" /><ent r="3" t="156" w="197" /><ent r="3" t="156" w="210" /><ent r="4" t="156" w="396" /><ent r="4" t="156" w="449" /><ent r="1000" t="158" w="4" /><ent r="1000" t="164" w="4" /><ent r="72" t="164" w="9" /><ent r="4" t="164" w="14" /><ent r="3" t="164" w="20" /><ent r="3" t="164" w="34" /><ent r="3" t="164" w="40" /><ent r="4" t="164" w="48" /><ent r="3" t="164" w="53" /><ent r="4" t="164" w="81" /><ent r="3" t="164" w="164" /><ent r="4" t="164" w="188" /><ent r="3" t="164" w="195" /><ent r="1000" t="165" w="4" /><ent r="3" t="165" w="42" /><ent r="4" t="165" w="57" /><ent r="3" t="165" w="62" /><ent r="3" t="165" w="70" /><ent r="4" t="165" w="76" /><ent r="4" t="165" w="110" /><ent r="4" t="166" w="35" /><ent r="3" t="166" w="60" /><ent r="3" t="166" w="62" /><ent r="4" t="166" w="78" /><ent r="3" t="166" w="82" /><ent r="3" t="166" w="188" /><ent r="4" t="167" w="35" /><ent r="3" t="167" w="60" /><ent r="3" t="167" w="62" /><ent r="4" t="167" w="78" /><ent r="3" t="167" w="82" /><ent r="3" t="168" w="40" /><ent r="1000" t="198" w="5" /><ent r="72" t="198" w="11" /><ent r="4" t="198" w="19" /><ent r="3" t="198" w="59" /><ent r="3" t="198" w="67" /><ent r="3" t="198" w="74" /><ent r="4" t="198" w="83" /><ent r="4" t="198" w="113" /><ent r="3" t="201" w="102" /><ent r="4" t="201" w="259" /><ent r="4" t="201" w="285" /><ent r="3" t="201" w="292" /><ent r="5" t="201" w="331" /><ent r="4" t="201" w="338" /><ent r="5" t="201" w="434" /><ent r="4" t="201" w="443" /><ent r="5" t="201" w="455" /><ent r="4" t="201" w="621" /><ent r="3" t="202" w="139" /><ent r="4" t="202" w="430" /><ent r="4" t="202" w="456" /><ent r="3" t="202" w="463" /><ent r="5" t="202" w="503" /><ent r="4" t="202" w="510" /><ent r="5" t="202" w="605" /><ent r="4" t="202" w="614" /><ent r="5" t="202" w="626" /><ent r="3" t="203" w="185" /><ent r="3" t="203" w="242" /><ent r="3" t="204" w="50" /><ent r="4" t="204" w="121" /><ent r="4" t="204" w="149" /><ent r="3" t="204" w="156" /><ent r="5" t="204" w="200" /><ent r="5" t="204" w="209" /><ent r="4" t="204" w="216" /><ent r="5" t="204" w="280" /><ent r="4" t="204" w="289" /><ent r="5" t="204" w="301" /><ent r="4" t="204" w="437" /><ent r="3" t="205" w="88" /><ent r="4" t="205" w="293" /><ent r="4" t="205" w="321" /><ent r="3" t="205" w="328" /><ent r="5" t="205" w="369" /><ent r="5" t="205" w="378" /><ent r="4" t="205" w="385" /><ent r="5" t="205" w="449" /><ent r="4" t="205" w="458" /><ent r="5" t="205" w="470" /><ent r="3" t="206" w="141" /><ent r="3" t="212" w="24" /><ent r="3" t="212" w="124" /><ent r="3" t="212" w="244" /><ent r="3" t="212" w="331" /><ent r="3" t="212" w="405" /><ent r="3" t="212" w="418" /><ent r="3" t="213" w="24" /><ent r="3" t="213" w="126" /><ent r="3" t="213" w="246" /><ent r="3" t="213" w="334" /><ent r="3" t="213" w="414" /><ent r="3" t="213" w="427" /><ent r="3" t="214" w="90" /><ent r="3" t="215" w="117" /><ent r="3" t="219" w="29" /><ent r="3" t="219" w="112" /><ent r="3" t="220" w="29" /><ent r="3" t="220" w="112" /><ent r="4" t="221" w="91" /><ent r="4" t="222" w="44" /><ent r="3" t="226" w="45" /><ent r="4" t="226" w="89" /><ent r="3" t="226" w="93" /><ent r="3" t="226" w="232" /><ent r="3" t="226" w="294" /><ent r="3" t="227" w="46" /><ent r="4" t="227" w="94" /><ent r="3" t="227" w="98" /><ent r="3" t="227" w="272" /><ent r="3" t="257" w="28" /><ent r="3" t="266" w="51" /><ent r="3" t="266" w="66" /><ent r="3" t="267" w="48" /><ent r="3" t="267" w="63" /><ent r="3" t="270" w="28" /><ent r="3" t="270" w="42" /><ent r="3" t="272" w="52" /><ent r="3" t="272" w="68" /><ent r="3" t="277" w="21" /><ent r="3" t="277" w="39" /><ent r="3" t="277" w="53" /><ent r="4" t="277" w="69" /><ent r="3" t="277" w="71" /><ent r="3" t="278" w="190" /><ent r="3" t="281" w="179" /><ent r="3" t="289" w="27" /><ent r="3" t="289" w="35" /><ent r="3" t="289" w="53" /><ent r="3" t="289" w="62" /><ent r="3" t="295" w="79" /><ent r="4" t="295" w="422" /><ent r="3" t="295" w="424" /><ent r="3" t="299" w="59" /><ent r="3" t="299" w="77" /><ent r="3" t="300" w="31" /><ent r="3" t="300" w="47" /><ent r="3" t="303" w="49" /><ent r="3" t="303" w="162" /><ent r="3" t="304" w="37" /><ent r="3" t="304" w="59" /><ent r="3" t="308" w="40" /><ent r="3" t="308" w="61" /><ent r="3" t="308" w="70" /></phr><phr n="sizes"><ent r="3" t="62" w="136" /><ent r="3" t="207" w="224" /><ent r="3" t="277" w="128" /></phr></stem><stem n="typic"><phr n="typically"><ent r="3" t="4" w="132" /><ent r="3" t="25" w="102" /><ent r="4" t="43" w="52" /><ent r="3" t="62" w="87" /><ent r="3" t="93" w="61" /><ent r="3" t="99" w="108" /><ent r="3" t="149" w="977" /><ent r="3" t="152" w="314" /><ent r="3" t="154" w="573" /><ent r="3" t="155" w="486" /><ent r="3" t="156" w="735" /><ent r="3" t="228" w="216" /></phr><phr n="typical"><ent r="3" t="30" w="12" /><ent r="3" t="31" w="12" /><ent r="3" t="38" w="59" /><ent r="3" t="202" w="719" /><ent r="3" t="205" w="563" /><ent r="3" t="225" w="273" /><ent r="3" t="227" w="376" /></phr></stem><stem n="64"><phr n="64"><ent r="3" t="4" w="133" /><ent r="6" t="5" w="165" /><ent r="1000" t="12" w="2" /><ent r="82" t="12" w="9" /><ent r="3" t="30" w="265" /><ent r="4" t="39" w="136" /><ent r="3" t="69" w="188" /><ent r="3" t="133" w="343" /><ent r="3" t="149" w="853" /><ent r="64" t="193" w="226" /><ent r="64" t="194" w="242" /><ent r="3" t="212" w="522" /><ent r="3" t="213" w="547" /><ent r="3" t="252" w="53" /><ent r="3" t="252" w="209" /><ent r="3" t="252" w="217" /><ent r="3" t="252" w="227" /><ent r="5" t="263" w="167" /><ent r="3" t="272" w="53" /><ent r="6" t="310" w="442" /></phr></stem><stem n="mb"><phr n="MB"><ent r="3" t="4" w="134" /><ent r="3" t="4" w="137" /></phr></stem><stem n="128"><phr n="128"><ent r="3" t="4" w="136" /><ent r="3" t="195" w="18" /><ent r="3" t="195" w="352" /><ent r="3" t="212" w="129" /><ent r="3" t="213" w="131" /><ent r="3" t="214" w="95" /><ent r="3" t="214" w="159" /><ent r="3" t="214" w="260" /><ent r="3" t="215" w="122" /><ent r="3" t="215" w="148" /><ent r="3" t="215" w="240" /><ent r="3" t="216" w="16" /><ent r="3" t="216" w="284" /><ent r="3" t="217" w="16" /><ent r="3" t="217" w="111" /><ent r="3" t="217" w="236" /><ent r="3" t="219" w="117" /><ent r="3" t="220" w="117" /><ent r="3" t="239" w="89" /><ent r="65" t="247" w="238" /><ent r="3" t="266" w="18" /><ent r="3" t="268" w="12" /><ent r="3" t="271" w="17" /><ent r="1000" t="291" w="4" /><ent r="72" t="291" w="10" /><ent r="3" t="291" w="15" /><ent r="3" t="291" w="31" /></phr></stem><stem n="result"><phr n="result"><ent r="3" t="4" w="140" /><ent r="6" t="35" w="441" /><ent r="4" t="42" w="223" /><ent r="4" t="42" w="253" /><ent r="3" t="44" w="128" /><ent r="3" t="58" w="869" /><ent r="3" t="68" w="148" /><ent r="3" t="69" w="77" /><ent r="3" t="69" w="111" /><ent r="3" t="77" w="57" /><ent r="4" t="77" w="276" /><ent r="3" t="80" w="80" /><ent r="4" t="99" w="670" /><ent r="3" t="126" w="80" /><ent r="3" t="127" w="102" /><ent r="3" t="127" w="214" /><ent r="6" t="127" w="325" /><ent r="3" t="169" w="202" /><ent r="3" t="203" w="26" /><ent r="3" t="224" w="618" /><ent r="3" t="225" w="178" /><ent r="3" t="225" w="199" /><ent r="3" t="225" w="275" /><ent r="3" t="227" w="66" /><ent r="4" t="227" w="156" /><ent r="3" t="227" w="163" /><ent r="3" t="227" w="244" /><ent r="3" t="227" w="249" /><ent r="3" t="227" w="263" /><ent r="3" t="227" w="377" /><ent r="4" t="316" w="573" /></phr><phr n="results"><ent r="3" t="8" w="66" /><ent r="3" t="96" w="203" /><ent r="3" t="127" w="115" /><ent r="4" t="127" w="250" /><ent r="4" t="127" w="266" /><ent r="3" t="156" w="107" /><ent r="3" t="157" w="57" /><ent r="3" t="176" w="154" /><ent r="4" t="177" w="161" /><ent r="3" t="181" w="137" /><ent r="4" t="182" w="159" /><ent r="3" t="187" w="242" /><ent r="5" t="193" w="268" /><ent r="5" t="193" w="277" /><ent r="5" t="193" w="292" /><ent r="5" t="194" w="284" /><ent r="5" t="194" w="293" /><ent r="5" t="194" w="308" /><ent r="3" t="208" w="119" /><ent r="3" t="209" w="41" /><ent r="3" t="209" w="162" /><ent r="3" t="209" w="285" /><ent r="3" t="210" w="92" /><ent r="3" t="211" w="80" /><ent r="3" t="215" w="156" /><ent r="3" t="216" w="43" /><ent r="3" t="216" w="164" /><ent r="3" t="216" w="346" /><ent r="3" t="217" w="90" /><ent r="3" t="218" w="82" /><ent r="3" t="221" w="153" /><ent r="3" t="222" w="104" /><ent r="3" t="223" w="222" /><ent r="3" t="224" w="198" /><ent r="3" t="225" w="144" /><ent r="3" t="226" w="174" /><ent r="3" t="227" w="204" /></phr><phr n="resulting"><ent r="3" t="16" w="199" /><ent r="3" t="16" w="279" /><ent r="3" t="16" w="383" /><ent r="7" t="27" w="266" /><ent r="6" t="30" w="174" /><ent r="6" t="43" w="543" /><ent r="3" t="44" w="31" /><ent r="3" t="68" w="51" /><ent r="55" t="75" w="112" /><ent r="54" t="133" w="405" /><ent r="3" t="207" w="121" /><ent r="3" t="214" w="162" /></phr></stem></index>