<?xml version="1.0" encoding="utf-8"?><index><stem n="-locks,"><phr n="-locks,"><ent r="7" t="39" w="537" /><ent r="7" t="39" w="537" /></phr></stem><stem n="primit"><phr n="Primitives"><ent r="68" t="39" w="550" /><ent r="1000" t="142" w="3" /><ent r="72" t="142" w="7" /><ent r="3" t="142" w="197" /><ent r="3" t="146" w="166" /><ent r="65" t="146" w="221" /></phr></stem><stem n="storag"><phr n="Storage"><ent r="7" t="39" w="555" /><ent r="3" t="271" w="14" /></phr></stem><stem n="tl"><phr n="TLS"><ent r="7" t="39" w="556" /><ent r="58" t="39" w="570" /></phr></stem><stem n="(tls)"><phr n="(TLS)"><ent r="7" t="39" w="557" /></phr></stem><stem n="implicitli"><phr n="implicitly"><ent r="58" t="39" w="562" /><ent r="3" t="50" w="82" /></phr></stem><stem n="declspec"><phr n="declspec"><ent r="58" t="39" w="564" /></phr></stem><stem n="(thread)."><phr n="(thread)."><ent r="58" t="39" w="566" /></phr></stem><stem n="maximum"><phr n="Maximum"><ent r="7" t="39" w="584" /><ent r="6" t="74" w="217" /><ent r="6" t="74" w="232" /><ent r="4" t="108" w="28" /></phr></stem><stem n="although"><phr n="Although"><ent r="7" t="39" w="598" /><ent r="3" t="62" w="86" /><ent r="4" t="126" w="146" /><ent r="4" t="169" w="355" /><ent r="3" t="221" w="349" /></phr></stem><stem n="impact"><phr n="impact"><ent r="7" t="39" w="602" /><ent r="4" t="68" w="234" /><ent r="3" t="77" w="126" /><ent r="3" t="87" w="84" /><ent r="3" t="88" w="44" /><ent r="5" t="193" w="286" /><ent r="5" t="194" w="302" /><ent r="3" t="202" w="772" /><ent r="3" t="205" w="618" /></phr><phr n="impacts"><ent r="4" t="91" w="165" /><ent r="3" t="269" w="376" /></phr></stem><stem n="seh"><phr n="SEH"><ent r="7" t="39" w="606" /><ent r="6" t="312" w="105" /></phr></stem><stem n="handler"><phr n="handlers"><ent r="7" t="39" w="629" /><ent r="3" t="126" w="27" /><ent r="3" t="126" w="51" /><ent r="4" t="126" w="149" /><ent r="3" t="169" w="312" /><ent r="3" t="169" w="340" /><ent r="4" t="169" w="358" /></phr><phr n="handler"><ent r="3" t="126" w="62" /><ent r="4" t="126" w="97" /><ent r="4" t="126" w="108" /><ent r="4" t="126" w="176" /><ent r="65" t="126" w="190" /><ent r="65" t="126" w="195" /><ent r="1000" t="127" w="3" /><ent r="62" t="127" w="10" /><ent r="3" t="127" w="178" /><ent r="3" t="127" w="198" /><ent r="3" t="127" w="236" /><ent r="4" t="127" w="294" /><ent r="4" t="127" w="299" /><ent r="1000" t="169" w="4" /><ent r="72" t="169" w="9" /><ent r="4" t="169" w="14" /><ent r="3" t="169" w="22" /><ent r="4" t="169" w="32" /><ent r="3" t="169" w="43" /><ent r="3" t="169" w="46" /><ent r="3" t="169" w="55" /><ent r="3" t="169" w="60" /><ent r="3" t="169" w="64" /><ent r="3" t="169" w="67" /><ent r="4" t="169" w="75" /><ent r="3" t="169" w="84" /><ent r="3" t="169" w="94" /><ent r="3" t="169" w="98" /><ent r="3" t="169" w="108" /><ent r="3" t="169" w="112" /><ent r="4" t="169" w="118" /><ent r="3" t="169" w="123" /><ent r="3" t="169" w="137" /><ent r="3" t="169" w="152" /><ent r="3" t="169" w="158" /><ent r="3" t="169" w="176" /><ent r="3" t="169" w="217" /><ent r="4" t="169" w="244" /><ent r="3" t="169" w="252" /><ent r="4" t="169" w="262" /><ent r="3" t="169" w="269" /><ent r="3" t="169" w="272" /><ent r="4" t="169" w="281" /><ent r="3" t="169" w="287" /><ent r="3" t="169" w="298" /><ent r="3" t="169" w="304" /><ent r="4" t="169" w="327" /><ent r="1000" t="170" w="4" /><ent r="72" t="170" w="9" /><ent r="4" t="170" w="14" /><ent r="3" t="170" w="23" /><ent r="3" t="170" w="31" /><ent r="3" t="170" w="34" /><ent r="4" t="170" w="40" /><ent r="3" t="170" w="49" /><ent r="4" t="170" w="58" /><ent r="3" t="170" w="71" /><ent r="3" t="170" w="80" /><ent r="3" t="170" w="88" /><ent r="3" t="170" w="105" /><ent r="4" t="170" w="138" /><ent r="3" t="170" w="146" /><ent r="65" t="247" w="54" /><ent r="1000" t="254" w="3" /><ent r="72" t="254" w="8" /><ent r="3" t="254" w="19" /><ent r="3" t="254" w="27" /><ent r="3" t="254" w="66" /><ent r="3" t="254" w="80" /><ent r="3" t="254" w="92" /></phr></stem><stem n="successfulli"><phr n="successfully"><ent r="3" t="40" w="18" /><ent r="3" t="41" w="31" /><ent r="3" t="74" w="327" /><ent r="3" t="149" w="555" /><ent r="3" t="150" w="73" /><ent r="3" t="152" w="109" /><ent r="3" t="153" w="89" /><ent r="3" t="154" w="313" /><ent r="3" t="155" w="249" /><ent r="3" t="156" w="471" /><ent r="3" t="157" w="340" /><ent r="3" t="158" w="102" /><ent r="3" t="159" w="84" /><ent r="3" t="160" w="131" /><ent r="3" t="161" w="146" /><ent r="3" t="162" w="155" /><ent r="3" t="163" w="42" /><ent r="3" t="163" w="132" /><ent r="3" t="164" w="70" /><ent r="3" t="165" w="91" /><ent r="3" t="169" w="140" /><ent r="3" t="170" w="74" /><ent r="3" t="174" w="109" /><ent r="3" t="176" w="88" /><ent r="3" t="177" w="66" /><ent r="3" t="178" w="66" /><ent r="3" t="179" w="69" /><ent r="3" t="180" w="66" /><ent r="3" t="181" w="87" /><ent r="3" t="182" w="67" /><ent r="3" t="187" w="153" /><ent r="3" t="188" w="67" /><ent r="3" t="189" w="79" /><ent r="3" t="190" w="138" /><ent r="3" t="192" w="67" /><ent r="3" t="207" w="154" /><ent r="3" t="209" w="185" /><ent r="3" t="210" w="143" /><ent r="3" t="211" w="102" /><ent r="3" t="212" w="387" /><ent r="3" t="213" w="396" /><ent r="3" t="214" w="195" /><ent r="3" t="215" w="178" /><ent r="3" t="216" w="186" /><ent r="3" t="217" w="141" /><ent r="3" t="218" w="104" /><ent r="3" t="219" w="220" /><ent r="3" t="220" w="220" /><ent r="3" t="221" w="334" /><ent r="3" t="222" w="144" /><ent r="3" t="223" w="259" /><ent r="3" t="224" w="235" /><ent r="3" t="225" w="191" /><ent r="3" t="226" w="209" /><ent r="3" t="227" w="241" /><ent r="3" t="228" w="46" /><ent r="3" t="229" w="51" /><ent r="3" t="230" w="91" /><ent r="3" t="231" w="125" /><ent r="3" t="232" w="211" /><ent r="3" t="233" w="108" /><ent r="3" t="234" w="81" /><ent r="3" t="235" w="96" /><ent r="3" t="236" w="94" /><ent r="3" t="241" w="162" /><ent r="3" t="242" w="177" /><ent r="3" t="243" w="234" /><ent r="3" t="244" w="482" /><ent r="3" t="245" w="419" /><ent r="3" t="257" w="98" /></phr></stem><stem n="look"><phr n="look"><ent r="3" t="40" w="60" /><ent r="3" t="42" w="753" /></phr></stem><stem n="//"><phr n="//"><ent r="3" t="40" w="65" /><ent r="3" t="40" w="84" /><ent r="3" t="40" w="92" /><ent r="3" t="40" w="101" /><ent r="3" t="40" w="109" /><ent r="3" t="40" w="167" /><ent r="3" t="40" w="186" /><ent r="3" t="40" w="230" /><ent r="3" t="42" w="690" /><ent r="3" t="42" w="764" /><ent r="3" t="51" w="190" /><ent r="3" t="51" w="209" /><ent r="3" t="51" w="217" /><ent r="3" t="51" w="222" /><ent r="3" t="51" w="235" /><ent r="3" t="51" w="251" /><ent r="3" t="51" w="277" /><ent r="3" t="51" w="328" /><ent r="3" t="51" w="336" /><ent r="3" t="51" w="368" /><ent r="3" t="51" w="383" /><ent r="3" t="52" w="21" /><ent r="3" t="53" w="208" /><ent r="3" t="53" w="221" /><ent r="3" t="53" w="233" /><ent r="3" t="56" w="41" /><ent r="3" t="56" w="51" /><ent r="3" t="56" w="63" /><ent r="3" t="56" w="66" /><ent r="3" t="56" w="79" /><ent r="3" t="59" w="278" /><ent r="3" t="59" w="285" /><ent r="3" t="59" w="304" /><ent r="3" t="62" w="394" /><ent r="3" t="62" w="413" /><ent r="3" t="62" w="432" /><ent r="3" t="62" w="452" /><ent r="3" t="62" w="478" /><ent r="3" t="62" w="484" /><ent r="3" t="62" w="493" /><ent r="3" t="62" w="515" /><ent r="3" t="62" w="557" /><ent r="3" t="62" w="566" /><ent r="3" t="62" w="585" /><ent r="3" t="62" w="608" /><ent r="3" t="64" w="194" /><ent r="3" t="64" w="199" /><ent r="3" t="64" w="209" /><ent r="3" t="64" w="217" /><ent r="3" t="64" w="318" /><ent r="3" t="64" w="325" /><ent r="3" t="64" w="339" /><ent r="3" t="64" w="346" /><ent r="3" t="64" w="361" /><ent r="3" t="64" w="388" /><ent r="3" t="64" w="664" /><ent r="3" t="64" w="680" /><ent r="3" t="64" w="691" /><ent r="3" t="64" w="704" /><ent r="3" t="64" w="711" /><ent r="3" t="67" w="138" /><ent r="3" t="67" w="153" /><ent r="3" t="67" w="169" /><ent r="3" t="68" w="101" /><ent r="3" t="68" w="107" /><ent r="3" t="69" w="330" /><ent r="3" t="69" w="362" /><ent r="3" t="69" w="367" /><ent r="3" t="71" w="218" /><ent r="3" t="71" w="229" /><ent r="3" t="71" w="235" /><ent r="3" t="71" w="262" /><ent r="3" t="71" w="289" /><ent r="3" t="76" w="223" /><ent r="3" t="76" w="266" /><ent r="3" t="76" w="278" /><ent r="3" t="297" w="62" /></phr></stem><stem n="{"><phr n="{"><ent r="3" t="40" w="69" /><ent r="3" t="40" w="71" /><ent r="3" t="40" w="83" /><ent r="3" t="42" w="694" /><ent r="3" t="42" w="696" /><ent r="3" t="42" w="763" /><ent r="3" t="51" w="63" /><ent r="3" t="51" w="92" /><ent r="3" t="51" w="120" /><ent r="3" t="51" w="189" /><ent r="3" t="51" w="260" /><ent r="3" t="51" w="271" /><ent r="3" t="51" w="286" /><ent r="3" t="51" w="342" /><ent r="3" t="52" w="17" /><ent r="3" t="53" w="204" /><ent r="3" t="53" w="217" /><ent r="3" t="53" w="229" /><ent r="3" t="56" w="40" /><ent r="3" t="56" w="147" /><ent r="3" t="56" w="164" /><ent r="3" t="56" w="183" /><ent r="3" t="56" w="200" /><ent r="3" t="56" w="222" /><ent r="3" t="59" w="172" /><ent r="3" t="59" w="175" /><ent r="3" t="59" w="224" /><ent r="3" t="59" w="273" /><ent r="3" t="59" w="276" /><ent r="3" t="62" w="389" /><ent r="3" t="62" w="392" /><ent r="3" t="62" w="546" /><ent r="3" t="62" w="555" /><ent r="3" t="64" w="188" /><ent r="3" t="64" w="207" /><ent r="3" t="64" w="302" /><ent r="3" t="64" w="316" /><ent r="3" t="67" w="62" /><ent r="3" t="67" w="77" /><ent r="3" t="67" w="121" /><ent r="3" t="67" w="136" /><ent r="3" t="68" w="98" /><ent r="3" t="68" w="100" /><ent r="3" t="68" w="106" /><ent r="3" t="69" w="227" /><ent r="3" t="69" w="230" /><ent r="3" t="69" w="242" /><ent r="3" t="69" w="326" /><ent r="3" t="69" w="329" /><ent r="3" t="70" w="135" /><ent r="3" t="70" w="138" /><ent r="3" t="70" w="149" /><ent r="3" t="71" w="173" /><ent r="3" t="71" w="222" /><ent r="3" t="71" w="242" /><ent r="3" t="71" w="251" /><ent r="3" t="71" w="269" /><ent r="3" t="71" w="278" /><ent r="3" t="71" w="296" /><ent r="3" t="71" w="299" /><ent r="3" t="72" w="75" /><ent r="3" t="72" w="88" /><ent r="3" t="72" w="90" /><ent r="3" t="72" w="110" /><ent r="3" t="76" w="197" /><ent r="3" t="76" w="249" /><ent r="3" t="98" w="222" /><ent r="3" t="98" w="242" /><ent r="3" t="250" w="60" /><ent r="3" t="251" w="62" /><ent r="3" t="252" w="61" /><ent r="3" t="252" w="147" /><ent r="3" t="253" w="44" /><ent r="3" t="257" w="27" /><ent r="3" t="258" w="27" /><ent r="3" t="259" w="27" /><ent r="3" t="260" w="27" /><ent r="3" t="263" w="105" /><ent r="3" t="264" w="32" /><ent r="3" t="266" w="60" /><ent r="3" t="267" w="57" /><ent r="3" t="269" w="56" /><ent r="3" t="270" w="36" /><ent r="3" t="272" w="61" /><ent r="3" t="274" w="65" /><ent r="3" t="275" w="39" /><ent r="3" t="276" w="53" /><ent r="3" t="277" w="35" /><ent r="3" t="278" w="95" /><ent r="3" t="280" w="26" /><ent r="3" t="281" w="24" /><ent r="3" t="282" w="27" /><ent r="3" t="283" w="23" /><ent r="3" t="284" w="27" /><ent r="3" t="287" w="27" /><ent r="3" t="288" w="36" /><ent r="3" t="289" w="43" /><ent r="3" t="293" w="33" /><ent r="3" t="294" w="38" /><ent r="3" t="295" w="39" /><ent r="3" t="296" w="38" /><ent r="3" t="300" w="39" /><ent r="3" t="301" w="38" /><ent r="3" t="302" w="30" /><ent r="3" t="303" w="30" /><ent r="3" t="304" w="30" /><ent r="3" t="305" w="38" /><ent r="3" t="306" w="41" /><ent r="3" t="307" w="39" /><ent r="3" t="308" w="30" /><ent r="3" t="309" w="35" /></phr></stem><stem n="void"><phr n="void"><ent r="3" t="40" w="73" /><ent r="3" t="40" w="113" /><ent r="3" t="42" w="698" /><ent r="3" t="42" w="757" /><ent r="3" t="51" w="312" /><ent r="3" t="51" w="321" /><ent r="3" t="51" w="378" /><ent r="6" t="54" w="41" /><ent r="3" t="55" w="20" /><ent r="3" t="56" w="225" /><ent r="3" t="56" w="232" /><ent r="3" t="56" w="239" /><ent r="3" t="56" w="248" /><ent r="3" t="56" w="255" /><ent r="3" t="56" w="262" /><ent r="3" t="56" w="269" /><ent r="3" t="56" w="279" /><ent r="3" t="56" w="288" /><ent r="3" t="56" w="298" /><ent r="3" t="56" w="308" /><ent r="3" t="56" w="318" /><ent r="3" t="56" w="328" /><ent r="3" t="56" w="338" /><ent r="3" t="56" w="348" /><ent r="3" t="59" w="178" /><ent r="3" t="59" w="190" /><ent r="3" t="59" w="200" /><ent r="3" t="59" w="210" /><ent r="3" t="59" w="226" /><ent r="3" t="59" w="237" /><ent r="3" t="59" w="246" /><ent r="3" t="59" w="255" /><ent r="3" t="59" w="296" /><ent r="3" t="59" w="313" /><ent r="4" t="61" w="123" /><ent r="3" t="62" w="400" /><ent r="3" t="62" w="406" /><ent r="3" t="62" w="419" /><ent r="3" t="62" w="425" /><ent r="3" t="62" w="440" /><ent r="3" t="62" w="459" /><ent r="3" t="62" w="499" /><ent r="3" t="62" w="503" /><ent r="3" t="62" w="511" /><ent r="3" t="62" w="523" /><ent r="3" t="62" w="534" /><ent r="3" t="62" w="572" /><ent r="3" t="62" w="578" /><ent r="3" t="62" w="593" /><ent r="3" t="62" w="617" /><ent r="3" t="62" w="627" /><ent r="3" t="64" w="196" /><ent r="3" t="64" w="201" /><ent r="3" t="64" w="227" /><ent r="3" t="64" w="238" /><ent r="3" t="64" w="249" /><ent r="3" t="64" w="261" /><ent r="3" t="64" w="277" /><ent r="3" t="64" w="310" /><ent r="3" t="64" w="330" /><ent r="3" t="64" w="351" /><ent r="3" t="64" w="373" /><ent r="3" t="64" w="397" /><ent r="4" t="64" w="509" /><ent r="3" t="64" w="657" /><ent r="3" t="64" w="673" /><ent r="3" t="64" w="678" /><ent r="3" t="64" w="682" /><ent r="3" t="64" w="699" /><ent r="3" t="67" w="80" /><ent r="3" t="67" w="90" /><ent r="3" t="67" w="102" /><ent r="3" t="67" w="145" /><ent r="3" t="67" w="161" /><ent r="3" t="67" w="177" /><ent r="3" t="68" w="114" /><ent r="3" t="69" w="232" /><ent r="3" t="69" w="236" /><ent r="3" t="69" w="284" /><ent r="3" t="69" w="302" /><ent r="3" t="69" w="307" /><ent r="3" t="69" w="312" /><ent r="3" t="69" w="316" /><ent r="3" t="69" w="345" /><ent r="3" t="69" w="374" /><ent r="3" t="69" w="378" /><ent r="3" t="70" w="140" /><ent r="3" t="70" w="144" /><ent r="3" t="70" w="198" /><ent r="3" t="71" w="253" /><ent r="3" t="71" w="280" /><ent r="3" t="71" w="301" /><ent r="3" t="72" w="92" /><ent r="3" t="72" w="100" /><ent r="3" t="72" w="111" /><ent r="3" t="166" w="57" /><ent r="3" t="167" w="57" /><ent r="3" t="169" w="51" /><ent r="3" t="170" w="33" /><ent r="3" t="171" w="24" /><ent r="3" t="172" w="19" /><ent r="3" t="173" w="56" /><ent r="3" t="173" w="59" /><ent r="3" t="186" w="31" /><ent r="3" t="228" w="33" /><ent r="3" t="229" w="38" /></phr></stem><stem n="_secret([out]"><phr n="_secret([out]"><ent r="3" t="40" w="77" /><ent r="3" t="72" w="96" /></phr></stem><stem n="_t*"><phr n="_t*"><ent r="3" t="40" w="79" /><ent r="3" t="40" w="120" /><ent r="3" t="40" w="166" /><ent r="3" t="40" w="185" /><ent r="3" t="72" w="98" /><ent r="3" t="72" w="106" /><ent r="3" t="72" w="118" /><ent r="3" t="72" w="124" /></phr></stem><stem n="};"><phr n="};"><ent r="3" t="40" w="81" /><ent r="3" t="40" w="122" /><ent r="3" t="40" w="123" /><ent r="3" t="42" w="703" /><ent r="3" t="42" w="704" /><ent r="3" t="51" w="117" /><ent r="3" t="51" w="145" /><ent r="3" t="51" w="146" /><ent r="3" t="51" w="268" /><ent r="3" t="51" w="275" /><ent r="3" t="51" w="334" /><ent r="3" t="51" w="408" /><ent r="3" t="51" w="409" /><ent r="3" t="52" w="36" /><ent r="3" t="53" w="226" /><ent r="3" t="53" w="238" /><ent r="3" t="53" w="239" /><ent r="3" t="56" w="77" /><ent r="3" t="56" w="105" /><ent r="3" t="56" w="140" /><ent r="3" t="56" w="141" /><ent r="3" t="56" w="142" /><ent r="3" t="56" w="177" /><ent r="3" t="56" w="194" /><ent r="3" t="56" w="219" /><ent r="3" t="56" w="356" /><ent r="3" t="56" w="358" /><ent r="3" t="59" w="221" /><ent r="3" t="59" w="266" /><ent r="3" t="59" w="268" /><ent r="3" t="59" w="323" /><ent r="3" t="59" w="324" /><ent r="3" t="62" w="540" /><ent r="3" t="62" w="541" /><ent r="3" t="62" w="637" /><ent r="3" t="62" w="638" /><ent r="3" t="64" w="295" /><ent r="3" t="64" w="296" /><ent r="3" t="64" w="415" /><ent r="3" t="64" w="417" /><ent r="3" t="67" w="115" /><ent r="3" t="67" w="116" /><ent r="3" t="67" w="192" /><ent r="3" t="67" w="193" /><ent r="3" t="69" w="238" /><ent r="3" t="69" w="319" /><ent r="3" t="69" w="320" /><ent r="3" t="69" w="380" /><ent r="3" t="69" w="381" /><ent r="3" t="70" w="146" /><ent r="3" t="70" w="216" /><ent r="3" t="70" w="217" /><ent r="3" t="71" w="192" /><ent r="3" t="71" w="233" /><ent r="3" t="71" w="259" /><ent r="3" t="71" w="260" /><ent r="3" t="71" w="286" /><ent r="3" t="71" w="287" /><ent r="3" t="71" w="307" /><ent r="3" t="71" w="308" /><ent r="3" t="72" w="84" /><ent r="3" t="72" w="108" /><ent r="3" t="72" w="131" /><ent r="3" t="72" w="132" /><ent r="3" t="98" w="277" /><ent r="3" t="98" w="278" /></phr></stem><stem n="illustr"><phr n="illustration"><ent r="3" t="40" w="88" /></phr><phr n="illustrates"><ent r="3" t="90" w="15" /><ent r="3" t="95" w="12" /><ent r="3" t="96" w="17" /><ent r="3" t="142" w="195" /></phr></stem><stem n="unless"><phr n="unless"><ent r="3" t="40" w="101" /><ent r="3" t="127" w="189" /></phr></stem><stem n="phase"><phr n="phase"><ent r="3" t="40" w="107" /></phr></stem><stem n="_secret([in]"><phr n="_secret([in]"><ent r="3" t="40" w="117" /><ent r="3" t="51" w="316" /><ent r="3" t="72" w="104" /></phr></stem><stem n="const"><phr n="const"><ent r="3" t="40" w="117" /><ent r="3" t="40" w="182" /><ent r="3" t="51" w="264" /><ent r="6" t="54" w="133" /><ent r="3" t="55" w="71" /><ent r="3" t="62" w="308" /><ent r="3" t="62" w="498" /><ent r="3" t="64" w="202" /><ent r="3" t="64" w="251" /><ent r="3" t="64" w="255" /><ent r="3" t="64" w="311" /><ent r="4" t="64" w="510" /><ent r="62" t="66" w="4" /><ent r="4" t="66" w="16" /><ent r="4" t="66" w="26" /><ent r="3" t="66" w="73" /><ent r="3" t="66" w="77" /><ent r="4" t="66" w="90" /><ent r="3" t="66" w="122" /><ent r="3" t="68" w="118" /><ent r="3" t="69" w="251" /><ent r="3" t="69" w="257" /><ent r="3" t="69" w="283" /><ent r="3" t="69" w="344" /><ent r="3" t="70" w="159" /><ent r="3" t="70" w="165" /><ent r="3" t="70" w="197" /><ent r="6" t="85" w="175" /><ent r="3" t="149" w="72" /><ent r="3" t="149" w="77" /><ent r="3" t="150" w="34" /><ent r="3" t="153" w="35" /><ent r="3" t="154" w="30" /><ent r="3" t="154" w="45" /><ent r="3" t="154" w="52" /><ent r="3" t="154" w="60" /><ent r="3" t="156" w="186" /><ent r="3" t="157" w="225" /><ent r="3" t="160" w="98" /><ent r="3" t="166" w="56" /><ent r="3" t="167" w="56" /><ent r="3" t="176" w="42" /><ent r="3" t="181" w="42" /><ent r="3" t="195" w="46" /><ent r="3" t="196" w="58" /><ent r="3" t="196" w="66" /><ent r="3" t="197" w="44" /><ent r="3" t="198" w="61" /><ent r="3" t="198" w="69" /><ent r="3" t="199" w="73" /><ent r="3" t="200" w="66" /><ent r="3" t="201" w="71" /><ent r="3" t="201" w="78" /><ent r="3" t="201" w="85" /><ent r="3" t="201" w="91" /><ent r="3" t="201" w="97" /><ent r="3" t="202" w="87" /><ent r="3" t="202" w="93" /><ent r="3" t="202" w="100" /><ent r="3" t="202" w="108" /><ent r="3" t="202" w="115" /><ent r="3" t="202" w="122" /><ent r="3" t="202" w="128" /><ent r="3" t="202" w="134" /><ent r="3" t="203" w="79" /><ent r="3" t="204" w="31" /><ent r="3" t="204" w="38" /><ent r="3" t="204" w="45" /><ent r="3" t="205" w="48" /><ent r="3" t="205" w="54" /><ent r="3" t="205" w="61" /><ent r="3" t="205" w="69" /><ent r="3" t="205" w="76" /><ent r="3" t="205" w="83" /><ent r="3" t="206" w="56" /><ent r="3" t="207" w="36" /><ent r="3" t="209" w="59" /><ent r="3" t="212" w="45" /><ent r="3" t="212" w="55" /><ent r="3" t="212" w="71" /><ent r="3" t="212" w="82" /><ent r="3" t="213" w="45" /><ent r="3" t="213" w="55" /><ent r="3" t="213" w="71" /><ent r="3" t="213" w="82" /><ent r="3" t="213" w="93" /><ent r="3" t="214" w="41" /><ent r="3" t="214" w="50" /><ent r="3" t="215" w="78" /><ent r="3" t="216" w="61" /><ent r="3" t="219" w="51" /><ent r="3" t="219" w="61" /><ent r="3" t="219" w="67" /><ent r="3" t="219" w="78" /><ent r="3" t="220" w="51" /><ent r="3" t="220" w="61" /><ent r="3" t="220" w="67" /><ent r="3" t="220" w="78" /><ent r="3" t="225" w="66" /><ent r="3" t="225" w="74" /><ent r="3" t="226" w="36" /><ent r="3" t="227" w="37" /><ent r="3" t="227" w="48" /><ent r="3" t="232" w="40" /><ent r="3" t="234" w="47" /><ent r="3" t="235" w="36" /><ent r="3" t="236" w="34" /><ent r="3" t="237" w="37" /><ent r="3" t="238" w="53" /><ent r="3" t="243" w="52" /><ent r="3" t="244" w="42" /><ent r="3" t="245" w="45" /><ent r="3" t="292" w="73" /><ent r="3" t="298" w="56" /><ent r="3" t="298" w="64" /><ent r="4" t="316" w="478" /><ent r="4" t="316" w="480" /><ent r="4" t="316" w="492" /><ent r="4" t="316" w="495" /><ent r="4" t="316" w="497" /></phr></stem><stem n="statu"><phr n="status"><ent r="3" t="40" w="155" /><ent r="3" t="40" w="178" /><ent r="3" t="40" w="243" /><ent r="3" t="40" w="245" /><ent r="4" t="41" w="23" /><ent r="6" t="49" w="234" /><ent r="3" t="76" w="205" /><ent r="4" t="80" w="115" /><ent r="3" t="98" w="245" /><ent r="3" t="98" w="265" /><ent r="65" t="118" w="101" /><ent r="3" t="121" w="38" /><ent r="3" t="149" w="66" /><ent r="3" t="150" w="28" /><ent r="3" t="151" w="31" /><ent r="3" t="152" w="35" /><ent r="3" t="153" w="28" /><ent r="3" t="154" w="24" /><ent r="3" t="155" w="81" /><ent r="3" t="156" w="147" /><ent r="72" t="157" w="10" /><ent r="4" t="157" w="15" /><ent r="4" t="157" w="48" /><ent r="4" t="157" w="68" /><ent r="5" t="157" w="111" /><ent r="5" t="157" w="169" /><ent r="3" t="157" w="218" /><ent r="3" t="157" w="223" /><ent r="3" t="157" w="236" /><ent r="4" t="157" w="267" /><ent r="4" t="157" w="319" /><ent r="4" t="157" w="488" /><ent r="3" t="158" w="57" /><ent r="3" t="159" w="28" /><ent r="3" t="160" w="90" /><ent r="6" t="160" w="205" /><ent r="7" t="160" w="211" /><ent r="3" t="161" w="26" /><ent r="3" t="161" w="50" /><ent r="3" t="161" w="58" /><ent r="3" t="161" w="62" /><ent r="4" t="161" w="70" /><ent r="3" t="161" w="74" /><ent r="4" t="161" w="157" /><ent r="3" t="162" w="30" /><ent r="3" t="162" w="55" /><ent r="3" t="162" w="64" /><ent r="3" t="162" w="68" /><ent r="4" t="162" w="76" /><ent r="3" t="162" w="80" /><ent r="4" t="162" w="166" /><ent r="3" t="163" w="41" /><ent r="3" t="163" w="47" /><ent r="3" t="163" w="178" /><ent r="3" t="164" w="29" /><ent r="3" t="165" w="28" /><ent r="3" t="168" w="30" /><ent r="3" t="177" w="121" /><ent r="3" t="179" w="105" /><ent r="3" t="184" w="98" /><ent r="3" t="193" w="56" /><ent r="3" t="194" w="59" /><ent r="3" t="195" w="40" /><ent r="3" t="196" w="52" /><ent r="3" t="197" w="38" /><ent r="3" t="201" w="65" /><ent r="3" t="202" w="80" /><ent r="3" t="203" w="73" /><ent r="3" t="204" w="25" /><ent r="3" t="205" w="41" /><ent r="3" t="206" w="50" /><ent r="3" t="207" w="30" /><ent r="3" t="208" w="71" /><ent r="3" t="209" w="53" /><ent r="3" t="210" w="39" /><ent r="3" t="211" w="34" /><ent r="3" t="212" w="39" /><ent r="3" t="213" w="39" /><ent r="3" t="214" w="34" /><ent r="3" t="215" w="72" /><ent r="3" t="216" w="55" /><ent r="3" t="217" w="36" /><ent r="3" t="218" w="36" /><ent r="3" t="219" w="44" /><ent r="3" t="220" w="44" /><ent r="3" t="221" w="101" /><ent r="3" t="222" w="54" /><ent r="3" t="223" w="73" /><ent r="3" t="224" w="50" /><ent r="3" t="225" w="59" /><ent r="3" t="226" w="30" /><ent r="3" t="227" w="31" /><ent r="3" t="228" w="26" /><ent r="3" t="229" w="31" /><ent r="3" t="230" w="35" /><ent r="3" t="231" w="27" /><ent r="3" t="232" w="27" /><ent r="3" t="233" w="33" /><ent r="3" t="234" w="40" /><ent r="3" t="235" w="29" /><ent r="3" t="236" w="27" /><ent r="3" t="237" w="31" /><ent r="3" t="238" w="46" /><ent r="3" t="239" w="66" /><ent r="3" t="240" w="42" /><ent r="3" t="241" w="28" /><ent r="3" t="242" w="35" /><ent r="3" t="243" w="44" /><ent r="3" t="244" w="34" /><ent r="3" t="245" w="37" /><ent r="65" t="247" w="342" /><ent r="3" t="252" w="220" /><ent r="3" t="252" w="252" /><ent r="3" t="292" w="64" /><ent r="3" t="297" w="32" /><ent r="3" t="298" w="32" /><ent r="3" t="299" w="32" /><ent r="72" t="309" w="9" /><ent r="3" t="309" w="15" /><ent r="3" t="309" w="32" /><ent r="3" t="309" w="59" /><ent r="6" t="309" w="151" /></phr></stem><stem n="_status_t"><phr n="_status_t"><ent r="3" t="40" w="156" /><ent r="3" t="40" w="179" /><ent r="3" t="40" w="244" /><ent r="4" t="41" w="24" /><ent r="3" t="76" w="206" /><ent r="3" t="98" w="246" /><ent r="3" t="98" w="266" /><ent r="3" t="149" w="67" /><ent r="3" t="150" w="29" /><ent r="3" t="151" w="32" /><ent r="3" t="152" w="36" /><ent r="3" t="153" w="29" /><ent r="3" t="154" w="25" /><ent r="3" t="155" w="82" /><ent r="3" t="156" w="148" /><ent r="3" t="157" w="219" /><ent r="3" t="158" w="58" /><ent r="3" t="159" w="29" /><ent r="3" t="160" w="91" /><ent r="3" t="161" w="51" /><ent r="3" t="162" w="56" /><ent r="3" t="163" w="48" /><ent r="3" t="164" w="30" /><ent r="3" t="165" w="29" /><ent r="3" t="168" w="31" /><ent r="3" t="193" w="57" /><ent r="3" t="194" w="60" /><ent r="3" t="195" w="41" /><ent r="3" t="196" w="53" /><ent r="3" t="197" w="39" /><ent r="3" t="201" w="66" /><ent r="3" t="202" w="81" /><ent r="3" t="203" w="74" /><ent r="3" t="204" w="26" /><ent r="3" t="205" w="42" /><ent r="3" t="206" w="51" /><ent r="3" t="207" w="31" /><ent r="3" t="208" w="72" /><ent r="3" t="209" w="54" /><ent r="3" t="210" w="40" /><ent r="3" t="211" w="35" /><ent r="3" t="212" w="40" /><ent r="3" t="213" w="40" /><ent r="3" t="214" w="35" /><ent r="3" t="215" w="73" /><ent r="3" t="216" w="56" /><ent r="3" t="217" w="37" /><ent r="3" t="218" w="37" /><ent r="3" t="219" w="45" /><ent r="3" t="220" w="45" /><ent r="3" t="221" w="102" /><ent r="3" t="222" w="55" /><ent r="3" t="223" w="74" /><ent r="3" t="224" w="51" /><ent r="3" t="225" w="60" /><ent r="3" t="226" w="31" /><ent r="3" t="227" w="32" /><ent r="3" t="228" w="27" /><ent r="3" t="229" w="32" /><ent r="3" t="230" w="36" /><ent r="3" t="231" w="28" /><ent r="3" t="232" w="28" /><ent r="3" t="233" w="34" /><ent r="3" t="234" w="41" /><ent r="3" t="235" w="30" /><ent r="3" t="236" w="28" /><ent r="3" t="237" w="32" /><ent r="3" t="238" w="47" /><ent r="3" t="239" w="67" /><ent r="3" t="240" w="43" /><ent r="3" t="241" w="29" /><ent r="3" t="242" w="36" /><ent r="3" t="243" w="45" /><ent r="3" t="244" w="35" /><ent r="3" t="245" w="38" /><ent r="3" t="297" w="33" /><ent r="3" t="298" w="33" /><ent r="3" t="299" w="33" /></phr></stem><stem n="_secret(sgx_enclave_id_t"><phr n="_secret(sgx_enclave_id_t"><ent r="3" t="40" w="162" /></phr></stem></index>