<?xml version="1.0" encoding="utf-8"?><index><stem n="on"><phr n="one"><ent r="4" t="6" w="56" /><ent r="3" t="25" w="106" /><ent r="6" t="26" w="67" /><ent r="3" t="26" w="438" /><ent r="3" t="29" w="47" /><ent r="3" t="30" w="20" /><ent r="3" t="30" w="42" /><ent r="4" t="30" w="74" /><ent r="3" t="34" w="362" /><ent r="3" t="36" w="139" /><ent r="3" t="36" w="220" /><ent r="3" t="44" w="208" /><ent r="3" t="58" w="232" /><ent r="4" t="59" w="419" /><ent r="4" t="59" w="483" /><ent r="4" t="59" w="552" /><ent r="3" t="61" w="107" /><ent r="3" t="63" w="87" /><ent r="3" t="65" w="72" /><ent r="3" t="71" w="134" /><ent r="3" t="73" w="98" /><ent r="3" t="74" w="30" /><ent r="3" t="75" w="21" /><ent r="4" t="75" w="155" /><ent r="3" t="77" w="150" /><ent r="3" t="77" w="153" /><ent r="3" t="87" w="94" /><ent r="3" t="87" w="134" /><ent r="3" t="87" w="191" /><ent r="3" t="87" w="194" /><ent r="3" t="90" w="16" /><ent r="3" t="91" w="78" /><ent r="3" t="91" w="81" /><ent r="4" t="92" w="39" /><ent r="3" t="96" w="112" /><ent r="3" t="101" w="32" /><ent r="3" t="102" w="38" /><ent r="4" t="107" w="123" /><ent r="3" t="117" w="22" /><ent r="3" t="126" w="37" /><ent r="3" t="133" w="102" /><ent r="3" t="134" w="9" /><ent r="3" t="142" w="22" /><ent r="3" t="149" w="448" /><ent r="3" t="149" w="719" /><ent r="3" t="149" w="1077" /><ent r="3" t="152" w="27" /><ent r="3" t="152" w="217" /><ent r="3" t="154" w="449" /><ent r="3" t="155" w="359" /><ent r="3" t="156" w="581" /><ent r="4" t="157" w="191" /><ent r="3" t="157" w="458" /><ent r="3" t="184" w="63" /><ent r="3" t="191" w="24" /><ent r="3" t="201" w="26" /><ent r="3" t="202" w="28" /><ent r="3" t="203" w="27" /><ent r="3" t="210" w="188" /><ent r="3" t="217" w="241" /><ent r="3" t="225" w="277" /><ent r="3" t="227" w="384" /><ent r="3" t="228" w="137" /><ent r="3" t="231" w="235" /><ent r="3" t="232" w="365" /><ent r="4" t="232" w="600" /><ent r="3" t="233" w="261" /><ent r="4" t="233" w="507" /><ent r="3" t="234" w="240" /><ent r="3" t="235" w="255" /><ent r="3" t="236" w="225" /><ent r="4" t="239" w="304" /><ent r="4" t="257" w="119" /><ent r="4" t="269" w="286" /><ent r="3" t="272" w="33" /><ent r="6" t="310" w="343" /></phr><phr n="ones"><ent r="4" t="42" w="555" /><ent r="3" t="101" w="271" /><ent r="3" t="101" w="378" /></phr></stem><stem n="exist"><phr n="exist"><ent r="4" t="6" w="59" /><ent r="3" t="234" w="118" /><ent r="3" t="235" w="133" /><ent r="3" t="236" w="119" /><ent r="6" t="310" w="734" /></phr><phr n="existing"><ent r="8" t="11" w="165" /><ent r="3" t="29" w="41" /><ent r="3" t="29" w="58" /><ent r="3" t="53" w="120" /><ent r="4" t="144" w="223" /></phr><phr n="existent"><ent r="4" t="42" w="549" /><ent r="4" t="42" w="567" /></phr></stem><stem n="untrust"><phr n="Untrusted"><ent r="4" t="6" w="64" /><ent r="3" t="6" w="151" /><ent r="3" t="6" w="162" /><ent r="6" t="7" w="139" /><ent r="3" t="13" w="47" /><ent r="4" t="13" w="98" /><ent r="4" t="13" w="102" /><ent r="3" t="17" w="24" /><ent r="3" t="17" w="28" /><ent r="4" t="17" w="110" /><ent r="4" t="17" w="132" /><ent r="3" t="17" w="151" /><ent r="3" t="17" w="162" /><ent r="3" t="17" w="394" /><ent r="3" t="17" w="418" /><ent r="3" t="17" w="432" /><ent r="3" t="17" w="473" /><ent r="3" t="17" w="491" /><ent r="4" t="18" w="119" /><ent r="65" t="19" w="36" /><ent r="1000" t="21" w="5" /><ent r="82" t="21" w="13" /><ent r="3" t="21" w="23" /><ent r="5" t="23" w="43" /><ent r="3" t="24" w="43" /><ent r="4" t="24" w="129" /><ent r="4" t="24" w="143" /><ent r="6" t="24" w="181" /><ent r="6" t="24" w="208" /><ent r="6" t="24" w="211" /><ent r="6" t="24" w="228" /><ent r="6" t="24" w="238" /><ent r="4" t="24" w="264" /><ent r="4" t="32" w="125" /><ent r="3" t="34" w="306" /><ent r="65" t="38" w="44" /><ent r="4" t="38" w="100" /><ent r="4" t="38" w="134" /><ent r="3" t="39" w="27" /><ent r="7" t="39" w="533" /><ent r="3" t="40" w="82" /><ent r="3" t="40" w="135" /><ent r="3" t="40" w="150" /><ent r="3" t="40" w="195" /><ent r="3" t="40" w="293" /><ent r="3" t="40" w="301" /><ent r="3" t="41" w="13" /><ent r="3" t="42" w="29" /><ent r="3" t="42" w="54" /><ent r="4" t="42" w="159" /><ent r="4" t="42" w="176" /><ent r="5" t="42" w="469" /><ent r="5" t="42" w="478" /><ent r="4" t="42" w="514" /><ent r="4" t="42" w="532" /><ent r="4" t="42" w="661" /><ent r="3" t="42" w="695" /><ent r="3" t="42" w="788" /><ent r="3" t="42" w="802" /><ent r="3" t="42" w="810" /><ent r="3" t="42" w="817" /><ent r="3" t="42" w="822" /><ent r="4" t="43" w="127" /><ent r="4" t="43" w="159" /><ent r="4" t="43" w="197" /><ent r="3" t="43" w="232" /><ent r="4" t="43" w="290" /><ent r="4" t="43" w="364" /><ent r="5" t="43" w="408" /><ent r="4" t="43" w="489" /><ent r="5" t="43" w="578" /><ent r="5" t="43" w="591" /><ent r="3" t="44" w="58" /><ent r="3" t="44" w="92" /><ent r="3" t="44" w="171" /><ent r="4" t="44" w="245" /><ent r="4" t="44" w="303" /><ent r="3" t="48" w="32" /><ent r="3" t="48" w="41" /><ent r="3" t="48" w="49" /><ent r="1000" t="49" w="4" /><ent r="82" t="49" w="10" /><ent r="3" t="49" w="25" /><ent r="3" t="49" w="28" /><ent r="6" t="49" w="125" /><ent r="5" t="49" w="162" /><ent r="6" t="49" w="207" /><ent r="5" t="49" w="223" /><ent r="1000" t="50" w="2" /><ent r="92" t="50" w="7" /><ent r="3" t="51" w="24" /><ent r="3" t="51" w="119" /><ent r="3" t="51" w="132" /><ent r="3" t="51" w="140" /><ent r="3" t="51" w="173" /><ent r="3" t="51" w="239" /><ent r="3" t="51" w="341" /><ent r="3" t="51" w="354" /><ent r="3" t="51" w="359" /><ent r="3" t="51" w="363" /><ent r="3" t="53" w="45" /><ent r="3" t="53" w="68" /><ent r="3" t="53" w="228" /><ent r="3" t="53" w="234" /><ent r="6" t="54" w="123" /><ent r="3" t="58" w="273" /><ent r="3" t="58" w="365" /><ent r="3" t="58" w="404" /><ent r="3" t="58" w="462" /><ent r="3" t="58" w="515" /><ent r="3" t="58" w="665" /><ent r="3" t="58" w="694" /><ent r="3" t="58" w="705" /><ent r="3" t="58" w="709" /><ent r="3" t="58" w="720" /><ent r="3" t="58" w="752" /><ent r="3" t="58" w="757" /><ent r="3" t="58" w="762" /><ent r="3" t="58" w="773" /><ent r="3" t="58" w="833" /><ent r="3" t="58" w="903" /><ent r="3" t="58" w="925" /><ent r="3" t="59" w="223" /><ent r="4" t="59" w="443" /><ent r="4" t="59" w="667" /><ent r="4" t="59" w="728" /><ent r="4" t="59" w="740" /><ent r="6" t="59" w="943" /><ent r="3" t="61" w="84" /><ent r="3" t="62" w="118" /><ent r="3" t="62" w="162" /><ent r="3" t="64" w="50" /><ent r="3" t="64" w="716" /><ent r="3" t="68" w="105" /><ent r="3" t="69" w="13" /><ent r="3" t="69" w="85" /><ent r="3" t="69" w="222" /><ent r="3" t="69" w="241" /><ent r="3" t="69" w="328" /><ent r="3" t="70" w="63" /><ent r="3" t="70" w="148" /><ent r="3" t="71" w="36" /><ent r="1000" t="72" w="2" /><ent r="82" t="72" w="10" /><ent r="3" t="72" w="23" /><ent r="3" t="72" w="28" /><ent r="3" t="72" w="54" /><ent r="3" t="72" w="74" /><ent r="3" t="72" w="109" /><ent r="6" t="74" w="199" /><ent r="6" t="74" w="209" /><ent r="3" t="86" w="38" /><ent r="4" t="94" w="181" /><ent r="4" t="94" w="194" /><ent r="4" t="94" w="260" /><ent r="4" t="94" w="307" /><ent r="4" t="94" w="314" /><ent r="4" t="94" w="380" /><ent r="3" t="95" w="78" /><ent r="3" t="98" w="51" /><ent r="3" t="98" w="57" /><ent r="3" t="98" w="135" /><ent r="3" t="98" w="155" /><ent r="3" t="98" w="310" /><ent r="4" t="99" w="453" /><ent r="4" t="99" w="475" /><ent r="3" t="112" w="189" /><ent r="3" t="112" w="215" /><ent r="65" t="114" w="42" /><ent r="1000" t="115" w="1" /><ent r="92" t="115" w="5" /><ent r="3" t="115" w="10" /><ent r="1000" t="119" w="1" /><ent r="82" t="119" w="6" /><ent r="1000" t="120" w="1" /><ent r="82" t="120" w="6" /><ent r="4" t="123" w="183" /><ent r="3" t="127" w="40" /><ent r="3" t="127" w="120" /><ent r="3" t="127" w="218" /><ent r="65" t="130" w="68" /><ent r="4" t="137" w="124" /><ent r="3" t="138" w="53" /><ent r="3" t="142" w="10" /><ent r="3" t="142" w="34" /><ent r="6" t="142" w="248" /><ent r="6" t="142" w="266" /><ent r="6" t="142" w="294" /><ent r="6" t="142" w="301" /><ent r="6" t="142" w="313" /><ent r="6" t="142" w="326" /><ent r="6" t="142" w="345" /><ent r="6" t="142" w="352" /><ent r="6" t="142" w="359" /><ent r="6" t="142" w="367" /><ent r="6" t="142" w="378" /><ent r="6" t="142" w="385" /><ent r="6" t="142" w="396" /><ent r="6" t="142" w="403" /><ent r="6" t="142" w="416" /><ent r="6" t="142" w="423" /><ent r="6" t="142" w="430" /><ent r="6" t="142" w="437" /><ent r="6" t="142" w="450" /><ent r="6" t="142" w="457" /><ent r="6" t="142" w="464" /><ent r="6" t="142" w="471" /><ent r="3" t="145" w="83" /><ent r="3" t="145" w="138" /><ent r="3" t="147" w="31" /><ent r="3" t="149" w="666" /><ent r="3" t="155" w="67" /><ent r="3" t="155" w="71" /><ent r="3" t="155" w="445" /><ent r="3" t="155" w="472" /><ent r="4" t="183" w="377" /><ent r="3" t="193" w="204" /><ent r="5" t="193" w="324" /><ent r="3" t="194" w="220" /><ent r="5" t="194" w="340" /></phr></stem><stem n="rest"><phr n="rest"><ent r="4" t="6" w="67" /></phr></stem><stem n="standpoint"><phr n="standpoint"><ent r="6" t="6" w="81" /></phr></stem><stem n="either"><phr n="either"><ent r="6" t="6" w="91" /><ent r="3" t="29" w="37" /><ent r="4" t="59" w="382" /><ent r="4" t="60" w="51" /><ent r="3" t="61" w="102" /><ent r="3" t="63" w="82" /><ent r="4" t="64" w="577" /><ent r="4" t="75" w="323" /><ent r="3" t="82" w="66" /><ent r="3" t="116" w="16" /><ent r="4" t="123" w="193" /><ent r="3" t="138" w="91" /><ent r="3" t="154" w="508" /><ent r="3" t="168" w="73" /><ent r="3" t="176" w="100" /><ent r="3" t="177" w="78" /><ent r="3" t="180" w="129" /><ent r="3" t="181" w="99" /><ent r="3" t="182" w="79" /></phr></stem><stem n="writer"><phr n="writer"><ent r="3" t="6" w="95" /><ent r="3" t="24" w="65" /><ent r="3" t="149" w="1278" /></phr><phr n="writers"><ent r="4" t="18" w="214" /></phr></stem><stem n="part"><phr n="part"><ent r="3" t="6" w="100" /><ent r="6" t="7" w="17" /><ent r="3" t="14" w="28" /><ent r="3" t="24" w="15" /><ent r="3" t="24" w="55" /><ent r="4" t="31" w="47" /><ent r="4" t="34" w="188" /><ent r="3" t="34" w="320" /><ent r="3" t="39" w="81" /><ent r="4" t="42" w="492" /><ent r="3" t="42" w="736" /><ent r="3" t="42" w="825" /><ent r="4" t="43" w="112" /><ent r="3" t="74" w="31" /><ent r="3" t="94" w="61" /><ent r="3" t="94" w="117" /><ent r="3" t="101" w="84" /><ent r="4" t="137" w="134" /><ent r="4" t="137" w="143" /><ent r="3" t="145" w="84" /><ent r="3" t="149" w="1304" /><ent r="3" t="166" w="108" /><ent r="3" t="167" w="108" /><ent r="3" t="198" w="105" /><ent r="3" t="198" w="131" /><ent r="3" t="201" w="47" /><ent r="3" t="201" w="575" /><ent r="3" t="202" w="49" /><ent r="3" t="203" w="41" /><ent r="3" t="203" w="150" /><ent r="3" t="208" w="25" /><ent r="3" t="209" w="225" /><ent r="3" t="215" w="25" /><ent r="3" t="216" w="280" /><ent r="4" t="263" w="56" /><ent r="3" t="275" w="16" /><ent r="3" t="277" w="95" /></phr><phr n="parts"><ent r="4" t="42" w="232" /><ent r="4" t="42" w="262" /></phr></stem><stem n="small"><phr n="small"><ent r="3" t="6" w="102" /><ent r="3" t="6" w="134" /><ent r="6" t="7" w="302" /><ent r="3" t="163" w="244" /></phr></stem><stem n="larg"><phr n="large"><ent r="3" t="6" w="121" /><ent r="3" t="59" w="39" /><ent r="4" t="137" w="111" /><ent r="3" t="226" w="345" /><ent r="3" t="227" w="338" /></phr></stem><stem n="statist"><phr n="statistically"><ent r="3" t="6" w="123" /></phr></stem><stem n="bug"><phr n="bugs"><ent r="3" t="6" w="126" /></phr></stem><stem n="(user"><phr n="(user"><ent r="3" t="6" w="128" /></phr></stem><stem n="hole"><phr n="holes"><ent r="3" t="6" w="131" /></phr></stem><stem n="leav"><phr n="leave"><ent r="3" t="6" w="141" /><ent r="6" t="318" w="43" /></phr><phr n="leaving"><ent r="3" t="178" w="251" /></phr></stem><stem n="region"><phr n="region"><ent r="3" t="6" w="145" /></phr><phr n="regions"><ent r="4" t="42" w="149" /></phr></stem><stem n="zone"><phr n="zone"><ent r="3" t="6" w="152" /></phr></stem><stem n="(by"><phr n="(by"><ent r="3" t="6" w="153" /><ent r="3" t="210" w="27" /><ent r="3" t="217" w="26" /></phr></stem><stem n="reduc"><phr n="Reducing"><ent r="3" t="6" w="157" /><ent r="3" t="68" w="80" /></phr><phr n="reduce"><ent r="4" t="91" w="161" /></phr></stem><stem n="strengthen"><phr n="strengthen"><ent r="3" t="6" w="166" /></phr></stem><stem n="embrac"><phr n="Embracing"><ent r="3" t="6" w="173" /></phr></stem><stem n="abov"><phr n="above"><ent r="3" t="6" w="175" /><ent r="3" t="40" w="127" /><ent r="3" t="59" w="330" /><ent r="4" t="60" w="29" /><ent r="4" t="60" w="114" /><ent r="3" t="64" w="420" /><ent r="3" t="73" w="72" /><ent r="3" t="76" w="227" /><ent r="3" t="94" w="135" /><ent r="3" t="98" w="25" /><ent r="3" t="98" w="304" /><ent r="3" t="127" w="86" /><ent r="3" t="134" w="76" /></phr></stem><stem n="improv"><phr n="improve"><ent r="3" t="6" w="179" /></phr><phr n="improved"><ent r="6" t="7" w="296" /></phr></stem><stem n="surfac"><phr n="surface"><ent r="3" t="6" w="184" /><ent r="3" t="68" w="83" /></phr></stem><stem n="minim"><phr n="minimized"><ent r="3" t="6" w="186" /></phr><phr n="minimal"><ent r="3" t="17" w="253" /><ent r="3" t="207" w="233" /></phr></stem><stem n="first"><phr n="first"><ent r="3" t="6" w="193" /><ent r="6" t="26" w="81" /><ent r="3" t="26" w="434" /><ent r="7" t="27" w="195" /><ent r="3" t="29" w="31" /><ent r="3" t="29" w="88" /><ent r="4" t="42" w="368" /><ent r="3" t="62" w="97" /><ent r="3" t="62" w="111" /><ent r="3" t="64" w="37" /><ent r="3" t="64" w="47" /><ent r="3" t="64" w="94" /><ent r="3" t="68" w="26" /><ent r="3" t="76" w="67" /><ent r="3" t="88" w="55" /><ent r="3" t="142" w="155" /><ent r="3" t="152" w="261" /><ent r="3" t="153" w="153" /><ent r="3" t="154" w="300" /><ent r="3" t="159" w="172" /><ent r="3" t="160" w="195" /><ent r="3" t="163" w="264" /><ent r="3" t="164" w="190" /><ent r="3" t="165" w="78" /><ent r="4" t="169" w="31" /><ent r="3" t="169" w="59" /><ent r="4" t="169" w="74" /><ent r="3" t="169" w="97" /><ent r="4" t="169" w="261" /><ent r="4" t="169" w="326" /><ent r="3" t="178" w="85" /><ent r="3" t="178" w="223" /><ent r="3" t="180" w="136" /><ent r="3" t="182" w="103" /><ent r="3" t="183" w="155" /><ent r="3" t="184" w="144" /><ent r="3" t="184" w="168" /><ent r="3" t="208" w="206" /><ent r="3" t="209" w="261" /><ent r="3" t="209" w="271" /><ent r="3" t="215" w="234" /><ent r="3" t="216" w="320" /><ent r="3" t="216" w="332" /><ent r="3" t="228" w="192" /><ent r="3" t="237" w="244" /><ent r="3" t="238" w="324" /><ent r="3" t="296" w="319" /><ent r="3" t="303" w="97" /><ent r="3" t="305" w="75" /></phr></stem><stem n="step"><phr n="step"><ent r="3" t="6" w="194" /><ent r="4" t="13" w="79" /><ent r="1000" t="14" w="1" /><ent r="1000" t="14" w="3" /><ent r="3" t="16" w="32" /><ent r="3" t="16" w="48" /><ent r="3" t="16" w="65" /><ent r="3" t="16" w="75" /><ent r="3" t="16" w="172" /><ent r="3" t="16" w="204" /><ent r="3" t="16" w="258" /><ent r="4" t="16" w="303" /><ent r="1000" t="17" w="1" /><ent r="1000" t="17" w="3" /><ent r="3" t="20" w="140" /><ent r="6" t="26" w="68" /><ent r="6" t="26" w="82" /><ent r="6" t="26" w="86" /><ent r="6" t="26" w="102" /><ent r="6" t="26" w="148" /><ent r="6" t="26" w="152" /><ent r="6" t="26" w="188" /><ent r="5" t="27" w="29" /><ent r="5" t="27" w="45" /><ent r="5" t="27" w="157" /><ent r="4" t="27" w="187" /><ent r="7" t="27" w="196" /><ent r="7" t="27" w="276" /><ent r="59" t="27" w="284" /><ent r="5" t="27" w="316" /><ent r="3" t="30" w="21" /><ent r="3" t="30" w="25" /><ent r="3" t="30" w="43" /><ent r="3" t="30" w="68" /><ent r="4" t="30" w="75" /><ent r="4" t="30" w="114" /><ent r="4" t="34" w="350" /><ent r="3" t="42" w="706" /><ent r="3" t="42" w="720" /><ent r="3" t="42" w="785" /><ent r="3" t="64" w="95" /><ent r="4" t="75" w="67" /><ent r="4" t="75" w="168" /><ent r="4" t="75" w="295" /><ent r="4" t="75" w="463" /><ent r="3" t="211" w="127" /><ent r="3" t="218" w="128" /></phr><phr n="stepping"><ent r="3" t="33" w="37" /></phr><phr n="steps"><ent r="3" t="34" w="26" /><ent r="3" t="38" w="66" /><ent r="3" t="43" w="255" /><ent r="3" t="94" w="152" /></phr></stem><stem n="har"><phr n="harnessing"><ent r="3" t="6" w="196" /></phr></stem><stem n="must"><phr n="must"><ent r="3" t="6" w="206" /><ent r="3" t="16" w="19" /><ent r="4" t="18" w="197" /><ent r="4" t="24" w="317" /><ent r="5" t="27" w="74" /><ent r="6" t="28" w="111" /><ent r="3" t="30" w="64" /><ent r="4" t="32" w="28" /><ent r="4" t="32" w="64" /><ent r="4" t="32" w="91" /><ent r="3" t="32" w="109" /><ent r="4" t="42" w="367" /><ent r="4" t="42" w="599" /><ent r="4" t="42" w="617" /><ent r="4" t="42" w="656" /><ent r="3" t="44" w="97" /><ent r="55" t="44" w="274" /><ent r="3" t="46" w="12" /><ent r="55" t="46" w="104" /><ent r="6" t="47" w="64" /><ent r="6" t="47" w="84" /><ent r="6" t="47" w="105" /><ent r="6" t="47" w="142" /><ent r="6" t="47" w="166" /><ent r="6" t="47" w="180" /><ent r="6" t="49" w="56" /><ent r="5" t="49" w="108" /><ent r="6" t="49" w="135" /><ent r="5" t="49" w="194" /><ent r="3" t="50" w="37" /><ent r="3" t="50" w="47" /><ent r="4" t="57" w="84" /><ent r="3" t="58" w="242" /><ent r="3" t="58" w="254" /><ent r="3" t="58" w="270" /><ent r="3" t="58" w="281" /><ent r="4" t="58" w="587" /><ent r="3" t="58" w="887" /><ent r="3" t="59" w="124" /><ent r="3" t="59" w="150" /><ent r="6" t="59" w="853" /><ent r="6" t="59" w="866" /><ent r="6" t="59" w="905" /><ent r="3" t="62" w="169" /><ent r="3" t="62" w="485" /><ent r="3" t="62" w="561" /><ent r="4" t="64" w="118" /><ent r="3" t="64" w="321" /><ent r="3" t="64" w="713" /><ent r="3" t="70" w="102" /><ent r="3" t="73" w="96" /><ent r="6" t="74" w="179" /><ent r="6" t="74" w="222" /><ent r="6" t="74" w="238" /><ent r="3" t="74" w="283" /><ent r="3" t="74" w="295" /><ent r="3" t="74" w="316" /><ent r="3" t="75" w="19" /><ent r="3" t="76" w="52" /><ent r="3" t="76" w="135" /><ent r="3" t="77" w="129" /><ent r="3" t="77" w="158" /><ent r="4" t="77" w="244" /><ent r="3" t="98" w="299" /><ent r="4" t="99" w="299" /><ent r="3" t="113" w="19" /><ent r="3" t="127" w="29" /><ent r="3" t="133" w="113" /><ent r="3" t="142" w="154" /><ent r="3" t="149" w="344" /><ent r="3" t="149" w="500" /><ent r="3" t="162" w="345" /><ent r="3" t="163" w="33" /><ent r="4" t="177" w="171" /><ent r="4" t="182" w="170" /><ent r="3" t="193" w="87" /><ent r="3" t="194" w="93" /><ent r="3" t="195" w="102" /><ent r="3" t="195" w="148" /><ent r="3" t="195" w="188" /><ent r="3" t="195" w="200" /><ent r="4" t="196" w="169" /><ent r="3" t="196" w="231" /><ent r="3" t="196" w="272" /><ent r="3" t="197" w="84" /><ent r="3" t="201" w="185" /><ent r="3" t="201" w="230" /><ent r="3" t="201" w="247" /><ent r="3" t="201" w="251" /><ent r="4" t="201" w="314" /><ent r="4" t="201" w="342" /><ent r="4" t="201" w="417" /><ent r="4" t="201" w="426" /><ent r="4" t="201" w="436" /><ent r="4" t="201" w="463" /><ent r="3" t="201" w="648" /><ent r="3" t="202" w="353" /><ent r="3" t="202" w="398" /><ent r="3" t="202" w="418" /><ent r="3" t="202" w="422" /><ent r="4" t="202" w="486" /><ent r="4" t="202" w="514" /><ent r="4" t="202" w="588" /><ent r="4" t="202" w="597" /><ent r="4" t="202" w="607" /><ent r="4" t="202" w="634" /><ent r="3" t="203" w="134" /><ent r="3" t="203" w="305" /><ent r="3" t="203" w="336" /><ent r="3" t="203" w="388" /><ent r="4" t="203" w="471" /><ent r="4" t="203" w="488" /><ent r="4" t="203" w="503" /><ent r="3" t="203" w="721" /><ent r="4" t="204" w="182" /><ent r="4" t="204" w="224" /><ent r="4" t="204" w="282" /><ent r="4" t="204" w="309" /><ent r="3" t="204" w="461" /><ent r="4" t="205" w="351" /><ent r="4" t="205" w="393" /><ent r="4" t="205" w="451" /><ent r="4" t="205" w="478" /><ent r="3" t="206" w="99" /><ent r="4" t="206" w="259" /><ent r="4" t="206" w="275" /><ent r="3" t="207" w="82" /><ent r="3" t="207" w="128" /><ent r="3" t="207" w="283" /><ent r="3" t="209" w="106" /><ent r="3" t="209" w="268" /><ent r="3" t="210" w="225" /><ent r="4" t="212" w="126" /><ent r="3" t="212" w="193" /><ent r="4" t="213" w="128" /><ent r="3" t="213" w="195" /><ent r="4" t="214" w="92" /><ent r="3" t="214" w="122" /><ent r="3" t="214" w="169" /><ent r="3" t="214" w="315" /><ent r="4" t="215" w="119" /><ent r="3" t="216" w="108" /><ent r="3" t="216" w="329" /><ent r="3" t="217" w="278" /><ent r="4" t="219" w="114" /><ent r="4" t="220" w="114" /><ent r="3" t="221" w="36" /><ent r="3" t="223" w="54" /><ent r="3" t="223" w="447" /><ent r="3" t="224" w="662" /><ent r="3" t="225" w="40" /><ent r="3" t="226" w="401" /><ent r="3" t="227" w="412" /><ent r="3" t="241" w="78" /><ent r="3" t="241" w="98" /><ent r="4" t="241" w="134" /><ent r="3" t="242" w="87" /><ent r="3" t="242" w="140" /><ent r="3" t="243" w="92" /><ent r="4" t="243" w="106" /><ent r="3" t="243" w="137" /><ent r="4" t="243" w="151" /><ent r="3" t="243" w="188" /><ent r="4" t="243" w="202" /><ent r="3" t="244" w="97" /><ent r="4" t="244" w="111" /><ent r="3" t="244" w="149" /><ent r="4" t="244" w="163" /><ent r="3" t="244" w="200" /><ent r="4" t="244" w="214" /><ent r="4" t="244" w="360" /><ent r="3" t="244" w="416" /><ent r="4" t="244" w="450" /><ent r="3" t="245" w="94" /><ent r="4" t="245" w="108" /><ent r="3" t="245" w="144" /><ent r="4" t="245" w="158" /><ent r="4" t="245" w="304" /><ent r="3" t="245" w="345" /><ent r="4" t="245" w="390" /><ent r="3" t="269" w="335" /><ent r="3" t="269" w="368" /><ent r="3" t="269" w="427" /><ent r="3" t="269" w="445" /><ent r="3" t="274" w="127" /><ent r="3" t="274" w="156" /><ent r="3" t="275" w="158" /><ent r="3" t="275" w="200" /><ent r="3" t="275" w="227" /><ent r="3" t="275" w="263" /></phr></stem><stem n="redesign"><phr n="redesign"><ent r="3" t="6" w="207" /></phr></stem><stem n="refactor"><phr n="refactor"><ent r="3" t="6" w="209" /></phr></stem><stem n="guidelin"><phr n="guidelines"><ent r="3" t="6" w="215" /></phr></stem><stem n="accomplish"><phr n="accomplished"><ent r="3" t="6" w="218" /></phr><phr n="accomplish"><ent r="3" t="58" w="262" /></phr></stem><stem n="isol"><phr n="isolating"><ent r="3" t="6" w="220" /></phr><phr n="isolated"><ent r="3" t="30" w="60" /><ent r="3" t="36" w="17" /></phr></stem><stem n="(s)"><phr n="(s)"><ent r="3" t="6" w="225" /><ent r="3" t="96" w="43" /><ent r="3" t="121" w="73" /><ent r="3" t="121" w="81" /><ent r="3" t="160" w="44" /><ent r="3" t="209" w="196" /></phr></stem><stem n="move"><phr n="moving"><ent r="3" t="6" w="231" /></phr></stem><stem n="separ"><phr n="separate"><ent r="3" t="6" w="236" /><ent r="4" t="18" w="129" /><ent r="4" t="18" w="175" /><ent r="4" t="18" w="246" /><ent r="3" t="26" w="445" /><ent r="5" t="27" w="325" /><ent r="3" t="36" w="127" /><ent r="3" t="44" w="34" /></phr><phr n="separated"><ent r="3" t="36" w="238" /><ent r="3" t="71" w="146" /></phr><phr n="separately"><ent r="3" t="56" w="52" /></phr></stem><stem n="packag"><phr n="package"><ent r="3" t="6" w="237" /></phr><phr n="packaged"><ent r="3" t="163" w="241" /></phr></stem><stem n="/library."><phr n="/library."><ent r="3" t="6" w="239" /></phr></stem><stem n="detail"><phr n="details"><ent r="3" t="6" w="240" /><ent r="3" t="14" w="48" /><ent r="4" t="18" w="170" /><ent r="3" t="28" w="22" /><ent r="3" t="36" w="121" /><ent r="4" t="38" w="93" /><ent r="4" t="38" w="170" /><ent r="7" t="39" w="646" /><ent r="3" t="42" w="65" /><ent r="4" t="42" w="408" /><ent r="5" t="43" w="453" /><ent r="55" t="44" w="296" /><ent r="3" t="69" w="30" /><ent r="3" t="74" w="366" /><ent r="3" t="74" w="397" /><ent r="3" t="80" w="129" /><ent r="3" t="82" w="126" /><ent r="3" t="83" w="65" /><ent r="3" t="85" w="121" /><ent r="3" t="142" w="191" /><ent r="3" t="150" w="201" /><ent r="3" t="169" w="237" /><ent r="3" t="170" w="131" /><ent r="3" t="193" w="221" /><ent r="3" t="194" w="237" /><ent r="3" t="195" w="109" /><ent r="3" t="195" w="412" /><ent r="3" t="196" w="184" /><ent r="3" t="196" w="245" /><ent r="3" t="196" w="285" /><ent r="3" t="249" w="43" /></phr><phr n="detailed"><ent r="3" t="6" w="249" /><ent r="6" t="11" w="236" /><ent r="3" t="17" w="270" /><ent r="4" t="18" w="257" /><ent r="4" t="20" w="260" /><ent r="6" t="26" w="348" /><ent r="3" t="317" w="46" /></phr><phr n="detail"><ent r="3" t="39" w="255" /><ent r="3" t="99" w="26" /></phr></stem><stem n="how"><phr n="how"><ent r="3" t="6" w="242" /><ent r="3" t="9" w="21" /><ent r="3" t="23" w="19" /><ent r="3" t="35" w="422" /><ent r="3" t="42" w="75" /><ent r="4" t="42" w="410" /><ent r="3" t="45" w="13" /><ent r="3" t="58" w="182" /><ent r="4" t="58" w="550" /><ent r="4" t="78" w="91" /><ent r="55" t="78" w="103" /><ent r="4" t="78" w="123" /><ent r="4" t="78" w="155" /><ent r="55" t="78" w="178" /><ent r="4" t="78" w="202" /><ent r="3" t="79" w="17" /><ent r="4" t="90" w="118" /><ent r="3" t="97" w="117" /><ent r="4" t="97" w="141" /><ent r="4" t="97" w="152" /><ent r="4" t="97" w="251" /><ent r="3" t="104" w="38" /><ent r="3" t="112" w="19" /><ent r="3" t="112" w="329" /><ent r="3" t="198" w="36" /><ent r="3" t="199" w="39" /><ent r="3" t="202" w="706" /><ent r="3" t="205" w="550" /><ent r="3" t="301" w="25" /></phr></stem><stem n="section"><phr n="section"><ent r="3" t="6" w="253" /><ent r="3" t="15" w="92" /><ent r="3" t="15" w="188" /><ent r="3" t="17" w="216" /><ent r="4" t="18" w="176" /><ent r="3" t="19" w="16" /><ent r="6" t="26" w="560" /><ent r="7" t="27" w="312" /><ent r="3" t="39" w="265" /><ent r="3" t="41" w="51" /><ent r="3" t="42" w="55" /><ent r="3" t="72" w="29" /><ent r="3" t="80" w="146" /><ent r="3" t="81" w="38" /><ent r="3" t="85" w="34" /><ent r="3" t="142" w="132" /><ent r="4" t="178" w="281" /><ent r="4" t="179" w="199" /><ent r="3" t="247" w="9" /></phr><phr n="sections"><ent r="4" t="20" w="240" /><ent r="6" t="26" w="114" /><ent r="6" t="26" w="193" /><ent r="6" t="26" w="200" /><ent r="6" t="26" w="207" /></phr></stem><stem n="see"><phr n="see"><ent r="3" t="6" w="257" /><ent r="3" t="8" w="40" /><ent r="8" t="11" w="194" /><ent r="6" t="11" w="228" /><ent r="3" t="14" w="41" /><ent r="3" t="17" w="261" /><ent r="4" t="18" w="248" /><ent r="4" t="20" w="239" /><ent r="3" t="26" w="37" /><ent r="6" t="26" w="120" /><ent r="6" t="26" w="213" /><ent r="6" t="26" w="342" /><ent r="6" t="28" w="81" /><ent r="4" t="32" w="33" /><ent r="3" t="34" w="274" /><ent r="3" t="36" w="114" /><ent r="4" t="38" w="78" /><ent r="4" t="38" w="163" /><ent r="4" t="39" w="149" /><ent r="7" t="39" w="638" /><ent r="3" t="42" w="56" /><ent r="4" t="42" w="391" /><ent r="4" t="42" w="638" /><ent r="5" t="43" w="454" /><ent r="55" t="44" w="289" /><ent r="3" t="53" w="188" /><ent r="3" t="65" w="129" /><ent r="3" t="65" w="162" /><ent r="3" t="68" w="87" /><ent r="3" t="74" w="358" /><ent r="3" t="74" w="388" /><ent r="3" t="75" w="495" /><ent r="3" t="82" w="110" /><ent r="3" t="83" w="58" /><ent r="3" t="85" w="112" /><ent r="3" t="87" w="108" /><ent r="4" t="90" w="112" /><ent r="3" t="98" w="193" /><ent r="3" t="112" w="323" /><ent r="3" t="126" w="124" /><ent r="3" t="132" w="67" /><ent r="54" t="137" w="157" /><ent r="3" t="142" w="181" /><ent r="54" t="145" w="46" /><ent r="4" t="146" w="210" /><ent r="3" t="150" w="199" /><ent r="3" t="169" w="229" /><ent r="3" t="170" w="123" /><ent r="3" t="192" w="75" /><ent r="3" t="193" w="222" /><ent r="3" t="194" w="238" /><ent r="3" t="195" w="108" /><ent r="3" t="195" w="403" /><ent r="3" t="196" w="175" /><ent r="3" t="196" w="236" /><ent r="3" t="196" w="277" /><ent r="3" t="202" w="236" /><ent r="3" t="205" w="179" /><ent r="3" t="249" w="41" /><ent r="3" t="269" w="388" /><ent r="3" t="275" w="171" /><ent r="3" t="317" w="38" /></phr></stem></index>