<?xml version="1.0" encoding="utf-8"?><index><stem n="&quot;file_l2.edl&quot;"><phr n="&quot;file_L2.edl&quot;"><ent r="3" t="71" w="247" /></phr></stem><stem n="_l2.edl"><phr n="_L2.edl"><ent r="3" t="71" w="266" /></phr></stem><stem n="l3"><phr n="L3"><ent r="3" t="71" w="272" /><ent r="3" t="71" w="292" /></phr></stem><stem n="&quot;file_l3.edl&quot;"><phr n="&quot;file_L3.edl&quot;"><ent r="3" t="71" w="274" /></phr></stem><stem n="_ptr(int*"><phr n="_ptr(int*"><ent r="3" t="71" w="284" /></phr></stem><stem n="_l3.edl"><phr n="_L3.edl"><ent r="3" t="71" w="293" /></phr></stem><stem n="flt"><phr n="flt"><ent r="3" t="71" w="305" /></phr></stem><stem n="(specifi"><phr n="(specified"><ent r="3" t="72" w="25" /></phr></stem><stem n="&lt;function"><phr n="&lt;function"><ent r="3" t="72" w="76" /></phr></stem><stem n="prototype&gt;"><phr n="prototype&gt;"><ent r="3" t="72" w="77" /></phr></stem><stem n="(func_name,"><phr n="(func_name,"><ent r="3" t="72" w="81" /></phr></stem><stem n="…);"><phr n="…);"><ent r="3" t="72" w="83" /></phr></stem><stem n="replac"><phr n="replace"><ent r="3" t="72" w="112" /><ent r="4" t="73" w="89" /><ent r="3" t="113" w="77" /><ent r="3" t="168" w="155" /><ent r="3" t="189" w="13" /></phr><phr n="replaced"><ent r="4" t="315" w="477" /></phr></stem><stem n="_secret("><phr n="_secret("><ent r="3" t="72" w="114" /></phr></stem><stem n="_secret,"><phr n="_secret,"><ent r="3" t="72" w="120" /></phr></stem><stem n="old"><phr n="old"><ent r="3" t="72" w="124" /><ent r="4" t="107" w="111" /></phr></stem><stem n="_secret)"><phr n="_secret)"><ent r="3" t="72" w="126" /></phr></stem><stem n="(set_secret);"><phr n="(set_secret);"><ent r="3" t="72" w="130" /></phr></stem><stem n="those"><phr n="those"><ent r="3" t="73" w="24" /><ent r="3" t="138" w="22" /><ent r="3" t="138" w="66" /><ent r="3" t="142" w="91" /></phr></stem><stem n="treat"><phr n="treated"><ent r="3" t="73" w="39" /><ent r="3" t="112" w="199" /></phr></stem><stem n="wherea"><phr n="whereas"><ent r="3" t="73" w="58" /></phr></stem><stem n="&lt;enclaveconfiguration&gt;"><phr n="&lt;EnclaveConfiguration&gt;"><ent r="3" t="74" w="74" /></phr></stem><stem n="&lt;prodid&gt;100&lt;"><phr n="&lt;ProdID&gt;100&lt;"><ent r="3" t="74" w="76" /></phr></stem><stem n="/prodid&gt;"><phr n="/ProdID&gt;"><ent r="3" t="74" w="77" /></phr></stem><stem n="prodid&gt;"><phr n="ProdID&gt;"><ent r="3" t="74" w="77" /></phr></stem><stem n="&lt;isvsvn&gt;1&lt;"><phr n="&lt;ISVSVN&gt;1&lt;"><ent r="3" t="74" w="79" /></phr></stem><stem n="/isvsvn&gt;"><phr n="/ISVSVN&gt;"><ent r="3" t="74" w="80" /></phr></stem><stem n="isvsvn&gt;"><phr n="ISVSVN&gt;"><ent r="3" t="74" w="80" /></phr></stem><stem n="&lt;stackmaxsize&gt;0x50000&lt;"><phr n="&lt;StackMaxSize&gt;0x50000&lt;"><ent r="3" t="74" w="82" /></phr></stem><stem n="/stackmaxsize&gt;"><phr n="/StackMaxSize&gt;"><ent r="3" t="74" w="83" /></phr></stem><stem n="stackmaxsize&gt;"><phr n="StackMaxSize&gt;"><ent r="3" t="74" w="83" /></phr></stem><stem n="&lt;heapmaxsize&gt;0x100000&lt;"><phr n="&lt;HeapMaxSize&gt;0x100000&lt;"><ent r="3" t="74" w="85" /></phr></stem><stem n="/heapmaxsize&gt;"><phr n="/HeapMaxSize&gt;"><ent r="3" t="74" w="86" /></phr></stem><stem n="heapmaxsize&gt;"><phr n="HeapMaxSize&gt;"><ent r="3" t="74" w="86" /></phr></stem><stem n="&lt;tcsnum&gt;1&lt;"><phr n="&lt;TCSNum&gt;1&lt;"><ent r="3" t="74" w="88" /></phr></stem><stem n="/tcsnum&gt;"><phr n="/TCSNum&gt;"><ent r="3" t="74" w="89" /></phr></stem><stem n="tcsnum&gt;"><phr n="TCSNum&gt;"><ent r="3" t="74" w="89" /></phr></stem><stem n="&lt;tcspolicy&gt;1&lt;"><phr n="&lt;TCSPolicy&gt;1&lt;"><ent r="3" t="74" w="91" /></phr></stem><stem n="/tcspolicy&gt;"><phr n="/TCSPolicy&gt;"><ent r="3" t="74" w="92" /></phr></stem><stem n="tcspolicy&gt;"><phr n="TCSPolicy&gt;"><ent r="3" t="74" w="92" /></phr></stem><stem n="&lt;disabledebug&gt;0&lt;"><phr n="&lt;DisableDebug&gt;0&lt;"><ent r="3" t="74" w="94" /></phr></stem><stem n="/disabledebug&gt;"><phr n="/DisableDebug&gt;"><ent r="3" t="74" w="95" /></phr></stem><stem n="disabledebug&gt;"><phr n="DisableDebug&gt;"><ent r="3" t="74" w="95" /></phr></stem><stem n="&lt;miscselect&gt;0&lt;"><phr n="&lt;MiscSelect&gt;0&lt;"><ent r="3" t="74" w="97" /></phr></stem><stem n="/miscselect&gt;"><phr n="/MiscSelect&gt;"><ent r="3" t="74" w="98" /></phr></stem><stem n="miscselect&gt;"><phr n="MiscSelect&gt;"><ent r="3" t="74" w="98" /></phr></stem><stem n="&lt;miscmask&gt;0xffffffff&lt;"><phr n="&lt;MiscMask&gt;0xFFFFFFFF&lt;"><ent r="3" t="74" w="100" /></phr></stem><stem n="/miscmask&gt;"><phr n="/MiscMask&gt;"><ent r="3" t="74" w="101" /></phr></stem><stem n="miscmask&gt;"><phr n="MiscMask&gt;"><ent r="3" t="74" w="101" /></phr></stem><stem n="/enclaveconfiguration&gt;"><phr n="/EnclaveConfiguration&gt;"><ent r="3" t="74" w="104" /></phr></stem><stem n="enclaveconfiguration&gt;"><phr n="EnclaveConfiguration&gt;"><ent r="3" t="74" w="104" /></phr></stem><stem n="greater"><phr n="greater"><ent r="6" t="74" w="181" /><ent r="3" t="74" w="285" /><ent r="3" t="195" w="302" /><ent r="3" t="203" w="551" /><ent r="3" t="206" w="321" /><ent r="3" t="212" w="195" /><ent r="3" t="213" w="197" /><ent r="4" t="257" w="117" /><ent r="6" t="310" w="539" /></phr></stem><stem n="4kb"><phr n="4KB"><ent r="6" t="74" w="224" /><ent r="6" t="74" w="240" /></phr></stem><stem n="0x40000"><phr n="0x40000"><ent r="6" t="74" w="227" /></phr></stem><stem n="0x100000"><phr n="0x100000"><ent r="6" t="74" w="243" /></phr></stem><stem n="desir"><phr n="desired"><ent r="5" t="74" w="261" /><ent r="3" t="208" w="255" /><ent r="3" t="215" w="286" /></phr></stem><stem n="0xffffffff"><phr n="0xFFFFFFFF"><ent r="5" t="74" w="277" /><ent r="4" t="198" w="176" /><ent r="4" t="199" w="136" /><ent r="4" t="200" w="127" /></phr></stem><stem n="4k"><phr n="4K"><ent r="3" t="74" w="297" /></phr></stem><stem n="wast"><phr n="wasting"><ent r="3" t="74" w="331" /></phr></stem><stem n="valuabl"><phr n="valuable"><ent r="3" t="74" w="333" /></phr></stem><stem n="adjust"><phr n="adjust"><ent r="3" t="74" w="340" /><ent r="6" t="313" w="318" /></phr></stem><stem n="stage"><phr n="stage"><ent r="3" t="75" w="12" /></phr></stem><stem n="exercis"><phr n="exercised"><ent r="55" t="75" w="54" /></phr><phr n="exercise"><ent r="3" t="101" w="277" /></phr></stem><stem n="facilit"><phr n="facilitated"><ent r="4" t="75" w="142" /></phr></stem><stem n="-listed."><phr n="-listed."><ent r="4" t="75" w="193" /><ent r="4" t="75" w="193" /></phr></stem><stem n="edebug"><phr n="EDEBUG"><ent r="56" t="75" w="245" /><ent r="5" t="75" w="267" /><ent r="5" t="75" w="390" /><ent r="5" t="75" w="421" /></phr></stem><stem n="disabl"><phr n="disabling"><ent r="55" t="75" w="365" /><ent r="3" t="161" w="239" /></phr><phr n="disables"><ent r="4" t="75" w="446" /></phr><phr n="disable"><ent r="3" t="104" w="63" /><ent r="3" t="149" w="1024" /><ent r="3" t="161" w="197" /><ent r="3" t="162" w="194" /><ent r="6" t="310" w="121" /><ent r="6" t="312" w="220" /><ent r="5" t="315" w="235" /></phr><phr n="disabled"><ent r="3" t="149" w="757" /><ent r="4" t="161" w="91" /><ent r="3" t="161" w="100" /><ent r="4" t="161" w="111" /><ent r="4" t="161" w="127" /><ent r="3" t="161" w="133" /><ent r="3" t="161" w="306" /><ent r="4" t="162" w="98" /><ent r="3" t="162" w="107" /><ent r="4" t="162" w="118" /><ent r="4" t="162" w="136" /><ent r="3" t="162" w="142" /><ent r="5" t="162" w="365" /><ent r="3" t="309" w="40" /><ent r="3" t="309" w="45" /><ent r="3" t="309" w="50" /><ent r="3" t="309" w="53" /><ent r="4" t="309" w="75" /><ent r="3" t="309" w="83" /><ent r="4" t="309" w="94" /><ent r="4" t="309" w="116" /><ent r="3" t="309" w="122" /><ent r="4" t="309" w="125" /><ent r="3" t="309" w="133" /><ent r="3" t="320" w="199" /></phr></stem><stem n="ndebug"><phr n="NDEBUG"><ent r="5" t="75" w="383" /><ent r="5" t="75" w="399" /><ent r="5" t="75" w="417" /><ent r="5" t="75" w="439" /><ent r="4" t="149" w="941" /><ent r="6" t="310" w="305" /></phr></stem><stem n="therebi"><phr n="thereby"><ent r="4" t="75" w="452" /></phr></stem><stem n=".dll"><phr n=".dll"><ent r="54" t="76" w="30" /><ent r="54" t="76" w="50" /></phr></stem><stem n="_create_enclave()"><phr n="_create_enclave()"><ent r="4" t="76" w="46" /><ent r="4" t="77" w="175" /><ent r="5" t="77" w="295" /><ent r="4" t="149" w="599" /><ent r="4" t="149" w="882" /></phr></stem><stem n="destroi"><phr n="destroy"><ent r="4" t="76" w="139" /><ent r="3" t="76" w="278" /><ent r="3" t="76" w="291" /><ent r="3" t="77" w="159" /><ent r="4" t="77" w="164" /><ent r="5" t="77" w="248" /><ent r="4" t="79" w="37" /><ent r="1000" t="86" w="1" /><ent r="82" t="86" w="5" /><ent r="64" t="86" w="20" /><ent r="3" t="88" w="48" /><ent r="5" t="108" w="72" /><ent r="5" t="112" w="266" /><ent r="3" t="116" w="19" /><ent r="65" t="116" w="27" /><ent r="65" t="135" w="69" /><ent r="3" t="141" w="118" /><ent r="66" t="142" w="237" /><ent r="66" t="142" w="283" /><ent r="67" t="142" w="390" /><ent r="1000" t="150" w="2" /><ent r="72" t="150" w="6" /><ent r="4" t="150" w="12" /><ent r="3" t="150" w="31" /><ent r="4" t="150" w="107" /><ent r="4" t="150" w="149" /><ent r="3" t="150" w="179" /><ent r="1000" t="177" w="4" /><ent r="72" t="177" w="9" /><ent r="4" t="177" w="16" /><ent r="3" t="177" w="34" /><ent r="4" t="177" w="110" /><ent r="1000" t="182" w="4" /><ent r="72" t="182" w="9" /><ent r="4" t="182" w="16" /><ent r="3" t="182" w="34" /><ent r="3" t="182" w="120" /><ent r="1000" t="192" w="2" /><ent r="72" t="192" w="6" /><ent r="4" t="192" w="12" /><ent r="3" t="192" w="30" /><ent r="3" t="192" w="66" /><ent r="4" t="192" w="87" /><ent r="5" t="192" w="122" /><ent r="6" t="192" w="156" /><ent r="6" t="192" w="180" /><ent r="3" t="232" w="545" /><ent r="3" t="233" w="452" /><ent r="1000" t="234" w="2" /><ent r="72" t="234" w="7" /><ent r="4" t="234" w="12" /><ent r="3" t="234" w="43" /><ent r="4" t="234" w="266" /><ent r="4" t="234" w="304" /></phr><phr n="destroyed"><ent r="3" t="77" w="23" /><ent r="3" t="77" w="189" /><ent r="3" t="150" w="100" /><ent r="3" t="177" w="55" /><ent r="3" t="177" w="65" /><ent r="4" t="177" w="160" /><ent r="4" t="177" w="169" /><ent r="3" t="182" w="55" /><ent r="3" t="182" w="66" /><ent r="3" t="182" w="118" /><ent r="4" t="182" w="158" /><ent r="4" t="182" w="168" /><ent r="4" t="192" w="134" /><ent r="3" t="201" w="549" /><ent r="3" t="234" w="69" /><ent r="3" t="234" w="80" /><ent r="3" t="278" w="69" /></phr><phr n="destroying"><ent r="4" t="77" w="272" /><ent r="3" t="144" w="147" /><ent r="3" t="234" w="332" /></phr><phr n="destroys"><ent r="3" t="87" w="177" /><ent r="4" t="112" w="260" /><ent r="3" t="150" w="16" /><ent r="3" t="150" w="111" /><ent r="3" t="177" w="19" /><ent r="3" t="182" w="19" /><ent r="3" t="192" w="16" /><ent r="3" t="192" w="90" /><ent r="3" t="234" w="16" /></phr></stem><stem n="_destroy_enclave()"><phr n="_destroy_enclave()"><ent r="4" t="76" w="141" /><ent r="4" t="77" w="166" /><ent r="5" t="77" w="250" /></phr></stem><stem n="_enclave_id_t"><phr n="_enclave_id_t"><ent r="4" t="76" w="149" /><ent r="3" t="76" w="201" /><ent r="3" t="149" w="96" /><ent r="64" t="149" w="491" /><ent r="3" t="150" w="38" /><ent r="3" t="155" w="97" /><ent r="3" t="156" w="163" /><ent r="65" t="247" w="25" /><ent r="1000" t="248" w="4" /><ent r="72" t="248" w="9" /><ent r="3" t="297" w="44" /><ent r="3" t="298" w="44" /><ent r="3" t="299" w="44" /></phr></stem><stem n="#includ"><phr n="#include"><ent r="3" t="76" w="165" /><ent r="3" t="76" w="169" /><ent r="3" t="76" w="173" /></phr></stem><stem n="&lt;stdio"><phr n="&lt;stdio"><ent r="3" t="76" w="166" /></phr></stem><stem n=".h&gt;"><phr n=".h&gt;"><ent r="3" t="76" w="167" /><ent r="3" t="76" w="171" /><ent r="4" t="129" w="30" /><ent r="5" t="129" w="101" /><ent r="4" t="315" w="28" /></phr></stem><stem n="h&gt;"><phr n="h&gt;"><ent r="3" t="76" w="167" /><ent r="3" t="76" w="171" /><ent r="4" t="129" w="30" /><ent r="5" t="129" w="101" /><ent r="4" t="129" w="144" /><ent r="4" t="315" w="28" /></phr></stem><stem n="&lt;tchar"><phr n="&lt;tchar"><ent r="3" t="76" w="170" /></phr></stem><stem n="&quot;sgx_urts.h&quot;"><phr n="&quot;sgx_urts.h&quot;"><ent r="3" t="76" w="177" /></phr></stem><stem n="_file"><phr n="_FILE"><ent r="3" t="76" w="181" /></phr></stem><stem n="_t(&quot;"><phr n="_T(&quot;"><ent r="3" t="76" w="183" /></phr></stem><stem n=".signed.dl"><phr n=".signed.dll"><ent r="54" t="76" w="186" /></phr></stem><stem n="&quot;)"><phr n="&quot;)"><ent r="3" t="76" w="188" /></phr></stem><stem n="argc"><phr n="argc"><ent r="3" t="76" w="193" /></phr></stem><stem n="argv"><phr n="argv"><ent r="3" t="76" w="195" /></phr></stem><stem n="[])"><phr n="[])"><ent r="3" t="76" w="196" /></phr></stem><stem n="ret"><phr n="ret"><ent r="3" t="76" w="207" /><ent r="3" t="76" w="231" /><ent r="3" t="76" w="246" /><ent r="3" t="76" w="259" /></phr></stem><stem n="_success;"><phr n="_SUCCESS;"><ent r="3" t="76" w="210" /></phr></stem><stem n="_launch_token_t"><phr n="_launch_token_t"><ent r="3" t="76" w="214" /><ent r="3" t="149" w="84" /><ent r="64" t="149" w="333" /><ent r="64" t="149" w="362" /><ent r="64" t="149" w="380" /><ent r="64" t="149" w="398" /><ent r="64" t="149" w="426" /><ent r="65" t="247" w="30" /><ent r="1000" t="249" w="4" /><ent r="72" t="249" w="9" /></phr></stem><stem n="{0};"><phr n="{0};"><ent r="3" t="76" w="217" /></phr></stem><stem n="_create_enclave(enclave_file,"><phr n="_create_enclave(ENCLAVE_FILE,"><ent r="3" t="76" w="237" /></phr></stem><stem n="&amp;eid,"><phr n="&amp;eid,"><ent r="3" t="76" w="243" /></phr></stem><stem n="(ret"><phr n="(ret"><ent r="3" t="76" w="246" /></phr></stem><stem n="printf"><phr n="printf"><ent r="3" t="76" w="250" /><ent r="6" t="316" w="326" /><ent r="4" t="316" w="564" /></phr></stem><stem n="(&quot;app:"><phr n="(&quot;App:"><ent r="3" t="76" w="252" /></phr></stem><stem n="x"><phr n="x"><ent r="3" t="76" w="253" /><ent r="3" t="221" w="421" /><ent r="3" t="224" w="647" /><ent r="3" t="239" w="205" /><ent r="4" t="244" w="261" /><ent r="4" t="245" w="205" /><ent r="4" t="295" w="264" /><ent r="4" t="296" w="99" /><ent r="4" t="296" w="379" /><ent r="4" t="303" w="198" /><ent r="4" t="304" w="87" /></phr></stem><stem n="%#x,"><phr n="%#x,"><ent r="3" t="76" w="254" /></phr></stem><stem n=".\n&quot;,"><phr n=".\n&quot;,"><ent r="3" t="76" w="259" /></phr></stem><stem n="-1;"><phr n="-1;"><ent r="3" t="76" w="263" /><ent r="3" t="76" w="263" /><ent r="3" t="76" w="297" /><ent r="3" t="76" w="297" /></phr></stem><stem n="bunch"><phr n="bunch"><ent r="3" t="76" w="267" /></phr></stem><stem n="(sgx_success"><phr n="(SGX_SUCCESS"><ent r="3" t="76" w="289" /></phr></stem><stem n="_destroy_enclave(eid))"><phr n="_destroy_enclave(eid))"><ent r="3" t="76" w="294" /></phr></stem><stem n="-enabl"><phr n="-enabled"><ent r="3" t="77" w="19" /><ent r="3" t="77" w="19" /></phr><phr n="-enable"><ent r="3" t="161" w="247" /><ent r="3" t="161" w="247" /></phr></stem><stem n="sgx-enabl"><phr n="SGX-enabled"><ent r="3" t="77" w="19" /></phr></stem><stem n="suspend"><phr n="suspend"><ent r="3" t="77" w="29" /></phr><phr n="suspended"><ent r="3" t="178" w="237" /><ent r="3" t="179" w="168" /><ent r="3" t="183" w="242" /><ent r="3" t="184" w="163" /><ent r="3" t="185" w="125" /></phr></stem><stem n="transit"><phr n="transition"><ent r="3" t="77" w="37" /><ent r="3" t="77" w="90" /><ent r="3" t="77" w="103" /><ent r="64" t="77" w="224" /><ent r="55" t="78" w="108" /><ent r="115" t="83" w="84" /><ent r="1000" t="87" w="2" /><ent r="92" t="87" w="5" /><ent r="3" t="87" w="10" /><ent r="3" t="87" w="64" /><ent r="3" t="87" w="81" /><ent r="3" t="87" w="189" /><ent r="3" t="88" w="16" /><ent r="3" t="88" w="38" /><ent r="3" t="88" w="75" /><ent r="3" t="89" w="15" /><ent r="3" t="90" w="63" /><ent r="3" t="90" w="80" /><ent r="4" t="90" w="93" /><ent r="3" t="91" w="35" /><ent r="3" t="91" w="96" /><ent r="4" t="91" w="164" /><ent r="6" t="310" w="77" /></phr><phr n="transitions"><ent r="54" t="83" w="73" /><ent r="3" t="87" w="107" /></phr></stem><stem n="resum"><phr n="resumes"><ent r="3" t="77" w="61" /></phr><phr n="resume"><ent r="3" t="77" w="121" /><ent r="3" t="77" w="179" /></phr><phr n="resumed"><ent r="3" t="87" w="31" /></phr></stem><stem n="subsequ"><phr n="subsequent"><ent r="3" t="77" w="63" /><ent r="4" t="77" w="284" /><ent r="3" t="82" w="28" /><ent r="3" t="87" w="40" /><ent r="3" t="141" w="84" /><ent r="3" t="169" w="289" /><ent r="3" t="237" w="142" /><ent r="3" t="238" w="222" /><ent r="4" t="316" w="677" /></phr></stem><stem n="_error_enclave_lost"><phr n="_ERROR_ENCLAVE_LOST"><ent r="4" t="77" w="75" /><ent r="4" t="77" w="141" /><ent r="4" t="87" w="52" /><ent r="3" t="88" w="26" /><ent r="6" t="310" w="69" /></phr></stem><stem n="lost"><phr n="LOST"><ent r="4" t="77" w="75" /><ent r="3" t="77" w="85" /><ent r="4" t="77" w="141" /><ent r="4" t="87" w="52" /><ent r="3" t="87" w="59" /><ent r="3" t="88" w="26" /><ent r="3" t="133" w="86" /><ent r="3" t="183" w="181" /><ent r="6" t="310" w="69" /><ent r="6" t="310" w="74" /></phr></stem><stem n="minimum"><phr n="minimum"><ent r="3" t="77" w="125" /><ent r="3" t="198" w="149" /><ent r="3" t="199" w="160" /><ent r="3" t="200" w="37" /><ent r="3" t="200" w="151" /><ent r="3" t="203" w="239" /><ent r="3" t="203" w="291" /><ent r="3" t="203" w="690" /><ent r="3" t="206" w="429" /><ent r="4" t="263" w="27" /></phr></stem><stem n="reload"><phr n="reload"><ent r="3" t="77" w="168" /><ent r="3" t="87" w="197" /><ent r="3" t="141" w="119" /></phr><phr n="reloaded"><ent r="3" t="77" w="219" /></phr></stem><stem n="again"><phr n="again"><ent r="3" t="77" w="170" /><ent r="3" t="141" w="128" /><ent r="3" t="149" w="799" /><ent r="3" t="149" w="830" /><ent r="4" t="177" w="180" /><ent r="4" t="182" w="179" /><ent r="3" t="232" w="584" /><ent r="3" t="233" w="491" /></phr></stem><stem n="period"><phr n="periodically"><ent r="3" t="77" w="193" /><ent r="3" t="104" w="26" /></phr><phr n="period"><ent r="3" t="109" w="37" /></phr></stem><stem n="state"><phr n="state"><ent r="3" t="77" w="198" /><ent r="3" t="77" w="214" /><ent r="3" t="101" w="104" /><ent r="3" t="101" w="131" /><ent r="3" t="133" w="39" /><ent r="3" t="134" w="19" /><ent r="3" t="134" w="72" /><ent r="3" t="141" w="37" /><ent r="3" t="141" w="83" /><ent r="4" t="155" w="412" /><ent r="3" t="155" w="422" /><ent r="4" t="156" w="634" /><ent r="3" t="156" w="644" /><ent r="3" t="175" w="86" /><ent r="3" t="180" w="146" /><ent r="3" t="187" w="48" /><ent r="4" t="187" w="101" /><ent r="3" t="187" w="108" /><ent r="3" t="188" w="23" /><ent r="3" t="188" w="64" /><ent r="3" t="188" w="89" /><ent r="3" t="188" w="95" /><ent r="3" t="188" w="114" /><ent r="3" t="189" w="35" /><ent r="3" t="189" w="76" /><ent r="3" t="189" w="100" /><ent r="3" t="190" w="31" /><ent r="3" t="190" w="117" /><ent r="3" t="190" w="161" /><ent r="3" t="191" w="35" /><ent r="3" t="191" w="153" /><ent r="3" t="191" w="169" /><ent r="3" t="191" w="219" /><ent r="3" t="191" w="262" /><ent r="3" t="208" w="21" /><ent r="3" t="208" w="79" /><ent r="3" t="208" w="102" /><ent r="3" t="208" w="138" /><ent r="3" t="208" w="182" /><ent r="3" t="208" w="225" /><ent r="3" t="208" w="231" /><ent r="3" t="208" w="279" /><ent r="3" t="209" w="72" /><ent r="3" t="209" w="145" /><ent r="3" t="209" w="278" /><ent r="3" t="210" w="48" /><ent r="3" t="210" w="75" /><ent r="3" t="210" w="161" /><ent r="3" t="210" w="215" /><ent r="3" t="211" w="19" /><ent r="3" t="211" w="42" /><ent r="3" t="211" w="63" /><ent r="3" t="211" w="99" /><ent r="3" t="211" w="150" /><ent r="3" t="215" w="21" /><ent r="3" t="215" w="89" /><ent r="3" t="215" w="137" /><ent r="3" t="215" w="176" /><ent r="3" t="215" w="255" /><ent r="3" t="215" w="261" /><ent r="3" t="215" w="308" /><ent r="3" t="216" w="74" /><ent r="3" t="216" w="147" /><ent r="4" t="216" w="245" /><ent r="4" t="216" w="266" /><ent r="3" t="216" w="339" /><ent r="3" t="217" w="44" /><ent r="3" t="217" w="73" /><ent r="3" t="217" w="179" /><ent r="4" t="217" w="202" /><ent r="4" t="217" w="219" /><ent r="3" t="217" w="268" /><ent r="3" t="218" w="21" /><ent r="3" t="218" w="44" /><ent r="3" t="218" w="65" /><ent r="3" t="218" w="101" /><ent r="3" t="218" w="152" /><ent r="3" t="221" w="110" /><ent r="3" t="221" w="136" /><ent r="3" t="221" w="188" /><ent r="3" t="221" w="230" /><ent r="3" t="221" w="272" /><ent r="3" t="221" w="278" /><ent r="3" t="221" w="325" /><ent r="3" t="222" w="25" /><ent r="3" t="222" w="63" /><ent r="3" t="222" w="87" /><ent r="3" t="222" w="141" /><ent r="3" t="222" w="180" /><ent r="3" t="223" w="97" /><ent r="3" t="223" w="205" /><ent r="3" t="224" w="85" /><ent r="3" t="224" w="181" /><ent r="3" t="225" w="77" /><ent r="3" t="225" w="127" /><ent r="3" t="226" w="63" /><ent r="3" t="226" w="157" /><ent r="3" t="227" w="70" /><ent r="3" t="227" w="187" /><ent r="4" t="239" w="418" /><ent r="4" t="242" w="195" /><ent r="3" t="242" w="205" /><ent r="4" t="243" w="252" /><ent r="3" t="243" w="262" /><ent r="4" t="244" w="500" /><ent r="3" t="244" w="510" /><ent r="4" t="245" w="437" /><ent r="3" t="245" w="447" /><ent r="4" t="263" w="60" /><ent r="4" t="263" w="72" /><ent r="5" t="263" w="262" /><ent r="6" t="310" w="85" /><ent r="6" t="310" w="95" /><ent r="6" t="315" w="361" /></phr><phr n="states"><ent r="5" t="263" w="252" /></phr></stem><stem n="reclaim"><phr n="reclaim"><ent r="4" t="77" w="255" /></phr></stem><stem n="epc"><phr n="EPC"><ent r="4" t="77" w="259" /><ent r="4" t="77" w="278" /><ent r="5" t="77" w="306" /><ent r="3" t="86" w="35" /><ent r="3" t="144" w="141" /><ent r="4" t="149" w="692" /><ent r="4" t="152" w="207" /><ent r="3" t="152" w="213" /><ent r="4" t="154" w="439" /><ent r="3" t="154" w="445" /><ent r="4" t="155" w="349" /><ent r="3" t="155" w="355" /><ent r="4" t="156" w="571" /><ent r="3" t="156" w="577" /><ent r="4" t="157" w="448" /><ent r="3" t="157" w="454" /><ent r="4" t="228" w="127" /><ent r="3" t="228" w="133" /><ent r="4" t="231" w="225" /><ent r="3" t="231" w="231" /><ent r="4" t="232" w="355" /><ent r="3" t="232" w="361" /><ent r="4" t="233" w="251" /><ent r="3" t="233" w="257" /><ent r="4" t="234" w="230" /><ent r="3" t="234" w="236" /><ent r="4" t="235" w="245" /><ent r="3" t="235" w="251" /><ent r="4" t="236" w="215" /><ent r="3" t="236" w="221" /><ent r="6" t="310" w="330" /><ent r="6" t="310" w="336" /></phr></stem><stem n="leakag"><phr n="leakage"><ent r="4" t="77" w="280" /></phr></stem><stem n="_error_out_of_epc"><phr n="_ERROR_OUT_OF_EPC"><ent r="5" t="77" w="306" /><ent r="4" t="149" w="692" /><ent r="4" t="152" w="207" /><ent r="4" t="154" w="439" /><ent r="4" t="155" w="349" /><ent r="4" t="156" w="571" /><ent r="4" t="157" w="448" /><ent r="4" t="228" w="127" /><ent r="4" t="231" w="225" /><ent r="4" t="232" w="355" /><ent r="4" t="233" w="251" /><ent r="4" t="234" w="230" /><ent r="4" t="235" w="245" /><ent r="4" t="236" w="215" /><ent r="6" t="310" w="330" /></phr></stem><stem n="-folder"><phr n="-folder"><ent r="3" t="78" w="29" /><ent r="3" t="78" w="29" /></phr></stem><stem n="sub"><phr n="sub"><ent r="3" t="78" w="29" /><ent r="3" t="114" w="25" /><ent r="3" t="194" w="115" /></phr></stem><stem n="sub-fold"><phr n="sub-folder"><ent r="3" t="78" w="29" /></phr></stem><stem n="src"><phr n="src"><ent r="55" t="78" w="32" /><ent r="4" t="79" w="70" /><ent r="4" t="87" w="249" /><ent r="4" t="93" w="104" /><ent r="4" t="97" w="203" /><ent r="4" t="103" w="133" /><ent r="4" t="112" w="67" /><ent r="3" t="207" w="40" /><ent r="3" t="207" w="44" /><ent r="4" t="207" w="59" /><ent r="4" t="207" w="87" /><ent r="3" t="209" w="63" /><ent r="3" t="209" w="67" /><ent r="4" t="209" w="83" /><ent r="4" t="209" w="111" /><ent r="3" t="212" w="59" /><ent r="3" t="212" w="63" /><ent r="4" t="212" w="133" /><ent r="4" t="212" w="156" /><ent r="4" t="212" w="178" /><ent r="3" t="213" w="59" /><ent r="3" t="213" w="63" /><ent r="4" t="213" w="135" /><ent r="4" t="213" w="158" /><ent r="4" t="213" w="180" /><ent r="3" t="214" w="54" /><ent r="3" t="214" w="58" /><ent r="4" t="214" w="99" /><ent r="4" t="214" w="127" /><ent r="3" t="216" w="65" /><ent r="3" t="216" w="69" /><ent r="4" t="216" w="85" /><ent r="4" t="216" w="113" /><ent r="3" t="219" w="65" /><ent r="3" t="219" w="70" /><ent r="4" t="219" w="121" /><ent r="4" t="219" w="135" /><ent r="3" t="220" w="65" /><ent r="3" t="220" w="70" /><ent r="4" t="220" w="121" /><ent r="4" t="220" w="135" /><ent r="6" t="313" w="171" /><ent r="6" t="313" w="175" /><ent r="6" t="313" w="180" /></phr></stem><stem n="2013"><phr n="2013"><ent r="3" t="78" w="45" /><ent r="3" t="79" w="82" /><ent r="3" t="87" w="263" /><ent r="3" t="87" w="272" /><ent r="54" t="93" w="122" /><ent r="54" t="103" w="151" /><ent r="3" t="112" w="92" /><ent r="3" t="319" w="23" /><ent r="3" t="320" w="23" /></phr></stem><stem n="xe"><phr n="XE"><ent r="3" t="78" w="55" /><ent r="3" t="78" w="78" /><ent r="3" t="319" w="34" /><ent r="3" t="320" w="34" /></phr></stem><stem n="15"><phr n="15"><ent r="3" t="78" w="56" /><ent r="3" t="78" w="79" /><ent r="3" t="320" w="173" /></phr></stem><stem n=".0"><phr n=".0"><ent r="3" t="78" w="57" /><ent r="3" t="78" w="80" /><ent r="3" t="320" w="174" /></phr></stem><stem n="sampleenclav"><phr n="SampleEnclave"><ent r="5" t="78" w="87" /><ent r="54" t="79" w="10" /><ent r="4" t="79" w="71" /></phr></stem><stem n="powertransit"><phr n="PowerTransition"><ent r="56" t="78" w="99" /><ent r="4" t="87" w="91" /><ent r="4" t="87" w="120" /><ent r="4" t="87" w="224" /><ent r="4" t="87" w="250" /><ent r="4" t="89" w="9" /><ent r="4" t="90" w="13" /><ent r="4" t="90" w="94" /><ent r="4" t="91" w="30" /><ent r="4" t="91" w="108" /></phr></stem><stem n="localattest"><phr n="LocalAttestation"><ent r="5" t="78" w="119" /><ent r="4" t="93" w="105" /></phr></stem><stem n="establish"><phr n="establish"><ent r="4" t="78" w="136" /><ent r="3" t="94" w="36" /><ent r="4" t="94" w="404" /><ent r="3" t="95" w="27" /><ent r="3" t="95" w="95" /><ent r="4" t="97" w="161" /><ent r="4" t="97" w="253" /><ent r="4" t="99" w="206" /><ent r="3" t="136" w="19" /><ent r="3" t="230" w="151" /><ent r="3" t="231" w="350" /><ent r="3" t="232" w="426" /><ent r="3" t="233" w="336" /><ent r="3" t="234" w="290" /><ent r="3" t="235" w="305" /><ent r="3" t="236" w="275" /><ent r="3" t="237" w="120" /><ent r="3" t="238" w="146" /></phr><phr n="establishing"><ent r="3" t="81" w="10" /><ent r="3" t="307" w="17" /></phr><phr n="established"><ent r="3" t="92" w="25" /><ent r="4" t="99" w="281" /><ent r="4" t="99" w="302" /><ent r="3" t="99" w="682" /><ent r="3" t="237" w="109" /><ent r="3" t="238" w="135" /><ent r="3" t="239" w="439" /></phr><phr n="establishment"><ent r="3" t="93" w="74" /><ent r="3" t="93" w="171" /><ent r="1000" t="95" w="3" /><ent r="72" t="95" w="7" /><ent r="3" t="95" w="106" /><ent r="3" t="96" w="26" /><ent r="3" t="97" w="108" /><ent r="3" t="97" w="127" /><ent r="3" t="97" w="172" /><ent r="3" t="97" w="330" /><ent r="3" t="98" w="39" /><ent r="1000" t="99" w="6" /><ent r="72" t="99" w="13" /><ent r="3" t="99" w="94" /><ent r="65" t="130" w="77" /><ent r="1000" t="136" w="3" /><ent r="82" t="136" w="10" /><ent r="3" t="241" w="23" /><ent r="3" t="241" w="65" /><ent r="3" t="241" w="77" /><ent r="3" t="241" w="97" /><ent r="3" t="241" w="125" /><ent r="3" t="242" w="22" /><ent r="3" t="243" w="19" /><ent r="3" t="243" w="184" /><ent r="3" t="244" w="196" /><ent r="3" t="245" w="140" /><ent r="3" t="302" w="19" /><ent r="3" t="302" w="66" /><ent r="3" t="303" w="19" /><ent r="3" t="303" w="73" /><ent r="3" t="303" w="95" /><ent r="3" t="304" w="19" /><ent r="3" t="305" w="26" /><ent r="3" t="306" w="28" /><ent r="3" t="307" w="27" /><ent r="3" t="307" w="69" /><ent r="3" t="307" w="81" /><ent r="3" t="308" w="19" /></phr></stem></index>