<?xml version="1.0" encoding="utf-8"?><index><stem n="checksum"><phr n="checksum"><ent r="3" t="212" w="569" /><ent r="3" t="213" w="594" /></phr></stem><stem n="accident"><phr n="accidental"><ent r="3" t="212" w="580" /><ent r="3" t="213" w="605" /></phr></stem><stem n="intent"><phr n="intentional"><ent r="3" t="212" w="586" /><ent r="3" t="213" w="611" /></phr></stem><stem n="unauthor"><phr n="unauthorized"><ent r="3" t="212" w="587" /><ent r="3" t="213" w="612" /></phr></stem><stem n="_rijndael128gcm_decrypt("><phr n="_rijndael128GCM_decrypt("><ent r="3" t="213" w="44" /></phr></stem><stem n="*p_in_mac"><phr n="*p_in_mac"><ent r="3" t="213" w="102" /></phr></stem><stem n="_in_mac"><phr n="_in_mac"><ent r="4" t="213" w="341" /></phr></stem><stem n="(call"><phr n="(call"><ent r="3" t="213" w="376" /></phr></stem><stem n="_rijndael128_cmac_msg("><phr n="_rijndael128_cmac_msg("><ent r="3" t="214" w="40" /></phr></stem><stem n="_cmac_128bit_key_t"><phr n="_cmac_128bit_key_t"><ent r="3" t="214" w="46" /><ent r="3" t="215" w="83" /></phr></stem><stem n="_cmac_128bit_tag_t"><phr n="_cmac_128bit_tag_t"><ent r="3" t="214" w="65" /></phr></stem><stem n="*p_mac"><phr n="*p_mac"><ent r="3" t="214" w="67" /></phr></stem><stem n="_mac"><phr n="_mac"><ent r="4" t="214" w="151" /></phr></stem><stem n="_cmac128_init("><phr n="_cmac128_init("><ent r="3" t="215" w="77" /></phr></stem><stem n="_cmac_state_handle_t*"><phr n="_cmac_state_handle_t*"><ent r="3" t="215" w="92" /></phr></stem><stem n="_cmac_handl"><phr n="_cmac_handle"><ent r="3" t="215" w="94" /><ent r="4" t="215" w="127" /></phr></stem><stem n="_cmac128_update("><phr n="_cmac128_update("><ent r="3" t="216" w="60" /></phr></stem><stem n="_cmac_state_handle_t"><phr n="_cmac_state_handle_t"><ent r="3" t="216" w="76" /><ent r="3" t="217" w="46" /><ent r="3" t="218" w="46" /></phr></stem><stem n="freed"><phr n="freed"><ent r="4" t="216" w="250" /><ent r="4" t="217" w="204" /></phr></stem><stem n="(cmac"><phr n="(CMAC"><ent r="4" t="216" w="251" /><ent r="4" t="217" w="205" /></phr></stem><stem n="_rijndael128_cmac128_msg"><phr n="_rijndael128_cmac128_msg"><ent r="4" t="216" w="307" /></phr></stem><stem n="_cmac128_update)."><phr n="_cmac128_update)."><ent r="3" t="217" w="32" /></phr></stem><stem n="_cmac128_final("><phr n="_cmac128_final("><ent r="3" t="217" w="41" /></phr></stem><stem n="_cmac_128bit_tag_t*"><phr n="_cmac_128bit_tag_t*"><ent r="3" t="217" w="55" /></phr></stem><stem n="_cmac128_close("><phr n="_cmac128_close("><ent r="3" t="218" w="41" /></phr></stem><stem n="-ctr"><phr n="-CTR"><ent r="3" t="219" w="19" /><ent r="3" t="219" w="19" /><ent r="3" t="219" w="107" /><ent r="3" t="219" w="107" /><ent r="3" t="219" w="166" /><ent r="3" t="219" w="166" /><ent r="3" t="220" w="19" /><ent r="3" t="220" w="19" /><ent r="3" t="220" w="107" /><ent r="3" t="220" w="107" /><ent r="3" t="220" w="166" /><ent r="3" t="220" w="166" /></phr></stem><stem n="aes-ctr"><phr n="AES-CTR"><ent r="3" t="219" w="19" /><ent r="3" t="219" w="107" /><ent r="3" t="219" w="166" /><ent r="3" t="220" w="19" /><ent r="3" t="220" w="107" /><ent r="3" t="220" w="166" /></phr></stem><stem n="(counter"><phr n="(counter"><ent r="3" t="219" w="23" /><ent r="3" t="220" w="23" /></phr></stem><stem n="_aes_ctr_encrypt("><phr n="_aes_ctr_encrypt("><ent r="3" t="219" w="50" /></phr></stem><stem n="_aes_ctr_128bit_key_t"><phr n="_aes_ctr_128bit_key_t"><ent r="3" t="219" w="57" /></phr></stem><stem n="*p_ctr,"><phr n="*p_ctr,"><ent r="3" t="219" w="77" /><ent r="3" t="220" w="77" /></phr></stem><stem n="inc"><phr n="inc"><ent r="3" t="219" w="82" /><ent r="4" t="219" w="171" /><ent r="3" t="220" w="82" /><ent r="4" t="220" w="171" /></phr></stem><stem n="_inc_bits,"><phr n="_inc_bits,"><ent r="3" t="219" w="84" /><ent r="3" t="220" w="84" /></phr></stem><stem n="_ctr"><phr n="_ctr"><ent r="4" t="219" w="152" /><ent r="4" t="220" w="152" /></phr></stem><stem n="_inc_bit"><phr n="_inc_bits"><ent r="4" t="219" w="172" /><ent r="4" t="220" w="172" /></phr></stem><stem n="accord"><phr n="according"><ent r="3" t="219" w="278" /><ent r="3" t="220" w="278" /><ent r="3" t="224" w="429" /><ent r="3" t="241" w="15" /></phr></stem><stem n="800-38a"><phr n="800-38A"><ent r="3" t="219" w="288" /><ent r="3" t="220" w="288" /></phr></stem><stem n="38a"><phr n="38A"><ent r="3" t="219" w="289" /><ent r="3" t="220" w="289" /></phr></stem><stem n="-38a]."><phr n="-38A]."><ent r="3" t="219" w="290" /><ent r="3" t="219" w="290" /><ent r="3" t="220" w="290" /><ent r="3" t="220" w="290" /></phr></stem><stem n="thought"><phr n="thought"><ent r="3" t="219" w="294" /><ent r="3" t="220" w="294" /></phr></stem><stem n="/streams,"><phr n="/streams,"><ent r="3" t="219" w="339" /><ent r="3" t="220" w="339" /></phr></stem><stem n="reus"><phr n="reused"><ent r="3" t="219" w="345" /><ent r="3" t="220" w="345" /></phr></stem><stem n="_aes_ctr_decrypt("><phr n="_aes_ctr_decrypt("><ent r="3" t="220" w="50" /></phr></stem><stem n="*p_dst"><phr n="*p_dst"><ent r="3" t="220" w="88" /></phr></stem><stem n="cryptosystem"><phr n="cryptosystem"><ent r="3" t="221" w="26" /><ent r="3" t="221" w="145" /><ent r="3" t="222" w="96" /><ent r="3" t="223" w="214" /><ent r="3" t="223" w="358" /><ent r="3" t="224" w="29" /><ent r="3" t="224" w="190" /><ent r="3" t="224" w="350" /><ent r="3" t="224" w="385" /><ent r="3" t="225" w="136" /><ent r="3" t="226" w="166" /><ent r="3" t="227" w="196" /></phr><phr n="cryptosystems"><ent r="3" t="221" w="396" /><ent r="3" t="221" w="494" /><ent r="3" t="221" w="507" /></phr></stem><stem n="prime"><phr n="prime"><ent r="3" t="221" w="29" /></phr></stem><stem n="gf"><phr n="GF"><ent r="3" t="221" w="32" /><ent r="3" t="221" w="133" /><ent r="4" t="221" w="173" /><ent r="3" t="221" w="186" /><ent r="3" t="221" w="259" /><ent r="3" t="222" w="23" /><ent r="3" t="222" w="84" /><ent r="4" t="222" w="124" /><ent r="3" t="222" w="139" /><ent r="3" t="222" w="178" /><ent r="3" t="223" w="202" /><ent r="4" t="223" w="242" /><ent r="3" t="223" w="363" /><ent r="3" t="224" w="178" /><ent r="4" t="224" w="218" /><ent r="3" t="225" w="124" /><ent r="4" t="225" w="164" /><ent r="3" t="226" w="154" /><ent r="4" t="226" w="194" /><ent r="3" t="227" w="184" /><ent r="4" t="227" w="224" /></phr></stem><stem n="(p)."><phr n="(p)."><ent r="3" t="221" w="34" /><ent r="3" t="223" w="365" /></phr></stem><stem n="ecc"><phr n="ECC"><ent r="3" t="221" w="66" /><ent r="3" t="221" w="82" /><ent r="3" t="221" w="109" /><ent r="3" t="221" w="114" /><ent r="4" t="221" w="122" /><ent r="3" t="221" w="132" /><ent r="4" t="221" w="164" /><ent r="3" t="221" w="201" /><ent r="3" t="221" w="228" /><ent r="3" t="221" w="271" /><ent r="3" t="221" w="300" /><ent r="3" t="222" w="21" /><ent r="3" t="222" w="62" /><ent r="3" t="222" w="66" /><ent r="4" t="222" w="73" /><ent r="3" t="222" w="83" /><ent r="4" t="222" w="115" /><ent r="3" t="222" w="137" /><ent r="3" t="222" w="176" /><ent r="3" t="222" w="183" /><ent r="3" t="223" w="27" /><ent r="3" t="223" w="62" /><ent r="3" t="223" w="96" /><ent r="3" t="223" w="100" /><ent r="4" t="223" w="191" /><ent r="3" t="223" w="201" /><ent r="4" t="223" w="233" /><ent r="3" t="223" w="268" /><ent r="3" t="224" w="84" /><ent r="3" t="224" w="88" /><ent r="4" t="224" w="167" /><ent r="3" t="224" w="177" /><ent r="4" t="224" w="209" /><ent r="3" t="224" w="244" /><ent r="3" t="225" w="27" /><ent r="3" t="225" w="48" /><ent r="3" t="225" w="76" /><ent r="3" t="225" w="80" /><ent r="4" t="225" w="113" /><ent r="3" t="225" w="123" /><ent r="4" t="225" w="155" /><ent r="3" t="225" w="209" /><ent r="3" t="225" w="264" /><ent r="3" t="226" w="62" /><ent r="3" t="226" w="66" /><ent r="4" t="226" w="143" /><ent r="3" t="226" w="153" /><ent r="4" t="226" w="185" /><ent r="3" t="226" w="218" /><ent r="3" t="227" w="69" /><ent r="3" t="227" w="73" /><ent r="4" t="227" w="173" /><ent r="3" t="227" w="183" /><ent r="4" t="227" w="215" /><ent r="3" t="227" w="257" /><ent r="3" t="242" w="25" /><ent r="3" t="243" w="33" /></phr><phr n="ECCs"><ent r="3" t="221" w="397" /><ent r="3" t="221" w="515" /></phr></stem><stem n="_ecc256_open_context("><phr n="_ecc256_open_context("><ent r="3" t="221" w="107" /></phr></stem><stem n="_ecc_state_handle_t"><phr n="_ecc_state_handle_t"><ent r="3" t="221" w="112" /><ent r="3" t="222" w="65" /><ent r="3" t="223" w="99" /><ent r="3" t="224" w="87" /><ent r="3" t="225" w="79" /><ent r="3" t="226" w="65" /><ent r="3" t="227" w="72" /></phr></stem><stem n="*p_ecc_handl"><phr n="*p_ecc_handle"><ent r="3" t="221" w="115" /></phr></stem><stem n="_ecc_handl"><phr n="_ecc_handle"><ent r="4" t="221" w="123" /></phr></stem><stem n="(p)"><phr n="(p)"><ent r="3" t="221" w="135" /><ent r="4" t="221" w="175" /><ent r="3" t="221" w="188" /><ent r="3" t="221" w="261" /><ent r="3" t="222" w="25" /><ent r="3" t="222" w="86" /><ent r="4" t="222" w="126" /><ent r="3" t="222" w="141" /><ent r="3" t="222" w="180" /><ent r="3" t="223" w="204" /><ent r="4" t="223" w="244" /><ent r="3" t="224" w="180" /><ent r="4" t="224" w="220" /><ent r="3" t="225" w="126" /><ent r="4" t="225" w="166" /><ent r="3" t="226" w="156" /><ent r="4" t="226" w="196" /><ent r="3" t="227" w="186" /><ent r="4" t="227" w="226" /></phr></stem><stem n="_sha256_close_context"><phr n="_sha256_close_context"><ent r="4" t="221" w="317" /></phr></stem><stem n="solv"><phr n="solving"><ent r="3" t="221" w="337" /></phr><phr n="solve"><ent r="3" t="221" w="429" /></phr></stem><stem n="safeti"><phr n="safety"><ent r="3" t="221" w="341" /><ent r="3" t="221" w="440" /></phr></stem><stem n="studi"><phr n="studied"><ent r="3" t="221" w="354" /></phr></stem><stem n="branch"><phr n="branch"><ent r="3" t="221" w="357" /></phr></stem><stem n="mathemat"><phr n="mathematics"><ent r="3" t="221" w="359" /></phr></stem><stem n="interest"><phr n="interest"><ent r="3" t="221" w="361" /></phr></stem><stem n="constantli"><phr n="constantly"><ent r="3" t="221" w="371" /></phr></stem><stem n="rise"><phr n="rising"><ent r="3" t="221" w="372" /></phr></stem><stem n="wireless"><phr n="wireless"><ent r="3" t="221" w="385" /></phr></stem><stem n="shorter"><phr n="shorter"><ent r="3" t="221" w="387" /><ent r="3" t="221" w="485" /></phr></stem><stem n="(eccs)"><phr n="(ECCs)"><ent r="3" t="221" w="398" /></phr></stem><stem n="ration"><phr n="rational"><ent r="3" t="221" w="417" /></phr></stem><stem n="y"><phr n="y"><ent r="3" t="221" w="422" /></phr></stem><stem n="(x,y)"><phr n="(x,y)"><ent r="3" t="221" w="423" /></phr></stem><stem n="plane"><phr n="plane"><ent r="3" t="221" w="423" /></phr></stem><stem n="discret"><phr n="discrete"><ent r="3" t="221" w="431" /></phr></stem><stem n="logarithm"><phr n="logarithm"><ent r="3" t="221" w="432" /></phr></stem><stem n="higher"><phr n="higher"><ent r="3" t="221" w="437" /><ent r="3" t="221" w="499" /></phr></stem><stem n="achiev"><phr n="achieved"><ent r="3" t="221" w="442" /></phr><phr n="achieve"><ent r="3" t="278" w="33" /></phr></stem><stem n="extrem"><phr n="extreme"><ent r="3" t="221" w="472" /></phr></stem><stem n="deciph"><phr n="deciphering"><ent r="3" t="221" w="475" /></phr></stem><stem n="encourag"><phr n="encourages"><ent r="3" t="221" w="490" /></phr></stem><stem n="strength"><phr n="strength"><ent r="3" t="221" w="501" /></phr></stem><stem n="dsa"><phr n="DSA"><ent r="3" t="221" w="506" /><ent r="3" t="226" w="374" /><ent r="3" t="227" w="372" /></phr></stem><stem n="faster"><phr n="faster"><ent r="3" t="221" w="520" /></phr></stem><stem n="less"><phr n="less"><ent r="3" t="221" w="526" /></phr></stem><stem n="volum"><phr n="volumes"><ent r="3" t="221" w="529" /></phr></stem><stem n="_ecc256_close_context("><phr n="_ecc256_close_context("><ent r="3" t="222" w="60" /></phr></stem><stem n="/public"><phr n="/public"><ent r="3" t="223" w="22" /><ent r="3" t="223" w="318" /></phr></stem><stem n="_ecc256_create_key_pair("><phr n="_ecc256_create_key_pair("><ent r="3" t="223" w="80" /></phr></stem><stem n="ec256"><phr n="ec256"><ent r="3" t="223" w="82" /><ent r="3" t="223" w="89" /><ent r="3" t="224" w="59" /><ent r="3" t="224" w="67" /><ent r="3" t="224" w="75" /><ent r="3" t="225" w="68" /><ent r="3" t="226" w="48" /><ent r="3" t="226" w="55" /><ent r="3" t="227" w="50" /><ent r="3" t="227" w="57" /><ent r="3" t="237" w="39" /><ent r="3" t="238" w="55" /><ent r="3" t="292" w="75" /><ent r="3" t="294" w="40" /><ent r="3" t="295" w="41" /><ent r="3" t="295" w="63" /><ent r="3" t="296" w="45" /><ent r="3" t="297" w="57" /><ent r="3" t="302" w="32" /><ent r="3" t="303" w="32" /></phr></stem><stem n="_ec256_private_t"><phr n="_ec256_private_t"><ent r="3" t="223" w="84" /><ent r="3" t="224" w="61" /><ent r="3" t="226" w="50" /></phr></stem><stem n="*p_private,"><phr n="*p_private,"><ent r="3" t="223" w="87" /><ent r="3" t="226" w="53" /></phr></stem><stem n="_ec256_public_t"><phr n="_ec256_public_t"><ent r="3" t="223" w="91" /><ent r="3" t="224" w="69" /><ent r="3" t="225" w="70" /><ent r="3" t="227" w="52" /><ent r="3" t="237" w="41" /><ent r="3" t="238" w="57" /><ent r="3" t="294" w="42" /><ent r="3" t="295" w="43" /><ent r="3" t="296" w="47" /><ent r="3" t="297" w="59" /><ent r="3" t="302" w="34" /><ent r="3" t="303" w="34" /></phr></stem><stem n="*p_public,"><phr n="*p_public,"><ent r="3" t="223" w="94" /><ent r="3" t="227" w="55" /></phr></stem><stem n="_privat"><phr n="_private"><ent r="4" t="223" w="108" /><ent r="4" t="223" w="344" /><ent r="4" t="223" w="371" /><ent r="4" t="223" w="417" /><ent r="4" t="226" w="102" /></phr></stem><stem n="li"><phr n="lies"><ent r="3" t="223" w="122" /><ent r="3" t="223" w="377" /></phr></stem><stem n="[1,"><phr n="[1,"><ent r="3" t="223" w="128" /><ent r="4" t="223" w="384" /></phr></stem><stem n="n-1"><phr n="n-1"><ent r="3" t="223" w="128" /><ent r="4" t="223" w="384" /></phr></stem><stem n="-1]"><phr n="-1]"><ent r="3" t="223" w="130" /><ent r="3" t="223" w="130" /><ent r="4" t="223" w="386" /><ent r="4" t="223" w="386" /></phr></stem><stem n="littl"><phr n="LITTLE"><ent r="4" t="223" w="146" /><ent r="4" t="223" w="188" /><ent r="4" t="224" w="112" /><ent r="4" t="224" w="132" /><ent r="4" t="224" w="164" /><ent r="4" t="225" w="110" /><ent r="4" t="226" w="119" /><ent r="4" t="226" w="140" /><ent r="4" t="227" w="132" /><ent r="4" t="227" w="152" /><ent r="4" t="237" w="65" /><ent r="4" t="238" w="91" /><ent r="3" t="239" w="279" /><ent r="4" t="239" w="313" /><ent r="3" t="244" w="312" /><ent r="4" t="244" w="342" /><ent r="3" t="245" w="256" /><ent r="4" t="245" w="286" /><ent r="4" t="294" w="63" /><ent r="4" t="294" w="83" /><ent r="4" t="295" w="96" /><ent r="4" t="295" w="124" /><ent r="3" t="295" w="315" /><ent r="4" t="295" w="345" /><ent r="3" t="296" w="150" /><ent r="4" t="296" w="180" /><ent r="4" t="296" w="257" /><ent r="3" t="296" w="430" /><ent r="4" t="296" w="460" /><ent r="3" t="297" w="62" /><ent r="3" t="297" w="77" /><ent r="4" t="302" w="54" /><ent r="4" t="303" w="61" /><ent r="3" t="303" w="249" /><ent r="4" t="303" w="279" /><ent r="3" t="304" w="138" /><ent r="4" t="304" w="168" /><ent r="4" t="306" w="167" /><ent r="4" t="306" w="178" /></phr></stem><stem n="endian"><phr n="ENDIAN"><ent r="4" t="223" w="147" /><ent r="4" t="223" w="189" /><ent r="4" t="224" w="113" /><ent r="4" t="224" w="133" /><ent r="4" t="224" w="165" /><ent r="4" t="225" w="111" /><ent r="4" t="226" w="120" /><ent r="4" t="226" w="141" /><ent r="4" t="227" w="133" /><ent r="4" t="227" w="153" /><ent r="4" t="237" w="66" /><ent r="4" t="238" w="92" /><ent r="3" t="239" w="280" /><ent r="4" t="239" w="314" /><ent r="3" t="244" w="313" /><ent r="4" t="244" w="343" /><ent r="3" t="245" w="257" /><ent r="4" t="245" w="287" /><ent r="4" t="294" w="64" /><ent r="4" t="294" w="84" /><ent r="4" t="295" w="97" /><ent r="4" t="295" w="125" /><ent r="4" t="295" w="141" /><ent r="4" t="295" w="152" /><ent r="3" t="295" w="316" /><ent r="4" t="295" w="346" /><ent r="3" t="296" w="151" /><ent r="4" t="296" w="181" /><ent r="4" t="296" w="258" /><ent r="3" t="296" w="431" /><ent r="4" t="296" w="461" /><ent r="3" t="297" w="63" /><ent r="3" t="297" w="78" /><ent r="4" t="302" w="55" /><ent r="4" t="303" w="62" /><ent r="3" t="303" w="250" /><ent r="4" t="303" w="280" /><ent r="3" t="304" w="139" /><ent r="4" t="304" w="169" /><ent r="4" t="306" w="168" /><ent r="4" t="306" w="179" /></phr></stem><stem n="_public"><phr n="_public"><ent r="4" t="223" w="150" /><ent r="4" t="223" w="353" /><ent r="4" t="223" w="404" /><ent r="4" t="223" w="415" /><ent r="4" t="223" w="440" /><ent r="4" t="227" w="109" /></phr></stem><stem n="/privat"><phr n="/private"><ent r="3" t="223" w="255" /><ent r="3" t="224" w="231" /></phr></stem><stem n="*g"><phr n="*G"><ent r="4" t="223" w="418" /></phr></stem><stem n="particip"><phr n="participants"><ent r="3" t="224" w="26" /><ent r="3" t="224" w="347" /><ent r="3" t="224" w="379" /><ent r="3" t="224" w="406" /><ent r="3" t="224" w="427" /></phr><phr n="participant"><ent r="3" t="224" w="372" /><ent r="3" t="224" w="375" /></phr></stem><stem n="_ecc256_compute_shared_dhkey("><phr n="_ecc256_compute_shared_dhkey("><ent r="3" t="224" w="57" /></phr></stem><stem n="*p_private_b,"><phr n="*p_private_b,"><ent r="3" t="224" w="65" /></phr></stem><stem n="*p_public_ga,"><phr n="*p_public_ga,"><ent r="3" t="224" w="73" /></phr></stem><stem n="_ec256_dh_shared_t"><phr n="_ec256_dh_shared_t"><ent r="3" t="224" w="78" /></phr></stem><stem n="*p_shared_key,"><phr n="*p_shared_key,"><ent r="3" t="224" w="82" /></phr></stem><stem n="_private_b"><phr n="_private_b"><ent r="4" t="224" w="97" /></phr></stem><stem n="_public_ga"><phr n="_public_ga"><ent r="4" t="224" w="117" /></phr></stem><stem n="_shared_kei"><phr n="_shared_key"><ent r="4" t="224" w="137" /><ent r="4" t="292" w="129" /></phr></stem><stem n="(local)"><phr n="(local)"><ent r="3" t="224" w="308" /></phr></stem><stem n="sharedkei"><phr n="sharedKey"><ent r="3" t="224" w="338" /><ent r="3" t="224" w="400" /></phr></stem><stem n="metasyntact"><phr n="metasyntactic"><ent r="3" t="224" w="354" /></phr></stem><stem n="alic"><phr n="Alice"><ent r="3" t="224" w="358" /><ent r="3" t="224" w="380" /><ent r="3" t="224" w="433" /><ent r="3" t="224" w="442" /><ent r="3" t="224" w="475" /><ent r="3" t="224" w="523" /><ent r="3" t="224" w="526" /><ent r="3" t="224" w="567" /><ent r="3" t="224" w="586" /></phr></stem><stem n="bob"><phr n="Bob"><ent r="3" t="224" w="360" /><ent r="3" t="224" w="382" /><ent r="3" t="224" w="435" /><ent r="3" t="224" w="481" /><ent r="3" t="224" w="484" /><ent r="3" t="224" w="517" /><ent r="3" t="224" w="528" /><ent r="3" t="224" w="547" /><ent r="3" t="224" w="565" /></phr></stem><stem n="discuss"><phr n="discussions"><ent r="3" t="224" w="368" /></phr></stem><stem n="(alic"><phr n="(Alice"><ent r="3" t="224" w="380" /></phr></stem><stem n="(sharedkey)."><phr n="(sharedKey)."><ent r="3" t="224" w="401" /></phr></stem><stem n="-agreement"><phr n="-agreement"><ent r="3" t="224" w="411" /><ent r="3" t="224" w="411" /></phr></stem><stem n="key-agr"><phr n="key-agreement"><ent r="3" t="224" w="411" /></phr></stem><stem n="agreement"><phr n="agreement"><ent r="3" t="224" w="412" /></phr></stem><stem n="pubkeya"><phr n="pubKeyA"><ent r="3" t="224" w="448" /><ent r="4" t="224" w="457" /><ent r="3" t="224" w="598" /></phr></stem><stem n="privkeya"><phr n="privKeyA"><ent r="3" t="224" w="455" /><ent r="4" t="224" w="458" /><ent r="3" t="224" w="558" /><ent r="3" t="224" w="560" /><ent r="3" t="224" w="600" /><ent r="4" t="224" w="610" /><ent r="4" t="224" w="614" /></phr></stem><stem n="pubkeyb"><phr n="pubKeyB"><ent r="3" t="224" w="490" /><ent r="4" t="224" w="499" /><ent r="3" t="224" w="559" /></phr></stem><stem n="privkeyb"><phr n="privKeyB"><ent r="3" t="224" w="497" /><ent r="4" t="224" w="500" /><ent r="3" t="224" w="561" /><ent r="3" t="224" w="597" /><ent r="3" t="224" w="599" /><ent r="4" t="224" w="611" /><ent r="4" t="224" w="613" /></phr></stem><stem n="sharekeya"><phr n="shareKeyA"><ent r="3" t="224" w="537" /><ent r="3" t="224" w="557" /><ent r="3" t="224" w="629" /></phr></stem><stem n="sharekeyb"><phr n="shareKeyB"><ent r="3" t="224" w="576" /><ent r="3" t="224" w="596" /><ent r="3" t="224" w="630" /></phr></stem><stem n="equat"><phr n="equation"><ent r="3" t="224" w="606" /><ent r="3" t="224" w="628" /></phr></stem><stem n="sharekei"><phr n="shareKey"><ent r="3" t="224" w="644" /></phr></stem><stem n="-coordin"><phr n="-coordinate"><ent r="3" t="224" w="647" /><ent r="3" t="224" w="647" /></phr></stem><stem n="x-coordin"><phr n="x-coordinate"><ent r="3" t="224" w="647" /><ent r="3" t="239" w="205" /><ent r="4" t="244" w="261" /><ent r="4" t="245" w="205" /><ent r="4" t="295" w="264" /><ent r="4" t="296" w="99" /><ent r="4" t="296" w="379" /><ent r="4" t="303" w="198" /><ent r="4" t="304" w="87" /></phr></stem><stem n="coordin"><phr n="coordinate"><ent r="3" t="224" w="648" /><ent r="3" t="239" w="206" /><ent r="4" t="244" w="262" /><ent r="4" t="245" w="206" /><ent r="4" t="295" w="265" /><ent r="4" t="296" w="100" /><ent r="4" t="296" w="380" /><ent r="4" t="303" w="199" /><ent r="4" t="304" w="88" /></phr></stem><stem n="hitherto"><phr n="hitherto"><ent r="3" t="224" w="664" /></phr></stem><stem n="_ecc256_check_point("><phr n="_ecc256_check_point("><ent r="3" t="225" w="65" /></phr></stem><stem n="*p_point,"><phr n="*p_point,"><ent r="3" t="225" w="73" /></phr></stem><stem n="*p_valid"><phr n="*p_valid"><ent r="3" t="225" w="85" /></phr></stem><stem n="_point"><phr n="_point"><ent r="4" t="225" w="92" /><ent r="3" t="225" w="212" /></phr></stem><stem n="_valid"><phr n="_valid"><ent r="4" t="225" w="170" /><ent r="3" t="225" w="194" /><ent r="3" t="225" w="215" /></phr></stem><stem n="_ecdsa_sign("><phr n="_ecdsa_sign("><ent r="3" t="226" w="35" /></phr></stem><stem n="*p_data,"><phr n="*p_data,"><ent r="3" t="226" w="41" /><ent r="3" t="227" w="42" /></phr></stem><stem n="_ec256_signature_t"><phr n="_ec256_signature_t"><ent r="3" t="226" w="57" /><ent r="3" t="227" w="59" /><ent r="3" t="295" w="65" /></phr></stem><stem n="*p_signature,"><phr n="*p_signature,"><ent r="3" t="226" w="60" /><ent r="3" t="227" w="62" /></phr></stem><stem n="_signatur"><phr n="_signature"><ent r="4" t="226" w="123" /><ent r="4" t="227" w="136" /></phr></stem><stem n="(sha256"><phr n="(SHA256"><ent r="3" t="226" w="313" /></phr></stem><stem n="_ecdsa_verify("><phr n="_ecdsa_verify("><ent r="3" t="227" w="36" /></phr></stem><stem n="*p_result,"><phr n="*p_result,"><ent r="3" t="227" w="67" /></phr></stem><stem n="_result"><phr n="_result"><ent r="4" t="227" w="156" /><ent r="3" t="227" w="244" /></phr></stem><stem n="_ecvalid"><phr n="_ECValid"><ent r="4" t="227" w="391" /></phr></stem><stem n="ecvalid"><phr n="ECValid"><ent r="4" t="227" w="391" /></phr></stem><stem n="_ecinvalidsignatur"><phr n="_ECInvalidSignature"><ent r="4" t="227" w="399" /></phr></stem><stem n="ecinvalidsignatur"><phr n="ECInvalidSignature"><ent r="4" t="227" w="399" /></phr></stem><stem n="_create_pse_session("><phr n="_create_pse_session("><ent r="3" t="228" w="32" /></phr></stem><stem n="tae"><phr n="tae"><ent r="6" t="228" w="241" /><ent r="6" t="228" w="245" /><ent r="6" t="229" w="125" /><ent r="6" t="229" w="129" /><ent r="6" t="230" w="169" /><ent r="6" t="230" w="173" /><ent r="6" t="231" w="368" /><ent r="6" t="231" w="372" /><ent r="6" t="232" w="633" /><ent r="6" t="232" w="637" /><ent r="6" t="233" w="540" /><ent r="6" t="233" w="544" /><ent r="6" t="234" w="405" /><ent r="6" t="234" w="409" /><ent r="6" t="235" w="420" /><ent r="6" t="235" w="424" /><ent r="6" t="236" w="322" /><ent r="6" t="236" w="326" /><ent r="6" t="285" w="40" /><ent r="6" t="286" w="29" /><ent r="6" t="288" w="59" /><ent r="6" t="289" w="96" /></phr></stem><stem n="_tae_service.h"><phr n="_tae_service.h"><ent r="6" t="228" w="243" /><ent r="6" t="229" w="127" /><ent r="6" t="230" w="171" /><ent r="6" t="231" w="370" /><ent r="6" t="232" w="635" /><ent r="6" t="233" w="542" /><ent r="6" t="234" w="407" /><ent r="6" t="235" w="422" /><ent r="6" t="236" w="324" /><ent r="6" t="285" w="42" /><ent r="6" t="286" w="31" /><ent r="6" t="288" w="61" /><ent r="6" t="289" w="98" /></phr></stem><stem n="_tae_service.edl"><phr n="_tae_service.edl"><ent r="6" t="228" w="247" /><ent r="6" t="229" w="131" /><ent r="6" t="230" w="175" /><ent r="6" t="231" w="374" /><ent r="6" t="232" w="639" /><ent r="6" t="233" w="546" /><ent r="6" t="234" w="411" /><ent r="6" t="235" w="426" /><ent r="6" t="236" w="328" /></phr></stem><stem n="_close_pse_session("><phr n="_close_pse_session("><ent r="3" t="229" w="37" /></phr></stem><stem n="desc"><phr n="desc"><ent r="3" t="230" w="47" /><ent r="65" t="247" w="222" /><ent r="1000" t="288" w="5" /><ent r="72" t="288" w="12" /><ent r="3" t="288" w="34" /><ent r="3" t="288" w="43" /><ent r="3" t="288" w="50" /><ent r="3" t="296" w="55" /></phr></stem><stem n="_ps_sec_prop_desc_t*"><phr n="_ps_sec_prop_desc_t*"><ent r="3" t="230" w="49" /></phr></stem><stem n="_properti"><phr n="_property"><ent r="3" t="230" w="50" /><ent r="4" t="230" w="57" /></phr></stem><stem n="descriptor"><phr n="descriptor"><ent r="3" t="230" w="70" /><ent r="3" t="288" w="17" /></phr></stem><stem n="_error_ae_session_invalid"><phr n="_ERROR_AE_SESSION_INVALID"><ent r="4" t="230" w="109" /><ent r="4" t="231" w="143" /><ent r="4" t="232" w="272" /><ent r="4" t="233" w="169" /><ent r="4" t="234" w="148" /><ent r="4" t="235" w="163" /><ent r="4" t="236" w="129" /><ent r="4" t="237" w="216" /><ent r="4" t="238" w="296" /><ent r="6" t="310" w="696" /></phr></stem><stem n="_get_trusted_time("><phr n="_get_trusted_time("><ent r="3" t="231" w="33" /></phr></stem><stem n="_time_t*"><phr n="_time_t*"><ent r="3" t="231" w="37" /></phr></stem><stem n="_time,"><phr n="_time,"><ent r="3" t="231" w="39" /><ent r="6" t="316" w="245" /></phr></stem><stem n="_time_source_nonce_t*"><phr n="_time_source_nonce_t*"><ent r="3" t="231" w="45" /></phr></stem><stem n="_source_nonc"><phr n="_source_nonce"><ent r="3" t="231" w="47" /><ent r="4" t="231" w="80" /><ent r="3" t="231" w="93" /><ent r="4" t="231" w="269" /><ent r="4" t="231" w="284" /><ent r="4" t="231" w="317" /></phr></stem><stem n="_time"><phr n="_time"><ent r="4" t="231" w="54" /><ent r="4" t="231" w="259" /></phr></stem><stem n="timer"><phr n="Timer"><ent r="3" t="231" w="311" /></phr></stem><stem n="necessarili"><phr n="necessarily"><ent r="3" t="231" w="334" /></phr></stem><stem n="_create_monotonic_counter_ex("><phr n="_create_monotonic_counter_ex("><ent r="3" t="232" w="34" /></phr></stem><stem n="_attribute_mask,"><phr n="_attribute_mask,"><ent r="3" t="232" w="47" /></phr></stem><stem n="_mc_uuid_t"><phr n="_mc_uuid_t"><ent r="3" t="232" w="51" /><ent r="3" t="233" w="43" /><ent r="3" t="234" w="51" /><ent r="3" t="235" w="40" /><ent r="3" t="236" w="38" /><ent r="65" t="247" w="228" /><ent r="1000" t="289" w="4" /><ent r="72" t="289" w="9" /></phr></stem><stem n="_uuid,"><phr n="_uuid,"><ent r="3" t="232" w="54" /><ent r="3" t="233" w="46" /><ent r="3" t="235" w="43" /><ent r="3" t="236" w="41" /></phr></stem><stem n="0x1"><phr n="0x1"><ent r="4" t="232" w="76" /><ent r="4" t="233" w="302" /></phr></stem><stem n="0x2"><phr n="0x2"><ent r="4" t="232" w="89" /></phr></stem><stem n="0x3"><phr n="0x3"><ent r="4" t="232" w="101" /></phr></stem><stem n="0x0"><phr n="0x0"><ent r="4" t="232" w="122" /></phr></stem><stem n="_attribute_mask"><phr n="_attribute_mask"><ent r="4" t="232" w="142" /><ent r="4" t="232" w="412" /><ent r="4" t="233" w="321" /></phr></stem></index>