<?xml version="1.0" encoding="utf-8"?><index><stem n="_secret(const"><phr n="_secret(const"><ent r="3" t="40" w="182" /></phr></stem><stem n="_secret"><phr n="_secret"><ent r="4" t="40" w="217" /><ent r="4" t="40" w="273" /><ent r="4" t="40" w="297" /><ent r="4" t="73" w="79" /><ent r="4" t="73" w="90" /></phr></stem><stem n="happen"><phr n="happen"><ent r="3" t="40" w="235" /><ent r="3" t="76" w="273" /></phr><phr n="happens"><ent r="3" t="44" w="137" /><ent r="3" t="77" w="149" /><ent r="4" t="77" w="290" /><ent r="3" t="87" w="190" /><ent r="3" t="178" w="200" /><ent r="3" t="179" w="140" /><ent r="3" t="183" w="293" /><ent r="3" t="184" w="124" /></phr></stem><stem n="_t"><phr n="_t"><ent r="3" t="40" w="239" /><ent r="6" t="54" w="44" /><ent r="6" t="54" w="47" /><ent r="6" t="54" w="50" /><ent r="6" t="54" w="53" /><ent r="6" t="54" w="56" /><ent r="6" t="54" w="59" /><ent r="6" t="54" w="62" /><ent r="6" t="54" w="65" /><ent r="6" t="54" w="68" /><ent r="6" t="54" w="71" /><ent r="3" t="56" w="166" /><ent r="3" t="56" w="172" /><ent r="3" t="56" w="202" /><ent r="3" t="56" w="208" /><ent r="3" t="56" w="214" /><ent r="3" t="62" w="304" /><ent r="3" t="62" w="409" /><ent r="3" t="62" w="428" /><ent r="3" t="62" w="474" /><ent r="3" t="62" w="494" /><ent r="3" t="62" w="581" /><ent r="4" t="64" w="30" /><ent r="3" t="64" w="272" /><ent r="3" t="64" w="291" /><ent r="3" t="64" w="412" /><ent r="3" t="67" w="188" /><ent r="3" t="69" w="275" /><ent r="3" t="69" w="288" /><ent r="3" t="69" w="292" /><ent r="3" t="69" w="337" /><ent r="3" t="69" w="349" /><ent r="3" t="69" w="353" /><ent r="3" t="70" w="189" /><ent r="3" t="70" w="202" /><ent r="3" t="70" w="206" /><ent r="6" t="85" w="158" /><ent r="3" t="153" w="37" /><ent r="3" t="153" w="43" /><ent r="3" t="154" w="62" /><ent r="3" t="154" w="68" /><ent r="3" t="154" w="87" /><ent r="3" t="156" w="195" /><ent r="3" t="156" w="207" /><ent r="3" t="158" w="67" /><ent r="3" t="164" w="37" /><ent r="3" t="165" w="35" /><ent r="3" t="165" w="40" /><ent r="3" t="166" w="61" /><ent r="3" t="167" w="61" /><ent r="3" t="168" w="41" /><ent r="3" t="174" w="27" /><ent r="3" t="175" w="27" /><ent r="3" t="190" w="56" /><ent r="3" t="191" w="52" /><ent r="3" t="191" w="68" /><ent r="3" t="198" w="54" /><ent r="3" t="198" w="63" /><ent r="3" t="198" w="71" /><ent r="3" t="199" w="65" /><ent r="3" t="200" w="59" /><ent r="3" t="201" w="73" /><ent r="3" t="201" w="80" /><ent r="3" t="201" w="87" /><ent r="3" t="201" w="93" /><ent r="3" t="201" w="99" /><ent r="3" t="202" w="89" /><ent r="3" t="202" w="110" /><ent r="3" t="202" w="117" /><ent r="3" t="202" w="124" /><ent r="3" t="202" w="130" /><ent r="3" t="202" w="136" /><ent r="3" t="203" w="89" /><ent r="3" t="203" w="95" /><ent r="3" t="203" w="102" /><ent r="3" t="203" w="108" /><ent r="3" t="204" w="33" /><ent r="3" t="204" w="40" /><ent r="3" t="204" w="47" /><ent r="3" t="205" w="50" /><ent r="3" t="205" w="71" /><ent r="3" t="205" w="78" /><ent r="3" t="205" w="85" /><ent r="3" t="206" w="66" /><ent r="3" t="206" w="72" /><ent r="3" t="207" w="38" /><ent r="3" t="207" w="43" /><ent r="3" t="209" w="61" /><ent r="3" t="209" w="66" /><ent r="3" t="212" w="57" /><ent r="3" t="212" w="62" /><ent r="3" t="212" w="67" /><ent r="3" t="212" w="73" /><ent r="3" t="212" w="78" /><ent r="3" t="212" w="84" /><ent r="3" t="212" w="89" /><ent r="3" t="213" w="57" /><ent r="3" t="213" w="62" /><ent r="3" t="213" w="67" /><ent r="3" t="213" w="73" /><ent r="3" t="213" w="78" /><ent r="3" t="213" w="84" /><ent r="3" t="213" w="89" /><ent r="3" t="214" w="52" /><ent r="3" t="214" w="57" /><ent r="3" t="216" w="63" /><ent r="3" t="216" w="68" /><ent r="3" t="219" w="63" /><ent r="3" t="219" w="69" /><ent r="3" t="219" w="74" /><ent r="3" t="219" w="80" /><ent r="3" t="219" w="86" /><ent r="3" t="220" w="63" /><ent r="3" t="220" w="69" /><ent r="3" t="220" w="74" /><ent r="3" t="220" w="80" /><ent r="3" t="220" w="86" /><ent r="3" t="226" w="38" /><ent r="3" t="226" w="43" /><ent r="3" t="227" w="39" /><ent r="3" t="227" w="44" /><ent r="3" t="227" w="64" /><ent r="3" t="232" w="36" /><ent r="3" t="232" w="56" /><ent r="3" t="233" w="48" /><ent r="3" t="235" w="45" /><ent r="3" t="236" w="43" /><ent r="3" t="248" w="36" /><ent r="3" t="249" w="57" /><ent r="3" t="252" w="63" /><ent r="3" t="252" w="67" /><ent r="3" t="252" w="71" /><ent r="3" t="252" w="75" /><ent r="3" t="252" w="79" /><ent r="3" t="252" w="83" /><ent r="3" t="252" w="87" /><ent r="3" t="252" w="91" /><ent r="3" t="252" w="95" /><ent r="3" t="252" w="99" /><ent r="3" t="252" w="103" /><ent r="3" t="252" w="107" /><ent r="3" t="252" w="111" /><ent r="3" t="252" w="115" /><ent r="3" t="252" w="119" /><ent r="3" t="252" w="123" /><ent r="3" t="252" w="127" /><ent r="3" t="252" w="131" /><ent r="3" t="252" w="149" /><ent r="3" t="252" w="153" /><ent r="3" t="252" w="157" /><ent r="3" t="252" w="161" /><ent r="3" t="252" w="165" /><ent r="3" t="252" w="169" /><ent r="3" t="252" w="173" /><ent r="3" t="252" w="177" /><ent r="3" t="252" w="181" /><ent r="3" t="252" w="185" /><ent r="3" t="255" w="22" /><ent r="3" t="257" w="29" /><ent r="3" t="257" w="34" /><ent r="3" t="257" w="40" /><ent r="3" t="263" w="107" /><ent r="3" t="263" w="111" /><ent r="3" t="266" w="62" /><ent r="3" t="267" w="59" /><ent r="3" t="269" w="58" /><ent r="3" t="269" w="63" /><ent r="3" t="269" w="75" /><ent r="3" t="269" w="106" /><ent r="3" t="270" w="38" /><ent r="3" t="272" w="63" /><ent r="3" t="274" w="78" /><ent r="3" t="274" w="90" /><ent r="3" t="275" w="55" /><ent r="3" t="275" w="71" /><ent r="3" t="275" w="82" /><ent r="3" t="275" w="102" /><ent r="3" t="277" w="37" /><ent r="3" t="277" w="42" /><ent r="3" t="277" w="47" /><ent r="3" t="277" w="56" /><ent r="3" t="278" w="104" /><ent r="3" t="278" w="110" /><ent r="3" t="279" w="23" /><ent r="3" t="280" w="28" /><ent r="3" t="281" w="26" /><ent r="3" t="281" w="30" /><ent r="3" t="281" w="76" /><ent r="3" t="281" w="81" /><ent r="3" t="283" w="25" /><ent r="3" t="284" w="29" /><ent r="3" t="285" w="27" /><ent r="3" t="286" w="18" /><ent r="3" t="287" w="29" /><ent r="3" t="287" w="34" /><ent r="3" t="288" w="38" /><ent r="3" t="289" w="45" /><ent r="3" t="289" w="56" /><ent r="3" t="290" w="26" /><ent r="3" t="291" w="27" /><ent r="3" t="292" w="84" /><ent r="3" t="295" w="53" /><ent r="3" t="295" w="58" /><ent r="3" t="295" w="76" /><ent r="3" t="295" w="82" /><ent r="3" t="296" w="62" /><ent r="3" t="299" w="57" /><ent r="3" t="299" w="75" /><ent r="3" t="300" w="41" /><ent r="3" t="303" w="44" /><ent r="3" t="304" w="32" /><ent r="3" t="305" w="45" /><ent r="3" t="305" w="51" /><ent r="3" t="306" w="50" /><ent r="3" t="306" w="67" /><ent r="3" t="306" w="79" /><ent r="3" t="308" w="32" /></phr></stem><stem n="_secret(eid,"><phr n="_secret(eid,"><ent r="3" t="40" w="249" /></phr></stem><stem n="&amp;secret);"><phr n="&amp;secret);"><ent r="3" t="40" w="250" /></phr></stem><stem n="_success"><phr n="_SUCCESS"><ent r="4" t="41" w="37" /><ent r="4" t="149" w="547" /><ent r="4" t="149" w="1116" /><ent r="4" t="150" w="67" /><ent r="4" t="152" w="101" /><ent r="4" t="153" w="82" /><ent r="4" t="154" w="306" /><ent r="4" t="155" w="242" /><ent r="4" t="156" w="464" /><ent r="4" t="157" w="333" /><ent r="4" t="158" w="95" /><ent r="4" t="159" w="77" /><ent r="4" t="160" w="124" /><ent r="4" t="161" w="139" /><ent r="4" t="162" w="148" /><ent r="4" t="163" w="125" /><ent r="4" t="164" w="63" /><ent r="4" t="165" w="84" /><ent r="4" t="168" w="111" /><ent r="4" t="193" w="109" /><ent r="4" t="194" w="127" /><ent r="4" t="195" w="159" /><ent r="4" t="196" w="291" /><ent r="4" t="197" w="94" /><ent r="4" t="201" w="352" /><ent r="4" t="202" w="524" /><ent r="4" t="203" w="398" /><ent r="4" t="204" w="234" /><ent r="4" t="205" w="403" /><ent r="4" t="206" w="195" /><ent r="4" t="207" w="146" /><ent r="4" t="208" w="134" /><ent r="4" t="209" w="178" /><ent r="4" t="210" w="137" /><ent r="4" t="211" w="95" /><ent r="4" t="212" w="380" /><ent r="4" t="213" w="389" /><ent r="4" t="214" w="187" /><ent r="4" t="215" w="171" /><ent r="4" t="216" w="179" /><ent r="4" t="217" w="135" /><ent r="4" t="218" w="97" /><ent r="4" t="219" w="213" /><ent r="4" t="220" w="213" /><ent r="4" t="221" w="182" /><ent r="4" t="222" w="134" /><ent r="4" t="223" w="251" /><ent r="4" t="224" w="227" /><ent r="4" t="225" w="184" /><ent r="4" t="226" w="203" /><ent r="4" t="227" w="233" /><ent r="4" t="228" w="41" /><ent r="4" t="229" w="46" /><ent r="4" t="230" w="85" /><ent r="4" t="231" w="119" /><ent r="4" t="232" w="205" /><ent r="4" t="233" w="102" /><ent r="4" t="234" w="75" /><ent r="4" t="235" w="90" /><ent r="4" t="236" w="88" /><ent r="4" t="237" w="171" /><ent r="4" t="238" w="251" /><ent r="4" t="239" w="395" /><ent r="4" t="240" w="74" /><ent r="4" t="241" w="157" /><ent r="4" t="242" w="172" /><ent r="4" t="243" w="225" /><ent r="4" t="244" w="473" /><ent r="4" t="245" w="413" /><ent r="4" t="292" w="188" /><ent r="6" t="310" w="20" /></phr></stem><stem n="unprotect"><phr n="unprotected"><ent r="3" t="42" w="30" /><ent r="4" t="42" w="139" /><ent r="4" t="42" w="220" /><ent r="4" t="42" w="250" /><ent r="4" t="129" w="86" /></phr></stem><stem n="(unprotected)"><phr n="(unprotected)"><ent r="3" t="42" w="31" /></phr></stem><stem n="veri"><phr n="very"><ent r="3" t="42" w="72" /></phr></stem><stem n="similarli"><phr n="similarly"><ent r="3" t="42" w="73" /><ent r="4" t="42" w="339" /><ent r="5" t="43" w="582" /><ent r="3" t="58" w="822" /></phr></stem><stem n="linux"><phr n="Linux"><ent r="3" t="42" w="76" /></phr></stem><stem n="share"><phr n="shared"><ent r="3" t="42" w="79" /><ent r="3" t="42" w="89" /><ent r="3" t="87" w="138" /><ent r="3" t="91" w="67" /><ent r="65" t="146" w="136" /><ent r="4" t="221" w="54" /><ent r="1000" t="224" w="4" /><ent r="72" t="224" w="10" /><ent r="4" t="224" w="16" /><ent r="3" t="224" w="23" /><ent r="3" t="224" w="38" /><ent r="3" t="224" w="55" /><ent r="3" t="224" w="77" /><ent r="3" t="224" w="80" /><ent r="4" t="224" w="136" /><ent r="3" t="224" w="252" /><ent r="3" t="224" w="299" /><ent r="3" t="224" w="323" /><ent r="3" t="224" w="344" /><ent r="3" t="224" w="642" /><ent r="3" t="238" w="191" /><ent r="3" t="238" w="205" /><ent r="3" t="239" w="178" /><ent r="3" t="239" w="272" /><ent r="3" t="244" w="305" /><ent r="3" t="245" w="249" /><ent r="3" t="292" w="28" /><ent r="3" t="292" w="42" /><ent r="3" t="292" w="77" /><ent r="3" t="292" w="80" /><ent r="4" t="292" w="128" /><ent r="3" t="292" w="136" /><ent r="3" t="295" w="308" /><ent r="3" t="296" w="143" /><ent r="3" t="296" w="358" /><ent r="3" t="296" w="423" /><ent r="3" t="303" w="242" /><ent r="3" t="304" w="131" /></phr></stem><stem n="indirectli"><phr n="indirectly"><ent r="3" t="42" w="98" /><ent r="3" t="96" w="127" /></phr></stem><stem n="directli"><phr n="directly"><ent r="3" t="42" w="114" /><ent r="3" t="73" w="50" /><ent r="3" t="91" w="106" /><ent r="3" t="129" w="32" /><ent r="3" t="146" w="189" /></phr></stem><stem n="permit"><phr n="permitted"><ent r="3" t="42" w="117" /></phr></stem><stem n="(enclave)"><phr n="(enclave)"><ent r="4" t="42" w="137" /></phr></stem><stem n="overrun"><phr n="overrun"><ent r="4" t="42" w="173" /></phr></stem><stem n="domain"><phr n="domain"><ent r="4" t="42" w="177" /><ent r="4" t="43" w="128" /><ent r="3" t="70" w="64" /><ent r="3" t="71" w="37" /><ent r="3" t="127" w="219" /><ent r="4" t="137" w="125" /><ent r="3" t="138" w="54" /><ent r="4" t="144" w="208" /><ent r="3" t="193" w="217" /><ent r="5" t="193" w="325" /><ent r="3" t="194" w="233" /><ent r="5" t="194" w="341" /><ent r="3" t="224" w="660" /><ent r="3" t="226" w="399" /><ent r="3" t="227" w="410" /></phr><phr n="domains"><ent r="3" t="123" w="33" /></phr></stem><stem n="trigger"><phr n="trigger"><ent r="4" t="42" w="184" /></phr></stem><stem n="_eder8r"><phr n="_eder8r"><ent r="4" t="42" w="195" /></phr></stem><stem n="eder8r"><phr n="eder8r"><ent r="4" t="42" w="195" /></phr></stem><stem n="semant"><phr n="semantics"><ent r="4" t="42" w="227" /><ent r="4" t="42" w="257" /><ent r="4" t="42" w="540" /><ent r="3" t="257" w="220" /><ent r="3" t="259" w="96" /></phr></stem><stem n="appli"><phr n="applies"><ent r="4" t="42" w="229" /><ent r="4" t="42" w="259" /><ent r="3" t="224" w="552" /><ent r="3" t="224" w="591" /></phr><phr n="apply"><ent r="4" t="57" w="48" /><ent r="3" t="224" w="407" /><ent r="6" t="313" w="57" /></phr><phr n="applied"><ent r="55" t="75" w="225" /><ent r="3" t="226" w="303" /></phr></stem><stem n="(memori"><phr n="(memory"><ent r="4" t="42" w="280" /></phr></stem><stem n="pointer"><phr n="pointers"><ent r="4" t="42" w="283" /><ent r="4" t="42" w="287" /><ent r="4" t="42" w="610" /><ent r="4" t="42" w="637" /><ent r="65" t="42" w="640" /><ent r="1000" t="57" w="1" /><ent r="82" t="57" w="3" /><ent r="3" t="57" w="14" /><ent r="4" t="57" w="59" /><ent r="4" t="57" w="68" /><ent r="3" t="58" w="17" /><ent r="3" t="58" w="265" /><ent r="3" t="58" w="276" /><ent r="3" t="58" w="906" /><ent r="3" t="58" w="938" /><ent r="3" t="59" w="131" /><ent r="3" t="59" w="279" /><ent r="3" t="59" w="306" /><ent r="3" t="61" w="125" /><ent r="4" t="64" w="572" /><ent r="64" t="65" w="131" /><ent r="3" t="66" w="51" /><ent r="3" t="66" w="74" /><ent r="3" t="66" w="75" /><ent r="3" t="67" w="218" /><ent r="3" t="152" w="119" /><ent r="3" t="154" w="323" /><ent r="3" t="155" w="259" /><ent r="3" t="156" w="481" /><ent r="3" t="157" w="350" /><ent r="3" t="196" w="313" /><ent r="3" t="207" w="162" /><ent r="3" t="210" w="151" /><ent r="3" t="223" w="332" /><ent r="3" t="230" w="101" /><ent r="3" t="231" w="135" /><ent r="3" t="233" w="118" /><ent r="3" t="234" w="91" /><ent r="3" t="235" w="106" /><ent r="3" t="236" w="104" /><ent r="6" t="320" w="62" /></phr><phr n="pointer"><ent r="4" t="42" w="621" /><ent r="6" t="54" w="86" /><ent r="4" t="57" w="42" /><ent r="1000" t="58" w="1" /><ent r="72" t="58" w="4" /><ent r="4" t="58" w="34" /><ent r="4" t="58" w="85" /><ent r="3" t="58" w="167" /><ent r="3" t="58" w="219" /><ent r="3" t="58" w="349" /><ent r="3" t="58" w="363" /><ent r="3" t="58" w="393" /><ent r="3" t="58" w="402" /><ent r="3" t="58" w="438" /><ent r="4" t="58" w="579" /><ent r="3" t="58" w="617" /><ent r="3" t="58" w="628" /><ent r="3" t="58" w="659" /><ent r="3" t="58" w="669" /><ent r="3" t="58" w="699" /><ent r="3" t="58" w="816" /><ent r="3" t="58" w="845" /><ent r="3" t="58" w="914" /><ent r="3" t="59" w="69" /><ent r="3" t="59" w="155" /><ent r="4" t="59" w="347" /><ent r="4" t="59" w="360" /><ent r="4" t="59" w="591" /><ent r="6" t="59" w="848" /><ent r="6" t="59" w="861" /><ent r="6" t="59" w="909" /><ent r="4" t="60" w="68" /><ent r="5" t="60" w="128" /><ent r="3" t="61" w="64" /><ent r="4" t="62" w="365" /><ent r="4" t="62" w="378" /><ent r="3" t="62" w="566" /><ent r="3" t="63" w="23" /><ent r="3" t="64" w="326" /><ent r="3" t="64" w="517" /><ent r="4" t="64" w="579" /><ent r="3" t="64" w="610" /><ent r="3" t="64" w="636" /><ent r="3" t="64" w="669" /><ent r="3" t="64" w="696" /><ent r="3" t="65" w="113" /><ent r="3" t="65" w="128" /><ent r="3" t="66" w="119" /><ent r="6" t="85" w="168" /><ent r="4" t="99" w="450" /><ent r="3" t="149" w="326" /><ent r="3" t="149" w="484" /><ent r="3" t="149" w="511" /><ent r="3" t="149" w="532" /><ent r="3" t="151" w="53" /><ent r="3" t="153" w="102" /><ent r="3" t="155" w="167" /><ent r="3" t="155" w="442" /><ent r="3" t="156" w="248" /><ent r="3" t="156" w="315" /><ent r="3" t="157" w="256" /><ent r="3" t="157" w="300" /><ent r="3" t="158" w="117" /><ent r="3" t="159" w="55" /><ent r="3" t="159" w="94" /><ent r="3" t="161" w="159" /><ent r="3" t="162" w="168" /><ent r="3" t="163" w="144" /><ent r="3" t="164" w="83" /><ent r="3" t="165" w="103" /><ent r="3" t="166" w="26" /><ent r="3" t="166" w="158" /><ent r="3" t="167" w="26" /><ent r="3" t="168" w="54" /><ent r="3" t="168" w="64" /><ent r="3" t="170" w="87" /><ent r="3" t="187" w="57" /><ent r="3" t="187" w="158" /><ent r="3" t="188" w="72" /><ent r="3" t="189" w="84" /><ent r="3" t="195" w="69" /><ent r="3" t="195" w="97" /><ent r="3" t="195" w="132" /><ent r="3" t="195" w="143" /><ent r="3" t="196" w="88" /><ent r="4" t="196" w="122" /><ent r="4" t="196" w="154" /><ent r="3" t="196" w="191" /><ent r="3" t="196" w="214" /><ent r="3" t="196" w="251" /><ent r="3" t="196" w="264" /><ent r="3" t="196" w="477" /><ent r="3" t="197" w="58" /><ent r="3" t="197" w="76" /><ent r="3" t="199" w="91" /><ent r="3" t="200" w="84" /><ent r="3" t="201" w="155" /><ent r="3" t="201" w="175" /><ent r="3" t="201" w="239" /><ent r="3" t="201" w="299" /><ent r="3" t="202" w="320" /><ent r="3" t="202" w="343" /><ent r="3" t="202" w="407" /><ent r="3" t="202" w="470" /><ent r="3" t="203" w="123" /><ent r="3" t="203" w="145" /><ent r="3" t="203" w="189" /><ent r="3" t="203" w="209" /><ent r="3" t="203" w="265" /><ent r="3" t="203" w="318" /><ent r="3" t="204" w="86" /><ent r="3" t="204" w="163" /><ent r="3" t="205" w="253" /><ent r="3" t="205" w="335" /><ent r="3" t="206" w="87" /><ent r="3" t="206" w="110" /><ent r="3" t="206" w="152" /><ent r="3" t="207" w="63" /><ent r="3" t="207" w="81" /><ent r="3" t="207" w="115" /><ent r="3" t="207" w="127" /><ent r="3" t="207" w="282" /><ent r="3" t="208" w="151" /><ent r="3" t="209" w="87" /><ent r="3" t="209" w="105" /><ent r="3" t="210" w="109" /><ent r="3" t="212" w="111" /><ent r="3" t="212" w="137" /><ent r="3" t="212" w="204" /><ent r="3" t="212" w="226" /><ent r="3" t="212" w="277" /><ent r="3" t="212" w="399" /><ent r="3" t="212" w="412" /><ent r="3" t="212" w="425" /><ent r="3" t="212" w="428" /><ent r="3" t="212" w="435" /><ent r="3" t="212" w="438" /><ent r="3" t="213" w="113" /><ent r="3" t="213" w="139" /><ent r="3" t="213" w="206" /><ent r="3" t="213" w="228" /><ent r="3" t="213" w="279" /><ent r="3" t="213" w="408" /><ent r="3" t="213" w="421" /><ent r="3" t="213" w="434" /><ent r="3" t="213" w="437" /><ent r="3" t="213" w="444" /><ent r="3" t="213" w="447" /><ent r="3" t="214" w="78" /><ent r="3" t="214" w="103" /><ent r="3" t="214" w="121" /><ent r="3" t="214" w="155" /><ent r="3" t="214" w="168" /><ent r="3" t="214" w="207" /><ent r="3" t="214" w="314" /><ent r="3" t="215" w="105" /><ent r="3" t="215" w="192" /><ent r="3" t="216" w="89" /><ent r="3" t="216" w="107" /><ent r="3" t="216" w="195" /><ent r="3" t="217" w="108" /><ent r="3" t="217" w="150" /><ent r="3" t="219" w="99" /><ent r="3" t="219" w="125" /><ent r="3" t="219" w="156" /><ent r="3" t="219" w="192" /><ent r="3" t="219" w="233" /><ent r="3" t="220" w="99" /><ent r="3" t="220" w="125" /><ent r="3" t="220" w="156" /><ent r="3" t="220" w="192" /><ent r="3" t="220" w="233" /><ent r="3" t="223" w="112" /><ent r="3" t="223" w="154" /><ent r="3" t="224" w="101" /><ent r="3" t="224" w="121" /><ent r="3" t="224" w="141" /><ent r="3" t="224" w="254" /><ent r="3" t="225" w="96" /><ent r="3" t="225" w="174" /><ent r="3" t="226" w="78" /><ent r="3" t="226" w="106" /><ent r="3" t="226" w="127" /><ent r="3" t="226" w="226" /><ent r="3" t="227" w="85" /><ent r="3" t="227" w="113" /><ent r="3" t="227" w="140" /><ent r="3" t="227" w="160" /><ent r="3" t="227" w="266" /><ent r="3" t="230" w="61" /><ent r="3" t="230" w="76" /><ent r="3" t="231" w="86" /><ent r="3" t="231" w="97" /><ent r="3" t="231" w="110" /><ent r="3" t="232" w="164" /><ent r="3" t="232" w="175" /><ent r="3" t="232" w="185" /><ent r="3" t="232" w="196" /><ent r="3" t="233" w="61" /><ent r="3" t="233" w="72" /><ent r="3" t="233" w="82" /><ent r="3" t="233" w="93" /><ent r="3" t="235" w="70" /><ent r="3" t="235" w="81" /><ent r="3" t="236" w="68" /><ent r="3" t="236" w="79" /><ent r="3" t="238" w="166" /><ent r="3" t="241" w="111" /><ent r="4" t="241" w="133" /><ent r="3" t="242" w="64" /><ent r="3" t="242" w="114" /><ent r="4" t="243" w="105" /><ent r="4" t="243" w="150" /><ent r="4" t="243" w="201" /><ent r="4" t="244" w="110" /><ent r="4" t="244" w="162" /><ent r="4" t="244" w="213" /><ent r="3" t="244" w="237" /><ent r="4" t="244" w="359" /><ent r="3" t="244" w="384" /><ent r="4" t="244" w="449" /><ent r="4" t="245" w="107" /><ent r="4" t="245" w="157" /><ent r="3" t="245" w="181" /><ent r="4" t="245" w="303" /><ent r="4" t="245" w="389" /><ent r="3" t="252" w="230" /><ent r="3" t="252" w="262" /><ent r="3" t="254" w="41" /><ent r="3" t="292" w="256" /><ent r="3" t="295" w="437" /><ent r="3" t="297" w="15" /><ent r="3" t="298" w="15" /><ent r="3" t="299" w="15" /><ent r="6" t="314" w="56" /></phr></stem><stem n="distribut"><phr n="distributed"><ent r="4" t="42" w="302" /></phr></stem><stem n="cpuid"><phr n="CPUID"><ent r="4" t="42" w="329" /><ent r="3" t="126" w="74" /><ent r="1000" t="127" w="5" /><ent r="62" t="127" w="12" /><ent r="3" t="127" w="20" /><ent r="3" t="127" w="36" /><ent r="3" t="127" w="59" /><ent r="5" t="127" w="66" /><ent r="5" t="127" w="69" /><ent r="3" t="127" w="90" /><ent r="5" t="127" w="93" /><ent r="3" t="127" w="112" /><ent r="3" t="127" w="136" /><ent r="3" t="127" w="166" /><ent r="3" t="127" w="187" /><ent r="3" t="127" w="200" /><ent r="3" t="127" w="213" /><ent r="3" t="127" w="234" /><ent r="4" t="127" w="245" /><ent r="4" t="127" w="249" /><ent r="4" t="127" w="265" /><ent r="4" t="127" w="316" /><ent r="6" t="127" w="324" /><ent r="6" t="127" w="329" /><ent r="6" t="127" w="340" /><ent r="1000" t="143" w="2" /><ent r="72" t="143" w="7" /><ent r="3" t="143" w="29" /><ent r="65" t="143" w="36" /><ent r="3" t="169" w="195" /><ent r="1000" t="193" w="2" /><ent r="72" t="193" w="5" /><ent r="4" t="193" w="10" /><ent r="3" t="193" w="18" /><ent r="3" t="193" w="26" /><ent r="4" t="193" w="50" /><ent r="3" t="193" w="59" /><ent r="3" t="193" w="143" /><ent r="3" t="193" w="151" /><ent r="3" t="193" w="159" /><ent r="4" t="193" w="190" /><ent r="3" t="193" w="208" /><ent r="3" t="193" w="241" /><ent r="5" t="193" w="260" /><ent r="5" t="193" w="320" /><ent r="6" t="193" w="334" /><ent r="4" t="194" w="19" /><ent r="3" t="194" w="29" /><ent r="4" t="194" w="53" /><ent r="4" t="194" w="162" /><ent r="3" t="194" w="171" /><ent r="3" t="194" w="179" /><ent r="3" t="194" w="207" /><ent r="3" t="194" w="224" /><ent r="3" t="194" w="257" /><ent r="5" t="194" w="276" /><ent r="5" t="194" w="336" /><ent r="6" t="194" w="350" /><ent r="4" t="315" w="457" /><ent r="5" t="315" w="466" /><ent r="5" t="315" w="484" /></phr></stem><stem n="_tstdc.lib"><phr n="_tstdc.lib"><ent r="55" t="42" w="335" /><ent r="56" t="42" w="497" /><ent r="57" t="47" w="94" /><ent r="4" t="123" w="146" /><ent r="7" t="174" w="123" /><ent r="7" t="175" w="117" /><ent r="7" t="176" w="247" /><ent r="7" t="177" w="197" /><ent r="7" t="178" w="305" /><ent r="7" t="179" w="223" /><ent r="7" t="180" w="200" /><ent r="7" t="181" w="215" /><ent r="7" t="182" w="196" /><ent r="7" t="183" w="416" /><ent r="7" t="184" w="203" /><ent r="7" t="185" w="149" /><ent r="7" t="186" w="116" /><ent r="7" t="187" w="274" /><ent r="7" t="188" w="161" /><ent r="7" t="189" w="136" /><ent r="7" t="190" w="231" /><ent r="7" t="191" w="340" /><ent r="7" t="192" w="216" /><ent r="7" t="193" w="344" /><ent r="7" t="194" w="360" /></phr></stem><stem n="_tservice.lib"><phr n="_tservice.lib"><ent r="55" t="42" w="347" /><ent r="57" t="47" w="121" /><ent r="57" t="47" w="160" /><ent r="54" t="94" w="113" /><ent r="7" t="195" w="426" /><ent r="7" t="196" w="506" /><ent r="7" t="197" w="201" /><ent r="7" t="198" w="251" /><ent r="7" t="199" w="194" /><ent r="7" t="200" w="180" /><ent r="7" t="201" w="667" /><ent r="7" t="202" w="807" /><ent r="7" t="203" w="740" /><ent r="7" t="204" w="480" /><ent r="7" t="205" w="653" /><ent r="7" t="206" w="462" /><ent r="7" t="228" w="253" /><ent r="7" t="229" w="137" /><ent r="7" t="230" w="181" /><ent r="7" t="231" w="380" /><ent r="7" t="232" w="645" /><ent r="7" t="233" w="552" /><ent r="7" t="234" w="417" /><ent r="7" t="235" w="432" /><ent r="7" t="236" w="334" /><ent r="7" t="241" w="189" /><ent r="7" t="242" w="241" /><ent r="7" t="243" w="298" /><ent r="7" t="244" w="560" /><ent r="7" t="245" w="483" /></phr></stem><stem n="(pse-op),"><phr n="(PSE-Op),"><ent r="4" t="42" w="359" /></phr></stem><stem n="/export"><phr n="/Export"><ent r="65" t="42" w="404" /><ent r="66" t="43" w="466" /><ent r="82" t="71" w="16" /></phr></stem><stem n="problem"><phr n="problems"><ent r="4" t="42" w="427" /><ent r="3" t="221" w="338" /></phr><phr n="problem"><ent r="4" t="118" w="70" /><ent r="4" t="119" w="77" /><ent r="4" t="120" w="71" /><ent r="3" t="183" w="185" /><ent r="4" t="316" w="638" /></phr></stem><stem n="miss"><phr n="missing"><ent r="4" t="42" w="430" /><ent r="3" t="65" w="77" /><ent r="3" t="149" w="648" /></phr><phr n="miss"><ent r="3" t="67" w="179" /></phr></stem><stem n="suffix"><phr n="suffix"><ent r="4" t="42" w="446" /></phr></stem><stem n="wait"><phr n="wait"><ent r="5" t="42" w="468" /><ent r="4" t="42" w="513" /><ent r="6" t="142" w="247" /><ent r="66" t="142" w="289" /><ent r="6" t="142" w="293" /><ent r="6" t="142" w="344" /><ent r="6" t="142" w="377" /><ent r="6" t="142" w="395" /><ent r="67" t="142" w="408" /><ent r="6" t="142" w="415" /><ent r="6" t="142" w="429" /><ent r="67" t="142" w="442" /><ent r="6" t="142" w="449" /><ent r="6" t="142" w="463" /><ent r="3" t="152" w="313" /><ent r="3" t="154" w="572" /><ent r="3" t="155" w="485" /><ent r="3" t="156" w="734" /><ent r="3" t="174" w="100" /><ent r="3" t="178" w="188" /><ent r="3" t="181" w="145" /><ent r="1000" t="183" w="4" /><ent r="72" t="183" w="9" /><ent r="4" t="183" w="16" /><ent r="3" t="183" w="34" /><ent r="3" t="183" w="148" /><ent r="4" t="183" w="396" /><ent r="4" t="187" w="228" /><ent r="4" t="187" w="236" /><ent r="1000" t="190" w="2" /><ent r="72" t="190" w="8" /><ent r="4" t="190" w="16" /><ent r="3" t="190" w="42" /><ent r="4" t="190" w="84" /><ent r="4" t="190" w="93" /><ent r="3" t="190" w="116" /><ent r="4" t="190" w="143" /><ent r="4" t="190" w="166" /><ent r="3" t="190" w="173" /><ent r="4" t="190" w="178" /><ent r="3" t="190" w="187" /><ent r="4" t="190" w="195" /><ent r="1000" t="191" w="2" /><ent r="72" t="191" w="8" /><ent r="4" t="191" w="16" /><ent r="3" t="191" w="46" /><ent r="3" t="191" w="64" /><ent r="4" t="191" w="96" /><ent r="4" t="191" w="115" /><ent r="4" t="191" w="126" /><ent r="4" t="191" w="185" /><ent r="4" t="191" w="194" /><ent r="3" t="191" w="218" /><ent r="4" t="191" w="245" /><ent r="4" t="191" w="267" /><ent r="3" t="191" w="274" /><ent r="4" t="191" w="279" /><ent r="3" t="191" w="288" /><ent r="4" t="191" w="296" /><ent r="5" t="192" w="141" /><ent r="5" t="192" w="148" /><ent r="6" t="192" w="172" /><ent r="6" t="192" w="196" /><ent r="3" t="228" w="215" /><ent r="3" t="250" w="119" /></phr><phr n="waiting"><ent r="3" t="177" w="147" /><ent r="3" t="178" w="229" /><ent r="3" t="182" w="95" /><ent r="3" t="182" w="110" /><ent r="3" t="182" w="140" /><ent r="3" t="183" w="92" /><ent r="3" t="183" w="176" /><ent r="3" t="183" w="277" /><ent r="3" t="184" w="23" /><ent r="3" t="184" w="117" /><ent r="3" t="184" w="146" /><ent r="3" t="185" w="23" /><ent r="3" t="185" w="113" /><ent r="3" t="188" w="107" /><ent r="3" t="188" w="136" /><ent r="3" t="190" w="212" /><ent r="3" t="192" w="108" /><ent r="3" t="257" w="193" /><ent r="3" t="259" w="72" /></phr><phr n="waits"><ent r="3" t="183" w="19" /><ent r="3" t="190" w="22" /><ent r="3" t="190" w="100" /><ent r="3" t="191" w="22" /><ent r="3" t="191" w="201" /></phr><phr n="waited"><ent r="3" t="183" w="61" /><ent r="4" t="192" w="137" /><ent r="5" t="192" w="168" /><ent r="5" t="192" w="192" /></phr></stem></index>