<?xml version="1.0" encoding="utf-8"?><index><stem n="_check"><phr n="_check"><ent r="6" t="54" w="95" /><ent r="4" t="58" w="892" /><ent r="1000" t="59" w="3" /><ent r="62" t="59" w="7" /><ent r="4" t="59" w="92" /><ent r="4" t="59" w="101" /><ent r="4" t="59" w="143" /><ent r="6" t="59" w="846" /><ent r="5" t="64" w="592" /></phr><phr n="_checks"><ent r="6" t="312" w="232" /></phr></stem><stem n="count"><phr n="count"><ent r="6" t="54" w="97" /><ent r="3" t="57" w="23" /><ent r="4" t="58" w="204" /><ent r="4" t="58" w="229" /><ent r="3" t="60" w="25" /><ent r="5" t="60" w="35" /><ent r="4" t="60" w="62" /><ent r="5" t="60" w="84" /><ent r="4" t="61" w="40" /><ent r="4" t="62" w="264" /><ent r="4" t="62" w="280" /><ent r="3" t="62" w="442" /><ent r="3" t="62" w="444" /><ent r="3" t="62" w="461" /><ent r="3" t="62" w="464" /><ent r="3" t="62" w="532" /><ent r="3" t="62" w="558" /><ent r="1000" t="63" w="2" /><ent r="62" t="63" w="5" /><ent r="3" t="63" w="7" /><ent r="4" t="63" w="36" /><ent r="3" t="63" w="65" /><ent r="3" t="63" w="79" /><ent r="4" t="63" w="101" /><ent r="3" t="63" w="128" /><ent r="3" t="63" w="133" /><ent r="5" t="64" w="132" /><ent r="3" t="69" w="281" /><ent r="3" t="69" w="282" /><ent r="3" t="69" w="293" /><ent r="3" t="69" w="342" /><ent r="3" t="69" w="343" /><ent r="3" t="69" w="354" /><ent r="3" t="70" w="195" /><ent r="3" t="70" w="196" /><ent r="3" t="70" w="207" /><ent r="6" t="85" w="177" /><ent r="4" t="107" w="40" /><ent r="3" t="191" w="53" /><ent r="4" t="191" w="75" /></phr></stem><stem n="readonli"><phr n="readonly"><ent r="6" t="54" w="101" /><ent r="3" t="57" w="26" /><ent r="3" t="64" w="280" /><ent r="3" t="64" w="285" /><ent r="3" t="64" w="393" /><ent r="3" t="64" w="400" /><ent r="3" t="64" w="406" /><ent r="4" t="64" w="502" /><ent r="4" t="64" w="541" /><ent r="4" t="65" w="67" /><ent r="1000" t="66" w="1" /><ent r="62" t="66" w="7" /><ent r="4" t="66" w="133" /><ent r="6" t="85" w="179" /></phr></stem><stem n="isptr"><phr n="isptr"><ent r="6" t="54" w="103" /><ent r="3" t="57" w="25" /><ent r="3" t="64" w="263" /><ent r="3" t="64" w="266" /><ent r="3" t="64" w="279" /><ent r="3" t="64" w="284" /><ent r="3" t="64" w="399" /><ent r="3" t="64" w="405" /><ent r="4" t="64" w="501" /><ent r="4" t="64" w="521" /><ent r="3" t="64" w="685" /><ent r="3" t="64" w="692" /><ent r="4" t="65" w="60" /><ent r="4" t="65" w="115" /><ent r="6" t="85" w="178" /></phr></stem><stem n="sizefunc"><phr n="sizefunc"><ent r="6" t="54" w="105" /><ent r="3" t="57" w="24" /><ent r="4" t="58" w="208" /><ent r="5" t="60" w="40" /><ent r="5" t="60" w="57" /><ent r="5" t="60" w="96" /><ent r="1000" t="62" w="2" /><ent r="62" t="62" w="5" /><ent r="4" t="62" w="9" /><ent r="4" t="62" w="38" /><ent r="4" t="62" w="54" /><ent r="4" t="62" w="104" /><ent r="4" t="62" w="114" /><ent r="4" t="62" w="124" /><ent r="4" t="62" w="142" /><ent r="4" t="62" w="167" /><ent r="4" t="62" w="180" /><ent r="4" t="62" w="192" /><ent r="4" t="62" w="210" /><ent r="4" t="62" w="241" /><ent r="4" t="62" w="256" /><ent r="4" t="62" w="277" /><ent r="4" t="62" w="292" /><ent r="3" t="62" w="305" /><ent r="4" t="62" w="329" /><ent r="4" t="62" w="342" /><ent r="5" t="62" w="359" /><ent r="3" t="62" w="505" /><ent r="3" t="62" w="507" /><ent r="3" t="62" w="528" /><ent r="3" t="62" w="559" /><ent r="3" t="62" w="587" /><ent r="3" t="62" w="595" /><ent r="3" t="62" w="601" /><ent r="3" t="62" w="614" /><ent r="3" t="62" w="619" /><ent r="3" t="62" w="622" /><ent r="3" t="62" w="629" /><ent r="3" t="62" w="632" /><ent r="5" t="64" w="136" /><ent r="3" t="64" w="361" /><ent r="3" t="64" w="376" /><ent r="3" t="64" w="381" /><ent r="6" t="85" w="180" /></phr></stem><stem n="wstring"><phr n="wstring"><ent r="6" t="54" w="109" /><ent r="3" t="57" w="21" /><ent r="4" t="62" w="252" /><ent r="4" t="64" w="12" /><ent r="5" t="64" w="115" /><ent r="5" t="64" w="143" /><ent r="5" t="64" w="159" /><ent r="3" t="64" w="214" /><ent r="3" t="64" w="240" /><ent r="3" t="64" w="243" /><ent r="3" t="64" w="319" /><ent r="3" t="64" w="340" /><ent r="3" t="64" w="370" /><ent r="4" t="64" w="469" /></phr></stem><stem n="isari"><phr n="isary"><ent r="6" t="54" w="131" /><ent r="4" t="65" w="63" /><ent r="4" t="65" w="148" /><ent r="4" t="67" w="42" /><ent r="3" t="67" w="104" /><ent r="3" t="67" w="106" /><ent r="3" t="67" w="174" /><ent r="3" t="67" w="180" /><ent r="6" t="85" w="143" /></phr></stem><stem n="propag"><phr n="propagate"><ent r="6" t="54" w="135" /><ent r="3" t="68" w="134" /><ent r="4" t="70" w="16" /><ent r="3" t="70" w="168" /><ent r="3" t="70" w="181" /><ent r="3" t="70" w="213" /></phr><phr n="Propagating"><ent r="1000" t="70" w="1" /><ent r="82" t="70" w="6" /></phr></stem><stem n="_errno"><phr n="_errno"><ent r="6" t="54" w="136" /><ent r="4" t="70" w="17" /></phr></stem><stem n="errno"><phr n="errno"><ent r="6" t="54" w="136" /><ent r="1000" t="70" w="2" /><ent r="82" t="70" w="7" /><ent r="4" t="70" w="17" /><ent r="4" t="70" w="37" /><ent r="4" t="70" w="59" /><ent r="4" t="70" w="72" /><ent r="4" t="70" w="96" /><ent r="4" t="70" w="105" /><ent r="4" t="70" w="129" /><ent r="3" t="70" w="169" /><ent r="3" t="70" w="182" /><ent r="3" t="70" w="214" /></phr></stem><stem n="convent"><phr n="Convention"><ent r="6" t="54" w="141" /><ent r="1000" t="69" w="3" /><ent r="82" t="69" w="9" /><ent r="3" t="69" w="23" /><ent r="3" t="69" w="50" /><ent r="3" t="69" w="119" /><ent r="3" t="69" w="128" /><ent r="3" t="69" w="195" /></phr><phr n="conventions"><ent r="3" t="69" w="34" /><ent r="3" t="69" w="182" /></phr></stem><stem n="stdcall"><phr n="stdcall"><ent r="6" t="54" w="145" /><ent r="4" t="69" w="69" /><ent r="6" t="69" w="152" /><ent r="3" t="69" w="311" /><ent r="3" t="69" w="365" /></phr></stem><stem n="fastcal"><phr n="fastcall"><ent r="6" t="54" w="147" /><ent r="4" t="69" w="73" /><ent r="6" t="69" w="165" /><ent r="4" t="69" w="197" /><ent r="3" t="69" w="301" /></phr></stem><stem n="dllimport"><phr n="dllimport"><ent r="6" t="54" w="149" /><ent r="4" t="69" w="94" /><ent r="4" t="69" w="107" /><ent r="3" t="69" w="245" /><ent r="3" t="69" w="263" /><ent r="3" t="69" w="273" /><ent r="3" t="69" w="334" /><ent r="54" t="70" w="152" /><ent r="54" t="70" w="173" /><ent r="54" t="70" w="186" /><ent r="6" t="85" w="165" /><ent r="6" t="318" w="114" /></phr></stem><stem n="_t,"><phr n="_t,"><ent r="3" t="55" w="23" /><ent r="3" t="55" w="25" /><ent r="3" t="55" w="27" /><ent r="3" t="55" w="29" /><ent r="3" t="55" w="31" /><ent r="3" t="55" w="33" /><ent r="3" t="55" w="35" /><ent r="3" t="55" w="37" /><ent r="3" t="55" w="39" /><ent r="3" t="55" w="41" /><ent r="6" t="85" w="157" /><ent r="6" t="316" w="147" /><ent r="6" t="316" w="149" /><ent r="6" t="316" w="293" /></phr></stem><stem n="[]."><phr n="[]."><ent r="3" t="55" w="72" /></phr></stem><stem n="/union"><phr n="/union"><ent r="3" t="56" w="24" /></phr><phr n="/unions"><ent r="3" t="56" w="84" /></phr></stem><stem n="member"><phr n="member"><ent r="3" t="56" w="43" /><ent r="3" t="67" w="31" /><ent r="4" t="154" w="342" /><ent r="3" t="154" w="487" /><ent r="4" t="155" w="278" /><ent r="4" t="156" w="500" /><ent r="3" t="158" w="43" /><ent r="3" t="256" w="40" /><ent r="3" t="258" w="45" /><ent r="3" t="260" w="45" /><ent r="6" t="310" w="633" /><ent r="6" t="320" w="120" /></phr><phr n="Members"><ent r="3" t="252" w="196" /><ent r="3" t="253" w="72" /><ent r="3" t="254" w="36" /><ent r="3" t="255" w="28" /><ent r="3" t="256" w="27" /><ent r="3" t="257" w="63" /><ent r="3" t="258" w="39" /><ent r="3" t="259" w="47" /><ent r="3" t="260" w="39" /><ent r="3" t="263" w="119" /><ent r="3" t="264" w="51" /><ent r="3" t="269" w="116" /><ent r="3" t="274" w="99" /><ent r="3" t="275" w="119" /><ent r="3" t="276" w="77" /><ent r="3" t="277" w="66" /><ent r="3" t="278" w="128" /><ent r="3" t="280" w="37" /><ent r="3" t="281" w="89" /><ent r="3" t="283" w="33" /><ent r="3" t="284" w="39" /><ent r="3" t="287" w="44" /><ent r="3" t="289" w="70" /><ent r="3" t="294" w="59" /><ent r="3" t="295" w="92" /><ent r="3" t="296" w="71" /><ent r="3" t="300" w="55" /><ent r="3" t="301" w="54" /><ent r="3" t="302" w="50" /><ent r="3" t="303" w="57" /><ent r="3" t="304" w="53" /><ent r="3" t="305" w="63" /><ent r="3" t="306" w="107" /><ent r="3" t="307" w="57" /><ent r="3" t="308" w="48" /><ent r="3" t="309" w="63" /></phr></stem><stem n="def"><phr n="def"><ent r="3" t="56" w="56" /></phr></stem><stem n="_def_t{"><phr n="_def_t{"><ent r="3" t="56" w="58" /></phr></stem><stem n="bitfield"><phr n="bitfields"><ent r="3" t="56" w="90" /></phr></stem><stem n="_t{"><phr n="_t{"><ent r="3" t="56" w="92" /></phr></stem><stem n="i"><phr n="i"><ent r="3" t="56" w="94" /><ent r="3" t="85" w="70" /><ent r="3" t="98" w="346" /><ent r="4" t="129" w="60" /><ent r="4" t="145" w="101" /><ent r="6" t="314" w="107" /><ent r="6" t="314" w="111" /><ent r="4" t="315" w="87" /><ent r="6" t="315" w="243" /><ent r="6" t="316" w="58" /><ent r="6" t="316" w="61" /><ent r="6" t="316" w="62" /></phr></stem><stem n="j"><phr n="j"><ent r="3" t="56" w="98" /></phr></stem><stem n="k"><phr n="k"><ent r="3" t="56" w="102" /></phr></stem><stem n="7"><phr n="7"><ent r="3" t="56" w="103" /></phr></stem><stem n="//3."><phr n="//3."><ent r="3" t="56" w="108" /></phr></stem><stem n="nest"><phr n="Nested"><ent r="3" t="56" w="108" /><ent r="7" t="310" w="223" /></phr></stem><stem n="my"><phr n="my"><ent r="3" t="56" w="115" /></phr></stem><stem n="_struct_t{"><phr n="_struct_t{"><ent r="3" t="56" w="118" /><ent r="3" t="56" w="131" /></phr></stem><stem n="val"><phr n="val"><ent r="3" t="56" w="121" /><ent r="3" t="56" w="134" /><ent r="3" t="56" w="229" /><ent r="3" t="56" w="236" /><ent r="3" t="56" w="244" /><ent r="3" t="56" w="252" /><ent r="3" t="56" w="259" /><ent r="3" t="56" w="266" /><ent r="3" t="56" w="275" /><ent r="3" t="56" w="285" /><ent r="3" t="56" w="294" /><ent r="3" t="56" w="305" /><ent r="3" t="56" w="314" /><ent r="3" t="56" w="325" /><ent r="3" t="56" w="334" /><ent r="3" t="56" w="345" /><ent r="3" t="56" w="354" /><ent r="3" t="71" w="257" /></phr></stem><stem n="_val;"><phr n="_val;"><ent r="3" t="56" w="122" /><ent r="3" t="56" w="135" /></phr></stem><stem n="fval"><phr n="fval"><ent r="3" t="56" w="125" /><ent r="3" t="56" w="138" /></phr></stem><stem n="_fval;"><phr n="_fval;"><ent r="3" t="56" w="126" /><ent r="3" t="56" w="139" /></phr></stem><stem n="inner"><phr n="inner"><ent r="3" t="56" w="128" /></phr></stem><stem n="&quot;user_types.h&quot;"><phr n="&quot;user_types.h&quot;"><ent r="3" t="56" w="153" /><ent r="3" t="62" w="552" /><ent r="3" t="64" w="194" /><ent r="3" t="64" w="308" /><ent r="3" t="67" w="68" /><ent r="3" t="67" w="127" /></phr></stem><stem n="//for"><phr n="//for"><ent r="3" t="56" w="153" /><ent r="3" t="64" w="308" /><ent r="3" t="67" w="68" /><ent r="3" t="67" w="127" /></phr></stem><stem n="ufloat"><phr n="ufloat"><ent r="3" t="56" w="154" /><ent r="3" t="56" w="157" /><ent r="3" t="56" w="257" /><ent r="3" t="56" w="258" /></phr></stem><stem n="_foo_t"><phr n="_foo_t"><ent r="3" t="56" w="163" /><ent r="3" t="56" w="182" /><ent r="3" t="56" w="199" /><ent r="3" t="56" w="304" /><ent r="3" t="56" w="324" /></phr></stem><stem n="_foo_0;"><phr n="_foo_0;"><ent r="3" t="56" w="170" /><ent r="3" t="56" w="206" /></phr></stem><stem n="_foo_1;"><phr n="_foo_1;"><ent r="3" t="56" w="176" /><ent r="3" t="56" w="212" /></phr></stem><stem n="_foo_0"><phr n="_FOO_0"><ent r="3" t="56" w="186" /></phr></stem><stem n="_foo_1"><phr n="_FOO_1"><ent r="3" t="56" w="191" /></phr></stem><stem n="_foo_3;"><phr n="_foo_3;"><ent r="3" t="56" w="218" /></phr></stem><stem n="_char(char"><phr n="_char(char"><ent r="3" t="56" w="228" /></phr></stem><stem n="_int(int"><phr n="_int(int"><ent r="3" t="56" w="235" /><ent r="3" t="71" w="256" /></phr></stem><stem n="_long(long"><phr n="_long(long"><ent r="3" t="56" w="242" /></phr></stem><stem n="_float(float"><phr n="_float(float"><ent r="3" t="56" w="251" /><ent r="3" t="71" w="304" /></phr></stem><stem n="_ufloat(ufloat"><phr n="_ufloat(ufloat"><ent r="3" t="56" w="258" /></phr></stem><stem n="_double(doubl"><phr n="_double(double"><ent r="3" t="56" w="265" /></phr></stem><stem n="_long_double(long"><phr n="_long_double(long"><ent r="3" t="56" w="273" /></phr></stem><stem n="_size_t(size_t"><phr n="_size_t(size_t"><ent r="3" t="56" w="284" /></phr></stem><stem n="_wchar_t(wchar_t"><phr n="_wchar_t(wchar_t"><ent r="3" t="56" w="293" /></phr></stem><stem n="_struct(struct"><phr n="_struct(struct"><ent r="3" t="56" w="301" /></phr></stem><stem n="struct2"><phr n="struct2"><ent r="3" t="56" w="310" /></phr></stem><stem n="_struct2(struct_foo_t"><phr n="_struct2(struct_foo_t"><ent r="3" t="56" w="313" /></phr></stem><stem n="_enum(enum"><phr n="_enum(enum"><ent r="3" t="56" w="321" /></phr></stem><stem n="enum2"><phr n="enum2"><ent r="3" t="56" w="330" /></phr></stem><stem n="_enum2(enum_foo_t"><phr n="_enum2(enum_foo_t"><ent r="3" t="56" w="333" /></phr></stem><stem n="_union(union"><phr n="_union(union"><ent r="3" t="56" w="341" /></phr></stem><stem n="foot"><phr n="foot"><ent r="3" t="56" w="343" /></phr></stem><stem n="_foot_t"><phr n="_foot_t"><ent r="3" t="56" w="344" /></phr></stem><stem n="union2"><phr n="union2"><ent r="3" t="56" w="350" /></phr></stem><stem n="_union2(union_foo_t"><phr n="_union2(union_foo_t"><ent r="3" t="56" w="353" /></phr></stem><stem n="_check,"><phr n="_check,"><ent r="3" t="57" w="20" /><ent r="6" t="85" w="172" /></phr></stem><stem n="exclus"><phr n="exclusively"><ent r="4" t="57" w="55" /></phr></stem><stem n="[in],"><phr n="[in],"><ent r="3" t="58" w="9" /></phr></stem><stem n="[out]"><phr n="[out]"><ent r="3" t="58" w="10" /><ent r="3" t="58" w="22" /><ent r="4" t="58" w="79" /><ent r="4" t="58" w="81" /><ent r="4" t="58" w="132" /><ent r="4" t="59" w="119" /><ent r="4" t="61" w="34" /><ent r="3" t="64" w="212" /><ent r="3" t="64" w="348" /><ent r="3" t="64" w="391" /><ent r="4" t="67" w="205" /><ent r="3" t="72" w="122" /><ent r="3" t="98" w="256" /><ent r="4" t="149" w="454" /><ent r="4" t="149" w="482" /><ent r="4" t="151" w="52" /><ent r="4" t="151" w="86" /><ent r="4" t="152" w="65" /><ent r="4" t="152" w="88" /><ent r="4" t="153" w="70" /><ent r="4" t="154" w="214" /><ent r="4" t="154" w="249" /><ent r="4" t="155" w="225" /><ent r="4" t="156" w="410" /><ent r="4" t="156" w="451" /><ent r="4" t="157" w="299" /><ent r="4" t="158" w="84" /><ent r="4" t="159" w="53" /><ent r="4" t="161" w="72" /><ent r="4" t="162" w="78" /><ent r="4" t="163" w="64" /><ent r="4" t="164" w="50" /><ent r="4" t="165" w="51" /><ent r="4" t="168" w="52" /><ent r="4" t="187" w="56" /><ent r="4" t="195" w="130" /><ent r="4" t="196" w="249" /><ent r="4" t="201" w="298" /><ent r="4" t="202" w="469" /><ent r="4" t="203" w="144" /><ent r="4" t="203" w="264" /><ent r="4" t="204" w="162" /><ent r="4" t="205" w="334" /><ent r="4" t="206" w="109" /><ent r="4" t="207" w="113" /><ent r="4" t="208" w="94" /><ent r="4" t="210" w="105" /><ent r="4" t="212" w="202" /><ent r="4" t="212" w="340" /><ent r="4" t="213" w="204" /><ent r="4" t="214" w="153" /><ent r="4" t="215" w="129" /><ent r="4" t="217" w="104" /><ent r="4" t="219" w="190" /><ent r="4" t="220" w="190" /><ent r="4" t="221" w="125" /><ent r="4" t="223" w="110" /><ent r="4" t="223" w="152" /><ent r="4" t="224" w="139" /><ent r="4" t="225" w="172" /><ent r="4" t="226" w="125" /><ent r="4" t="227" w="158" /><ent r="4" t="230" w="59" /><ent r="4" t="231" w="56" /><ent r="3" t="231" w="95" /><ent r="3" t="232" w="162" /><ent r="3" t="232" w="183" /><ent r="4" t="233" w="59" /><ent r="3" t="233" w="80" /><ent r="4" t="235" w="68" /><ent r="4" t="236" w="66" /><ent r="4" t="237" w="136" /><ent r="4" t="238" w="216" /><ent r="4" t="239" w="386" /><ent r="4" t="241" w="109" /><ent r="4" t="242" w="62" /><ent r="4" t="243" w="127" /><ent r="4" t="244" w="132" /><ent r="4" t="244" w="235" /><ent r="4" t="244" w="382" /><ent r="4" t="245" w="179" /><ent r="4" t="245" w="326" /><ent r="4" t="292" w="152" /><ent r="4" t="292" w="161" /><ent r="4" t="292" w="170" /><ent r="4" t="292" w="179" /></phr></stem><stem n="[user_check]"><phr n="[user_check]"><ent r="3" t="58" w="13" /><ent r="4" t="67" w="210" /><ent r="3" t="69" w="358" /></phr></stem><stem n="[in]"><phr n="[in]"><ent r="3" t="58" w="20" /><ent r="4" t="58" w="28" /><ent r="4" t="58" w="30" /><ent r="4" t="58" w="130" /><ent r="4" t="59" w="115" /><ent r="4" t="61" w="31" /><ent r="3" t="64" w="219" /><ent r="4" t="67" w="202" /><ent r="3" t="72" w="116" /><ent r="4" t="149" w="114" /><ent r="4" t="149" w="177" /><ent r="4" t="150" w="49" /><ent r="4" t="151" w="70" /><ent r="4" t="153" w="56" /><ent r="4" t="154" w="98" /><ent r="4" t="154" w="112" /><ent r="4" t="154" w="133" /><ent r="4" t="154" w="142" /><ent r="4" t="154" w="167" /><ent r="4" t="154" w="181" /><ent r="4" t="154" w="279" /><ent r="4" t="155" w="123" /><ent r="4" t="155" w="148" /><ent r="4" t="155" w="165" /><ent r="4" t="156" w="217" /><ent r="4" t="156" w="229" /><ent r="4" t="156" w="246" /><ent r="4" t="156" w="313" /><ent r="4" t="156" w="379" /><ent r="4" t="156" w="398" /><ent r="4" t="157" w="255" /><ent r="4" t="157" w="269" /><ent r="4" t="160" w="108" /><ent r="4" t="165" w="59" /><ent r="4" t="166" w="70" /><ent r="4" t="166" w="80" /><ent r="4" t="167" w="70" /><ent r="4" t="167" w="80" /><ent r="4" t="168" w="98" /><ent r="4" t="169" w="77" /><ent r="4" t="169" w="120" /><ent r="4" t="170" w="42" /><ent r="4" t="174" w="43" /><ent r="4" t="175" w="43" /><ent r="4" t="176" w="55" /><ent r="4" t="176" w="66" /><ent r="4" t="177" w="48" /><ent r="4" t="178" w="48" /><ent r="4" t="179" w="50" /><ent r="4" t="180" w="48" /><ent r="4" t="181" w="55" /><ent r="4" t="181" w="63" /><ent r="4" t="182" w="48" /><ent r="4" t="183" w="54" /><ent r="4" t="183" w="66" /><ent r="4" t="184" w="49" /><ent r="4" t="185" w="49" /><ent r="4" t="187" w="72" /><ent r="4" t="187" w="103" /><ent r="4" t="188" w="46" /><ent r="4" t="189" w="58" /><ent r="4" t="190" w="65" /><ent r="4" t="190" w="77" /><ent r="4" t="191" w="77" /><ent r="4" t="191" w="103" /><ent r="4" t="191" w="118" /><ent r="4" t="191" w="178" /><ent r="4" t="192" w="47" /><ent r="4" t="193" w="96" /><ent r="4" t="194" w="102" /><ent r="4" t="194" w="113" /><ent r="4" t="195" w="67" /><ent r="4" t="196" w="86" /><ent r="4" t="196" w="189" /><ent r="4" t="197" w="56" /><ent r="4" t="198" w="85" /><ent r="4" t="198" w="115" /><ent r="4" t="199" w="90" /><ent r="4" t="200" w="83" /><ent r="4" t="201" w="120" /><ent r="4" t="201" w="154" /><ent r="4" t="201" w="219" /><ent r="4" t="201" w="238" /><ent r="4" t="201" w="261" /><ent r="4" t="202" w="156" /><ent r="4" t="202" w="224" /><ent r="4" t="202" w="267" /><ent r="4" t="202" w="285" /><ent r="4" t="202" w="319" /><ent r="4" t="202" w="387" /><ent r="3" t="202" w="406" /><ent r="4" t="202" w="432" /><ent r="4" t="203" w="122" /><ent r="4" t="204" w="68" /><ent r="4" t="204" w="85" /><ent r="4" t="204" w="123" /><ent r="4" t="205" w="105" /><ent r="4" t="205" w="167" /><ent r="4" t="205" w="212" /><ent r="4" t="205" w="233" /><ent r="4" t="205" w="252" /><ent r="4" t="205" w="295" /><ent r="4" t="206" w="86" /><ent r="4" t="207" w="61" /><ent r="4" t="207" w="90" /><ent r="4" t="209" w="85" /><ent r="4" t="209" w="114" /><ent r="4" t="209" w="137" /><ent r="4" t="210" w="67" /><ent r="4" t="211" w="55" /><ent r="4" t="212" w="109" /><ent r="4" t="212" w="135" /><ent r="4" t="212" w="159" /><ent r="4" t="212" w="224" /><ent r="4" t="212" w="254" /><ent r="4" t="212" w="275" /><ent r="4" t="212" w="314" /><ent r="4" t="213" w="111" /><ent r="4" t="213" w="137" /><ent r="4" t="213" w="161" /><ent r="4" t="213" w="226" /><ent r="4" t="213" w="256" /><ent r="4" t="213" w="277" /><ent r="4" t="213" w="317" /><ent r="4" t="213" w="343" /><ent r="4" t="214" w="76" /><ent r="4" t="214" w="101" /><ent r="4" t="214" w="130" /><ent r="4" t="215" w="103" /><ent r="4" t="216" w="87" /><ent r="4" t="216" w="116" /><ent r="4" t="216" w="139" /><ent r="4" t="217" w="65" /><ent r="4" t="218" w="57" /><ent r="4" t="219" w="97" /><ent r="4" t="219" w="123" /><ent r="4" t="219" w="138" /><ent r="4" t="219" w="154" /><ent r="4" t="219" w="174" /><ent r="4" t="220" w="97" /><ent r="4" t="220" w="123" /><ent r="4" t="220" w="138" /><ent r="4" t="220" w="154" /><ent r="4" t="220" w="174" /><ent r="4" t="222" w="76" /><ent r="4" t="223" w="194" /><ent r="4" t="224" w="99" /><ent r="4" t="224" w="119" /><ent r="4" t="224" w="170" /><ent r="4" t="225" w="94" /><ent r="4" t="225" w="116" /><ent r="4" t="226" w="76" /><ent r="4" t="226" w="91" /><ent r="4" t="226" w="104" /><ent r="4" t="226" w="146" /><ent r="4" t="227" w="83" /><ent r="4" t="227" w="96" /><ent r="4" t="227" w="111" /><ent r="4" t="227" w="138" /><ent r="4" t="227" w="176" /><ent r="4" t="232" w="67" /><ent r="4" t="232" w="144" /><ent r="3" t="234" w="62" /><ent r="4" t="235" w="56" /><ent r="4" t="236" w="54" /><ent r="4" t="237" w="65" /><ent r="4" t="237" w="88" /><ent r="4" t="238" w="91" /><ent r="4" t="238" w="114" /><ent r="4" t="238" w="163" /><ent r="4" t="239" w="100" /><ent r="4" t="239" w="112" /><ent r="4" t="240" w="60" /><ent r="4" t="241" w="54" /><ent r="4" t="243" w="78" /><ent r="4" t="244" w="83" /><ent r="4" t="245" w="80" /><ent r="4" t="245" w="130" /><ent r="4" t="292" w="131" /><ent r="4" t="292" w="142" /></phr></stem><stem n="serv"><phr n="serve"><ent r="3" t="58" w="22" /><ent r="3" t="63" w="44" /></phr><phr n="serves"><ent r="3" t="224" w="636" /><ent r="3" t="254" w="14" /></phr></stem><stem n="procedur"><phr n="procedure"><ent r="4" t="58" w="43" /><ent r="4" t="58" w="47" /><ent r="4" t="58" w="94" /><ent r="4" t="58" w="98" /><ent r="3" t="77" w="234" /><ent r="3" t="81" w="31" /><ent r="3" t="182" w="102" /><ent r="3" t="207" w="256" /><ent r="3" t="214" w="289" /><ent r="3" t="232" w="586" /><ent r="3" t="233" w="493" /></phr></stem><stem n="combin"><phr n="combined"><ent r="4" t="58" w="135" /><ent r="3" t="58" w="475" /><ent r="3" t="58" w="736" /><ent r="3" t="62" w="172" /><ent r="3" t="63" w="108" /><ent r="4" t="64" w="121" /><ent r="3" t="94" w="98" /></phr><phr n="Combines"><ent r="6" t="59" w="963" /></phr><phr n="combination"><ent r="3" t="62" w="75" /><ent r="3" t="97" w="21" /><ent r="3" t="263" w="126" /><ent r="3" t="263" w="234" /></phr></stem><stem n="(trust"><phr n="(trusted"><ent r="3" t="58" w="155" /><ent r="3" t="137" w="33" /></phr></stem><stem n="know"><phr n="know"><ent r="3" t="58" w="181" /><ent r="4" t="58" w="549" /><ent r="3" t="61" w="54" /><ent r="3" t="102" w="53" /><ent r="3" t="154" w="492" /><ent r="3" t="154" w="556" /></phr><phr n="knows"><ent r="3" t="102" w="126" /></phr></stem><stem n="much"><phr n="much"><ent r="3" t="58" w="183" /><ent r="3" t="149" w="713" /><ent r="3" t="198" w="37" /><ent r="3" t="199" w="40" /></phr></stem><stem n="reason"><phr n="reason"><ent r="3" t="58" w="191" /><ent r="3" t="144" w="139" /><ent r="3" t="253" w="94" /></phr><phr n="reasons"><ent r="3" t="137" w="84" /></phr></stem><stem n="usual"><phr n="usually"><ent r="3" t="58" w="196" /><ent r="4" t="144" w="86" /></phr></stem><stem n="overwrit"><phr n="overwriting"><ent r="3" t="58" w="244" /></phr></stem><stem n="leak"><phr n="leaking"><ent r="3" t="58" w="256" /></phr><phr n="leak"><ent r="4" t="216" w="270" /><ent r="4" t="217" w="223" /></phr></stem><stem n="goal"><phr n="goal"><ent r="3" t="58" w="264" /></phr></stem><stem n="satisfi"><phr n="satisfied"><ent r="3" t="58" w="291" /></phr><phr n="satisfies"><ent r="3" t="66" w="58" /></phr></stem><stem n="overlap"><phr n="overlap"><ent r="3" t="58" w="327" /><ent r="3" t="58" w="357" /><ent r="3" t="61" w="70" /></phr></stem><stem n="hold"><phr n="hold"><ent r="3" t="58" w="339" /><ent r="3" t="209" w="282" /><ent r="3" t="216" w="343" /><ent r="3" t="249" w="16" /></phr><phr n="holds"><ent r="4" t="60" w="31" /></phr><phr n="holding"><ent r="3" t="242" w="77" /><ent r="3" t="242" w="129" /><ent r="3" t="305" w="155" /></phr></stem><stem n="rang"><phr n="range"><ent r="3" t="58" w="354" /><ent r="3" t="58" w="622" /><ent r="3" t="61" w="57" /><ent r="3" t="223" w="125" /><ent r="3" t="223" w="380" /><ent r="6" t="316" w="68" /><ent r="6" t="320" w="127" /></phr></stem><stem n="zero"><phr n="zeroes"><ent r="3" t="58" w="426" /></phr><phr n="zero"><ent r="4" t="59" w="496" /><ent r="4" t="59" w="737" /><ent r="3" t="67" w="25" /><ent r="3" t="67" w="153" /><ent r="3" t="67" w="163" /><ent r="6" t="99" w="403" /><ent r="6" t="99" w="411" /><ent r="6" t="99" w="419" /><ent r="3" t="169" w="106" /><ent r="4" t="169" w="132" /><ent r="4" t="170" w="66" /><ent r="3" t="174" w="62" /><ent r="3" t="175" w="62" /><ent r="3" t="175" w="94" /><ent r="3" t="190" w="109" /><ent r="3" t="190" w="210" /><ent r="3" t="191" w="211" /><ent r="3" t="191" w="313" /><ent r="4" t="192" w="70" /><ent r="3" t="196" w="334" /><ent r="3" t="201" w="143" /><ent r="3" t="201" w="187" /><ent r="3" t="201" w="233" /><ent r="4" t="201" w="385" /><ent r="4" t="201" w="420" /><ent r="3" t="202" w="308" /><ent r="3" t="202" w="355" /><ent r="3" t="202" w="401" /><ent r="4" t="202" w="556" /><ent r="4" t="202" w="591" /><ent r="3" t="203" w="200" /><ent r="4" t="203" w="431" /><ent r="3" t="207" w="73" /><ent r="3" t="207" w="103" /><ent r="3" t="207" w="273" /><ent r="3" t="209" w="97" /><ent r="3" t="209" w="127" /><ent r="3" t="212" w="174" /><ent r="3" t="212" w="197" /><ent r="3" t="212" w="334" /><ent r="3" t="213" w="176" /><ent r="3" t="213" w="199" /><ent r="3" t="213" w="337" /><ent r="3" t="214" w="113" /><ent r="3" t="214" w="143" /><ent r="3" t="214" w="305" /><ent r="3" t="216" w="99" /><ent r="3" t="216" w="129" /><ent r="5" t="263" w="215" /><ent r="3" t="269" w="337" /><ent r="3" t="269" w="449" /><ent r="3" t="274" w="131" /><ent r="3" t="274" w="160" /><ent r="3" t="275" w="162" /><ent r="3" t="275" w="204" /><ent r="3" t="275" w="231" /><ent r="3" t="275" w="267" /></phr></stem><stem n="clear"><phr n="clear"><ent r="3" t="58" w="431" /><ent r="4" t="58" w="588" /><ent r="3" t="133" w="254" /><ent r="3" t="202" w="768" /><ent r="3" t="205" w="614" /><ent r="3" t="212" w="634" /><ent r="3" t="240" w="111" /><ent r="4" t="316" w="592" /><ent r="4" t="316" w="605" /><ent r="4" t="316" w="659" /></phr><phr n="cleared"><ent r="4" t="316" w="709" /></phr></stem><stem n="previou"><phr n="previous"><ent r="3" t="58" w="433" /><ent r="3" t="82" w="19" /><ent r="3" t="209" w="47" /><ent r="3" t="216" w="49" /><ent r="3" t="231" w="292" /></phr></stem><stem n="amount"><phr n="amount"><ent r="3" t="58" w="518" /><ent r="3" t="58" w="528" /><ent r="3" t="58" w="779" /><ent r="3" t="58" w="789" /></phr></stem><stem n="due"><phr n="Due"><ent r="4" t="58" w="536" /><ent r="3" t="69" w="368" /><ent r="3" t="77" w="86" /><ent r="4" t="77" w="267" /><ent r="3" t="87" w="60" /><ent r="4" t="123" w="204" /><ent r="3" t="138" w="17" /><ent r="3" t="144" w="136" /><ent r="3" t="208" w="187" /><ent r="3" t="221" w="235" /><ent r="3" t="221" w="373" /><ent r="3" t="221" w="469" /><ent r="3" t="223" w="304" /><ent r="3" t="224" w="283" /><ent r="3" t="226" w="261" /><ent r="3" t="227" w="300" /></phr></stem></index>