<?xml version="1.0" encoding="utf-8"?><index><stem n="signer"><phr n="signer"><ent r="8" t="11" w="185" /><ent r="6" t="202" w="217" /><ent r="4" t="202" w="747" /><ent r="6" t="205" w="160" /><ent r="4" t="205" w="591" /><ent r="3" t="226" w="319" /><ent r="6" t="269" w="235" /><ent r="3" t="275" w="79" /><ent r="4" t="275" w="207" /><ent r="3" t="306" w="76" /><ent r="4" t="306" w="149" /><ent r="3" t="306" w="154" /></phr></stem><stem n="(see"><phr n="(see"><ent r="8" t="11" w="194" /><ent r="6" t="26" w="120" /><ent r="6" t="26" w="213" /></phr></stem><stem n="format"><phr n="Formats"><ent r="69" t="11" w="197" /><ent r="67" t="26" w="345" /><ent r="1000" t="28" w="2" /><ent r="82" t="28" w="5" /><ent r="3" t="28" w="13" /><ent r="3" t="28" w="30" /><ent r="3" t="30" w="285" /></phr><phr n="format"><ent r="3" t="24" w="287" /><ent r="3" t="28" w="21" /><ent r="6" t="28" w="34" /><ent r="6" t="28" w="99" /><ent r="3" t="29" w="20" /><ent r="3" t="29" w="67" /><ent r="3" t="29" w="82" /><ent r="3" t="29" w="103" /><ent r="3" t="29" w="107" /><ent r="3" t="51" w="185" /><ent r="3" t="232" w="151" /><ent r="3" t="239" w="281" /><ent r="4" t="239" w="315" /><ent r="3" t="244" w="314" /><ent r="4" t="244" w="344" /><ent r="3" t="245" w="258" /><ent r="4" t="245" w="288" /><ent r="3" t="295" w="317" /><ent r="4" t="295" w="347" /><ent r="3" t="296" w="152" /><ent r="4" t="296" w="182" /><ent r="3" t="296" w="432" /><ent r="4" t="296" w="462" /><ent r="3" t="297" w="79" /><ent r="3" t="303" w="251" /><ent r="4" t="303" w="281" /><ent r="3" t="304" w="140" /><ent r="4" t="304" w="170" /><ent r="4" t="316" w="553" /></phr></stem><stem n="ensur"><phr n="ensures"><ent r="5" t="11" w="208" /><ent r="3" t="15" w="215" /><ent r="4" t="43" w="320" /><ent r="3" t="123" w="112" /><ent r="3" t="183" w="198" /></phr><phr n="ensure"><ent r="3" t="14" w="307" /><ent r="4" t="24" w="329" /><ent r="3" t="29" w="60" /><ent r="5" t="32" w="41" /><ent r="4" t="34" w="242" /><ent r="3" t="44" w="98" /><ent r="3" t="59" w="151" /><ent r="3" t="61" w="66" /><ent r="3" t="101" w="117" /><ent r="4" t="113" w="191" /><ent r="3" t="118" w="13" /><ent r="3" t="127" w="134" /><ent r="3" t="127" w="221" /><ent r="3" t="138" w="44" /><ent r="3" t="180" w="144" /><ent r="3" t="257" w="175" /><ent r="5" t="263" w="210" /></phr><phr n="ensuring"><ent r="3" t="183" w="340" /><ent r="4" t="316" w="704" /></phr></stem><stem n="explor"><phr n="Explorer"><ent r="5" t="11" w="245" /><ent r="4" t="19" w="56" /></phr></stem><stem n="-bit"><phr n="-bit"><ent r="1000" t="12" w="2" /><ent r="1000" t="12" w="2" /><ent r="82" t="12" w="9" /><ent r="82" t="12" w="9" /><ent r="6" t="28" w="105" /><ent r="6" t="28" w="105" /><ent r="3" t="30" w="262" /><ent r="3" t="30" w="262" /><ent r="3" t="30" w="265" /><ent r="3" t="30" w="265" /><ent r="4" t="31" w="19" /><ent r="4" t="31" w="19" /><ent r="4" t="39" w="133" /><ent r="4" t="39" w="133" /><ent r="4" t="39" w="136" /><ent r="4" t="39" w="136" /><ent r="3" t="69" w="184" /><ent r="3" t="69" w="184" /><ent r="3" t="69" w="188" /><ent r="3" t="69" w="188" /><ent r="3" t="149" w="853" /><ent r="3" t="149" w="853" /><ent r="3" t="149" w="860" /><ent r="3" t="149" w="860" /><ent r="3" t="195" w="18" /><ent r="3" t="195" w="18" /><ent r="3" t="195" w="352" /><ent r="3" t="195" w="352" /><ent r="3" t="207" w="214" /><ent r="3" t="207" w="214" /><ent r="3" t="210" w="112" /><ent r="3" t="210" w="112" /><ent r="3" t="214" w="159" /><ent r="3" t="214" w="159" /><ent r="3" t="214" w="260" /><ent r="3" t="214" w="260" /><ent r="3" t="215" w="148" /><ent r="3" t="215" w="148" /><ent r="3" t="215" w="240" /><ent r="3" t="215" w="240" /><ent r="3" t="216" w="16" /><ent r="3" t="216" w="16" /><ent r="3" t="216" w="284" /><ent r="3" t="216" w="284" /><ent r="3" t="217" w="16" /><ent r="3" t="217" w="16" /><ent r="3" t="217" w="111" /><ent r="3" t="217" w="111" /><ent r="3" t="217" w="236" /><ent r="3" t="217" w="236" /><ent r="4" t="221" w="171" /><ent r="4" t="221" w="171" /><ent r="3" t="221" w="257" /><ent r="3" t="221" w="257" /><ent r="4" t="222" w="122" /><ent r="4" t="222" w="122" /><ent r="4" t="223" w="240" /><ent r="4" t="223" w="240" /><ent r="4" t="224" w="216" /><ent r="4" t="224" w="216" /><ent r="4" t="225" w="162" /><ent r="4" t="225" w="162" /><ent r="4" t="226" w="192" /><ent r="4" t="226" w="192" /><ent r="4" t="227" w="222" /><ent r="4" t="227" w="222" /><ent r="3" t="252" w="209" /><ent r="3" t="252" w="209" /><ent r="3" t="252" w="217" /><ent r="3" t="252" w="217" /><ent r="3" t="252" w="227" /><ent r="3" t="252" w="227" /><ent r="3" t="252" w="241" /><ent r="3" t="252" w="241" /><ent r="3" t="252" w="249" /><ent r="3" t="252" w="249" /><ent r="3" t="252" w="259" /><ent r="3" t="252" w="259" /><ent r="3" t="266" w="18" /><ent r="3" t="266" w="18" /><ent r="3" t="270" w="15" /><ent r="3" t="270" w="15" /><ent r="3" t="271" w="17" /><ent r="3" t="271" w="17" /><ent r="3" t="272" w="18" /><ent r="3" t="272" w="18" /><ent r="3" t="273" w="12" /><ent r="3" t="273" w="12" /></phr><phr n="-bits"><ent r="3" t="226" w="347" /><ent r="3" t="226" w="347" /><ent r="3" t="227" w="340" /><ent r="3" t="227" w="340" /></phr></stem><stem n="64-bit"><phr n="64-bit"><ent r="1000" t="12" w="2" /><ent r="82" t="12" w="9" /><ent r="3" t="30" w="265" /><ent r="4" t="39" w="136" /><ent r="3" t="69" w="188" /><ent r="3" t="149" w="853" /><ent r="3" t="252" w="209" /><ent r="3" t="252" w="217" /><ent r="3" t="252" w="227" /></phr></stem><stem n="option"><phr n="Optional"><ent r="1000" t="12" w="6" /><ent r="82" t="12" w="13" /><ent r="6" t="26" w="75" /><ent r="6" t="26" w="141" /><ent r="6" t="26" w="230" /><ent r="6" t="26" w="283" /><ent r="3" t="30" w="234" /><ent r="3" t="36" w="182" /><ent r="3" t="42" w="722" /><ent r="6" t="47" w="117" /><ent r="6" t="47" w="193" /><ent r="6" t="49" w="216" /><ent r="5" t="49" w="231" /><ent r="5" t="49" w="251" /><ent r="5" t="49" w="280" /><ent r="3" t="51" w="151" /><ent r="3" t="51" w="177" /><ent r="3" t="51" w="256" /><ent r="3" t="51" w="280" /><ent r="3" t="51" w="339" /><ent r="3" t="74" w="121" /><ent r="3" t="85" w="88" /><ent r="5" t="94" w="359" /><ent r="4" t="149" w="508" /><ent r="3" t="153" w="57" /><ent r="3" t="154" w="143" /><ent r="3" t="154" w="168" /><ent r="3" t="154" w="215" /><ent r="4" t="172" w="35" /><ent r="3" t="198" w="89" /><ent r="3" t="198" w="234" /><ent r="3" t="199" w="120" /><ent r="3" t="201" w="36" /><ent r="3" t="201" w="136" /><ent r="3" t="201" w="168" /><ent r="3" t="202" w="38" /><ent r="3" t="202" w="301" /><ent r="3" t="202" w="336" /><ent r="3" t="203" w="36" /><ent r="3" t="203" w="159" /><ent r="3" t="212" w="280" /><ent r="3" t="212" w="305" /><ent r="3" t="212" w="327" /><ent r="3" t="212" w="366" /><ent r="3" t="213" w="282" /><ent r="3" t="213" w="308" /><ent r="3" t="213" w="330" /><ent r="3" t="213" w="370" /><ent r="3" t="277" w="143" /><ent r="4" t="277" w="157" /><ent r="3" t="278" w="162" /></phr><phr n="option"><ent r="3" t="14" w="57" /><ent r="3" t="15" w="53" /><ent r="4" t="17" w="83" /><ent r="3" t="26" w="448" /><ent r="3" t="26" w="452" /><ent r="3" t="26" w="462" /><ent r="58" t="27" w="226" /><ent r="58" t="27" w="287" /><ent r="55" t="43" w="310" /><ent r="6" t="43" w="536" /><ent r="5" t="43" w="587" /><ent r="4" t="44" w="231" /><ent r="55" t="44" w="283" /><ent r="55" t="75" w="87" /><ent r="55" t="75" w="204" /><ent r="55" t="75" w="332" /><ent r="6" t="312" w="31" /><ent r="6" t="312" w="211" /><ent r="6" t="312" w="278" /><ent r="6" t="312" w="286" /><ent r="6" t="312" w="296" /><ent r="6" t="312" w="298" /><ent r="6" t="313" w="36" /><ent r="6" t="313" w="46" /><ent r="6" t="313" w="54" /><ent r="6" t="313" w="87" /><ent r="6" t="313" w="92" /><ent r="6" t="313" w="337" /><ent r="6" t="313" w="348" /><ent r="6" t="314" w="34" /><ent r="3" t="320" w="191" /><ent r="3" t="320" w="197" /></phr><phr n="options"><ent r="3" t="15" w="16" /><ent r="1000" t="19" w="7" /><ent r="4" t="20" w="230" /><ent r="65" t="20" w="244" /><ent r="65" t="20" w="254" /><ent r="3" t="24" w="162" /><ent r="6" t="24" w="172" /><ent r="3" t="26" w="237" /><ent r="3" t="26" w="422" /><ent r="3" t="26" w="431" /><ent r="3" t="28" w="18" /><ent r="3" t="35" w="275" /><ent r="65" t="311" w="15" /><ent r="65" t="311" w="23" /><ent r="1000" t="312" w="3" /><ent r="92" t="312" w="10" /><ent r="3" t="312" w="18" /><ent r="3" t="312" w="29" /><ent r="1000" t="313" w="5" /><ent r="92" t="313" w="13" /><ent r="3" t="313" w="22" /><ent r="3" t="313" w="34" /><ent r="6" t="313" w="111" /><ent r="6" t="313" w="138" /><ent r="6" t="313" w="227" /><ent r="6" t="313" w="244" /><ent r="6" t="313" w="327" /></phr><phr n="Optionally"><ent r="3" t="40" w="35" /><ent r="3" t="40" w="259" /><ent r="3" t="51" w="194" /><ent r="3" t="69" w="16" /></phr></stem><stem n="(optional)"><phr n="(Optional)"><ent r="1000" t="12" w="7" /><ent r="82" t="12" w="14" /></phr></stem><stem n="combo"><phr n="combo"><ent r="4" t="12" w="34" /></phr></stem><stem n="&lt;new&gt;"><phr n="&lt;New&gt;"><ent r="5" t="12" w="38" /></phr></stem><stem n="x64"><phr n="x64"><ent r="6" t="12" w="43" /><ent r="3" t="252" w="49" /></phr></stem><stem n="press"><phr n="press"><ent r="5" t="12" w="46" /></phr></stem><stem n="save"><phr n="Save"><ent r="4" t="12" w="56" /><ent r="3" t="76" w="77" /><ent r="3" t="76" w="91" /><ent r="3" t="77" w="196" /><ent r="3" t="84" w="23" /><ent r="4" t="134" w="137" /><ent r="3" t="149" w="1079" /><ent r="3" t="163" w="279" /><ent r="4" t="263" w="71" /><ent r="5" t="315" w="328" /></phr><phr n="saving"><ent r="6" t="24" w="236" /><ent r="6" t="24" w="249" /></phr><phr n="saved"><ent r="3" t="76" w="117" /><ent r="1000" t="82" w="3" /><ent r="72" t="82" w="8" /><ent r="3" t="82" w="16" /><ent r="3" t="82" w="36" /><ent r="3" t="82" w="64" /><ent r="3" t="87" w="214" /><ent r="3" t="203" w="668" /><ent r="5" t="263" w="254" /><ent r="5" t="263" w="264" /></phr></stem><stem n="conveni"><phr n="conveniently"><ent r="3" t="13" w="49" /><ent r="3" t="16" w="72" /><ent r="3" t="74" w="387" /></phr><phr n="convenient"><ent r="3" t="53" w="115" /></phr></stem><stem n="effici"><phr n="efficiently"><ent r="3" t="13" w="51" /></phr></stem><stem n="three"><phr n="three"><ent r="3" t="13" w="56" /><ent r="3" t="15" w="232" /><ent r="3" t="15" w="262" /><ent r="6" t="26" w="268" /><ent r="6" t="26" w="287" /><ent r="6" t="26" w="303" /><ent r="3" t="36" w="293" /><ent r="3" t="87" w="140" /><ent r="3" t="87" w="145" /></phr></stem><stem n="main"><phr n="main"><ent r="3" t="13" w="57" /><ent r="4" t="18" w="62" /><ent r="3" t="43" w="254" /><ent r="3" t="76" w="191" /><ent r="3" t="87" w="135" /><ent r="3" t="87" w="175" /><ent r="3" t="91" w="54" /><ent r="3" t="98" w="139" /><ent r="6" t="313" w="74" /><ent r="6" t="313" w="80" /></phr></stem><stem n="help"><phr n="helps"><ent r="4" t="13" w="63" /><ent r="4" t="13" w="74" /><ent r="4" t="13" w="88" /><ent r="3" t="14" w="13" /><ent r="3" t="17" w="14" /><ent r="5" t="23" w="74" /><ent r="5" t="23" w="89" /><ent r="5" t="23" w="104" /><ent r="5" t="23" w="122" /><ent r="3" t="35" w="82" /><ent r="3" t="120" w="13" /><ent r="3" t="121" w="26" /><ent r="3" t="122" w="21" /><ent r="3" t="160" w="19" /><ent r="3" t="161" w="13" /><ent r="3" t="162" w="16" /><ent r="3" t="163" w="13" /></phr><phr n="help"><ent r="3" t="16" w="59" /><ent r="6" t="24" w="254" /><ent r="6" t="24" w="258" /><ent r="3" t="35" w="116" /><ent r="4" t="42" w="425" /><ent r="3" t="58" w="933" /><ent r="3" t="101" w="136" /><ent r="3" t="103" w="106" /><ent r="1000" t="125" w="3" /><ent r="3" t="132" w="108" /><ent r="3" t="157" w="29" /><ent r="3" t="157" w="494" /></phr></stem><stem n="maintain"><phr n="maintain"><ent r="4" t="13" w="65" /><ent r="3" t="14" w="18" /><ent r="3" t="232" w="254" /><ent r="3" t="233" w="151" /></phr><phr n="maintained"><ent r="3" t="104" w="24" /><ent r="4" t="127" w="276" /></phr></stem><stem n="-step"><phr n="-step"><ent r="4" t="13" w="78" /><ent r="4" t="13" w="78" /><ent r="3" t="16" w="31" /><ent r="3" t="16" w="31" /><ent r="3" t="16" w="47" /><ent r="3" t="16" w="47" /><ent r="3" t="16" w="64" /><ent r="3" t="16" w="64" /><ent r="6" t="26" w="85" /><ent r="6" t="26" w="85" /><ent r="6" t="26" w="151" /><ent r="6" t="26" w="151" /><ent r="5" t="27" w="28" /><ent r="5" t="27" w="28" /><ent r="5" t="27" w="44" /><ent r="5" t="27" w="44" /><ent r="5" t="27" w="156" /><ent r="5" t="27" w="156" /><ent r="4" t="27" w="186" /><ent r="4" t="27" w="186" /><ent r="5" t="27" w="315" /><ent r="5" t="27" w="315" /><ent r="3" t="30" w="20" /><ent r="3" t="30" w="20" /><ent r="3" t="30" w="24" /><ent r="3" t="30" w="24" /><ent r="3" t="30" w="42" /><ent r="3" t="30" w="42" /><ent r="3" t="30" w="67" /><ent r="3" t="30" w="67" /><ent r="4" t="30" w="74" /><ent r="4" t="30" w="74" /><ent r="4" t="30" w="113" /><ent r="4" t="30" w="113" /><ent r="4" t="75" w="66" /><ent r="4" t="75" w="66" /><ent r="4" t="75" w="167" /><ent r="4" t="75" w="167" /><ent r="4" t="75" w="294" /><ent r="4" t="75" w="294" /><ent r="4" t="75" w="462" /><ent r="4" t="75" w="462" /></phr></stem><stem n="two-step"><phr n="two-step"><ent r="4" t="13" w="78" /><ent r="3" t="16" w="31" /><ent r="3" t="16" w="47" /><ent r="3" t="16" w="64" /><ent r="3" t="30" w="24" /><ent r="3" t="30" w="67" /><ent r="4" t="30" w="113" /><ent r="4" t="75" w="462" /></phr></stem><stem n="metadata"><phr n="metadata"><ent r="3" t="14" w="40" /><ent r="5" t="23" w="56" /><ent r="5" t="23" w="65" /><ent r="7" t="27" w="311" /><ent r="4" t="38" w="146" /><ent r="3" t="74" w="42" /><ent r="3" t="74" w="61" /><ent r="4" t="149" w="636" /><ent r="3" t="149" w="639" /><ent r="3" t="149" w="657" /><ent r="6" t="310" w="385" /><ent r="6" t="310" w="388" /><ent r="6" t="310" w="410" /></phr></stem><stem n="updat"><phr n="update"><ent r="3" t="14" w="59" /><ent r="3" t="35" w="23" /><ent r="3" t="84" w="45" /><ent r="4" t="104" w="146" /><ent r="4" t="144" w="222" /><ent r="65" t="146" w="67" /><ent r="65" t="146" w="97" /><ent r="3" t="149" w="443" /><ent r="4" t="152" w="230" /><ent r="4" t="154" w="462" /><ent r="4" t="155" w="318" /><ent r="4" t="156" w="540" /><ent r="3" t="157" w="35" /><ent r="4" t="157" w="135" /><ent r="4" t="157" w="190" /><ent r="3" t="157" w="239" /><ent r="3" t="157" w="244" /><ent r="4" t="157" w="296" /><ent r="3" t="157" w="307" /><ent r="4" t="157" w="325" /><ent r="4" t="157" w="368" /><ent r="3" t="160" w="173" /><ent r="3" t="161" w="235" /><ent r="3" t="178" w="227" /><ent r="3" t="203" w="579" /><ent r="3" t="203" w="581" /><ent r="3" t="206" w="347" /><ent r="3" t="206" w="349" /><ent r="3" t="207" w="253" /><ent r="3" t="207" w="254" /><ent r="3" t="208" w="29" /><ent r="3" t="208" w="30" /><ent r="1000" t="209" w="3" /><ent r="72" t="209" w="7" /><ent r="4" t="209" w="11" /><ent r="3" t="209" w="57" /><ent r="4" t="210" w="33" /><ent r="4" t="210" w="197" /><ent r="4" t="210" w="222" /><ent r="3" t="214" w="286" /><ent r="3" t="214" w="287" /><ent r="3" t="215" w="29" /><ent r="3" t="215" w="30" /><ent r="1000" t="216" w="3" /><ent r="72" t="216" w="7" /><ent r="4" t="216" w="11" /><ent r="3" t="216" w="59" /><ent r="3" t="217" w="31" /><ent r="4" t="217" w="250" /><ent r="4" t="217" w="275" /><ent r="4" t="228" w="150" /><ent r="65" t="247" w="296" /><ent r="1000" t="301" w="2" /><ent r="72" t="301" w="7" /><ent r="3" t="301" w="27" /><ent r="3" t="301" w="34" /><ent r="3" t="301" w="49" /><ent r="6" t="310" w="663" /></phr><phr n="updated"><ent r="3" t="35" w="220" /><ent r="3" t="70" w="75" /><ent r="3" t="76" w="219" /><ent r="3" t="76" w="241" /><ent r="1000" t="84" w="3" /><ent r="72" t="84" w="8" /><ent r="3" t="84" w="30" /><ent r="3" t="91" w="120" /><ent r="3" t="149" w="91" /><ent r="4" t="149" w="452" /><ent r="3" t="149" w="469" /><ent r="3" t="149" w="477" /><ent r="3" t="149" w="576" /><ent r="3" t="149" w="1090" /><ent r="3" t="149" w="1098" /><ent r="3" t="152" w="239" /><ent r="3" t="154" w="471" /><ent r="3" t="155" w="327" /><ent r="3" t="156" w="549" /><ent r="3" t="157" w="377" /><ent r="3" t="163" w="255" /><ent r="3" t="228" w="159" /><ent r="3" t="301" w="23" /><ent r="3" t="301" w="64" /><ent r="3" t="301" w="75" /><ent r="3" t="301" w="86" /><ent r="6" t="310" w="672" /></phr><phr n="updating"><ent r="4" t="104" w="138" /><ent r="1000" t="107" w="1" /><ent r="72" t="107" w="5" /><ent r="4" t="108" w="15" /><ent r="3" t="154" w="357" /><ent r="3" t="155" w="293" /><ent r="3" t="156" w="515" /><ent r="6" t="310" w="648" /></phr><phr n="updates"><ent r="4" t="107" w="127" /><ent r="4" t="157" w="209" /><ent r="3" t="178" w="138" /><ent r="3" t="183" w="172" /><ent r="3" t="244" w="24" /><ent r="3" t="245" w="24" /><ent r="3" t="257" w="137" /><ent r="3" t="259" w="59" /></phr></stem><stem n="prodid"><phr n="ProdID"><ent r="4" t="14" w="65" /><ent r="6" t="74" w="156" /></phr></stem><stem n="isvsvn"><phr n="ISVSVN"><ent r="4" t="14" w="67" /><ent r="6" t="26" w="616" /><ent r="6" t="74" w="165" /><ent r="4" t="195" w="292" /><ent r="3" t="195" w="307" /><ent r="4" t="203" w="541" /><ent r="3" t="203" w="544" /><ent r="3" t="203" w="554" /><ent r="4" t="206" w="312" /><ent r="3" t="206" w="315" /><ent r="3" t="206" w="324" /><ent r="6" t="310" w="533" /></phr></stem><stem n="stackmaxs"><phr n="StackMaxSize"><ent r="4" t="14" w="69" /><ent r="6" t="74" w="214" /><ent r="4" t="74" w="289" /><ent r="4" t="74" w="343" /></phr></stem><stem n="heapmaxs"><phr n="HeapMaxSize"><ent r="4" t="14" w="71" /><ent r="6" t="74" w="229" /><ent r="4" t="74" w="293" /><ent r="4" t="74" w="347" /></phr></stem><stem n="tcsnum"><phr n="TCSNum"><ent r="4" t="14" w="73" /><ent r="6" t="74" w="173" /><ent r="4" t="74" w="281" /></phr></stem><stem n="tcspolici"><phr n="TCSPolicy"><ent r="4" t="14" w="75" /><ent r="6" t="74" w="187" /></phr></stem><stem n="disabledebug"><phr n="DisableDebug"><ent r="4" t="14" w="77" /><ent r="6" t="74" w="245" /></phr></stem><stem n="miscselect"><phr n="MiscSelect"><ent r="4" t="14" w="79" /><ent r="6" t="26" w="600" /><ent r="6" t="74" w="258" /><ent r="4" t="74" w="301" /><ent r="4" t="74" w="314" /><ent r="6" t="310" w="477" /></phr></stem><stem n="miscmask"><phr n="MiscMask"><ent r="4" t="14" w="81" /><ent r="6" t="26" w="602" /><ent r="6" t="74" w="267" /><ent r="4" t="74" w="305" /><ent r="3" t="149" w="996" /><ent r="6" t="310" w="478" /></phr></stem><stem n="-&gt;"><phr n="-&gt;"><ent r="4" t="14" w="108" /><ent r="4" t="14" w="108" /><ent r="4" t="16" w="101" /><ent r="4" t="16" w="101" /><ent r="4" t="17" w="171" /><ent r="4" t="17" w="171" /><ent r="5" t="34" w="45" /><ent r="5" t="34" w="45" /><ent r="5" t="34" w="200" /><ent r="5" t="34" w="200" /></phr></stem><stem n="&gt;"><phr n="&gt;"><ent r="4" t="14" w="108" /><ent r="4" t="16" w="101" /><ent r="4" t="17" w="171" /><ent r="5" t="34" w="46" /><ent r="5" t="34" w="201" /><ent r="3" t="212" w="407" /><ent r="3" t="212" w="420" /><ent r="3" t="213" w="416" /><ent r="3" t="213" w="429" /></phr></stem><stem n="basic"><phr n="Basic"><ent r="4" t="14" w="142" /><ent r="3" t="14" w="153" /><ent r="64" t="53" w="190" /><ent r="1000" t="55" w="1" /><ent r="82" t="55" w="4" /><ent r="3" t="55" w="11" /><ent r="3" t="55" w="60" /><ent r="3" t="56" w="11" /><ent r="3" t="65" w="30" /><ent r="3" t="79" w="29" /><ent r="3" t="85" w="93" /><ent r="6" t="317" w="85" /><ent r="6" t="317" w="87" /><ent r="6" t="317" w="89" /><ent r="6" t="317" w="91" /><ent r="6" t="317" w="93" /><ent r="6" t="317" w="95" /><ent r="6" t="317" w="97" /><ent r="6" t="317" w="99" /><ent r="6" t="317" w="101" /><ent r="6" t="317" w="103" /><ent r="6" t="317" w="105" /><ent r="6" t="317" w="107" /></phr><phr n="Basics"><ent r="1000" t="38" w="3" /><ent r="102" t="38" w="9" /><ent r="3" t="38" w="18" /></phr></stem><stem n="interfac"><phr n="interface"><ent r="3" t="14" w="149" /><ent r="3" t="14" w="263" /><ent r="3" t="17" w="260" /><ent r="3" t="22" w="50" /><ent r="3" t="24" w="40" /><ent r="4" t="38" w="97" /><ent r="7" t="39" w="290" /><ent r="4" t="43" w="116" /><ent r="4" t="43" w="120" /><ent r="4" t="43" w="346" /><ent r="3" t="44" w="51" /><ent r="3" t="53" w="141" /><ent r="3" t="53" w="147" /><ent r="3" t="76" w="142" /><ent r="3" t="80" w="33" /><ent r="3" t="122" w="38" /><ent r="4" t="144" w="160" /><ent r="4" t="144" w="196" /><ent r="3" t="149" w="1179" /><ent r="3" t="162" w="217" /><ent r="3" t="162" w="328" /><ent r="3" t="163" w="32" /><ent r="3" t="163" w="90" /><ent r="3" t="309" w="138" /><ent r="6" t="318" w="88" /><ent r="6" t="318" w="90" /></phr><phr n="interfaces"><ent r="5" t="23" w="40" /><ent r="3" t="96" w="55" /><ent r="3" t="145" w="139" /></phr></stem><stem n="explan"><phr n="explanation"><ent r="3" t="14" w="161" /></phr></stem><stem n="element"><phr n="element"><ent r="3" t="14" w="165" /><ent r="3" t="14" w="321" /><ent r="3" t="14" w="427" /><ent r="5" t="60" w="124" /><ent r="3" t="63" w="19" /><ent r="3" t="74" w="129" /><ent r="4" t="221" w="90" /><ent r="4" t="222" w="43" /><ent r="3" t="239" w="183" /><ent r="3" t="239" w="277" /><ent r="3" t="244" w="310" /><ent r="3" t="245" w="254" /><ent r="3" t="295" w="313" /><ent r="3" t="296" w="148" /><ent r="3" t="296" w="363" /><ent r="3" t="296" w="428" /><ent r="3" t="303" w="247" /><ent r="3" t="304" w="136" /></phr><phr n="elements"><ent r="3" t="74" w="111" /></phr></stem><stem n="tag"><phr n="Tag"><ent r="7" t="14" w="171" /><ent r="6" t="74" w="149" /><ent r="54" t="133" w="454" /><ent r="3" t="203" w="566" /><ent r="3" t="204" w="380" /><ent r="3" t="206" w="166" /><ent r="3" t="206" w="199" /><ent r="3" t="206" w="336" /><ent r="3" t="206" w="395" /><ent r="3" t="212" w="97" /><ent r="3" t="213" w="98" /><ent r="3" t="214" w="64" /><ent r="3" t="217" w="53" /><ent r="3" t="277" w="49" /><ent r="3" t="277" w="52" /><ent r="3" t="277" w="117" /></phr></stem><stem n="isv"><phr n="ISV"><ent r="6" t="14" w="181" /><ent r="7" t="14" w="188" /><ent r="7" t="14" w="191" /><ent r="4" t="24" w="316" /><ent r="4" t="24" w="344" /><ent r="5" t="27" w="33" /><ent r="5" t="27" w="84" /><ent r="5" t="27" w="122" /><ent r="5" t="27" w="151" /><ent r="58" t="27" w="215" /><ent r="7" t="27" w="239" /><ent r="58" t="27" w="279" /><ent r="6" t="28" w="157" /><ent r="4" t="43" w="269" /><ent r="4" t="43" w="299" /><ent r="4" t="43" w="330" /><ent r="4" t="43" w="354" /><ent r="3" t="59" w="123" /><ent r="3" t="59" w="149" /><ent r="6" t="74" w="158" /><ent r="6" t="74" w="167" /><ent r="4" t="94" w="154" /><ent r="4" t="97" w="231" /><ent r="4" t="97" w="258" /><ent r="3" t="98" w="351" /><ent r="4" t="99" w="190" /><ent r="4" t="99" w="264" /><ent r="3" t="100" w="59" /><ent r="3" t="100" w="77" /><ent r="3" t="100" w="132" /><ent r="3" t="100" w="140" /><ent r="3" t="101" w="17" /><ent r="4" t="101" w="220" /><ent r="4" t="101" w="253" /><ent r="4" t="101" w="301" /><ent r="4" t="101" w="306" /><ent r="3" t="102" w="47" /><ent r="3" t="102" w="62" /><ent r="3" t="102" w="97" /><ent r="3" t="102" w="120" /><ent r="3" t="102" w="123" /><ent r="3" t="102" w="138" /><ent r="3" t="103" w="45" /><ent r="3" t="103" w="107" /><ent r="3" t="119" w="18" /><ent r="3" t="126" w="88" /><ent r="3" t="127" w="17" /><ent r="3" t="127" w="155" /><ent r="3" t="127" w="170" /><ent r="3" t="127" w="203" /><ent r="4" t="127" w="239" /><ent r="4" t="127" w="252" /><ent r="4" t="127" w="282" /><ent r="4" t="127" w="285" /><ent r="3" t="135" w="24" /><ent r="3" t="136" w="17" /><ent r="3" t="147" w="15" /><ent r="3" t="157" w="73" /><ent r="4" t="157" w="92" /><ent r="4" t="157" w="99" /><ent r="4" t="157" w="146" /><ent r="4" t="157" w="155" /><ent r="4" t="157" w="201" /><ent r="3" t="158" w="182" /><ent r="3" t="161" w="14" /><ent r="3" t="161" w="32" /><ent r="3" t="161" w="217" /><ent r="3" t="161" w="265" /><ent r="3" t="161" w="319" /><ent r="3" t="162" w="17" /><ent r="3" t="162" w="36" /><ent r="3" t="162" w="262" /><ent r="3" t="162" w="281" /><ent r="4" t="162" w="379" /><ent r="3" t="163" w="14" /><ent r="3" t="163" w="200" /><ent r="3" t="169" w="210" /><ent r="3" t="238" w="198" /><ent r="3" t="244" w="403" /><ent r="3" t="244" w="405" /><ent r="3" t="245" w="332" /><ent r="3" t="245" w="334" /><ent r="65" t="247" w="107" /><ent r="1000" t="265" w="2" /><ent r="72" t="265" w="7" /><ent r="3" t="265" w="11" /><ent r="3" t="269" w="68" /><ent r="3" t="269" w="71" /><ent r="4" t="269" w="269" /><ent r="4" t="269" w="312" /><ent r="3" t="269" w="316" /><ent r="3" t="273" w="17" /><ent r="3" t="275" w="90" /><ent r="3" t="275" w="95" /><ent r="3" t="275" w="98" /><ent r="4" t="275" w="233" /><ent r="3" t="275" w="238" /><ent r="3" t="275" w="245" /><ent r="3" t="275" w="249" /><ent r="3" t="281" w="44" /><ent r="3" t="281" w="51" /><ent r="3" t="292" w="35" /><ent r="3" t="295" w="358" /><ent r="3" t="295" w="376" /><ent r="3" t="296" w="193" /><ent r="3" t="296" w="211" /><ent r="3" t="296" w="473" /><ent r="3" t="296" w="491" /><ent r="3" t="306" w="88" /><ent r="3" t="306" w="93" /><ent r="3" t="306" w="96" /><ent r="4" t="306" w="164" /><ent r="3" t="306" w="173" /><ent r="4" t="306" w="176" /><ent r="3" t="306" w="185" /><ent r="6" t="310" w="536" /><ent r="6" t="310" w="542" /></phr><phr n="ISVs"><ent r="3" t="27" w="20" /><ent r="3" t="44" w="96" /><ent r="3" t="44" w="221" /><ent r="3" t="120" w="14" /></phr></stem><stem n="assign"><phr n="assigned"><ent r="6" t="14" w="182" /><ent r="7" t="14" w="192" /><ent r="4" t="42" w="289" /><ent r="6" t="74" w="159" /><ent r="6" t="74" w="168" /></phr><phr n="assigns"><ent r="3" t="175" w="90" /></phr></stem><stem n="&lt;prodid&gt;"><phr n="&lt;ProdID&gt;"><ent r="7" t="14" w="186" /></phr></stem><stem n="&lt;isvsvn&gt;"><phr n="&lt;ISVSVN&gt;"><ent r="7" t="14" w="195" /></phr></stem><stem n="thread"><phr n="Thread"><ent r="7" t="14" w="197" /><ent r="7" t="14" w="206" /><ent r="7" t="14" w="227" /><ent r="7" t="14" w="238" /><ent r="68" t="39" w="548" /><ent r="7" t="39" w="553" /><ent r="58" t="39" w="565" /><ent r="5" t="42" w="467" /><ent r="5" t="42" w="476" /><ent r="4" t="42" w="512" /><ent r="4" t="42" w="530" /><ent r="6" t="74" w="200" /><ent r="6" t="74" w="210" /><ent r="6" t="74" w="221" /><ent r="3" t="77" w="154" /><ent r="6" t="85" w="211" /><ent r="3" t="87" w="136" /><ent r="3" t="87" w="176" /><ent r="3" t="87" w="195" /><ent r="3" t="91" w="45" /><ent r="3" t="91" w="55" /><ent r="3" t="91" w="83" /><ent r="3" t="141" w="23" /><ent r="3" t="141" w="56" /><ent r="3" t="141" w="104" /><ent r="1000" t="142" w="1" /><ent r="72" t="142" w="5" /><ent r="3" t="142" w="23" /><ent r="3" t="142" w="139" /><ent r="3" t="142" w="203" /><ent r="66" t="142" w="229" /><ent r="66" t="142" w="235" /><ent r="66" t="142" w="241" /><ent r="6" t="142" w="246" /><ent r="66" t="142" w="253" /><ent r="66" t="142" w="259" /><ent r="6" t="142" w="264" /><ent r="66" t="142" w="275" /><ent r="66" t="142" w="281" /><ent r="66" t="142" w="287" /><ent r="6" t="142" w="292" /><ent r="6" t="142" w="299" /><ent r="66" t="142" w="306" /><ent r="6" t="142" w="311" /><ent r="66" t="142" w="318" /><ent r="6" t="142" w="323" /><ent r="6" t="142" w="343" /><ent r="6" t="142" w="350" /><ent r="6" t="142" w="357" /><ent r="6" t="142" w="364" /><ent r="6" t="142" w="376" /><ent r="6" t="142" w="383" /><ent r="6" t="142" w="394" /><ent r="6" t="142" w="401" /><ent r="6" t="142" w="414" /><ent r="6" t="142" w="421" /><ent r="6" t="142" w="428" /><ent r="6" t="142" w="435" /><ent r="6" t="142" w="448" /><ent r="6" t="142" w="455" /><ent r="6" t="142" w="462" /><ent r="6" t="142" w="469" /><ent r="6" t="142" w="475" /><ent r="67" t="142" w="479" /><ent r="3" t="149" w="781" /><ent r="3" t="173" w="19" /><ent r="3" t="174" w="97" /><ent r="1000" t="176" w="2" /><ent r="72" t="176" w="7" /><ent r="4" t="176" w="14" /><ent r="3" t="176" w="32" /><ent r="3" t="176" w="37" /><ent r="3" t="176" w="44" /><ent r="3" t="176" w="113" /><ent r="4" t="176" w="122" /><ent r="4" t="176" w="144" /><ent r="4" t="176" w="179" /><ent r="4" t="176" w="209" /><ent r="4" t="176" w="215" /><ent r="4" t="176" w="225" /><ent r="6" t="176" w="237" /><ent r="1000" t="177" w="2" /><ent r="72" t="177" w="7" /><ent r="4" t="177" w="14" /><ent r="3" t="177" w="32" /><ent r="3" t="177" w="37" /><ent r="3" t="177" w="95" /><ent r="4" t="177" w="108" /><ent r="3" t="177" w="140" /><ent r="6" t="177" w="187" /><ent r="1000" t="178" w="2" /><ent r="72" t="178" w="7" /><ent r="4" t="178" w="14" /><ent r="3" t="178" w="32" /><ent r="3" t="178" w="37" /><ent r="3" t="178" w="84" /><ent r="3" t="178" w="100" /><ent r="3" t="178" w="114" /><ent r="3" t="178" w="123" /><ent r="3" t="178" w="137" /><ent r="3" t="178" w="151" /><ent r="3" t="178" w="157" /><ent r="3" t="178" w="172" /><ent r="3" t="178" w="202" /><ent r="3" t="178" w="214" /><ent r="4" t="178" w="258" /><ent r="6" t="178" w="295" /><ent r="1000" t="179" w="2" /><ent r="72" t="179" w="7" /><ent r="4" t="179" w="14" /><ent r="3" t="179" w="34" /><ent r="3" t="179" w="39" /><ent r="3" t="179" w="88" /><ent r="3" t="179" w="101" /><ent r="3" t="179" w="130" /><ent r="3" t="179" w="142" /><ent r="3" t="179" w="155" /><ent r="3" t="179" w="165" /><ent r="4" t="179" w="176" /><ent r="6" t="179" w="213" /><ent r="1000" t="180" w="2" /><ent r="72" t="180" w="7" /><ent r="4" t="180" w="14" /><ent r="3" t="180" w="32" /><ent r="3" t="180" w="37" /><ent r="3" t="180" w="83" /><ent r="3" t="180" w="93" /><ent r="3" t="180" w="99" /><ent r="3" t="180" w="120" /><ent r="3" t="180" w="137" /><ent r="3" t="180" w="153" /><ent r="3" t="180" w="159" /><ent r="4" t="180" w="180" /><ent r="6" t="180" w="191" /><ent r="1000" t="181" w="2" /><ent r="72" t="181" w="7" /><ent r="4" t="181" w="14" /><ent r="3" t="181" w="32" /><ent r="3" t="181" w="37" /><ent r="3" t="181" w="44" /><ent r="3" t="181" w="111" /><ent r="4" t="181" w="164" /><ent r="4" t="181" w="195" /><ent r="6" t="181" w="205" /><ent r="1000" t="182" w="2" /><ent r="72" t="182" w="7" /><ent r="4" t="182" w="14" /><ent r="3" t="182" w="32" /><ent r="3" t="182" w="37" /><ent r="6" t="182" w="186" /><ent r="1000" t="183" w="2" /><ent r="72" t="183" w="7" /><ent r="4" t="183" w="14" /><ent r="3" t="183" w="32" /><ent r="3" t="183" w="37" /><ent r="3" t="183" w="43" /><ent r="3" t="183" w="77" /><ent r="3" t="183" w="91" /><ent r="3" t="183" w="101" /><ent r="3" t="183" w="132" /><ent r="3" t="183" w="154" /><ent r="3" t="183" w="171" /><ent r="3" t="183" w="209" /><ent r="3" t="183" w="236" /><ent r="3" t="183" w="245" /><ent r="3" t="183" w="256" /><ent r="3" t="183" w="265" /><ent r="3" t="183" w="274" /><ent r="3" t="183" w="295" /><ent r="3" t="183" w="313" /><ent r="3" t="183" w="323" /><ent r="3" t="183" w="329" /><ent r="3" t="183" w="349" /><ent r="3" t="183" w="381" /><ent r="4" t="183" w="394" /><ent r="6" t="183" w="406" /><ent r="1000" t="184" w="2" /><ent r="72" t="184" w="7" /><ent r="4" t="184" w="14" /><ent r="3" t="184" w="22" /><ent r="3" t="184" w="33" /><ent r="3" t="184" w="38" /><ent r="3" t="184" w="65" /><ent r="3" t="184" w="86" /><ent r="3" t="184" w="126" /><ent r="3" t="184" w="141" /><ent r="3" t="184" w="145" /><ent r="3" t="184" w="151" /><ent r="3" t="184" w="160" /><ent r="3" t="184" w="170" /><ent r="3" t="184" w="183" /><ent r="6" t="184" w="193" /><ent r="1000" t="185" w="2" /><ent r="72" t="185" w="7" /><ent r="4" t="185" w="14" /><ent r="3" t="185" w="33" /><ent r="3" t="185" w="38" /><ent r="3" t="185" w="108" /><ent r="6" t="185" w="139" /><ent r="1000" t="186" w="2" /><ent r="72" t="186" w="6" /><ent r="4" t="186" w="12" /><ent r="3" t="186" w="19" /><ent r="3" t="186" w="25" /><ent r="3" t="186" w="28" /><ent r="3" t="186" w="56" /><ent r="4" t="186" w="72" /><ent r="3" t="186" w="83" /><ent r="6" t="186" w="106" /><ent r="3" t="187" w="32" /><ent r="3" t="187" w="63" /><ent r="3" t="187" w="182" /><ent r="6" t="187" w="264" /><ent r="3" t="188" w="33" /><ent r="3" t="188" w="51" /><ent r="3" t="188" w="106" /><ent r="6" t="188" w="151" /><ent r="3" t="189" w="45" /><ent r="3" t="189" w="63" /><ent r="6" t="189" w="126" /><ent r="3" t="190" w="48" /><ent r="3" t="190" w="70" /><ent r="3" t="190" w="99" /><ent r="4" t="190" w="141" /><ent r="4" t="190" w="164" /><ent r="3" t="190" w="185" /><ent r="6" t="190" w="221" /><ent r="3" t="191" w="56" /><ent r="3" t="191" w="110" /><ent r="3" t="191" w="200" /><ent r="4" t="191" w="243" /><ent r="4" t="191" w="265" /><ent r="3" t="191" w="286" /><ent r="6" t="191" w="330" /><ent r="3" t="192" w="34" /><ent r="3" t="192" w="52" /><ent r="6" t="192" w="206" /><ent r="65" t="247" w="62" /><ent r="65" t="247" w="66" /><ent r="65" t="247" w="71" /><ent r="65" t="247" w="76" /><ent r="65" t="247" w="81" /><ent r="65" t="247" w="86" /><ent r="1000" t="256" w="2" /><ent r="72" t="256" w="6" /><ent r="3" t="256" w="16" /><ent r="3" t="256" w="23" /><ent r="4" t="256" w="30" /><ent r="6" t="256" w="71" /><ent r="1000" t="257" w="2" /><ent r="72" t="257" w="7" /><ent r="3" t="257" w="24" /><ent r="3" t="257" w="45" /><ent r="3" t="257" w="51" /><ent r="3" t="257" w="58" /><ent r="3" t="257" w="147" /><ent r="3" t="257" w="156" /><ent r="6" t="257" w="227" /><ent r="1000" t="258" w="2" /><ent r="72" t="258" w="7" /><ent r="3" t="258" w="23" /><ent r="3" t="258" w="34" /><ent r="6" t="258" w="57" /><ent r="1000" t="259" w="2" /><ent r="72" t="259" w="7" /><ent r="3" t="259" w="24" /><ent r="3" t="259" w="35" /><ent r="3" t="259" w="42" /><ent r="6" t="259" w="103" /><ent r="1000" t="260" w="2" /><ent r="72" t="260" w="7" /><ent r="3" t="260" w="23" /><ent r="3" t="260" w="34" /><ent r="6" t="260" w="57" /><ent r="1000" t="261" w="2" /><ent r="72" t="261" w="9" /><ent r="4" t="261" w="21" /><ent r="3" t="261" w="31" /><ent r="3" t="261" w="36" /><ent r="6" t="261" w="47" /></phr><phr n="threads"><ent r="7" t="14" w="234" /><ent r="7" t="39" w="516" /><ent r="7" t="39" w="523" /><ent r="3" t="87" w="143" /><ent r="3" t="87" w="147" /><ent r="3" t="87" w="172" /><ent r="3" t="91" w="71" /><ent r="3" t="141" w="67" /><ent r="3" t="142" w="11" /><ent r="3" t="142" w="38" /><ent r="3" t="142" w="65" /><ent r="3" t="150" w="134" /><ent r="3" t="177" w="99" /><ent r="3" t="177" w="144" /><ent r="3" t="178" w="240" /><ent r="3" t="179" w="92" /><ent r="3" t="182" w="94" /><ent r="3" t="182" w="109" /><ent r="3" t="182" w="135" /><ent r="3" t="183" w="220" /><ent r="4" t="183" w="357" /><ent r="3" t="184" w="116" /><ent r="3" t="185" w="22" /><ent r="3" t="185" w="65" /><ent r="3" t="185" w="112" /><ent r="3" t="185" w="124" /><ent r="3" t="188" w="135" /><ent r="3" t="192" w="107" /><ent r="3" t="257" w="192" /><ent r="3" t="259" w="71" /><ent r="6" t="313" w="279" /></phr><phr n="Threading"><ent r="7" t="39" w="510" /></phr></stem></index>