<?xml version="1.0" encoding="utf-8"?><index><stem n="/or"><phr n="/or"><ent r="3" t="1" w="76" /><ent r="3" t="1" w="215" /><ent r="3" t="33" w="36" /><ent r="6" t="59" w="858" /><ent r="6" t="59" w="871" /><ent r="3" t="61" w="90" /><ent r="4" t="79" w="44" /><ent r="3" t="104" w="37" /><ent r="3" t="133" w="38" /><ent r="4" t="157" w="185" /><ent r="3" t="202" w="778" /><ent r="3" t="205" w="624" /></phr></stem><stem n="process"><phr n="processes"><ent r="3" t="1" w="77" /><ent r="4" t="94" w="273" /><ent r="3" t="97" w="186" /><ent r="3" t="104" w="93" /><ent r="3" t="117" w="14" /><ent r="3" t="156" w="702" /></phr><phr n="process"><ent r="3" t="16" w="50" /><ent r="3" t="16" w="67" /><ent r="3" t="20" w="135" /><ent r="3" t="24" w="60" /><ent r="3" t="25" w="38" /><ent r="3" t="25" w="127" /><ent r="3" t="25" w="131" /><ent r="6" t="26" w="88" /><ent r="6" t="26" w="154" /><ent r="5" t="27" w="47" /><ent r="7" t="27" w="204" /><ent r="5" t="27" w="318" /><ent r="3" t="30" w="45" /><ent r="3" t="30" w="70" /><ent r="4" t="30" w="77" /><ent r="4" t="30" w="116" /><ent r="1000" t="34" w="10" /><ent r="82" t="34" w="21" /><ent r="3" t="34" w="37" /><ent r="5" t="34" w="49" /><ent r="4" t="34" w="59" /><ent r="5" t="34" w="124" /><ent r="5" t="34" w="204" /><ent r="5" t="35" w="305" /><ent r="3" t="35" w="413" /><ent r="7" t="35" w="612" /><ent r="3" t="37" w="26" /><ent r="3" t="38" w="62" /><ent r="4" t="38" w="125" /><ent r="4" t="39" w="224" /><ent r="4" t="43" w="61" /><ent r="3" t="43" w="242" /><ent r="4" t="43" w="474" /><ent r="4" t="46" w="87" /><ent r="6" t="74" w="237" /><ent r="4" t="78" w="170" /><ent r="3" t="87" w="36" /><ent r="1000" t="91" w="4" /><ent r="72" t="91" w="13" /><ent r="4" t="91" w="132" /><ent r="3" t="92" w="17" /><ent r="4" t="92" w="81" /><ent r="3" t="92" w="103" /><ent r="3" t="94" w="89" /><ent r="4" t="94" w="343" /><ent r="4" t="94" w="399" /><ent r="3" t="98" w="124" /><ent r="4" t="99" w="527" /><ent r="3" t="100" w="143" /><ent r="4" t="108" w="13" /><ent r="4" t="123" w="198" /><ent r="3" t="151" w="11" /><ent r="3" t="151" w="60" /><ent r="3" t="152" w="273" /><ent r="3" t="155" w="61" /><ent r="3" t="156" w="19" /><ent r="3" t="156" w="102" /><ent r="3" t="168" w="141" /><ent r="3" t="171" w="9" /><ent r="3" t="171" w="40" /><ent r="3" t="171" w="57" /><ent r="3" t="173" w="14" /><ent r="3" t="177" w="124" /><ent r="3" t="195" w="339" /><ent r="3" t="196" w="492" /><ent r="3" t="197" w="133" /><ent r="3" t="208" w="32" /><ent r="3" t="208" w="267" /><ent r="3" t="213" w="375" /><ent r="3" t="215" w="32" /><ent r="3" t="215" w="298" /><ent r="3" t="219" w="327" /><ent r="3" t="220" w="327" /><ent r="3" t="223" w="302" /><ent r="3" t="224" w="281" /><ent r="3" t="225" w="188" /><ent r="3" t="226" w="259" /><ent r="3" t="227" w="298" /><ent r="3" t="228" w="202" /><ent r="3" t="237" w="26" /><ent r="3" t="237" w="148" /><ent r="3" t="237" w="253" /><ent r="3" t="238" w="28" /><ent r="3" t="238" w="228" /><ent r="3" t="238" w="333" /><ent r="3" t="239" w="465" /><ent r="3" t="240" w="28" /><ent r="3" t="240" w="99" /><ent r="4" t="269" w="303" /><ent r="3" t="296" w="300" /><ent r="6" t="312" w="242" /></phr><phr n="processed"><ent r="3" t="26" w="433" /><ent r="3" t="59" w="56" /><ent r="3" t="209" w="310" /><ent r="3" t="210" w="26" /><ent r="3" t="216" w="370" /><ent r="3" t="217" w="25" /><ent r="3" t="243" w="229" /><ent r="3" t="244" w="477" /></phr><phr n="processing"><ent r="3" t="156" w="104" /><ent r="3" t="221" w="388" /><ent r="3" t="221" w="528" /><ent r="6" t="313" w="326" /></phr></stem><stem n="provid"><phr n="provided"><ent r="3" t="1" w="82" /><ent r="3" t="8" w="77" /><ent r="3" t="13" w="29" /><ent r="4" t="17" w="72" /><ent r="3" t="22" w="79" /><ent r="3" t="24" w="32" /><ent r="3" t="30" w="258" /><ent r="7" t="35" w="606" /><ent r="3" t="36" w="263" /><ent r="4" t="36" w="482" /><ent r="7" t="39" w="323" /><ent r="3" t="40" w="26" /><ent r="4" t="43" w="183" /><ent r="6" t="49" w="130" /><ent r="3" t="58" w="216" /><ent r="3" t="70" w="45" /><ent r="3" t="74" w="379" /><ent r="3" t="83" w="30" /><ent r="3" t="86" w="23" /><ent r="3" t="90" w="47" /><ent r="3" t="97" w="53" /><ent r="3" t="98" w="61" /><ent r="3" t="98" w="114" /><ent r="4" t="101" w="402" /><ent r="3" t="102" w="144" /><ent r="4" t="112" w="254" /><ent r="3" t="127" w="215" /><ent r="3" t="138" w="15" /><ent r="3" t="139" w="42" /><ent r="3" t="142" w="71" /><ent r="3" t="146" w="49" /><ent r="3" t="149" w="280" /><ent r="3" t="149" w="432" /><ent r="3" t="159" w="154" /><ent r="3" t="168" w="153" /><ent r="3" t="186" w="75" /><ent r="3" t="201" w="25" /><ent r="3" t="201" w="148" /><ent r="3" t="202" w="27" /><ent r="3" t="202" w="313" /><ent r="3" t="202" w="739" /><ent r="3" t="203" w="716" /><ent r="3" t="205" w="583" /><ent r="3" t="209" w="21" /><ent r="3" t="213" w="289" /><ent r="3" t="216" w="23" /><ent r="3" t="239" w="372" /><ent r="3" t="247" w="15" /><ent r="3" t="295" w="210" /></phr><phr n="provides"><ent r="3" t="3" w="6" /><ent r="3" t="14" w="146" /><ent r="3" t="16" w="55" /><ent r="3" t="17" w="40" /><ent r="4" t="17" w="81" /><ent r="3" t="23" w="33" /><ent r="3" t="25" w="18" /><ent r="3" t="35" w="273" /><ent r="3" t="36" w="26" /><ent r="3" t="36" w="54" /><ent r="3" t="37" w="61" /><ent r="7" t="39" w="495" /><ent r="7" t="39" w="618" /><ent r="4" t="42" w="350" /><ent r="3" t="43" w="249" /><ent r="4" t="43" w="270" /><ent r="4" t="43" w="344" /><ent r="3" t="47" w="31" /><ent r="3" t="48" w="12" /><ent r="3" t="48" w="44" /><ent r="3" t="49" w="20" /><ent r="6" t="49" w="48" /><ent r="6" t="49" w="121" /><ent r="5" t="49" w="237" /><ent r="5" t="49" w="257" /><ent r="3" t="59" w="88" /><ent r="3" t="85" w="51" /><ent r="3" t="92" w="34" /><ent r="3" t="92" w="94" /><ent r="3" t="93" w="62" /><ent r="3" t="103" w="12" /><ent r="3" t="103" w="37" /><ent r="3" t="113" w="43" /><ent r="3" t="121" w="51" /><ent r="3" t="124" w="30" /><ent r="3" t="125" w="16" /><ent r="3" t="125" w="48" /><ent r="3" t="126" w="16" /><ent r="3" t="127" w="47" /><ent r="3" t="127" w="79" /><ent r="3" t="129" w="147" /><ent r="3" t="130" w="20" /><ent r="3" t="130" w="41" /><ent r="3" t="131" w="22" /><ent r="3" t="132" w="24" /><ent r="4" t="132" w="54" /><ent r="3" t="132" w="105" /><ent r="3" t="133" w="14" /><ent r="3" t="135" w="17" /><ent r="3" t="137" w="60" /><ent r="3" t="143" w="18" /><ent r="3" t="144" w="16" /><ent r="3" t="149" w="1137" /><ent r="3" t="150" w="194" /><ent r="3" t="186" w="80" /><ent r="3" t="193" w="138" /><ent r="3" t="193" w="161" /><ent r="3" t="194" w="156" /><ent r="3" t="194" w="181" /><ent r="3" t="197" w="16" /><ent r="3" t="202" w="700" /><ent r="3" t="203" w="53" /><ent r="3" t="205" w="544" /><ent r="3" t="212" w="561" /><ent r="3" t="213" w="586" /><ent r="3" t="311" w="7" /></phr><phr n="provide"><ent r="6" t="7" w="167" /><ent r="3" t="24" w="38" /><ent r="3" t="30" w="239" /><ent r="3" t="36" w="201" /><ent r="4" t="42" w="311" /><ent r="3" t="44" w="48" /><ent r="4" t="44" w="225" /><ent r="3" t="62" w="336" /><ent r="3" t="62" w="486" /><ent r="3" t="68" w="18" /><ent r="4" t="92" w="65" /><ent r="3" t="100" w="89" /><ent r="3" t="101" w="40" /><ent r="3" t="103" w="102" /><ent r="3" t="121" w="104" /><ent r="3" t="125" w="86" /><ent r="3" t="127" w="174" /><ent r="3" t="133" w="214" /><ent r="3" t="133" w="355" /><ent r="54" t="133" w="375" /><ent r="54" t="133" w="440" /><ent r="54" t="145" w="63" /><ent r="3" t="149" w="351" /><ent r="3" t="149" w="1203" /><ent r="4" t="157" w="205" /><ent r="3" t="160" w="22" /><ent r="3" t="160" w="71" /><ent r="3" t="204" w="75" /><ent r="3" t="204" w="92" /><ent r="3" t="204" w="393" /><ent r="3" t="212" w="544" /><ent r="3" t="213" w="569" /><ent r="3" t="221" w="382" /><ent r="3" t="267" w="37" /><ent r="3" t="295" w="388" /><ent r="3" t="296" w="223" /><ent r="3" t="296" w="503" /><ent r="3" t="305" w="163" /></phr><phr n="providing"><ent r="3" t="46" w="74" /><ent r="3" t="76" w="119" /></phr><phr n="provider"><ent r="3" t="97" w="32" /><ent r="3" t="97" w="382" /><ent r="3" t="97" w="398" /><ent r="4" t="99" w="36" /><ent r="56" t="99" w="45" /><ent r="4" t="99" w="51" /><ent r="4" t="99" w="87" /><ent r="3" t="99" w="120" /><ent r="4" t="99" w="507" /><ent r="3" t="99" w="689" /><ent r="3" t="99" w="721" /><ent r="3" t="99" w="727" /><ent r="1000" t="101" w="6" /><ent r="72" t="101" w="13" /><ent r="3" t="101" w="23" /><ent r="3" t="101" w="76" /><ent r="3" t="101" w="171" /><ent r="4" t="101" w="227" /><ent r="3" t="101" w="330" /><ent r="3" t="101" w="374" /><ent r="3" t="102" w="49" /><ent r="3" t="154" w="137" /><ent r="3" t="155" w="34" /><ent r="3" t="156" w="32" /><ent r="3" t="156" w="42" /><ent r="3" t="156" w="46" /><ent r="3" t="156" w="60" /><ent r="3" t="156" w="117" /><ent r="3" t="156" w="124" /><ent r="3" t="156" w="390" /><ent r="3" t="156" w="424" /><ent r="3" t="158" w="184" /><ent r="3" t="237" w="75" /><ent r="3" t="238" w="101" /><ent r="3" t="239" w="43" /><ent r="3" t="239" w="187" /><ent r="3" t="283" w="13" /><ent r="3" t="283" w="42" /><ent r="3" t="295" w="104" /><ent r="3" t="295" w="120" /><ent r="3" t="295" w="163" /><ent r="3" t="295" w="199" /><ent r="3" t="296" w="367" /></phr></stem><stem n="here"><phr n="here"><ent r="3" t="1" w="83" /><ent r="4" t="6" w="46" /><ent r="3" t="14" w="125" /><ent r="3" t="18" w="44" /><ent r="3" t="24" w="148" /><ent r="3" t="24" w="278" /><ent r="7" t="35" w="647" /><ent r="3" t="40" w="236" /><ent r="3" t="74" w="65" /><ent r="3" t="76" w="274" /><ent r="3" t="145" w="86" /></phr></stem><stem n="subject"><phr n="subject"><ent r="3" t="1" w="85" /><ent r="3" t="256" w="49" /></phr></stem><stem n="chang"><phr n="change"><ent r="3" t="1" w="87" /><ent r="3" t="16" w="150" /><ent r="4" t="20" w="214" /><ent r="3" t="32" w="110" /><ent r="3" t="58" w="918" /><ent r="3" t="70" w="90" /><ent r="3" t="70" w="124" /><ent r="4" t="129" w="72" /><ent r="4" t="186" w="93" /><ent r="3" t="231" w="72" /><ent r="3" t="256" w="51" /><ent r="4" t="315" w="98" /></phr><phr n="changes"><ent r="6" t="5" w="237" /><ent r="4" t="59" w="432" /><ent r="4" t="59" w="686" /><ent r="6" t="59" w="885" /><ent r="3" t="149" w="416" /><ent r="3" t="152" w="289" /><ent r="3" t="152" w="293" /><ent r="3" t="152" w="299" /><ent r="3" t="152" w="304" /><ent r="3" t="189" w="98" /></phr><phr n="changed"><ent r="3" t="231" w="84" /><ent r="6" t="312" w="323" /></phr></stem><stem n="notic"><phr n="notice"><ent r="3" t="1" w="89" /><ent r="6" t="1" w="220" /><ent r="6" t="1" w="323" /><ent r="6" t="1" w="325" /></phr></stem><stem n="contact"><phr n="Contact"><ent r="3" t="1" w="90" /></phr></stem><stem n="repres"><phr n="representative"><ent r="3" t="1" w="93" /></phr><phr n="represented"><ent r="3" t="17" w="242" /></phr><phr n="representing"><ent r="3" t="17" w="331" /><ent r="3" t="266" w="21" /><ent r="3" t="270" w="18" /><ent r="3" t="273" w="15" /></phr><phr n="represent"><ent r="3" t="35" w="94" /></phr><phr n="represents"><ent r="3" t="94" w="136" /></phr></stem><stem n="obtain"><phr n="obtain"><ent r="3" t="1" w="95" /><ent r="3" t="117" w="33" /><ent r="3" t="127" w="58" /><ent r="3" t="127" w="89" /><ent r="3" t="127" w="111" /><ent r="3" t="195" w="398" /><ent r="3" t="196" w="463" /><ent r="3" t="209" w="301" /><ent r="3" t="216" w="361" /><ent r="3" t="265" w="28" /><ent r="3" t="266" w="33" /></phr><phr n="obtained"><ent r="3" t="1" w="178" /><ent r="3" t="58" w="901" /><ent r="3" t="210" w="142" /><ent r="3" t="217" w="140" /><ent r="3" t="231" w="124" /></phr><phr n="obtaining"><ent r="3" t="46" w="49" /></phr><phr n="obtains"><ent r="3" t="210" w="16" /><ent r="3" t="217" w="13" /></phr></stem><stem n="latest"><phr n="latest"><ent r="3" t="1" w="97" /></phr></stem><stem n="forecast"><phr n="forecast"><ent r="3" t="1" w="98" /></phr></stem><stem n="schedul"><phr n="schedule"><ent r="3" t="1" w="99" /><ent r="6" t="313" w="297" /></phr></stem><stem n="specif"><phr n="specifications"><ent r="3" t="1" w="100" /><ent r="3" t="1" w="123" /></phr><phr n="specific"><ent r="6" t="1" w="293" /><ent r="6" t="1" w="317" /><ent r="3" t="41" w="43" /><ent r="4" t="43" w="77" /><ent r="5" t="43" w="432" /><ent r="3" t="59" w="83" /><ent r="3" t="73" w="56" /><ent r="3" t="73" w="68" /><ent r="3" t="77" w="78" /><ent r="4" t="82" w="82" /><ent r="3" t="92" w="22" /><ent r="3" t="98" w="293" /><ent r="4" t="99" w="479" /><ent r="3" t="99" w="805" /><ent r="3" t="126" w="57" /><ent r="3" t="127" w="212" /><ent r="1000" t="130" w="6" /><ent r="3" t="131" w="26" /><ent r="4" t="137" w="131" /><ent r="4" t="137" w="154" /><ent r="3" t="141" w="40" /><ent r="3" t="155" w="476" /><ent r="3" t="195" w="359" /><ent r="3" t="208" w="233" /><ent r="3" t="215" w="263" /><ent r="3" t="221" w="280" /><ent r="3" t="239" w="476" /><ent r="3" t="252" w="21" /></phr><phr n="specifically"><ent r="3" t="39" w="94" /></phr></stem><stem n="roadmap"><phr n="roadmaps"><ent r="3" t="1" w="102" /></phr></stem><stem n="describ"><phr n="described"><ent r="3" t="1" w="108" /><ent r="3" t="30" w="71" /><ent r="3" t="41" w="45" /><ent r="3" t="58" w="895" /><ent r="3" t="59" w="111" /><ent r="3" t="94" w="49" /><ent r="3" t="98" w="24" /><ent r="3" t="100" w="28" /><ent r="3" t="144" w="119" /></phr><phr n="describes"><ent r="3" t="14" w="34" /><ent r="3" t="16" w="40" /><ent r="3" t="35" w="417" /><ent r="3" t="43" w="33" /><ent r="3" t="43" w="240" /><ent r="3" t="87" w="93" /><ent r="3" t="99" w="17" /><ent r="3" t="148" w="9" /><ent r="3" t="196" w="372" /><ent r="3" t="230" w="131" /><ent r="3" t="247" w="10" /><ent r="3" t="294" w="14" /><ent r="3" t="295" w="14" /><ent r="3" t="296" w="14" /></phr><phr n="describe"><ent r="3" t="17" w="257" /><ent r="3" t="51" w="20" /><ent r="3" t="114" w="28" /></phr><phr n="describing"><ent r="3" t="230" w="23" /></phr></stem><stem n="defect"><phr n="defects"><ent r="3" t="1" w="111" /></phr></stem><stem n="error"><phr n="errors"><ent r="3" t="1" w="113" /><ent r="3" t="25" w="89" /><ent r="3" t="101" w="311" /><ent r="4" t="118" w="66" /><ent r="4" t="119" w="73" /><ent r="4" t="120" w="67" /><ent r="3" t="183" w="103" /></phr><phr n="error"><ent r="3" t="15" w="242" /><ent r="3" t="15" w="269" /><ent r="3" t="26" w="550" /><ent r="3" t="41" w="44" /><ent r="64" t="41" w="48" /><ent r="3" t="41" w="67" /><ent r="4" t="42" w="385" /><ent r="4" t="42" w="454" /><ent r="4" t="42" w="506" /><ent r="4" t="42" w="524" /><ent r="3" t="44" w="188" /><ent r="3" t="58" w="302" /><ent r="3" t="62" w="159" /><ent r="3" t="62" w="232" /><ent r="3" t="62" w="350" /><ent r="4" t="64" w="183" /><ent r="3" t="64" w="630" /><ent r="3" t="64" w="664" /><ent r="3" t="65" w="93" /><ent r="4" t="68" w="230" /><ent r="3" t="69" w="81" /><ent r="3" t="69" w="363" /><ent r="3" t="73" w="120" /><ent r="3" t="76" w="252" /><ent r="3" t="77" w="69" /><ent r="4" t="77" w="73" /><ent r="3" t="77" w="79" /><ent r="3" t="77" w="135" /><ent r="4" t="77" w="139" /><ent r="4" t="77" w="299" /><ent r="5" t="77" w="303" /><ent r="3" t="83" w="39" /><ent r="3" t="83" w="56" /><ent r="3" t="87" w="46" /><ent r="4" t="87" w="50" /><ent r="64" t="87" w="111" /><ent r="1000" t="88" w="2" /><ent r="82" t="88" w="8" /><ent r="3" t="88" w="21" /><ent r="3" t="88" w="24" /><ent r="65" t="114" w="56" /><ent r="3" t="141" w="93" /><ent r="3" t="142" w="174" /><ent r="4" t="149" w="558" /><ent r="4" t="149" w="569" /><ent r="4" t="149" w="584" /><ent r="4" t="149" w="602" /><ent r="4" t="149" w="634" /><ent r="4" t="149" w="651" /><ent r="4" t="149" w="675" /><ent r="4" t="149" w="689" /><ent r="4" t="149" w="731" /><ent r="4" t="149" w="760" /><ent r="3" t="149" w="792" /><ent r="4" t="149" w="802" /><ent r="3" t="149" w="821" /><ent r="4" t="149" w="833" /><ent r="4" t="149" w="875" /><ent r="4" t="149" w="906" /><ent r="4" t="149" w="920" /><ent r="4" t="149" w="940" /><ent r="4" t="149" w="962" /><ent r="3" t="149" w="982" /><ent r="4" t="149" w="990" /><ent r="4" t="149" w="1003" /><ent r="4" t="149" w="1033" /><ent r="3" t="149" w="1038" /><ent r="4" t="150" w="76" /><ent r="4" t="151" w="109" /><ent r="4" t="152" w="112" /><ent r="4" t="152" w="124" /><ent r="4" t="152" w="136" /><ent r="4" t="152" w="148" /><ent r="4" t="152" w="164" /><ent r="4" t="152" w="176" /><ent r="4" t="152" w="190" /><ent r="4" t="152" w="204" /><ent r="4" t="152" w="229" /><ent r="4" t="152" w="242" /><ent r="3" t="152" w="247" /><ent r="4" t="152" w="328" /><ent r="4" t="153" w="92" /><ent r="4" t="154" w="316" /><ent r="4" t="154" w="328" /><ent r="4" t="154" w="340" /><ent r="4" t="154" w="369" /><ent r="4" t="154" w="381" /><ent r="4" t="154" w="397" /><ent r="4" t="154" w="409" /><ent r="4" t="154" w="422" /><ent r="4" t="154" w="436" /><ent r="4" t="154" w="461" /><ent r="4" t="154" w="474" /><ent r="3" t="154" w="479" /><ent r="4" t="154" w="587" /><ent r="4" t="155" w="252" /><ent r="4" t="155" w="264" /><ent r="4" t="155" w="276" /><ent r="4" t="155" w="305" /><ent r="4" t="155" w="317" /><ent r="4" t="155" w="330" /><ent r="4" t="155" w="346" /><ent r="4" t="155" w="371" /><ent r="4" t="155" w="383" /><ent r="4" t="155" w="396" /><ent r="4" t="155" w="410" /><ent r="4" t="155" w="425" /><ent r="3" t="155" w="430" /><ent r="4" t="155" w="500" /><ent r="3" t="156" w="110" /><ent r="3" t="156" w="120" /><ent r="4" t="156" w="474" /><ent r="4" t="156" w="486" /><ent r="4" t="156" w="498" /><ent r="4" t="156" w="527" /><ent r="4" t="156" w="539" /><ent r="4" t="156" w="552" /><ent r="4" t="156" w="568" /><ent r="4" t="156" w="593" /><ent r="4" t="156" w="605" /><ent r="4" t="156" w="618" /><ent r="4" t="156" w="632" /><ent r="4" t="156" w="647" /><ent r="4" t="156" w="657" /><ent r="3" t="156" w="663" /><ent r="4" t="156" w="671" /><ent r="4" t="156" w="684" /><ent r="3" t="156" w="689" /><ent r="4" t="156" w="749" /><ent r="4" t="157" w="324" /><ent r="4" t="157" w="343" /><ent r="4" t="157" w="355" /><ent r="4" t="157" w="367" /><ent r="4" t="157" w="380" /><ent r="4" t="157" w="396" /><ent r="4" t="157" w="408" /><ent r="4" t="157" w="421" /><ent r="4" t="157" w="431" /><ent r="4" t="157" w="445" /><ent r="4" t="157" w="470" /><ent r="3" t="157" w="475" /><ent r="4" t="158" w="105" /><ent r="4" t="158" w="122" /><ent r="4" t="158" w="138" /><ent r="4" t="158" w="150" /><ent r="4" t="158" w="163" /><ent r="3" t="158" w="168" /><ent r="4" t="159" w="87" /><ent r="4" t="159" w="99" /><ent r="4" t="159" w="111" /><ent r="4" t="159" w="125" /><ent r="4" t="159" w="139" /><ent r="3" t="159" w="144" /><ent r="4" t="160" w="134" /><ent r="4" t="160" w="146" /><ent r="4" t="160" w="158" /><ent r="3" t="160" w="163" /><ent r="4" t="161" w="149" /><ent r="4" t="161" w="164" /><ent r="4" t="161" w="176" /><ent r="4" t="161" w="206" /><ent r="3" t="161" w="211" /><ent r="4" t="162" w="158" /><ent r="4" t="162" w="173" /><ent r="4" t="162" w="203" /><ent r="4" t="162" w="220" /><ent r="4" t="162" w="251" /><ent r="3" t="162" w="256" /><ent r="3" t="163" w="119" /><ent r="4" t="163" w="135" /><ent r="4" t="163" w="149" /><ent r="4" t="163" w="181" /><ent r="3" t="163" w="186" /><ent r="4" t="164" w="73" /><ent r="4" t="164" w="88" /><ent r="4" t="164" w="100" /><ent r="4" t="164" w="116" /><ent r="4" t="164" w="128" /><ent r="4" t="164" w="141" /><ent r="4" t="165" w="94" /><ent r="4" t="165" w="117" /><ent r="4" t="165" w="129" /><ent r="4" t="165" w="145" /><ent r="4" t="165" w="157" /><ent r="4" t="165" w="170" /><ent r="4" t="168" w="117" /><ent r="4" t="168" w="127" /><ent r="3" t="168" w="133" /><ent r="4" t="190" w="142" /><ent r="4" t="190" w="165" /><ent r="4" t="191" w="244" /><ent r="4" t="191" w="266" /><ent r="3" t="192" w="78" /><ent r="4" t="193" w="115" /><ent r="4" t="194" w="133" /><ent r="4" t="195" w="165" /><ent r="3" t="195" w="171" /><ent r="4" t="195" w="229" /><ent r="3" t="195" w="236" /><ent r="4" t="195" w="246" /><ent r="4" t="195" w="272" /><ent r="4" t="195" w="290" /><ent r="4" t="195" w="310" /><ent r="4" t="195" w="327" /><ent r="3" t="195" w="333" /><ent r="3" t="195" w="375" /><ent r="4" t="196" w="297" /><ent r="3" t="196" w="302" /><ent r="4" t="196" w="337" /><ent r="4" t="197" w="100" /><ent r="4" t="197" w="111" /><ent r="3" t="197" w="118" /><ent r="4" t="197" w="121" /><ent r="3" t="197" w="127" /><ent r="4" t="201" w="358" /><ent r="3" t="201" w="364" /><ent r="4" t="201" w="478" /><ent r="4" t="201" w="491" /><ent r="4" t="202" w="530" /><ent r="3" t="202" w="536" /><ent r="4" t="202" w="649" /><ent r="4" t="202" w="662" /><ent r="4" t="203" w="404" /><ent r="3" t="203" w="410" /><ent r="4" t="203" w="518" /><ent r="4" t="203" w="539" /><ent r="4" t="203" w="561" /><ent r="3" t="203" w="572" /><ent r="3" t="203" w="588" /><ent r="4" t="203" w="604" /><ent r="4" t="203" w="617" /><ent r="4" t="204" w="240" /><ent r="3" t="204" w="246" /><ent r="4" t="204" w="324" /><ent r="4" t="204" w="337" /><ent r="4" t="205" w="409" /><ent r="3" t="205" w="415" /><ent r="4" t="205" w="493" /><ent r="4" t="205" w="506" /><ent r="4" t="206" w="214" /><ent r="3" t="206" w="222" /><ent r="4" t="206" w="290" /><ent r="4" t="206" w="310" /><ent r="4" t="206" w="331" /><ent r="3" t="206" w="340" /><ent r="4" t="206" w="362" /><ent r="4" t="206" w="375" /><ent r="4" t="207" w="157" /><ent r="4" t="207" w="167" /><ent r="4" t="207" w="183" /><ent r="4" t="208" w="146" /><ent r="4" t="208" w="161" /><ent r="4" t="208" w="177" /><ent r="3" t="208" w="261" /><ent r="4" t="209" w="188" /><ent r="4" t="209" w="200" /><ent r="4" t="210" w="146" /><ent r="4" t="210" w="156" /><ent r="4" t="211" w="105" /><ent r="4" t="212" w="390" /><ent r="4" t="212" w="453" /><ent r="4" t="212" w="469" /><ent r="3" t="212" w="571" /><ent r="4" t="213" w="399" /><ent r="4" t="213" w="462" /><ent r="4" t="213" w="477" /><ent r="4" t="213" w="493" /><ent r="3" t="213" w="596" /><ent r="4" t="214" w="198" /><ent r="4" t="214" w="212" /><ent r="4" t="214" w="228" /><ent r="4" t="215" w="184" /><ent r="4" t="215" w="197" /><ent r="4" t="215" w="213" /><ent r="3" t="215" w="292" /><ent r="4" t="216" w="189" /><ent r="4" t="216" w="203" /><ent r="4" t="216" w="219" /><ent r="4" t="216" w="240" /><ent r="4" t="217" w="144" /><ent r="4" t="217" w="158" /><ent r="4" t="217" w="174" /><ent r="4" t="217" w="197" /><ent r="4" t="218" w="107" /><ent r="4" t="219" w="223" /><ent r="4" t="219" w="238" /><ent r="4" t="219" w="254" /><ent r="4" t="220" w="223" /><ent r="4" t="220" w="238" /><ent r="4" t="220" w="254" /><ent r="4" t="221" w="196" /><ent r="4" t="221" w="208" /><ent r="4" t="221" w="224" /><ent r="3" t="221" w="311" /><ent r="4" t="222" w="147" /><ent r="4" t="223" w="263" /><ent r="4" t="223" w="280" /><ent r="4" t="223" w="296" /><ent r="4" t="224" w="239" /><ent r="4" t="224" w="259" /><ent r="4" t="224" w="275" /><ent r="4" t="225" w="202" /><ent r="4" t="225" w="220" /><ent r="4" t="225" w="236" /><ent r="4" t="226" w="213" /><ent r="4" t="226" w="237" /><ent r="4" t="226" w="253" /><ent r="4" t="227" w="252" /><ent r="4" t="227" w="277" /><ent r="4" t="227" w="293" /><ent r="4" t="228" w="49" /><ent r="4" t="228" w="68" /><ent r="4" t="228" w="82" /><ent r="4" t="228" w="94" /><ent r="4" t="228" w="110" /><ent r="4" t="228" w="124" /><ent r="4" t="228" w="149" /><ent r="4" t="228" w="162" /><ent r="4" t="228" w="176" /><ent r="3" t="228" w="182" /><ent r="4" t="228" w="230" /><ent r="4" t="229" w="54" /><ent r="4" t="229" w="73" /><ent r="4" t="229" w="87" /><ent r="3" t="229" w="93" /><ent r="4" t="230" w="94" /><ent r="4" t="230" w="106" /><ent r="4" t="231" w="128" /><ent r="4" t="231" w="140" /><ent r="4" t="231" w="159" /><ent r="4" t="231" w="178" /><ent r="4" t="231" w="192" /><ent r="4" t="231" w="206" /><ent r="4" t="231" w="222" /><ent r="4" t="231" w="247" /><ent r="3" t="231" w="253" /><ent r="5" t="232" w="136" /><ent r="4" t="232" w="214" /><ent r="4" t="232" w="226" /><ent r="4" t="232" w="238" /><ent r="3" t="232" w="257" /><ent r="4" t="232" w="269" /><ent r="4" t="232" w="289" /><ent r="4" t="232" w="308" /><ent r="4" t="232" w="322" /><ent r="4" t="232" w="336" /><ent r="4" t="232" w="352" /><ent r="4" t="232" w="377" /><ent r="3" t="232" w="383" /><ent r="4" t="232" w="500" /><ent r="4" t="233" w="111" /><ent r="4" t="233" w="123" /><ent r="4" t="233" w="135" /><ent r="4" t="233" w="154" /><ent r="4" t="233" w="166" /><ent r="4" t="233" w="185" /><ent r="4" t="233" w="204" /><ent r="4" t="233" w="218" /><ent r="4" t="233" w="232" /><ent r="4" t="233" w="248" /><ent r="4" t="233" w="273" /><ent r="3" t="233" w="279" /><ent r="4" t="233" w="410" /><ent r="4" t="234" w="84" /><ent r="4" t="234" w="96" /><ent r="4" t="234" w="108" /><ent r="4" t="234" w="125" /><ent r="4" t="234" w="145" /><ent r="4" t="234" w="164" /><ent r="4" t="234" w="183" /><ent r="4" t="234" w="197" /><ent r="4" t="234" w="211" /><ent r="4" t="234" w="227" /><ent r="4" t="234" w="252" /><ent r="3" t="234" w="258" /><ent r="4" t="234" w="393" /><ent r="4" t="235" w="99" /><ent r="4" t="235" w="111" /><ent r="4" t="235" w="123" /><ent r="4" t="235" w="140" /><ent r="4" t="235" w="160" /><ent r="4" t="235" w="179" /><ent r="4" t="235" w="198" /><ent r="4" t="235" w="212" /><ent r="4" t="235" w="226" /><ent r="4" t="235" w="242" /><ent r="4" t="235" w="267" /><ent r="3" t="235" w="273" /><ent r="4" t="235" w="408" /><ent r="4" t="236" w="97" /><ent r="4" t="236" w="109" /><ent r="4" t="236" w="126" /><ent r="4" t="236" w="149" /><ent r="4" t="236" w="168" /><ent r="4" t="236" w="182" /><ent r="4" t="236" w="196" /><ent r="4" t="236" w="212" /><ent r="4" t="236" w="237" /><ent r="3" t="236" w="243" /><ent r="4" t="237" w="177" /><ent r="3" t="237" w="183" /><ent r="4" t="237" w="192" /><ent r="4" t="237" w="213" /><ent r="4" t="237" w="229" /><ent r="3" t="237" w="236" /><ent r="4" t="238" w="257" /><ent r="3" t="238" w="263" /><ent r="4" t="238" w="272" /><ent r="4" t="238" w="293" /><ent r="4" t="238" w="309" /><ent r="3" t="238" w="316" /><ent r="4" t="239" w="401" /><ent r="3" t="239" w="407" /><ent r="4" t="239" w="416" /><ent r="3" t="239" w="455" /><ent r="4" t="240" w="80" /><ent r="4" t="241" w="165" /><ent r="4" t="242" w="180" /><ent r="4" t="242" w="193" /><ent r="4" t="242" w="208" /><ent r="4" t="242" w="221" /><ent r="3" t="242" w="226" /><ent r="4" t="243" w="237" /><ent r="4" t="243" w="250" /><ent r="4" t="243" w="265" /><ent r="4" t="243" w="278" /><ent r="3" t="243" w="283" /><ent r="4" t="244" w="485" /><ent r="4" t="244" w="498" /><ent r="4" t="244" w="513" /><ent r="4" t="244" w="527" /><ent r="4" t="244" w="540" /><ent r="3" t="244" w="545" /><ent r="4" t="245" w="422" /><ent r="4" t="245" w="435" /><ent r="4" t="245" w="450" /><ent r="4" t="245" w="463" /><ent r="3" t="245" w="468" /><ent r="3" t="246" w="15" /><ent r="65" t="246" w="25" /><ent r="3" t="257" w="170" /><ent r="4" t="292" w="194" /><ent r="3" t="292" w="200" /><ent r="4" t="292" w="209" /><ent r="4" t="292" w="222" /><ent r="4" t="292" w="243" /><ent r="3" t="292" w="250" /><ent r="1000" t="310" w="1" /><ent r="92" t="310" w="4" /><ent r="3" t="310" w="7" /><ent r="6" t="310" w="12" /><ent r="6" t="310" w="26" /><ent r="6" t="310" w="31" /><ent r="6" t="310" w="36" /><ent r="6" t="310" w="48" /><ent r="6" t="310" w="67" /><ent r="6" t="310" w="83" /><ent r="6" t="310" w="100" /><ent r="6" t="310" w="132" /><ent r="6" t="310" w="151" /><ent r="6" t="310" w="166" /><ent r="6" t="310" w="181" /><ent r="6" t="310" w="193" /><ent r="6" t="310" w="235" /><ent r="6" t="310" w="251" /><ent r="6" t="310" w="265" /><ent r="6" t="310" w="278" /><ent r="6" t="310" w="292" /><ent r="6" t="310" w="304" /><ent r="6" t="310" w="327" /><ent r="6" t="310" w="358" /><ent r="6" t="310" w="369" /><ent r="6" t="310" w="395" /><ent r="6" t="310" w="406" /><ent r="6" t="310" w="434" /><ent r="6" t="310" w="458" /><ent r="6" t="310" w="472" /><ent r="6" t="310" w="486" /><ent r="6" t="310" w="493" /><ent r="6" t="310" w="498" /><ent r="6" t="310" w="511" /><ent r="6" t="310" w="531" /><ent r="6" t="310" w="552" /><ent r="6" t="310" w="564" /><ent r="6" t="310" w="584" /><ent r="6" t="310" w="599" /><ent r="6" t="310" w="609" /><ent r="6" t="310" w="614" /><ent r="6" t="310" w="631" /><ent r="6" t="310" w="662" /><ent r="6" t="310" w="677" /><ent r="6" t="310" w="693" /><ent r="6" t="310" w="710" /><ent r="6" t="310" w="724" /><ent r="6" t="310" w="743" /><ent r="6" t="310" w="765" /><ent r="6" t="310" w="779" /><ent r="6" t="310" w="793" /><ent r="6" t="310" w="810" /><ent r="6" t="310" w="826" /><ent r="6" t="312" w="209" /><ent r="6" t="312" w="224" /><ent r="4" t="316" w="578" /></phr></stem></index>