<?xml version="1.0" encoding="utf-8"?><index><stem n="t"><phr n="t"><ent r="5" t="18" w="83" /><ent r="5" t="18" w="137" /><ent r="5" t="24" w="93" /><ent r="5" t="24" w="107" /><ent r="4" t="39" w="128" /><ent r="3" t="40" w="78" /><ent r="3" t="40" w="119" /><ent r="3" t="40" w="156" /><ent r="3" t="40" w="162" /><ent r="3" t="40" w="165" /><ent r="3" t="40" w="179" /><ent r="3" t="40" w="184" /><ent r="3" t="40" w="239" /><ent r="3" t="40" w="244" /><ent r="4" t="41" w="24" /><ent r="3" t="51" w="108" /><ent r="3" t="53" w="55" /><ent r="6" t="54" w="44" /><ent r="6" t="54" w="47" /><ent r="6" t="54" w="50" /><ent r="6" t="54" w="53" /><ent r="6" t="54" w="56" /><ent r="6" t="54" w="59" /><ent r="6" t="54" w="62" /><ent r="6" t="54" w="65" /><ent r="6" t="54" w="68" /><ent r="6" t="54" w="71" /><ent r="3" t="55" w="22" /><ent r="3" t="55" w="24" /><ent r="3" t="55" w="26" /><ent r="3" t="55" w="28" /><ent r="3" t="55" w="30" /><ent r="3" t="55" w="32" /><ent r="3" t="55" w="34" /><ent r="3" t="55" w="36" /><ent r="3" t="55" w="38" /><ent r="3" t="55" w="40" /><ent r="3" t="56" w="57" /><ent r="3" t="56" w="91" /><ent r="3" t="56" w="117" /><ent r="3" t="56" w="130" /><ent r="3" t="56" w="163" /><ent r="3" t="56" w="166" /><ent r="3" t="56" w="172" /><ent r="3" t="56" w="182" /><ent r="3" t="56" w="199" /><ent r="3" t="56" w="202" /><ent r="3" t="56" w="208" /><ent r="3" t="56" w="214" /><ent r="3" t="56" w="282" /><ent r="3" t="56" w="284" /><ent r="3" t="56" w="291" /><ent r="3" t="56" w="293" /><ent r="3" t="56" w="304" /><ent r="3" t="56" w="313" /><ent r="3" t="56" w="324" /><ent r="3" t="56" w="333" /><ent r="3" t="56" w="344" /><ent r="3" t="56" w="353" /><ent r="3" t="62" w="304" /><ent r="3" t="62" w="409" /><ent r="3" t="62" w="428" /><ent r="3" t="62" w="474" /><ent r="3" t="62" w="494" /><ent r="3" t="62" w="581" /><ent r="4" t="64" w="30" /><ent r="3" t="64" w="272" /><ent r="3" t="64" w="291" /><ent r="3" t="64" w="363" /><ent r="3" t="64" w="412" /><ent r="3" t="67" w="188" /><ent r="3" t="69" w="275" /><ent r="3" t="69" w="288" /><ent r="3" t="69" w="292" /><ent r="3" t="69" w="337" /><ent r="3" t="69" w="349" /><ent r="3" t="69" w="353" /><ent r="3" t="70" w="189" /><ent r="3" t="70" w="202" /><ent r="3" t="70" w="206" /><ent r="3" t="72" w="97" /><ent r="3" t="72" w="105" /><ent r="3" t="72" w="117" /><ent r="3" t="72" w="123" /><ent r="4" t="76" w="149" /><ent r="3" t="76" w="182" /><ent r="3" t="76" w="201" /><ent r="3" t="76" w="206" /><ent r="3" t="76" w="214" /><ent r="6" t="85" w="156" /><ent r="6" t="85" w="158" /><ent r="3" t="98" w="246" /><ent r="3" t="98" w="259" /><ent r="3" t="98" w="266" /><ent r="3" t="98" w="274" /><ent r="4" t="126" w="109" /><ent r="5" t="134" w="110" /><ent r="5" t="134" w="122" /><ent r="3" t="149" w="67" /><ent r="3" t="149" w="84" /><ent r="3" t="149" w="96" /><ent r="3" t="149" w="103" /><ent r="64" t="149" w="333" /><ent r="64" t="149" w="362" /><ent r="64" t="149" w="380" /><ent r="64" t="149" w="398" /><ent r="64" t="149" w="426" /><ent r="64" t="149" w="491" /><ent r="64" t="149" w="518" /><ent r="3" t="149" w="611" /><ent r="3" t="150" w="29" /><ent r="3" t="150" w="38" /><ent r="3" t="151" w="32" /><ent r="3" t="152" w="36" /><ent r="3" t="152" w="44" /><ent r="3" t="152" w="53" /><ent r="3" t="153" w="29" /><ent r="3" t="153" w="37" /><ent r="3" t="153" w="43" /><ent r="3" t="154" w="25" /><ent r="3" t="154" w="33" /><ent r="3" t="154" w="41" /><ent r="3" t="154" w="48" /><ent r="3" t="154" w="56" /><ent r="3" t="154" w="62" /><ent r="3" t="154" w="68" /><ent r="3" t="154" w="75" /><ent r="3" t="154" w="82" /><ent r="3" t="154" w="87" /><ent r="3" t="155" w="82" /><ent r="3" t="155" w="91" /><ent r="3" t="155" w="97" /><ent r="3" t="155" w="105" /><ent r="3" t="155" w="113" /><ent r="3" t="156" w="148" /><ent r="3" t="156" w="157" /><ent r="3" t="156" w="163" /><ent r="3" t="156" w="171" /><ent r="3" t="156" w="181" /><ent r="3" t="156" w="190" /><ent r="3" t="156" w="195" /><ent r="3" t="156" w="202" /><ent r="3" t="156" w="207" /><ent r="4" t="156" w="259" /><ent r="4" t="156" w="326" /><ent r="4" t="156" w="383" /><ent r="4" t="156" w="414" /><ent r="3" t="157" w="219" /><ent r="3" t="157" w="229" /><ent r="3" t="157" w="242" /><ent r="3" t="158" w="58" /><ent r="3" t="158" w="67" /><ent r="3" t="159" w="29" /><ent r="3" t="159" w="38" /><ent r="64" t="159" w="61" /><ent r="3" t="160" w="91" /><ent r="3" t="161" w="51" /><ent r="3" t="161" w="59" /><ent r="3" t="162" w="56" /><ent r="3" t="162" w="65" /><ent r="3" t="163" w="48" /><ent r="3" t="164" w="30" /><ent r="3" t="164" w="37" /><ent r="3" t="165" w="29" /><ent r="3" t="165" w="35" /><ent r="3" t="165" w="40" /><ent r="3" t="166" w="61" /><ent r="3" t="167" w="61" /><ent r="3" t="168" w="31" /><ent r="3" t="168" w="41" /><ent r="3" t="169" w="65" /><ent r="3" t="172" w="25" /><ent r="3" t="174" w="27" /><ent r="3" t="174" w="34" /><ent r="3" t="175" w="27" /><ent r="3" t="175" w="34" /><ent r="3" t="176" w="39" /><ent r="3" t="176" w="46" /><ent r="3" t="177" w="39" /><ent r="3" t="178" w="39" /><ent r="3" t="179" w="41" /><ent r="3" t="180" w="39" /><ent r="3" t="181" w="39" /><ent r="3" t="181" w="46" /><ent r="3" t="182" w="39" /><ent r="3" t="183" w="39" /><ent r="3" t="183" w="45" /><ent r="3" t="184" w="40" /><ent r="3" t="185" w="40" /><ent r="3" t="186" w="26" /><ent r="3" t="187" w="36" /><ent r="3" t="188" w="37" /><ent r="3" t="189" w="49" /><ent r="3" t="190" w="52" /><ent r="3" t="190" w="56" /><ent r="3" t="191" w="52" /><ent r="3" t="191" w="60" /><ent r="3" t="191" w="68" /><ent r="3" t="192" w="38" /><ent r="3" t="193" w="57" /><ent r="3" t="194" w="60" /><ent r="3" t="195" w="41" /><ent r="3" t="195" w="50" /><ent r="3" t="195" w="57" /><ent r="64" t="195" w="76" /><ent r="64" t="195" w="116" /><ent r="64" t="195" w="408" /><ent r="3" t="196" w="53" /><ent r="3" t="196" w="62" /><ent r="3" t="196" w="70" /><ent r="3" t="196" w="76" /><ent r="64" t="196" w="95" /><ent r="64" t="196" w="180" /><ent r="64" t="196" w="198" /><ent r="64" t="196" w="241" /><ent r="64" t="196" w="281" /><ent r="3" t="197" w="39" /><ent r="3" t="197" w="47" /><ent r="64" t="197" w="64" /><ent r="64" t="197" w="155" /><ent r="64" t="198" w="47" /><ent r="3" t="198" w="54" /><ent r="3" t="198" w="63" /><ent r="3" t="198" w="71" /><ent r="64" t="198" w="164" /><ent r="64" t="198" w="211" /><ent r="3" t="199" w="65" /><ent r="3" t="199" w="77" /><ent r="3" t="200" w="59" /><ent r="3" t="200" w="70" /><ent r="3" t="201" w="66" /><ent r="3" t="201" w="73" /><ent r="3" t="201" w="80" /><ent r="3" t="201" w="87" /><ent r="3" t="201" w="93" /><ent r="3" t="201" w="99" /><ent r="3" t="201" w="107" /><ent r="3" t="201" w="271" /><ent r="64" t="201" w="637" /><ent r="3" t="202" w="81" /><ent r="3" t="202" w="89" /><ent r="3" t="202" w="96" /><ent r="3" t="202" w="104" /><ent r="3" t="202" w="110" /><ent r="3" t="202" w="117" /><ent r="3" t="202" w="124" /><ent r="3" t="202" w="130" /><ent r="3" t="202" w="136" /><ent r="3" t="202" w="144" /><ent r="64" t="202" w="243" /><ent r="4" t="202" w="441" /><ent r="3" t="203" w="74" /><ent r="3" t="203" w="83" /><ent r="3" t="203" w="89" /><ent r="3" t="203" w="95" /><ent r="3" t="203" w="102" /><ent r="3" t="203" w="108" /><ent r="3" t="204" w="26" /><ent r="3" t="204" w="33" /><ent r="3" t="204" w="40" /><ent r="3" t="204" w="47" /><ent r="3" t="204" w="55" /><ent r="4" t="204" w="133" /><ent r="4" t="204" w="173" /><ent r="5" t="204" w="221" /><ent r="64" t="204" w="453" /><ent r="3" t="205" w="42" /><ent r="3" t="205" w="50" /><ent r="3" t="205" w="57" /><ent r="3" t="205" w="65" /><ent r="3" t="205" w="71" /><ent r="3" t="205" w="78" /><ent r="3" t="205" w="85" /><ent r="3" t="205" w="93" /><ent r="64" t="205" w="186" /><ent r="4" t="205" w="305" /><ent r="5" t="205" w="390" /><ent r="3" t="206" w="51" /><ent r="3" t="206" w="60" /><ent r="3" t="206" w="66" /><ent r="3" t="206" w="72" /><ent r="4" t="206" w="205" /><ent r="4" t="206" w="357" /><ent r="3" t="207" w="31" /><ent r="3" t="207" w="38" /><ent r="3" t="207" w="43" /><ent r="3" t="207" w="50" /><ent r="3" t="208" w="72" /><ent r="3" t="208" w="81" /><ent r="3" t="209" w="54" /><ent r="3" t="209" w="61" /><ent r="3" t="209" w="66" /><ent r="3" t="209" w="74" /><ent r="3" t="210" w="40" /><ent r="3" t="210" w="50" /><ent r="3" t="210" w="57" /><ent r="3" t="211" w="35" /><ent r="3" t="211" w="44" /><ent r="3" t="212" w="40" /><ent r="3" t="212" w="51" /><ent r="3" t="212" w="57" /><ent r="3" t="212" w="62" /><ent r="3" t="212" w="67" /><ent r="3" t="212" w="73" /><ent r="3" t="212" w="78" /><ent r="3" t="212" w="84" /><ent r="3" t="212" w="89" /><ent r="3" t="212" w="98" /><ent r="3" t="213" w="40" /><ent r="3" t="213" w="51" /><ent r="3" t="213" w="57" /><ent r="3" t="213" w="62" /><ent r="3" t="213" w="67" /><ent r="3" t="213" w="73" /><ent r="3" t="213" w="78" /><ent r="3" t="213" w="84" /><ent r="3" t="213" w="89" /><ent r="3" t="213" w="99" /><ent r="3" t="214" w="35" /><ent r="3" t="214" w="46" /><ent r="3" t="214" w="52" /><ent r="3" t="214" w="57" /><ent r="3" t="214" w="65" /><ent r="3" t="215" w="73" /><ent r="3" t="215" w="83" /><ent r="3" t="215" w="91" /><ent r="3" t="216" w="56" /><ent r="3" t="216" w="63" /><ent r="3" t="216" w="68" /><ent r="3" t="216" w="76" /><ent r="3" t="217" w="37" /><ent r="3" t="217" w="46" /><ent r="3" t="217" w="54" /><ent r="3" t="218" w="37" /><ent r="3" t="218" w="46" /><ent r="3" t="219" w="45" /><ent r="3" t="219" w="57" /><ent r="3" t="219" w="63" /><ent r="3" t="219" w="69" /><ent r="3" t="219" w="74" /><ent r="3" t="219" w="80" /><ent r="3" t="219" w="86" /><ent r="3" t="220" w="45" /><ent r="3" t="220" w="57" /><ent r="3" t="220" w="63" /><ent r="3" t="220" w="69" /><ent r="3" t="220" w="74" /><ent r="3" t="220" w="80" /><ent r="3" t="220" w="86" /><ent r="3" t="221" w="102" /><ent r="3" t="221" w="112" /><ent r="3" t="222" w="55" /><ent r="3" t="222" w="65" /><ent r="3" t="223" w="74" /><ent r="3" t="223" w="84" /><ent r="3" t="223" w="91" /><ent r="3" t="223" w="99" /><ent r="3" t="224" w="51" /><ent r="3" t="224" w="61" /><ent r="3" t="224" w="69" /><ent r="3" t="224" w="78" /><ent r="3" t="224" w="87" /><ent r="3" t="225" w="60" /><ent r="3" t="225" w="70" /><ent r="3" t="225" w="79" /><ent r="3" t="226" w="31" /><ent r="3" t="226" w="38" /><ent r="3" t="226" w="43" /><ent r="3" t="226" w="50" /><ent r="3" t="226" w="57" /><ent r="3" t="226" w="65" /><ent r="3" t="227" w="32" /><ent r="3" t="227" w="39" /><ent r="3" t="227" w="44" /><ent r="3" t="227" w="52" /><ent r="3" t="227" w="59" /><ent r="3" t="227" w="64" /><ent r="3" t="227" w="72" /><ent r="3" t="228" w="27" /><ent r="3" t="229" w="32" /><ent r="3" t="230" w="36" /><ent r="3" t="230" w="48" /><ent r="3" t="231" w="28" /><ent r="3" t="231" w="36" /><ent r="3" t="231" w="44" /><ent r="3" t="232" w="28" /><ent r="3" t="232" w="36" /><ent r="3" t="232" w="43" /><ent r="3" t="232" w="51" /><ent r="3" t="232" w="56" /><ent r="4" t="232" w="156" /><ent r="3" t="233" w="34" /><ent r="3" t="233" w="43" /><ent r="3" t="233" w="48" /><ent r="3" t="234" w="41" /><ent r="3" t="234" w="51" /><ent r="3" t="234" w="134" /><ent r="3" t="235" w="30" /><ent r="3" t="235" w="40" /><ent r="3" t="235" w="45" /><ent r="3" t="236" w="28" /><ent r="3" t="236" w="38" /><ent r="3" t="236" w="43" /><ent r="3" t="237" w="32" /><ent r="3" t="237" w="41" /><ent r="3" t="237" w="53" /><ent r="3" t="238" w="47" /><ent r="3" t="238" w="57" /><ent r="3" t="238" w="71" /><ent r="3" t="238" w="79" /><ent r="4" t="238" w="183" /><ent r="3" t="239" w="67" /><ent r="3" t="239" w="76" /><ent r="3" t="239" w="83" /><ent r="3" t="239" w="90" /><ent r="3" t="240" w="35" /><ent r="3" t="240" w="43" /><ent r="3" t="240" w="51" /><ent r="3" t="241" w="29" /><ent r="3" t="241" w="39" /><ent r="3" t="241" w="45" /><ent r="3" t="242" w="36" /><ent r="3" t="242" w="46" /><ent r="3" t="242" w="52" /><ent r="4" t="242" w="71" /><ent r="4" t="242" w="125" /><ent r="3" t="243" w="45" /><ent r="3" t="243" w="56" /><ent r="3" t="243" w="62" /><ent r="3" t="243" w="68" /><ent r="3" t="244" w="35" /><ent r="3" t="244" w="46" /><ent r="3" t="244" w="52" /><ent r="3" t="244" w="58" /><ent r="3" t="244" w="65" /><ent r="3" t="244" w="73" /><ent r="4" t="244" w="247" /><ent r="4" t="244" w="396" /><ent r="3" t="245" w="38" /><ent r="3" t="245" w="49" /><ent r="3" t="245" w="55" /><ent r="3" t="245" w="62" /><ent r="3" t="245" w="70" /><ent r="4" t="245" w="191" /><ent r="65" t="247" w="25" /><ent r="65" t="247" w="30" /><ent r="65" t="247" w="35" /><ent r="65" t="247" w="40" /><ent r="65" t="247" w="45" /><ent r="65" t="247" w="50" /><ent r="65" t="247" w="55" /><ent r="65" t="247" w="59" /><ent r="65" t="247" w="63" /><ent r="65" t="247" w="68" /><ent r="65" t="247" w="73" /><ent r="65" t="247" w="78" /><ent r="65" t="247" w="83" /><ent r="65" t="247" w="90" /><ent r="65" t="247" w="95" /><ent r="65" t="247" w="99" /><ent r="65" t="247" w="104" /><ent r="65" t="247" w="109" /><ent r="65" t="247" w="114" /><ent r="65" t="247" w="119" /><ent r="65" t="247" w="124" /><ent r="65" t="247" w="129" /><ent r="65" t="247" w="133" /><ent r="65" t="247" w="137" /><ent r="65" t="247" w="142" /><ent r="65" t="247" w="147" /><ent r="65" t="247" w="152" /><ent r="65" t="247" w="157" /><ent r="65" t="247" w="161" /><ent r="65" t="247" w="167" /><ent r="65" t="247" w="172" /><ent r="65" t="247" w="178" /><ent r="65" t="247" w="182" /><ent r="65" t="247" w="186" /><ent r="65" t="247" w="192" /><ent r="65" t="247" w="196" /><ent r="65" t="247" w="201" /><ent r="65" t="247" w="207" /><ent r="65" t="247" w="211" /><ent r="65" t="247" w="216" /><ent r="65" t="247" w="223" /><ent r="65" t="247" w="228" /><ent r="65" t="247" w="233" /><ent r="65" t="247" w="239" /><ent r="65" t="247" w="246" /><ent r="65" t="247" w="252" /><ent r="65" t="247" w="257" /><ent r="65" t="247" w="262" /><ent r="65" t="247" w="267" /><ent r="65" t="247" w="274" /><ent r="65" t="247" w="281" /><ent r="65" t="247" w="288" /><ent r="65" t="247" w="293" /><ent r="65" t="247" w="299" /><ent r="65" t="247" w="304" /><ent r="65" t="247" w="309" /><ent r="65" t="247" w="314" /><ent r="65" t="247" w="320" /><ent r="65" t="247" w="327" /><ent r="65" t="247" w="333" /><ent r="65" t="247" w="338" /><ent r="65" t="247" w="343" /><ent r="1000" t="248" w="4" /><ent r="72" t="248" w="9" /><ent r="3" t="248" w="36" /><ent r="3" t="248" w="40" /><ent r="1000" t="249" w="4" /><ent r="72" t="249" w="9" /><ent r="3" t="249" w="57" /><ent r="3" t="249" w="61" /><ent r="1000" t="250" w="4" /><ent r="72" t="250" w="9" /><ent r="4" t="250" w="16" /><ent r="3" t="250" w="58" /><ent r="3" t="250" w="149" /><ent r="1000" t="251" w="4" /><ent r="72" t="251" w="9" /><ent r="4" t="251" w="16" /><ent r="3" t="251" w="60" /><ent r="3" t="251" w="76" /><ent r="1000" t="252" w="4" /><ent r="72" t="252" w="9" /><ent r="4" t="252" w="16" /><ent r="4" t="252" w="32" /><ent r="3" t="252" w="59" /><ent r="3" t="252" w="63" /><ent r="3" t="252" w="67" /><ent r="3" t="252" w="71" /><ent r="3" t="252" w="75" /><ent r="3" t="252" w="79" /><ent r="3" t="252" w="83" /><ent r="3" t="252" w="87" /><ent r="3" t="252" w="91" /><ent r="3" t="252" w="95" /><ent r="3" t="252" w="99" /><ent r="3" t="252" w="103" /><ent r="3" t="252" w="107" /><ent r="3" t="252" w="111" /><ent r="3" t="252" w="115" /><ent r="3" t="252" w="119" /><ent r="3" t="252" w="123" /><ent r="3" t="252" w="127" /><ent r="3" t="252" w="131" /><ent r="3" t="252" w="137" /><ent r="3" t="252" w="145" /><ent r="3" t="252" w="149" /><ent r="3" t="252" w="153" /><ent r="3" t="252" w="157" /><ent r="3" t="252" w="161" /><ent r="3" t="252" w="165" /><ent r="3" t="252" w="169" /><ent r="3" t="252" w="173" /><ent r="3" t="252" w="177" /><ent r="3" t="252" w="181" /><ent r="3" t="252" w="185" /><ent r="3" t="252" w="191" /><ent r="1000" t="253" w="4" /><ent r="72" t="253" w="9" /><ent r="3" t="253" w="42" /><ent r="3" t="253" w="48" /><ent r="3" t="253" w="55" /><ent r="3" t="253" w="62" /><ent r="3" t="253" w="69" /><ent r="1000" t="254" w="4" /><ent r="72" t="254" w="9" /><ent r="3" t="254" w="28" /><ent r="3" t="254" w="32" /><ent r="4" t="254" w="47" /><ent r="1000" t="255" w="3" /><ent r="72" t="255" w="7" /><ent r="3" t="255" w="22" /><ent r="3" t="255" w="25" /><ent r="4" t="255" w="32" /><ent r="1000" t="256" w="3" /><ent r="72" t="256" w="7" /><ent r="3" t="256" w="24" /><ent r="4" t="256" w="31" /><ent r="1000" t="257" w="4" /><ent r="72" t="257" w="9" /><ent r="3" t="257" w="29" /><ent r="3" t="257" w="34" /><ent r="3" t="257" w="40" /><ent r="3" t="257" w="46" /><ent r="3" t="257" w="53" /><ent r="3" t="257" w="60" /><ent r="1000" t="258" w="4" /><ent r="72" t="258" w="9" /><ent r="3" t="258" w="36" /><ent r="1000" t="259" w="4" /><ent r="72" t="259" w="9" /><ent r="3" t="259" w="30" /><ent r="3" t="259" w="37" /><ent r="3" t="259" w="44" /><ent r="1000" t="260" w="4" /><ent r="72" t="260" w="9" /><ent r="3" t="260" w="36" /><ent r="1000" t="261" w="6" /><ent r="72" t="261" w="13" /><ent r="3" t="261" w="34" /><ent r="3" t="261" w="40" /><ent r="1000" t="262" w="4" /><ent r="72" t="262" w="9" /><ent r="1000" t="263" w="3" /><ent r="72" t="263" w="7" /><ent r="3" t="263" w="103" /><ent r="3" t="263" w="107" /><ent r="3" t="263" w="111" /><ent r="3" t="263" w="116" /><ent r="1000" t="264" w="4" /><ent r="72" t="264" w="11" /><ent r="3" t="264" w="30" /><ent r="3" t="264" w="35" /><ent r="3" t="264" w="42" /><ent r="3" t="264" w="49" /><ent r="1000" t="265" w="4" /><ent r="72" t="265" w="9" /><ent r="1000" t="266" w="4" /><ent r="72" t="266" w="9" /><ent r="4" t="266" w="14" /><ent r="3" t="266" w="59" /><ent r="3" t="266" w="62" /><ent r="3" t="266" w="71" /><ent r="1000" t="267" w="4" /><ent r="72" t="267" w="9" /><ent r="4" t="267" w="14" /><ent r="3" t="267" w="56" /><ent r="3" t="267" w="59" /><ent r="3" t="267" w="68" /><ent r="1000" t="268" w="4" /><ent r="72" t="268" w="9" /><ent r="1000" t="269" w="4" /><ent r="72" t="269" w="9" /><ent r="3" t="269" w="55" /><ent r="3" t="269" w="58" /><ent r="3" t="269" w="63" /><ent r="3" t="269" w="70" /><ent r="3" t="269" w="75" /><ent r="3" t="269" w="81" /><ent r="3" t="269" w="87" /><ent r="3" t="269" w="94" /><ent r="3" t="269" w="101" /><ent r="3" t="269" w="106" /><ent r="3" t="269" w="113" /><ent r="64" t="269" w="395" /><ent r="1000" t="270" w="3" /><ent r="72" t="270" w="7" /><ent r="4" t="270" w="11" /><ent r="3" t="270" w="35" /><ent r="3" t="270" w="38" /><ent r="3" t="270" w="46" /><ent r="1000" t="271" w="3" /><ent r="72" t="271" w="7" /><ent r="1000" t="272" w="4" /><ent r="72" t="272" w="9" /><ent r="4" t="272" w="14" /><ent r="3" t="272" w="60" /><ent r="3" t="272" w="63" /><ent r="3" t="272" w="73" /><ent r="1000" t="273" w="4" /><ent r="72" t="273" w="9" /><ent r="1000" t="274" w="4" /><ent r="72" t="274" w="9" /><ent r="3" t="274" w="63" /><ent r="3" t="274" w="68" /><ent r="3" t="274" w="74" /><ent r="3" t="274" w="78" /><ent r="3" t="274" w="85" /><ent r="3" t="274" w="90" /><ent r="3" t="274" w="97" /><ent r="1000" t="275" w="4" /><ent r="72" t="275" w="9" /><ent r="4" t="275" w="22" /><ent r="3" t="275" w="37" /><ent r="3" t="275" w="43" /><ent r="3" t="275" w="50" /><ent r="3" t="275" w="55" /><ent r="3" t="275" w="61" /><ent r="3" t="275" w="66" /><ent r="3" t="275" w="71" /><ent r="3" t="275" w="77" /><ent r="3" t="275" w="82" /><ent r="3" t="275" w="89" /><ent r="3" t="275" w="97" /><ent r="3" t="275" w="102" /><ent r="3" t="275" w="109" /><ent r="3" t="275" w="116" /><ent r="64" t="275" w="175" /><ent r="1000" t="276" w="3" /><ent r="72" t="276" w="7" /><ent r="3" t="276" w="51" /><ent r="3" t="276" w="57" /><ent r="3" t="276" w="63" /><ent r="3" t="276" w="69" /><ent r="3" t="276" w="74" /><ent r="1000" t="277" w="5" /><ent r="72" t="277" w="11" /><ent r="3" t="277" w="33" /><ent r="3" t="277" w="37" /><ent r="3" t="277" w="42" /><ent r="3" t="277" w="47" /><ent r="3" t="277" w="56" /><ent r="3" t="277" w="63" /><ent r="1000" t="278" w="4" /><ent r="72" t="278" w="9" /><ent r="3" t="278" w="93" /><ent r="3" t="278" w="99" /><ent r="3" t="278" w="104" /><ent r="3" t="278" w="110" /><ent r="3" t="278" w="118" /><ent r="3" t="278" w="125" /><ent r="1000" t="279" w="5" /><ent r="72" t="279" w="11" /><ent r="3" t="279" w="23" /><ent r="3" t="279" w="28" /><ent r="1000" t="280" w="3" /><ent r="72" t="280" w="7" /><ent r="3" t="280" w="24" /><ent r="3" t="280" w="28" /><ent r="3" t="280" w="34" /><ent r="1000" t="281" w="3" /><ent r="72" t="281" w="7" /><ent r="3" t="281" w="22" /><ent r="3" t="281" w="26" /><ent r="3" t="281" w="30" /><ent r="3" t="281" w="38" /><ent r="3" t="281" w="46" /><ent r="3" t="281" w="53" /><ent r="3" t="281" w="65" /><ent r="3" t="281" w="71" /><ent r="3" t="281" w="76" /><ent r="3" t="281" w="81" /><ent r="3" t="281" w="86" /><ent r="1000" t="282" w="5" /><ent r="72" t="282" w="11" /><ent r="3" t="282" w="40" /><ent r="1000" t="283" w="3" /><ent r="72" t="283" w="7" /><ent r="3" t="283" w="21" /><ent r="3" t="283" w="25" /><ent r="3" t="283" w="31" /><ent r="1000" t="284" w="4" /><ent r="72" t="284" w="9" /><ent r="3" t="284" w="29" /><ent r="3" t="284" w="36" /><ent r="1000" t="285" w="5" /><ent r="72" t="285" w="11" /><ent r="3" t="285" w="27" /><ent r="3" t="285" w="32" /><ent r="1000" t="286" w="3" /><ent r="72" t="286" w="7" /><ent r="3" t="286" w="18" /><ent r="3" t="286" w="21" /><ent r="1000" t="287" w="4" /><ent r="72" t="287" w="9" /><ent r="3" t="287" w="25" /><ent r="3" t="287" w="29" /><ent r="3" t="287" w="34" /><ent r="3" t="287" w="41" /><ent r="1000" t="288" w="6" /><ent r="72" t="288" w="13" /><ent r="3" t="288" w="38" /><ent r="3" t="288" w="51" /><ent r="1000" t="289" w="4" /><ent r="72" t="289" w="9" /><ent r="3" t="289" w="45" /><ent r="3" t="289" w="56" /><ent r="3" t="289" w="67" /><ent r="1000" t="290" w="4" /><ent r="72" t="290" w="9" /><ent r="3" t="290" w="26" /><ent r="3" t="290" w="30" /><ent r="1000" t="291" w="5" /><ent r="72" t="291" w="11" /><ent r="3" t="291" w="27" /><ent r="3" t="291" w="32" /><ent r="1000" t="292" w="4" /><ent r="72" t="292" w="11" /><ent r="4" t="292" w="20" /><ent r="3" t="292" w="65" /><ent r="3" t="292" w="71" /><ent r="3" t="292" w="78" /><ent r="3" t="292" w="84" /><ent r="3" t="292" w="92" /><ent r="3" t="292" w="101" /><ent r="3" t="292" w="110" /><ent r="3" t="292" w="119" /><ent r="1000" t="293" w="5" /><ent r="72" t="293" w="11" /><ent r="3" t="293" w="31" /><ent r="3" t="293" w="54" /><ent r="1000" t="294" w="4" /><ent r="72" t="294" w="9" /><ent r="3" t="294" w="36" /><ent r="3" t="294" w="42" /><ent r="3" t="294" w="50" /><ent r="3" t="294" w="56" /><ent r="1000" t="295" w="4" /><ent r="72" t="295" w="9" /><ent r="3" t="295" w="37" /><ent r="3" t="295" w="43" /><ent r="3" t="295" w="49" /><ent r="3" t="295" w="53" /><ent r="3" t="295" w="58" /><ent r="3" t="295" w="65" /><ent r="3" t="295" w="72" /><ent r="3" t="295" w="76" /><ent r="3" t="295" w="82" /><ent r="3" t="295" w="89" /><ent r="1000" t="296" w="4" /><ent r="72" t="296" w="9" /><ent r="3" t="296" w="36" /><ent r="3" t="296" w="41" /><ent r="3" t="296" w="47" /><ent r="3" t="296" w="56" /><ent r="3" t="296" w="62" /><ent r="3" t="296" w="68" /><ent r="1000" t="297" w="5" /><ent r="72" t="297" w="12" /><ent r="3" t="297" w="33" /><ent r="3" t="297" w="39" /><ent r="3" t="297" w="44" /><ent r="3" t="297" w="53" /><ent r="3" t="297" w="59" /><ent r="1000" t="298" w="5" /><ent r="72" t="298" w="12" /><ent r="3" t="298" w="33" /><ent r="3" t="298" w="39" /><ent r="3" t="298" w="44" /><ent r="3" t="298" w="53" /><ent r="3" t="298" w="60" /><ent r="3" t="298" w="68" /><ent r="3" t="298" w="75" /><ent r="3" t="298" w="82" /><ent r="1000" t="299" w="5" /><ent r="72" t="299" w="12" /><ent r="3" t="299" w="33" /><ent r="3" t="299" w="39" /><ent r="3" t="299" w="44" /><ent r="3" t="299" w="53" /><ent r="3" t="299" w="57" /><ent r="3" t="299" w="63" /><ent r="3" t="299" w="70" /><ent r="3" t="299" w="75" /><ent r="1000" t="300" w="4" /><ent r="72" t="300" w="9" /><ent r="3" t="300" w="41" /><ent r="3" t="300" w="52" /><ent r="1000" t="301" w="4" /><ent r="72" t="301" w="10" /><ent r="3" t="301" w="52" /><ent r="1000" t="302" w="4" /><ent r="72" t="302" w="9" /><ent r="3" t="302" w="28" /><ent r="3" t="302" w="34" /><ent r="3" t="302" w="41" /><ent r="3" t="302" w="47" /><ent r="1000" t="303" w="4" /><ent r="72" t="303" w="9" /><ent r="3" t="303" w="28" /><ent r="3" t="303" w="34" /><ent r="3" t="303" w="40" /><ent r="3" t="303" w="44" /><ent r="3" t="303" w="54" /><ent r="1000" t="304" w="4" /><ent r="72" t="304" w="9" /><ent r="3" t="304" w="28" /><ent r="3" t="304" w="32" /><ent r="3" t="304" w="43" /><ent r="3" t="304" w="50" /><ent r="1000" t="305" w="5" /><ent r="72" t="305" w="11" /><ent r="3" t="305" w="36" /><ent r="3" t="305" w="41" /><ent r="3" t="305" w="45" /><ent r="3" t="305" w="51" /><ent r="3" t="305" w="60" /><ent r="1000" t="306" w="6" /><ent r="72" t="306" w="13" /><ent r="3" t="306" w="39" /><ent r="3" t="306" w="45" /><ent r="3" t="306" w="50" /><ent r="3" t="306" w="57" /><ent r="3" t="306" w="62" /><ent r="3" t="306" w="67" /><ent r="3" t="306" w="74" /><ent r="3" t="306" w="79" /><ent r="3" t="306" w="87" /><ent r="3" t="306" w="95" /><ent r="3" t="306" w="104" /><ent r="1000" t="307" w="5" /><ent r="72" t="307" w="11" /><ent r="3" t="307" w="37" /><ent r="3" t="307" w="54" /><ent r="1000" t="308" w="4" /><ent r="72" t="308" w="9" /><ent r="3" t="308" w="28" /><ent r="3" t="308" w="32" /><ent r="3" t="308" w="45" /><ent r="1000" t="309" w="5" /><ent r="72" t="309" w="10" /><ent r="3" t="309" w="33" /><ent r="3" t="309" w="60" /><ent r="6" t="310" w="464" /><ent r="6" t="316" w="146" /><ent r="6" t="316" w="148" /><ent r="6" t="316" w="269" /><ent r="6" t="316" w="292" /></phr></stem><stem n="_enclave_t.c"><phr n="_enclave_t.c"><ent r="5" t="18" w="84" /></phr></stem><stem n="-gener"><phr n="-generated"><ent r="4" t="18" w="87" /><ent r="4" t="18" w="87" /><ent r="4" t="18" w="141" /><ent r="4" t="18" w="141" /><ent r="3" t="101" w="41" /><ent r="3" t="101" w="41" /></phr><phr n="-generate"><ent r="3" t="133" w="266" /><ent r="3" t="133" w="266" /></phr></stem><stem n="auto"><phr n="auto"><ent r="4" t="18" w="87" /><ent r="4" t="18" w="141" /><ent r="3" t="53" w="19" /><ent r="3" t="188" w="98" /><ent r="5" t="312" w="168" /><ent r="6" t="320" w="153" /></phr></stem></index>