<?xml version="1.0" encoding="utf-8"?><index><stem n="epid"><phr n="EPID"><ent r="6" t="7" w="79" /><ent r="6" t="7" w="163" /><ent r="6" t="7" w="209" /><ent r="3" t="97" w="312" /><ent r="3" t="97" w="376" /><ent r="6" t="99" w="344" /><ent r="6" t="99" w="357" /><ent r="5" t="99" w="375" /><ent r="6" t="99" w="399" /><ent r="6" t="99" w="414" /><ent r="1000" t="102" w="5" /><ent r="72" t="102" w="15" /><ent r="3" t="102" w="40" /><ent r="3" t="102" w="56" /><ent r="3" t="102" w="78" /><ent r="4" t="102" w="86" /><ent r="3" t="102" w="93" /><ent r="3" t="102" w="105" /><ent r="3" t="102" w="129" /><ent r="3" t="102" w="146" /><ent r="65" t="119" w="104" /><ent r="3" t="152" w="50" /><ent r="3" t="152" w="94" /><ent r="3" t="152" w="130" /><ent r="3" t="154" w="334" /><ent r="4" t="154" w="341" /><ent r="3" t="154" w="346" /><ent r="3" t="154" w="486" /><ent r="3" t="154" w="499" /><ent r="3" t="155" w="270" /><ent r="4" t="155" w="277" /><ent r="3" t="155" w="282" /><ent r="3" t="156" w="492" /><ent r="4" t="156" w="499" /><ent r="3" t="156" w="504" /><ent r="3" t="157" w="361" /><ent r="72" t="158" w="9" /><ent r="4" t="158" w="19" /><ent r="3" t="158" w="26" /><ent r="3" t="158" w="47" /><ent r="3" t="158" w="62" /><ent r="3" t="158" w="70" /><ent r="4" t="158" w="80" /><ent r="3" t="158" w="87" /><ent r="4" t="158" w="113" /><ent r="3" t="158" w="187" /><ent r="65" t="247" w="175" /><ent r="1000" t="279" w="2" /><ent r="72" t="279" w="8" /><ent r="3" t="279" w="15" /><ent r="3" t="279" w="25" /><ent r="3" t="281" w="35" /><ent r="3" t="281" w="39" /><ent r="3" t="281" w="59" /><ent r="3" t="281" w="107" /><ent r="4" t="281" w="111" /><ent r="3" t="281" w="116" /><ent r="4" t="281" w="144" /><ent r="3" t="281" w="150" /><ent r="3" t="294" w="47" /><ent r="3" t="294" w="89" /><ent r="3" t="295" w="440" /><ent r="3" t="295" w="447" /><ent r="6" t="310" w="606" /><ent r="6" t="310" w="632" /><ent r="6" t="310" w="637" /></phr></stem><stem n="enhanc"><phr n="Enhanced"><ent r="6" t="7" w="83" /><ent r="6" t="7" w="160" /><ent r="6" t="7" w="206" /><ent r="3" t="97" w="309" /><ent r="4" t="316" w="550" /></phr><phr n="enhance"><ent r="3" t="76" w="125" /></phr></stem><stem n="privaci"><phr n="Privacy"><ent r="6" t="7" w="84" /><ent r="6" t="7" w="161" /><ent r="6" t="7" w="207" /><ent r="3" t="97" w="310" /></phr></stem><stem n="id"><phr n="ID"><ent r="6" t="7" w="85" /><ent r="6" t="7" w="162" /><ent r="6" t="7" w="208" /><ent r="7" t="14" w="179" /><ent r="6" t="14" w="184" /><ent r="3" t="40" w="23" /><ent r="3" t="40" w="161" /><ent r="6" t="74" w="161" /><ent r="4" t="76" w="148" /><ent r="3" t="76" w="200" /><ent r="3" t="91" w="118" /><ent r="4" t="94" w="191" /><ent r="3" t="95" w="55" /><ent r="3" t="95" w="64" /><ent r="3" t="96" w="83" /><ent r="3" t="96" w="183" /><ent r="3" t="97" w="311" /><ent r="6" t="99" w="346" /><ent r="6" t="99" w="359" /><ent r="5" t="99" w="377" /><ent r="5" t="99" w="382" /><ent r="6" t="99" w="401" /><ent r="6" t="99" w="416" /><ent r="56" t="99" w="550" /><ent r="56" t="99" w="573" /><ent r="4" t="102" w="88" /><ent r="3" t="102" w="95" /><ent r="3" t="102" w="107" /><ent r="65" t="119" w="106" /><ent r="3" t="133" w="245" /><ent r="3" t="133" w="262" /><ent r="3" t="149" w="95" /><ent r="3" t="149" w="98" /><ent r="4" t="149" w="480" /><ent r="64" t="149" w="490" /><ent r="3" t="149" w="497" /><ent r="3" t="149" w="575" /><ent r="3" t="149" w="1120" /><ent r="3" t="149" w="1127" /><ent r="3" t="150" w="37" /><ent r="3" t="150" w="40" /><ent r="4" t="150" w="47" /><ent r="3" t="150" w="52" /><ent r="4" t="150" w="79" /><ent r="3" t="150" w="83" /><ent r="3" t="150" w="123" /><ent r="3" t="151" w="61" /><ent r="3" t="151" w="63" /><ent r="3" t="152" w="52" /><ent r="3" t="152" w="89" /><ent r="3" t="154" w="134" /><ent r="3" t="155" w="96" /><ent r="3" t="155" w="149" /><ent r="3" t="156" w="162" /><ent r="3" t="156" w="230" /><ent r="72" t="158" w="11" /><ent r="4" t="158" w="21" /><ent r="3" t="158" w="64" /><ent r="3" t="158" w="72" /><ent r="4" t="158" w="82" /><ent r="3" t="158" w="89" /><ent r="4" t="158" w="115" /><ent r="3" t="232" w="173" /><ent r="3" t="233" w="70" /><ent r="3" t="234" w="66" /><ent r="3" t="235" w="60" /><ent r="3" t="236" w="58" /><ent r="3" t="244" w="407" /><ent r="3" t="245" w="336" /><ent r="65" t="247" w="24" /><ent r="65" t="247" w="118" /><ent r="65" t="247" w="146" /><ent r="65" t="247" w="177" /><ent r="1000" t="248" w="3" /><ent r="72" t="248" w="8" /><ent r="3" t="248" w="13" /><ent r="3" t="248" w="39" /><ent r="1000" t="267" w="3" /><ent r="72" t="267" w="8" /><ent r="4" t="267" w="13" /><ent r="3" t="267" w="55" /><ent r="3" t="267" w="60" /><ent r="3" t="267" w="67" /><ent r="3" t="269" w="93" /><ent r="3" t="269" w="96" /><ent r="4" t="269" w="399" /><ent r="1000" t="273" w="3" /><ent r="72" t="273" w="8" /><ent r="3" t="273" w="20" /><ent r="3" t="275" w="88" /><ent r="3" t="275" w="92" /><ent r="4" t="275" w="235" /><ent r="3" t="275" w="240" /><ent r="3" t="276" w="62" /><ent r="3" t="276" w="65" /><ent r="4" t="276" w="91" /><ent r="1000" t="279" w="4" /><ent r="72" t="279" w="10" /><ent r="3" t="279" w="17" /><ent r="3" t="279" w="27" /><ent r="3" t="281" w="37" /><ent r="3" t="281" w="41" /><ent r="3" t="281" w="61" /><ent r="4" t="281" w="113" /><ent r="3" t="281" w="118" /><ent r="4" t="281" w="146" /><ent r="3" t="281" w="152" /><ent r="3" t="283" w="14" /><ent r="3" t="283" w="26" /><ent r="4" t="283" w="35" /><ent r="3" t="283" w="38" /><ent r="3" t="289" w="26" /><ent r="3" t="289" w="47" /><ent r="3" t="289" w="52" /><ent r="4" t="289" w="73" /><ent r="3" t="289" w="75" /><ent r="3" t="292" w="86" /><ent r="4" t="292" w="140" /><ent r="3" t="292" w="146" /><ent r="3" t="294" w="49" /><ent r="3" t="294" w="86" /><ent r="3" t="295" w="60" /><ent r="3" t="295" w="116" /><ent r="4" t="295" w="139" /><ent r="3" t="295" w="146" /><ent r="3" t="295" w="238" /><ent r="3" t="297" w="43" /><ent r="3" t="298" w="43" /><ent r="3" t="299" w="43" /><ent r="3" t="303" w="176" /><ent r="3" t="306" w="86" /><ent r="3" t="306" w="90" /><ent r="4" t="306" w="166" /><ent r="3" t="306" w="171" /><ent r="6" t="310" w="281" /><ent r="6" t="310" w="285" /></phr><phr n="IDE"><ent r="3" t="26" w="511" /><ent r="4" t="38" w="69" /><ent r="4" t="68" w="245" /></phr><phr n="IDs"><ent r="3" t="151" w="12" /><ent r="3" t="151" w="23" /></phr></stem><stem n="hsm"><phr n="HSM"><ent r="5" t="7" w="87" /><ent r="3" t="16" w="23" /><ent r="5" t="30" w="128" /></phr></stem><stem n="ia"><phr n="IAS"><ent r="6" t="7" w="93" /><ent r="3" t="154" w="529" /><ent r="3" t="154" w="532" /><ent r="3" t="154" w="541" /><ent r="3" t="154" w="554" /></phr><phr n="IA"><ent r="64" t="193" w="228" /><ent r="64" t="194" w="244" /></phr></stem><stem n="(r)attest"><phr n="(R)Attestation"><ent r="6" t="7" w="97" /></phr></stem><stem n="involv"><phr n="involved"><ent r="6" t="7" w="109" /><ent r="6" t="7" w="155" /><ent r="6" t="7" w="201" /><ent r="6" t="7" w="227" /></phr><phr n="involves"><ent r="3" t="25" w="40" /><ent r="3" t="127" w="237" /><ent r="3" t="232" w="444" /><ent r="3" t="233" w="354" /><ent r="3" t="234" w="337" /><ent r="3" t="235" w="352" /></phr><phr n="involving"><ent r="3" t="104" w="78" /><ent r="3" t="224" w="414" /><ent r="3" t="237" w="128" /><ent r="3" t="238" w="154" /></phr></stem><stem n="nonc"><phr n="Nonce"><ent r="6" t="7" w="115" /><ent r="4" t="110" w="19" /><ent r="4" t="110" w="49" /><ent r="4" t="111" w="46" /><ent r="4" t="111" w="62" /><ent r="3" t="154" w="55" /><ent r="3" t="154" w="58" /><ent r="4" t="154" w="140" /><ent r="3" t="154" w="144" /><ent r="3" t="154" w="155" /><ent r="3" t="154" w="238" /><ent r="3" t="231" w="43" /><ent r="3" t="231" w="47" /><ent r="4" t="231" w="80" /><ent r="3" t="231" w="93" /><ent r="3" t="231" w="104" /><ent r="4" t="231" w="269" /><ent r="3" t="231" w="272" /><ent r="4" t="231" w="284" /><ent r="4" t="231" w="317" /><ent r="65" t="247" w="200" /><ent r="65" t="247" w="206" /><ent r="1000" t="284" w="3" /><ent r="72" t="284" w="8" /><ent r="3" t="284" w="17" /><ent r="3" t="284" w="25" /><ent r="3" t="284" w="35" /><ent r="3" t="284" w="50" /><ent r="1000" t="285" w="4" /><ent r="72" t="285" w="10" /><ent r="3" t="285" w="13" /><ent r="3" t="285" w="31" /><ent r="3" t="289" w="34" /><ent r="3" t="289" w="57" /><ent r="3" t="289" w="61" /><ent r="4" t="289" w="82" /><ent r="3" t="289" w="84" /><ent r="3" t="298" w="81" /><ent r="3" t="298" w="84" /></phr></stem><stem n="arbitrari"><phr n="arbitrary"><ent r="6" t="7" w="118" /></phr></stem><stem n="onc"><phr n="once"><ent r="6" t="7" w="122" /><ent r="3" t="25" w="54" /><ent r="3" t="33" w="20" /><ent r="3" t="35" w="347" /><ent r="3" t="58" w="499" /><ent r="3" t="64" w="59" /><ent r="3" t="68" w="36" /><ent r="3" t="141" w="76" /><ent r="3" t="142" w="36" /><ent r="3" t="160" w="194" /></phr></stem><stem n="cryptograph"><phr n="cryptographic"><ent r="6" t="7" w="126" /><ent r="6" t="47" w="177" /><ent r="3" t="96" w="149" /><ent r="3" t="101" w="111" /><ent r="3" t="101" w="160" /><ent r="3" t="101" w="338" /><ent r="4" t="101" w="400" /><ent r="1000" t="146" w="1" /><ent r="3" t="146" w="27" /><ent r="3" t="146" w="156" /><ent r="3" t="146" w="168" /><ent r="3" t="146" w="175" /><ent r="3" t="146" w="194" /><ent r="3" t="195" w="139" /><ent r="3" t="196" w="31" /><ent r="3" t="196" w="258" /><ent r="3" t="196" w="364" /><ent r="3" t="197" w="70" /><ent r="3" t="197" w="145" /><ent r="3" t="212" w="568" /><ent r="3" t="213" w="593" /><ent r="3" t="221" w="261" /><ent r="3" t="221" w="301" /><ent r="3" t="221" w="305" /><ent r="3" t="221" w="364" /><ent r="3" t="221" w="445" /><ent r="3" t="221" w="453" /><ent r="3" t="222" w="184" /><ent r="3" t="223" w="32" /><ent r="3" t="225" w="32" /><ent r="3" t="225" w="269" /></phr><phr n="cryptographically"><ent r="3" t="101" w="207" /><ent r="3" t="133" w="205" /><ent r="3" t="196" w="110" /><ent r="3" t="196" w="393" /></phr><phr n="cryptographers"><ent r="3" t="221" w="491" /></phr></stem><stem n="commun"><phr n="communication"><ent r="6" t="7" w="127" /><ent r="3" t="59" w="27" /><ent r="3" t="97" w="100" /><ent r="4" t="97" w="255" /><ent r="3" t="196" w="209" /><ent r="3" t="221" w="345" /><ent r="3" t="272" w="23" /><ent r="3" t="275" w="278" /></phr><phr n="Community"><ent r="64" t="146" w="204" /></phr><phr n="communications"><ent r="3" t="221" w="386" /></phr></stem><stem n="ocal"><phr n="OCALL"><ent r="6" t="7" w="129" /><ent r="3" t="40" w="85" /><ent r="3" t="40" w="148" /><ent r="3" t="40" w="262" /><ent r="3" t="42" w="40" /><ent r="4" t="42" w="153" /><ent r="4" t="42" w="168" /><ent r="4" t="42" w="372" /><ent r="4" t="42" w="413" /><ent r="4" t="42" w="433" /><ent r="5" t="42" w="448" /><ent r="5" t="42" w="471" /><ent r="5" t="42" w="480" /><ent r="4" t="42" w="516" /><ent r="4" t="42" w="534" /><ent r="3" t="42" w="589" /><ent r="4" t="42" w="597" /><ent r="3" t="42" w="687" /><ent r="4" t="42" w="748" /><ent r="3" t="42" w="758" /><ent r="3" t="44" w="78" /><ent r="3" t="51" w="369" /><ent r="3" t="51" w="379" /><ent r="3" t="51" w="384" /><ent r="3" t="51" w="397" /><ent r="4" t="57" w="52" /><ent r="4" t="57" w="65" /><ent r="4" t="57" w="74" /><ent r="4" t="58" w="66" /><ent r="4" t="58" w="118" /><ent r="3" t="58" w="260" /><ent r="3" t="58" w="279" /><ent r="3" t="58" w="308" /><ent r="3" t="58" w="643" /><ent r="3" t="58" w="685" /><ent r="3" t="58" w="842" /><ent r="3" t="59" w="228" /><ent r="3" t="59" w="239" /><ent r="3" t="59" w="248" /><ent r="3" t="59" w="257" /><ent r="3" t="59" w="577" /><ent r="5" t="59" w="586" /><ent r="5" t="59" w="643" /><ent r="5" t="59" w="704" /><ent r="5" t="59" w="769" /><ent r="6" t="59" w="843" /><ent r="3" t="66" w="110" /><ent r="3" t="68" w="107" /><ent r="3" t="69" w="83" /><ent r="3" t="70" w="67" /><ent r="3" t="70" w="77" /><ent r="3" t="70" w="82" /><ent r="3" t="70" w="120" /><ent r="3" t="73" w="57" /><ent r="3" t="73" w="69" /><ent r="3" t="73" w="87" /><ent r="1000" t="85" w="2" /><ent r="82" t="85" w="6" /><ent r="3" t="85" w="50" /><ent r="3" t="85" w="99" /><ent r="4" t="94" w="178" /><ent r="4" t="94" w="265" /><ent r="4" t="94" w="311" /><ent r="4" t="94" w="385" /><ent r="3" t="95" w="74" /><ent r="3" t="127" w="32" /><ent r="3" t="127" w="63" /><ent r="3" t="127" w="105" /><ent r="3" t="141" w="88" /><ent r="3" t="142" w="158" /><ent r="6" t="142" w="222" /><ent r="6" t="142" w="250" /><ent r="6" t="142" w="268" /><ent r="6" t="142" w="296" /><ent r="6" t="142" w="303" /><ent r="6" t="142" w="315" /><ent r="6" t="142" w="328" /><ent r="6" t="142" w="347" /><ent r="6" t="142" w="354" /><ent r="6" t="142" w="361" /><ent r="6" t="142" w="369" /><ent r="6" t="142" w="380" /><ent r="6" t="142" w="387" /><ent r="6" t="142" w="398" /><ent r="6" t="142" w="405" /><ent r="6" t="142" w="418" /><ent r="6" t="142" w="425" /><ent r="6" t="142" w="432" /><ent r="6" t="142" w="439" /><ent r="6" t="142" w="452" /><ent r="6" t="142" w="459" /><ent r="6" t="142" w="466" /><ent r="6" t="142" w="473" /><ent r="3" t="178" w="205" /><ent r="3" t="178" w="234" /><ent r="3" t="183" w="239" /><ent r="3" t="183" w="304" /><ent r="3" t="184" w="155" /><ent r="3" t="184" w="181" /><ent r="3" t="185" w="132" /><ent r="4" t="193" w="46" /><ent r="3" t="193" w="194" /><ent r="5" t="193" w="266" /><ent r="5" t="193" w="303" /><ent r="4" t="194" w="49" /><ent r="3" t="194" w="210" /><ent r="5" t="194" w="282" /><ent r="5" t="194" w="319" /><ent r="6" t="310" w="157" /><ent r="6" t="310" w="236" /><ent r="6" t="310" w="240" /></phr><phr n="OCALLs"><ent r="3" t="39" w="250" /><ent r="3" t="39" w="251" /><ent r="7" t="39" w="316" /><ent r="7" t="39" w="372" /><ent r="3" t="40" w="36" /><ent r="4" t="42" w="317" /><ent r="4" t="42" w="338" /><ent r="4" t="42" w="361" /><ent r="4" t="42" w="464" /><ent r="4" t="42" w="665" /><ent r="4" t="43" w="168" /><ent r="5" t="43" w="410" /><ent r="5" t="43" w="424" /><ent r="5" t="43" w="597" /><ent r="3" t="51" w="57" /><ent r="3" t="51" w="338" /><ent r="3" t="58" w="599" /><ent r="1000" t="69" w="5" /><ent r="82" t="69" w="11" /><ent r="3" t="69" w="224" /><ent r="1000" t="70" w="4" /><ent r="82" t="70" w="9" /><ent r="3" t="70" w="11" /><ent r="4" t="79" w="45" /><ent r="3" t="85" w="86" /><ent r="4" t="126" w="169" /><ent r="3" t="142" w="148" /><ent r="3" t="142" w="211" /><ent r="3" t="183" w="389" /></phr></stem><stem n="(epid)"><phr n="(EPID)"><ent r="6" t="7" w="164" /><ent r="6" t="7" w="210" /></phr></stem><stem n="-pr"><phr n="-pr"><ent r="6" t="7" w="181" /><ent r="6" t="7" w="181" /></phr></stem><stem n="pse-pr"><phr n="PSE-pr"><ent r="6" t="7" w="181" /></phr></stem><stem n="pr"><phr n="pr"><ent r="6" t="7" w="182" /></phr></stem><stem n="(long-term"><phr n="(long-term"><ent r="6" t="7" w="183" /></phr></stem><stem n="long"><phr n="long"><ent r="6" t="7" w="183" /><ent r="7" t="39" w="385" /><ent r="3" t="47" w="15" /><ent r="6" t="54" w="81" /><ent r="3" t="55" w="16" /><ent r="4" t="55" w="51" /><ent r="4" t="55" w="52" /><ent r="4" t="55" w="56" /><ent r="3" t="56" w="241" /><ent r="3" t="56" w="242" /><ent r="3" t="56" w="243" /><ent r="3" t="56" w="271" /><ent r="3" t="56" w="273" /><ent r="3" t="142" w="18" /><ent r="4" t="157" w="129" /><ent r="4" t="157" w="182" /><ent r="3" t="186" w="49" /><ent r="3" t="231" w="74" /><ent r="6" t="320" w="157" /><ent r="6" t="320" w="158" /></phr></stem><stem n="long-term"><phr n="long-term"><ent r="6" t="7" w="183" /></phr></stem><stem n="term"><phr n="term"><ent r="6" t="7" w="184" /><ent r="3" t="43" w="15" /></phr><phr n="terms"><ent r="4" t="134" w="175" /></phr></stem><stem n="pare"><phr n="paring"><ent r="6" t="7" w="185" /></phr></stem><stem n="-op"><phr n="-Op"><ent r="6" t="7" w="187" /><ent r="6" t="7" w="187" /></phr></stem><stem n="pse-op"><phr n="PSE-Op"><ent r="6" t="7" w="187" /><ent r="4" t="42" w="357" /></phr></stem><stem n="op"><phr n="Op"><ent r="6" t="7" w="188" /><ent r="4" t="42" w="358" /></phr></stem><stem n="(session"><phr n="(session"><ent r="6" t="7" w="189" /></phr></stem><stem n="session"><phr n="session"><ent r="6" t="7" w="189" /><ent r="6" t="7" w="249" /><ent r="4" t="94" w="167" /><ent r="4" t="94" w="190" /><ent r="4" t="94" w="216" /><ent r="4" t="94" w="406" /><ent r="3" t="95" w="29" /><ent r="3" t="95" w="34" /><ent r="3" t="95" w="97" /><ent r="3" t="96" w="31" /><ent r="3" t="96" w="212" /><ent r="3" t="97" w="101" /><ent r="3" t="97" w="112" /><ent r="3" t="97" w="126" /><ent r="4" t="97" w="164" /><ent r="3" t="97" w="171" /><ent r="3" t="97" w="329" /><ent r="3" t="98" w="43" /><ent r="1000" t="99" w="5" /><ent r="72" t="99" w="12" /><ent r="5" t="99" w="203" /><ent r="4" t="99" w="208" /><ent r="4" t="99" w="269" /><ent r="5" t="99" w="275" /><ent r="4" t="99" w="279" /><ent r="4" t="99" w="295" /><ent r="3" t="99" w="679" /><ent r="3" t="99" w="692" /><ent r="3" t="99" w="731" /><ent r="3" t="99" w="752" /><ent r="3" t="99" w="780" /><ent r="3" t="99" w="783" /><ent r="65" t="130" w="76" /><ent r="65" t="135" w="39" /><ent r="65" t="135" w="44" /><ent r="1000" t="136" w="2" /><ent r="82" t="136" w="9" /><ent r="3" t="136" w="21" /><ent r="65" t="136" w="36" /><ent r="3" t="156" w="51" /><ent r="1000" t="228" w="4" /><ent r="72" t="228" w="9" /><ent r="4" t="228" w="14" /><ent r="3" t="228" w="18" /><ent r="3" t="228" w="31" /><ent r="3" t="228" w="43" /><ent r="4" t="228" w="198" /><ent r="1000" t="229" w="4" /><ent r="72" t="229" w="9" /><ent r="4" t="229" w="14" /><ent r="3" t="229" w="18" /><ent r="4" t="229" w="25" /><ent r="3" t="229" w="36" /><ent r="3" t="229" w="48" /><ent r="4" t="229" w="108" /><ent r="4" t="230" w="108" /><ent r="3" t="230" w="111" /><ent r="4" t="230" w="148" /><ent r="3" t="230" w="153" /><ent r="4" t="231" w="142" /><ent r="3" t="231" w="145" /><ent r="4" t="231" w="347" /><ent r="3" t="231" w="352" /><ent r="4" t="232" w="271" /><ent r="3" t="232" w="274" /><ent r="4" t="232" w="423" /><ent r="3" t="232" w="428" /><ent r="4" t="233" w="168" /><ent r="3" t="233" w="171" /><ent r="4" t="233" w="333" /><ent r="3" t="233" w="338" /><ent r="4" t="234" w="147" /><ent r="3" t="234" w="150" /><ent r="4" t="234" w="287" /><ent r="3" t="234" w="292" /><ent r="4" t="235" w="162" /><ent r="3" t="235" w="165" /><ent r="4" t="235" w="302" /><ent r="3" t="235" w="307" /><ent r="4" t="236" w="128" /><ent r="3" t="236" w="131" /><ent r="4" t="236" w="272" /><ent r="3" t="236" w="277" /><ent r="3" t="237" w="106" /><ent r="4" t="237" w="115" /><ent r="3" t="237" w="127" /><ent r="4" t="237" w="215" /><ent r="3" t="237" w="219" /><ent r="3" t="238" w="132" /><ent r="4" t="238" w="141" /><ent r="3" t="238" w="153" /><ent r="4" t="238" w="295" /><ent r="3" t="238" w="299" /><ent r="3" t="239" w="33" /><ent r="3" t="239" w="436" /><ent r="3" t="239" w="486" /><ent r="3" t="240" w="120" /><ent r="1000" t="241" w="4" /><ent r="72" t="241" w="9" /><ent r="3" t="241" w="14" /><ent r="3" t="241" w="33" /><ent r="3" t="241" w="37" /><ent r="3" t="241" w="44" /><ent r="3" t="241" w="46" /><ent r="3" t="241" w="64" /><ent r="3" t="241" w="76" /><ent r="4" t="241" w="83" /><ent r="3" t="241" w="96" /><ent r="4" t="241" w="103" /><ent r="4" t="241" w="107" /><ent r="3" t="241" w="118" /><ent r="3" t="241" w="124" /><ent r="4" t="241" w="150" /><ent r="3" t="241" w="159" /><ent r="3" t="242" w="21" /><ent r="3" t="242" w="29" /><ent r="3" t="242" w="51" /><ent r="3" t="242" w="54" /><ent r="4" t="242" w="109" /><ent r="4" t="242" w="124" /><ent r="3" t="242" w="132" /><ent r="4" t="242" w="152" /><ent r="4" t="242" w="166" /><ent r="3" t="243" w="18" /><ent r="3" t="243" w="38" /><ent r="3" t="243" w="67" /><ent r="3" t="243" w="70" /><ent r="3" t="243" w="87" /><ent r="4" t="243" w="122" /><ent r="4" t="243" w="167" /><ent r="4" t="243" w="171" /><ent r="3" t="243" w="178" /><ent r="4" t="243" w="218" /><ent r="3" t="244" w="25" /><ent r="3" t="244" w="57" /><ent r="3" t="244" w="60" /><ent r="3" t="244" w="70" /><ent r="3" t="244" w="92" /><ent r="4" t="244" w="127" /><ent r="3" t="244" w="141" /><ent r="4" t="244" w="179" /><ent r="4" t="244" w="183" /><ent r="3" t="244" w="190" /><ent r="4" t="244" w="230" /><ent r="4" t="244" w="376" /><ent r="4" t="244" w="393" /><ent r="4" t="244" w="466" /><ent r="3" t="245" w="25" /><ent r="3" t="245" w="54" /><ent r="3" t="245" w="57" /><ent r="3" t="245" w="67" /><ent r="3" t="245" w="89" /><ent r="4" t="245" w="124" /><ent r="4" t="245" w="128" /><ent r="3" t="245" w="134" /><ent r="4" t="245" w="174" /><ent r="4" t="245" w="320" /><ent r="4" t="245" w="406" /><ent r="65" t="247" w="324" /><ent r="65" t="247" w="331" /><ent r="65" t="247" w="337" /><ent r="3" t="302" w="18" /><ent r="3" t="302" w="65" /><ent r="3" t="302" w="103" /><ent r="3" t="303" w="18" /><ent r="3" t="303" w="72" /><ent r="3" t="303" w="94" /><ent r="3" t="304" w="18" /><ent r="3" t="305" w="25" /><ent r="1000" t="306" w="3" /><ent r="72" t="306" w="10" /><ent r="3" t="306" w="27" /><ent r="3" t="306" w="36" /><ent r="3" t="306" w="101" /><ent r="1000" t="307" w="3" /><ent r="72" t="307" w="9" /><ent r="3" t="307" w="21" /><ent r="3" t="307" w="26" /><ent r="3" t="307" w="35" /><ent r="3" t="307" w="42" /><ent r="3" t="307" w="47" /><ent r="3" t="307" w="52" /><ent r="4" t="307" w="61" /><ent r="3" t="307" w="68" /><ent r="4" t="307" w="73" /><ent r="3" t="307" w="80" /><ent r="1000" t="308" w="3" /><ent r="72" t="308" w="8" /><ent r="3" t="308" w="13" /><ent r="3" t="308" w="18" /><ent r="3" t="308" w="27" /><ent r="3" t="308" w="35" /><ent r="3" t="308" w="38" /><ent r="3" t="308" w="44" /><ent r="3" t="308" w="52" /><ent r="3" t="308" w="57" /><ent r="3" t="308" w="65" /><ent r="3" t="308" w="68" /><ent r="1000" t="309" w="3" /><ent r="6" t="310" w="695" /><ent r="6" t="310" w="699" /></phr></stem><stem n="manag"><phr n="management"><ent r="6" t="7" w="190" /><ent r="7" t="14" w="243" /><ent r="1000" t="27" w="4" /><ent r="82" t="27" w="9" /><ent r="6" t="74" w="190" /><ent r="3" t="104" w="12" /><ent r="3" t="109" w="29" /><ent r="6" t="142" w="476" /><ent r="4" t="144" w="77" /></phr><phr n="Manager"><ent r="5" t="12" w="24" /></phr><phr n="managed"><ent r="5" t="27" w="76" /><ent r="3" t="34" w="389" /><ent r="3" t="34" w="393" /><ent r="6" t="318" w="45" /></phr><phr n="manages"><ent r="5" t="27" w="123" /><ent r="3" t="36" w="292" /></phr><phr n="manage"><ent r="3" t="48" w="54" /><ent r="6" t="49" w="53" /></phr></stem><stem n="protocol"><phr n="protocol"><ent r="6" t="7" w="216" /><ent r="3" t="93" w="83" /><ent r="3" t="94" w="93" /><ent r="3" t="95" w="102" /><ent r="3" t="97" w="327" /><ent r="3" t="97" w="334" /><ent r="3" t="97" w="350" /><ent r="3" t="97" w="359" /><ent r="3" t="97" w="414" /><ent r="3" t="100" w="103" /><ent r="3" t="136" w="31" /><ent r="3" t="155" w="26" /><ent r="3" t="155" w="236" /><ent r="3" t="156" w="26" /><ent r="3" t="239" w="51" /><ent r="3" t="294" w="27" /><ent r="3" t="295" w="28" /><ent r="3" t="295" w="402" /><ent r="3" t="296" w="27" /><ent r="3" t="296" w="237" /><ent r="3" t="296" w="517" /><ent r="3" t="302" w="104" /></phr></stem><stem n="sigrl"><phr n="SigRL"><ent r="6" t="7" w="241" /><ent r="5" t="99" w="580" /></phr></stem><stem n="revoc"><phr n="revocation"><ent r="6" t="7" w="244" /><ent r="3" t="113" w="120" /><ent r="3" t="154" w="366" /><ent r="3" t="155" w="302" /><ent r="3" t="156" w="524" /><ent r="3" t="295" w="442" /><ent r="6" t="310" w="657" /></phr></stem><stem n="list"><phr n="list"><ent r="6" t="7" w="245" /><ent r="3" t="8" w="46" /><ent r="6" t="11" w="238" /><ent r="3" t="14" w="158" /><ent r="4" t="17" w="51" /><ent r="3" t="18" w="47" /><ent r="4" t="20" w="261" /><ent r="4" t="39" w="142" /><ent r="8" t="39" w="472" /><ent r="5" t="42" w="674" /><ent r="3" t="43" w="32" /><ent r="5" t="49" w="247" /><ent r="3" t="53" w="180" /><ent r="3" t="71" w="142" /><ent r="3" t="113" w="121" /><ent r="3" t="121" w="57" /><ent r="3" t="121" w="65" /><ent r="3" t="121" w="99" /><ent r="54" t="121" w="137" /><ent r="3" t="126" w="119" /><ent r="54" t="137" w="166" /><ent r="3" t="153" w="59" /><ent r="3" t="154" w="170" /><ent r="3" t="160" w="28" /><ent r="3" t="160" w="36" /><ent r="3" t="160" w="66" /><ent r="3" t="160" w="115" /><ent r="3" t="160" w="180" /><ent r="3" t="164" w="24" /><ent r="3" t="164" w="56" /><ent r="3" t="164" w="146" /><ent r="3" t="165" w="17" /><ent r="3" t="165" w="54" /><ent r="3" t="165" w="65" /><ent r="3" t="165" w="175" /><ent r="3" t="165" w="186" /><ent r="3" t="257" w="190" /><ent r="3" t="259" w="69" /><ent r="3" t="295" w="443" /></phr><phr n="listed"><ent r="3" t="17" w="314" /><ent r="3" t="26" w="32" /><ent r="3" t="26" w="239" /><ent r="5" t="27" w="70" /><ent r="5" t="27" w="98" /><ent r="3" t="28" w="24" /><ent r="3" t="36" w="232" /><ent r="3" t="37" w="133" /><ent r="3" t="54" w="7" /><ent r="4" t="75" w="192" /><ent r="4" t="75" w="322" /><ent r="4" t="75" w="483" /><ent r="3" t="126" w="184" /><ent r="3" t="131" w="40" /></phr><phr n="lists"><ent r="3" t="74" w="109" /><ent r="4" t="148" w="27" /><ent r="3" t="317" w="20" /></phr></stem><stem n="smk"><phr n="SMK"><ent r="6" t="7" w="247" /><ent r="5" t="94" w="297" /><ent r="5" t="94" w="361" /><ent r="6" t="99" w="559" /><ent r="6" t="99" w="613" /><ent r="3" t="100" w="104" /><ent r="3" t="238" w="207" /><ent r="3" t="292" w="44" /><ent r="3" t="292" w="94" /><ent r="4" t="292" w="149" /><ent r="3" t="292" w="155" /><ent r="3" t="295" w="246" /><ent r="3" t="295" w="252" /><ent r="4" t="295" w="267" /><ent r="4" t="295" w="272" /><ent r="3" t="295" w="325" /><ent r="4" t="295" w="343" /><ent r="3" t="295" w="403" /><ent r="3" t="296" w="87" /><ent r="3" t="296" w="88" /><ent r="4" t="296" w="102" /><ent r="4" t="296" w="107" /><ent r="3" t="296" w="160" /><ent r="4" t="296" w="178" /><ent r="3" t="296" w="238" /><ent r="4" t="296" w="382" /><ent r="3" t="296" w="440" /><ent r="4" t="296" w="458" /><ent r="3" t="296" w="518" /><ent r="3" t="303" w="180" /><ent r="3" t="303" w="186" /><ent r="4" t="303" w="201" /><ent r="4" t="303" w="206" /><ent r="3" t="303" w="259" /><ent r="4" t="303" w="277" /><ent r="3" t="304" w="69" /><ent r="3" t="304" w="75" /><ent r="4" t="304" w="90" /><ent r="4" t="304" w="95" /><ent r="3" t="304" w="148" /><ent r="4" t="304" w="166" /></phr></stem><stem n="mac"><phr n="MAC"><ent r="6" t="7" w="250" /><ent r="65" t="132" w="90" /><ent r="65" t="132" w="94" /><ent r="3" t="132" w="121" /><ent r="65" t="132" w="134" /><ent r="3" t="133" w="288" /><ent r="55" t="133" w="427" /><ent r="5" t="134" w="161" /><ent r="4" t="156" w="658" /><ent r="4" t="197" w="112" /><ent r="3" t="197" w="172" /><ent r="3" t="197" w="177" /><ent r="3" t="198" w="65" /><ent r="4" t="198" w="81" /><ent r="3" t="198" w="108" /><ent r="3" t="198" w="134" /><ent r="3" t="198" w="236" /><ent r="1000" t="199" w="4" /><ent r="72" t="199" w="11" /><ent r="4" t="199" w="20" /><ent r="4" t="199" w="48" /><ent r="3" t="199" w="69" /><ent r="3" t="199" w="122" /><ent r="3" t="199" w="169" /><ent r="3" t="201" w="51" /><ent r="3" t="201" w="128" /><ent r="3" t="201" w="162" /><ent r="3" t="201" w="578" /><ent r="3" t="202" w="53" /><ent r="3" t="202" w="293" /><ent r="3" t="202" w="327" /><ent r="3" t="203" w="45" /><ent r="3" t="203" w="153" /><ent r="4" t="203" w="175" /><ent r="3" t="203" w="216" /><ent r="4" t="203" w="231" /><ent r="4" t="203" w="562" /><ent r="4" t="203" w="702" /><ent r="1000" t="204" w="2" /><ent r="72" t="204" w="6" /><ent r="3" t="204" w="28" /><ent r="4" t="204" w="361" /><ent r="3" t="204" w="424" /><ent r="1000" t="205" w="2" /><ent r="72" t="205" w="7" /><ent r="4" t="205" w="34" /><ent r="3" t="205" w="44" /><ent r="4" t="205" w="118" /><ent r="4" t="205" w="198" /><ent r="3" t="205" w="243" /><ent r="3" t="205" w="262" /><ent r="4" t="205" w="529" /><ent r="4" t="205" w="540" /><ent r="4" t="205" w="576" /><ent r="4" t="205" w="637" /><ent r="1000" t="206" w="3" /><ent r="3" t="206" w="31" /><ent r="4" t="206" w="36" /><ent r="4" t="206" w="42" /><ent r="4" t="206" w="132" /><ent r="4" t="206" w="332" /><ent r="4" t="206" w="445" /><ent r="3" t="212" w="101" /><ent r="3" t="212" w="291" /><ent r="4" t="212" w="338" /><ent r="3" t="212" w="346" /><ent r="3" t="212" w="396" /><ent r="3" t="213" w="102" /><ent r="3" t="213" w="293" /><ent r="4" t="213" w="341" /><ent r="3" t="213" w="348" /><ent r="3" t="213" w="405" /><ent r="4" t="213" w="463" /><ent r="3" t="213" w="468" /><ent r="3" t="213" w="473" /><ent r="3" t="214" w="67" /><ent r="4" t="214" w="151" /><ent r="3" t="214" w="206" /><ent r="65" t="247" w="136" /><ent r="1000" t="271" w="2" /><ent r="72" t="271" w="6" /><ent r="3" t="276" w="68" /><ent r="3" t="276" w="70" /><ent r="4" t="276" w="100" /><ent r="3" t="277" w="22" /><ent r="3" t="277" w="100" /><ent r="4" t="277" w="161" /><ent r="3" t="278" w="164" /><ent r="3" t="278" w="191" /><ent r="3" t="295" w="71" /><ent r="3" t="295" w="73" /><ent r="4" t="295" w="225" /><ent r="3" t="296" w="40" /><ent r="3" t="296" w="42" /><ent r="4" t="296" w="73" /><ent r="3" t="303" w="48" /><ent r="3" t="303" w="161" /><ent r="3" t="304" w="36" /><ent r="3" t="304" w="58" /><ent r="6" t="310" w="487" /></phr></stem></index>