<?xml version="1.0" encoding="utf-8"?><index><stem n="_error_mc_over_quota"><phr n="_ERROR_MC_OVER_QUOTA"><ent r="4" t="232" w="241" /><ent r="4" t="233" w="138" /><ent r="6" t="310" w="782" /></phr></stem><stem n="quota"><phr n="QUOTA"><ent r="4" t="232" w="241" /><ent r="3" t="232" w="248" /><ent r="3" t="232" w="526" /><ent r="3" t="232" w="560" /><ent r="4" t="233" w="138" /><ent r="3" t="233" w="145" /><ent r="3" t="233" w="434" /><ent r="3" t="233" w="467" /><ent r="6" t="310" w="782" /><ent r="6" t="310" w="787" /></phr></stem><stem n="reach"><phr n="reached"><ent r="3" t="232" w="246" /><ent r="3" t="233" w="143" /><ent r="6" t="310" w="786" /></phr><phr n="reaches"><ent r="3" t="232" w="558" /><ent r="3" t="233" w="465" /></phr><phr n="reach"><ent r="3" t="237" w="208" /><ent r="3" t="238" w="288" /><ent r="3" t="292" w="238" /></phr></stem><stem n="_error_mc_used_up"><phr n="_ERROR_MC_USED_UP"><ent r="3" t="232" w="260" /><ent r="4" t="233" w="157" /><ent r="6" t="310" w="768" /></phr></stem><stem n="(mc)"><phr n="(MC)"><ent r="3" t="232" w="444" /><ent r="3" t="232" w="517" /><ent r="3" t="233" w="354" /><ent r="3" t="234" w="337" /><ent r="3" t="235" w="352" /></phr></stem><stem n="-volatil"><phr n="-volatile"><ent r="3" t="232" w="448" /><ent r="3" t="232" w="448" /><ent r="3" t="233" w="358" /><ent r="3" t="233" w="358" /><ent r="3" t="234" w="341" /><ent r="3" t="234" w="341" /><ent r="3" t="235" w="356" /><ent r="3" t="235" w="356" /></phr></stem><stem n="non-volatil"><phr n="non-volatile"><ent r="3" t="232" w="448" /><ent r="3" t="233" w="358" /><ent r="3" t="234" w="341" /><ent r="3" t="235" w="356" /></phr></stem><stem n="volatil"><phr n="volatile"><ent r="3" t="232" w="449" /><ent r="3" t="233" w="359" /><ent r="3" t="234" w="342" /><ent r="3" t="235" w="357" /><ent r="3" t="255" w="20" /><ent r="3" t="257" w="38" /></phr></stem><stem n="repeat"><phr n="Repeated"><ent r="3" t="232" w="455" /><ent r="3" t="233" w="365" /><ent r="3" t="234" w="348" /><ent r="3" t="235" w="363" /></phr></stem><stem n="lifecycl"><phr n="lifecycle"><ent r="3" t="232" w="468" /><ent r="3" t="233" w="378" /><ent r="3" t="234" w="361" /><ent r="3" t="235" w="376" /></phr></stem><stem n="rate"><phr n="rate"><ent r="3" t="232" w="480" /><ent r="3" t="233" w="390" /><ent r="3" t="234" w="373" /><ent r="3" t="235" w="388" /></phr></stem><stem n="exce"><phr n="exceed"><ent r="3" t="232" w="490" /><ent r="3" t="233" w="400" /><ent r="3" t="234" w="383" /><ent r="3" t="235" w="398" /></phr></stem><stem n="minut"><phr n="minutes"><ent r="3" t="232" w="505" /><ent r="3" t="233" w="415" /><ent r="3" t="234" w="398" /><ent r="3" t="235" w="413" /></phr></stem><stem n="exhaust"><phr n="exhausting"><ent r="3" t="232" w="523" /><ent r="3" t="233" w="431" /></phr></stem><stem n="record"><phr n="record"><ent r="3" t="232" w="531" /><ent r="3" t="233" w="439" /><ent r="3" t="252" w="36" /><ent r="3" t="253" w="19" /><ent r="3" t="253" w="29" /><ent r="3" t="253" w="79" /></phr><phr n="recorded"><ent r="3" t="232" w="569" /><ent r="3" t="233" w="476" /></phr><phr n="records"><ent r="3" t="242" w="24" /><ent r="3" t="243" w="30" /></phr></stem><stem n="uninstal"><phr n="uninstalling"><ent r="3" t="232" w="577" /><ent r="3" t="233" w="484" /></phr></stem><stem n="_create_monotonic_counter("><phr n="_create_monotonic_counter("><ent r="3" t="233" w="39" /></phr></stem><stem n="0xffffffffffffffcb"><phr n="0xFFFFFFFFFFFFFFCB"><ent r="4" t="233" w="322" /></phr></stem><stem n="_destroy_monotonic_counter("><phr n="_destroy_monotonic_counter("><ent r="3" t="234" w="46" /></phr></stem><stem n="_error_mc_not_found"><phr n="_ERROR_MC_NOT_FOUND"><ent r="4" t="234" w="111" /><ent r="4" t="235" w="126" /><ent r="4" t="236" w="112" /><ent r="6" t="310" w="727" /></phr></stem><stem n="_error_mc_no_access_right"><phr n="_ERROR_MC_NO_ACCESS_RIGHT"><ent r="4" t="234" w="129" /><ent r="4" t="235" w="144" /><ent r="6" t="310" w="747" /></phr></stem><stem n="'t"><phr n="'t"><ent r="3" t="234" w="134" /></phr></stem><stem n="anymor"><phr n="anymore"><ent r="3" t="234" w="277" /><ent r="3" t="240" w="37" /></phr></stem><stem n="_increment_monotonic_counter("><phr n="_increment_monotonic_counter("><ent r="3" t="235" w="35" /><ent r="3" t="236" w="33" /></phr></stem><stem n="_ra_init("><phr n="_ra_init("><ent r="3" t="237" w="36" /></phr></stem><stem n="_pub_key,"><phr n="_pub_key,"><ent r="3" t="237" w="45" /><ent r="3" t="238" w="61" /></phr></stem><stem n="_context"><phr n="_context"><ent r="3" t="237" w="55" /><ent r="4" t="237" w="134" /><ent r="3" t="238" w="81" /><ent r="4" t="238" w="214" /><ent r="4" t="253" w="75" /></phr></stem><stem n="_pub_kei"><phr n="_pub_key"><ent r="4" t="237" w="63" /><ent r="4" t="238" w="89" /></phr></stem><stem n="(littl"><phr n="(Little"><ent r="4" t="237" w="65" /><ent r="4" t="238" w="91" /><ent r="4" t="294" w="63" /><ent r="4" t="294" w="83" /><ent r="4" t="295" w="96" /><ent r="4" t="295" w="124" /><ent r="4" t="296" w="257" /><ent r="4" t="302" w="54" /><ent r="4" t="303" w="61" /><ent r="4" t="306" w="167" /><ent r="4" t="306" w="178" /></phr></stem><stem n="p-256"><phr n="P-256"><ent r="3" t="237" w="80" /><ent r="3" t="238" w="106" /><ent r="3" t="294" w="77" /><ent r="3" t="295" w="109" /><ent r="3" t="302" w="71" /><ent r="3" t="303" w="78" /></phr></stem><stem n="(kdf)."><phr n="(KDF)."><ent r="3" t="238" w="42" /></phr></stem><stem n="_ra_init_ex("><phr n="_ra_init_ex("><ent r="3" t="238" w="52" /></phr></stem><stem n="_ra_derive_secret_keys_t"><phr n="_ra_derive_secret_keys_t"><ent r="3" t="238" w="71" /><ent r="4" t="238" w="183" /><ent r="65" t="247" w="246" /><ent r="72" t="292" w="11" /><ent r="4" t="292" w="20" /></phr></stem><stem n="_key_cb,"><phr n="_key_cb,"><ent r="3" t="238" w="75" /></phr></stem><stem n="_key_cb"><phr n="_key_cb"><ent r="4" t="238" w="161" /></phr></stem><stem n="funtion"><phr n="funtion"><ent r="3" t="238" w="174" /></phr></stem><stem n="(smk,"><phr n="(SMK,"><ent r="3" t="238" w="208" /><ent r="3" t="292" w="45" /></phr></stem><stem n="_ra_get_keys("><phr n="_ra_get_keys("><ent r="3" t="239" w="72" /></phr></stem><stem n="_ra_key_type_t"><phr n="_ra_key_type_t"><ent r="3" t="239" w="83" /><ent r="65" t="247" w="252" /><ent r="1000" t="293" w="5" /><ent r="72" t="293" w="11" /></phr></stem><stem n="_ra_key_128_t"><phr n="_ra_key_128_t"><ent r="3" t="239" w="90" /><ent r="65" t="247" w="239" /><ent r="1000" t="291" w="5" /><ent r="72" t="291" w="11" /></phr></stem><stem n="*p_kei"><phr n="*p_key"><ent r="3" t="239" w="92" /></phr></stem><stem n="_ra_key_mk"><phr n="_RA_KEY_MK"><ent r="4" t="239" w="125" /><ent r="4" t="239" w="158" /><ent r="3" t="239" w="222" /><ent r="4" t="239" w="348" /></phr></stem><stem n="_ra_key_sk"><phr n="_RA_KEY_SK"><ent r="4" t="239" w="131" /><ent r="4" t="239" w="164" /><ent r="3" t="239" w="233" /><ent r="4" t="239" w="354" /><ent r="3" t="293" w="37" /></phr></stem><stem n="_ra_vk"><phr n="_RA_VK"><ent r="4" t="239" w="137" /><ent r="4" t="239" w="170" /><ent r="4" t="239" w="360" /></phr></stem><stem n="(kdf):"><phr n="(KDF):"><ent r="3" t="239" w="199" /></phr></stem><stem n="kdk"><phr n="KDK"><ent r="3" t="239" w="200" /><ent r="3" t="239" w="214" /><ent r="3" t="239" w="225" /><ent r="3" t="239" w="236" /><ent r="4" t="244" w="256" /><ent r="4" t="244" w="267" /><ent r="3" t="244" w="300" /><ent r="4" t="245" w="200" /><ent r="4" t="245" w="211" /><ent r="3" t="245" w="244" /><ent r="4" t="295" w="258" /><ent r="4" t="295" w="270" /><ent r="3" t="295" w="303" /><ent r="4" t="296" w="93" /><ent r="4" t="296" w="105" /><ent r="3" t="296" w="138" /><ent r="4" t="296" w="373" /><ent r="4" t="296" w="385" /><ent r="3" t="296" w="418" /><ent r="4" t="303" w="192" /><ent r="4" t="303" w="204" /><ent r="3" t="303" w="237" /><ent r="4" t="304" w="81" /><ent r="4" t="304" w="93" /><ent r="3" t="304" w="126" /></phr></stem><stem n="aes-cmac"><phr n="AES-CMAC"><ent r="3" t="239" w="201" /><ent r="3" t="239" w="212" /><ent r="3" t="239" w="223" /><ent r="3" t="239" w="234" /><ent r="4" t="244" w="265" /><ent r="3" t="244" w="295" /><ent r="4" t="245" w="209" /><ent r="3" t="245" w="239" /><ent r="3" t="295" w="227" /><ent r="3" t="295" w="249" /><ent r="4" t="295" w="259" /><ent r="4" t="295" w="268" /><ent r="3" t="295" w="298" /><ent r="3" t="296" w="75" /><ent r="4" t="296" w="94" /><ent r="4" t="296" w="103" /><ent r="3" t="296" w="133" /><ent r="4" t="296" w="374" /><ent r="4" t="296" w="383" /><ent r="3" t="296" w="413" /><ent r="3" t="303" w="164" /><ent r="3" t="303" w="183" /><ent r="4" t="303" w="193" /><ent r="4" t="303" w="202" /><ent r="3" t="303" w="232" /><ent r="3" t="304" w="72" /><ent r="4" t="304" w="82" /><ent r="4" t="304" w="91" /><ent r="3" t="304" w="121" /></phr></stem><stem n="key0"><phr n="key0"><ent r="3" t="239" w="203" /><ent r="4" t="239" w="244" /><ent r="4" t="244" w="258" /><ent r="4" t="244" w="274" /><ent r="4" t="245" w="202" /><ent r="4" t="245" w="218" /><ent r="4" t="295" w="261" /><ent r="4" t="295" w="277" /><ent r="4" t="296" w="96" /><ent r="4" t="296" w="112" /><ent r="4" t="296" w="376" /><ent r="4" t="296" w="392" /><ent r="4" t="303" w="195" /><ent r="4" t="303" w="211" /><ent r="4" t="304" w="84" /><ent r="4" t="304" w="100" /></phr></stem><stem n="-cmac(key0,"><phr n="-CMAC(key0,"><ent r="3" t="239" w="204" /><ent r="3" t="239" w="204" /><ent r="4" t="295" w="262" /><ent r="4" t="295" w="262" /><ent r="4" t="296" w="97" /><ent r="4" t="296" w="97" /><ent r="4" t="296" w="377" /><ent r="4" t="296" w="377" /><ent r="4" t="303" w="196" /><ent r="4" t="303" w="196" /><ent r="4" t="304" w="85" /><ent r="4" t="304" w="85" /></phr></stem><stem n="gab"><phr n="gab"><ent r="3" t="239" w="204" /><ent r="4" t="244" w="260" /><ent r="4" t="245" w="204" /><ent r="4" t="295" w="263" /><ent r="4" t="296" w="98" /><ent r="4" t="296" w="378" /><ent r="4" t="303" w="197" /><ent r="4" t="304" w="86" /></phr></stem><stem n="-coordinate)"><phr n="-coordinate)"><ent r="3" t="239" w="207" /><ent r="3" t="239" w="207" /></phr></stem><stem n="_ra_key_vk"><phr n="_RA_KEY_VK"><ent r="3" t="239" w="211" /></phr></stem><stem n="-cmac(kdk,"><phr n="-CMAC(KDK,"><ent r="3" t="239" w="215" /><ent r="3" t="239" w="215" /><ent r="3" t="239" w="226" /><ent r="3" t="239" w="226" /><ent r="3" t="239" w="237" /><ent r="3" t="239" w="237" /><ent r="4" t="244" w="268" /><ent r="4" t="244" w="268" /><ent r="4" t="245" w="212" /><ent r="4" t="245" w="212" /><ent r="4" t="295" w="271" /><ent r="4" t="295" w="271" /><ent r="4" t="296" w="106" /><ent r="4" t="296" w="106" /><ent r="4" t="296" w="386" /><ent r="4" t="296" w="386" /><ent r="4" t="303" w="205" /><ent r="4" t="303" w="205" /><ent r="4" t="304" w="94" /><ent r="4" t="304" w="94" /></phr></stem><stem n="0x01||"><phr n="0x01||"><ent r="3" t="239" w="215" /><ent r="3" t="239" w="226" /><ent r="3" t="239" w="237" /><ent r="4" t="244" w="268" /><ent r="4" t="245" w="212" /><ent r="4" t="295" w="271" /><ent r="4" t="296" w="106" /><ent r="4" t="296" w="386" /><ent r="4" t="303" w="205" /><ent r="4" t="304" w="94" /></phr></stem><stem n="||0x00||0x80||0x00"><phr n="||0x00||0x80||0x00"><ent r="3" t="239" w="217" /><ent r="3" t="239" w="228" /><ent r="3" t="239" w="239" /><ent r="4" t="244" w="270" /><ent r="4" t="245" w="214" /><ent r="4" t="295" w="273" /><ent r="4" t="296" w="108" /><ent r="4" t="296" w="388" /><ent r="4" t="303" w="207" /><ent r="4" t="304" w="96" /></phr></stem><stem n="’vk’||0x00||0x80||0x00)"><phr n="’VK’||0x00||0x80||0x00)"><ent r="3" t="239" w="218" /><ent r="4" t="296" w="389" /></phr></stem><stem n="’mk’||0x00||0x80||0x00)"><phr n="’MK’||0x00||0x80||0x00)"><ent r="3" t="239" w="229" /></phr></stem><stem n="’sk’||0x00||0x80||0x00)"><phr n="’SK’||0x00||0x80||0x00)"><ent r="3" t="239" w="240" /></phr></stem><stem n="extract"><phr n="extraction"><ent r="3" t="239" w="250" /><ent r="3" t="244" w="280" /><ent r="3" t="245" w="224" /><ent r="3" t="295" w="283" /><ent r="3" t="296" w="118" /><ent r="3" t="296" w="398" /><ent r="3" t="303" w="217" /><ent r="3" t="304" w="106" /></phr></stem><stem n="16"><phr n="16"><ent r="3" t="239" w="253" /><ent r="3" t="244" w="283" /><ent r="3" t="245" w="227" /><ent r="3" t="250" w="113" /><ent r="3" t="266" w="52" /><ent r="3" t="273" w="12" /><ent r="3" t="277" w="112" /><ent r="3" t="278" w="34" /><ent r="3" t="278" w="176" /><ent r="3" t="283" w="27" /><ent r="3" t="284" w="31" /><ent r="3" t="284" w="44" /><ent r="3" t="291" w="33" /><ent r="3" t="295" w="286" /><ent r="3" t="296" w="121" /><ent r="3" t="296" w="401" /><ent r="3" t="303" w="220" /><ent r="3" t="304" w="109" /></phr></stem><stem n="0x00"><phr n="0x00"><ent r="4" t="239" w="257" /><ent r="4" t="244" w="287" /><ent r="4" t="245" w="231" /><ent r="4" t="295" w="290" /><ent r="4" t="296" w="125" /><ent r="4" t="296" w="405" /><ent r="4" t="303" w="224" /><ent r="4" t="304" w="113" /></phr><phr n="0x00s"><ent r="3" t="303" w="178" /></phr></stem><stem n="0x01"><phr n="0x01"><ent r="5" t="239" w="295" /><ent r="5" t="244" w="329" /><ent r="5" t="245" w="273" /><ent r="5" t="295" w="332" /><ent r="5" t="296" w="167" /><ent r="5" t="296" w="447" /><ent r="5" t="303" w="266" /><ent r="5" t="304" w="155" /></phr></stem><stem n="label"><phr n="label"><ent r="4" t="239" w="299" /><ent r="4" t="244" w="333" /><ent r="4" t="245" w="277" /><ent r="4" t="295" w="336" /><ent r="4" t="296" w="171" /><ent r="4" t="296" w="451" /><ent r="4" t="303" w="270" /><ent r="4" t="304" w="159" /></phr></stem><stem n="ascii"><phr n="ASCII"><ent r="4" t="239" w="301" /><ent r="4" t="244" w="335" /><ent r="4" t="245" w="279" /><ent r="4" t="295" w="338" /><ent r="4" t="296" w="173" /><ent r="4" t="296" w="453" /><ent r="4" t="303" w="272" /><ent r="4" t="304" w="161" /></phr></stem><stem n="represent"><phr n="representation"><ent r="4" t="239" w="302" /><ent r="4" t="244" w="336" /><ent r="4" t="245" w="280" /><ent r="4" t="295" w="339" /><ent r="4" t="296" w="174" /><ent r="4" t="296" w="454" /><ent r="4" t="303" w="273" /><ent r="4" t="304" w="162" /></phr></stem><stem n="'vk',"><phr n="'VK',"><ent r="4" t="239" w="309" /></phr></stem><stem n="'mk'"><phr n="'MK'"><ent r="4" t="239" w="310" /></phr></stem><stem n="'sk'"><phr n="'SK'"><ent r="4" t="239" w="312" /></phr></stem><stem n="0x80"><phr n="0x80"><ent r="5" t="239" w="321" /><ent r="5" t="244" w="350" /><ent r="5" t="245" w="294" /><ent r="5" t="295" w="353" /><ent r="5" t="296" w="188" /><ent r="5" t="296" w="468" /><ent r="5" t="303" w="287" /><ent r="5" t="304" w="176" /></phr></stem><stem n="word"><phr n="words"><ent r="3" t="239" w="442" /></phr></stem><stem n="isn"><phr n="isn"><ent r="3" t="240" w="34" /></phr></stem><stem n="_key_exchange.edl"><phr n="_key_exchange.edl"><ent r="6" t="240" w="133" /></phr></stem><stem n="_dh_init_session("><phr n="_dh_init_session("><ent r="3" t="241" w="34" /></phr></stem><stem n="_dh_session_role_t"><phr n="_dh_session_role_t"><ent r="3" t="241" w="39" /><ent r="65" t="247" w="333" /><ent r="1000" t="307" w="5" /><ent r="72" t="307" w="11" /><ent r="1000" t="309" w="5" /></phr></stem><stem n="_dh_session_t"><phr n="_dh_session_t"><ent r="3" t="241" w="45" /><ent r="3" t="242" w="52" /><ent r="4" t="242" w="125" /><ent r="3" t="243" w="68" /><ent r="3" t="244" w="58" /><ent r="3" t="245" w="55" /><ent r="65" t="247" w="338" /><ent r="1000" t="308" w="4" /><ent r="72" t="308" w="9" /></phr></stem><stem n="plai"><phr n="plays"><ent r="3" t="241" w="60" /></phr></stem><stem n="_dh_session_initi"><phr n="_DH_SESSION_INITIATOR"><ent r="4" t="241" w="84" /><ent r="4" t="307" w="62" /></phr></stem><stem n="_dh_session_respond"><phr n="_DH_SESSION_RESPONDER"><ent r="4" t="241" w="104" /><ent r="3" t="307" w="48" /><ent r="4" t="307" w="74" /></phr></stem><stem n="_dh_responder_gen_msg1("><phr n="_dh_responder_gen_msg1("><ent r="3" t="242" w="42" /></phr></stem><stem n="_dh_msg1_t"><phr n="_dh_msg1_t"><ent r="3" t="242" w="46" /><ent r="4" t="242" w="71" /><ent r="3" t="243" w="56" /><ent r="65" t="247" w="304" /><ent r="1000" t="302" w="4" /><ent r="72" t="302" w="9" /></phr></stem><stem n="_session"><phr n="_session"><ent r="3" t="242" w="54" /><ent r="4" t="242" w="109" /><ent r="3" t="243" w="70" /><ent r="4" t="243" w="171" /><ent r="4" t="244" w="183" /><ent r="4" t="245" w="128" /></phr></stem><stem n="_dh_initiator_proc_msg1("><phr n="_dh_initiator_proc_msg1("><ent r="3" t="243" w="51" /></phr></stem><stem n="_dh_msg2_t"><phr n="_dh_msg2_t"><ent r="3" t="243" w="62" /><ent r="3" t="244" w="46" /><ent r="65" t="247" w="309" /><ent r="1000" t="303" w="4" /><ent r="72" t="303" w="9" /></phr></stem><stem n="_dh_responder_proc_msg2("><phr n="_dh_responder_proc_msg2("><ent r="3" t="244" w="41" /></phr></stem><stem n="_dh_msg3_t"><phr n="_dh_msg3_t"><ent r="3" t="244" w="52" /><ent r="3" t="245" w="49" /><ent r="65" t="247" w="314" /><ent r="1000" t="304" w="4" /><ent r="72" t="304" w="9" /></phr></stem><stem n="_session,"><phr n="_session,"><ent r="3" t="244" w="61" /><ent r="3" t="245" w="58" /></phr></stem><stem n="_dh_session_enclave_identity_t"><phr n="_dh_session_enclave_identity_t"><ent r="3" t="244" w="73" /><ent r="4" t="244" w="396" /><ent r="3" t="245" w="70" /><ent r="65" t="247" w="327" /><ent r="1000" t="306" w="6" /><ent r="72" t="306" w="13" /></phr></stem><stem n="_ident"><phr n="_identity"><ent r="3" t="244" w="75" /><ent r="4" t="244" w="380" /><ent r="3" t="245" w="72" /><ent r="4" t="245" w="324" /></phr></stem><stem n=":="><phr n=":="><ent r="4" t="244" w="257" /><ent r="4" t="245" w="201" /></phr></stem><stem n="(key0,"><phr n="(key0,"><ent r="4" t="244" w="259" /><ent r="4" t="245" w="203" /></phr></stem><stem n="littleendian"><phr n="LittleEndian"><ent r="4" t="244" w="259" /><ent r="4" t="245" w="203" /><ent r="4" t="295" w="262" /><ent r="4" t="296" w="97" /><ent r="4" t="296" w="377" /><ent r="4" t="303" w="196" /><ent r="4" t="304" w="85" /></phr></stem><stem n="(gab"><phr n="(gab"><ent r="4" t="244" w="260" /><ent r="4" t="245" w="204" /><ent r="4" t="295" w="263" /><ent r="4" t="296" w="98" /><ent r="4" t="296" w="378" /><ent r="4" t="303" w="197" /><ent r="4" t="304" w="86" /></phr></stem><stem n="-coordinate))"><phr n="-coordinate))"><ent r="4" t="244" w="263" /><ent r="4" t="244" w="263" /><ent r="4" t="245" w="207" /><ent r="4" t="245" w="207" /><ent r="4" t="295" w="266" /><ent r="4" t="295" w="266" /><ent r="4" t="296" w="101" /><ent r="4" t="296" w="101" /><ent r="4" t="296" w="381" /><ent r="4" t="296" w="381" /><ent r="4" t="303" w="200" /><ent r="4" t="303" w="200" /><ent r="4" t="304" w="89" /><ent r="4" t="304" w="89" /></phr></stem><stem n="’aek’||0x00||0x80||0x00)"><phr n="’AEK’||0x00||0x80||0x00)"><ent r="4" t="244" w="271" /><ent r="4" t="245" w="215" /></phr></stem><stem n="-cmac"><phr n="-CMAC"><ent r="3" t="244" w="295" /><ent r="3" t="244" w="295" /><ent r="3" t="245" w="239" /><ent r="3" t="245" w="239" /><ent r="3" t="295" w="227" /><ent r="3" t="295" w="227" /><ent r="3" t="295" w="249" /><ent r="3" t="295" w="249" /><ent r="3" t="295" w="298" /><ent r="3" t="295" w="298" /><ent r="3" t="296" w="75" /><ent r="3" t="296" w="75" /><ent r="3" t="296" w="133" /><ent r="3" t="296" w="133" /><ent r="3" t="296" w="413" /><ent r="3" t="296" w="413" /><ent r="3" t="303" w="164" /><ent r="3" t="303" w="164" /><ent r="3" t="303" w="183" /><ent r="3" t="303" w="183" /><ent r="3" t="303" w="232" /><ent r="3" t="303" w="232" /><ent r="3" t="304" w="72" /><ent r="3" t="304" w="72" /><ent r="3" t="304" w="121" /><ent r="3" t="304" w="121" /></phr></stem><stem n="'aek'"><phr n="'AEK'"><ent r="4" t="244" w="341" /><ent r="4" t="245" w="285" /></phr></stem><stem n="peer"><phr n="peer"><ent r="3" t="244" w="430" /><ent r="3" t="244" w="437" /><ent r="3" t="245" w="359" /><ent r="3" t="245" w="366" /><ent r="3" t="302" w="86" /></phr></stem><stem n="_dh_initiator_proc_msg3("><phr n="_dh_initiator_proc_msg3("><ent r="3" t="245" w="44" /></phr></stem><stem n="_body.additional_prop"><phr n="_body.additional_prop"><ent r="4" t="245" w="377" /></phr></stem><stem n="_exception_vector_t"><phr n="_exception_vector_t"><ent r="65" t="247" w="35" /><ent r="1000" t="250" w="4" /><ent r="72" t="250" w="9" /><ent r="4" t="250" w="16" /><ent r="3" t="253" w="55" /></phr></stem><stem n="_exception_type_t"><phr n="_exception_type_t"><ent r="65" t="247" w="40" /><ent r="1000" t="251" w="4" /><ent r="72" t="251" w="9" /><ent r="4" t="251" w="16" /><ent r="3" t="253" w="62" /></phr></stem><stem n="_cpu_context_t"><phr n="_cpu_context_t"><ent r="65" t="247" w="45" /><ent r="1000" t="252" w="4" /><ent r="72" t="252" w="9" /><ent r="4" t="252" w="32" /><ent r="3" t="252" w="59" /><ent r="3" t="252" w="145" /><ent r="3" t="253" w="48" /></phr></stem><stem n="_exception_info_t"><phr n="_exception_info_t"><ent r="65" t="247" w="50" /><ent r="1000" t="253" w="4" /><ent r="72" t="253" w="9" /><ent r="3" t="253" w="42" /><ent r="4" t="254" w="47" /></phr></stem><stem n="_isv_svn_t"><phr n="_isv_svn_t"><ent r="65" t="247" w="109" /><ent r="1000" t="265" w="4" /><ent r="72" t="265" w="9" /><ent r="3" t="269" w="70" /><ent r="3" t="275" w="97" /><ent r="3" t="281" w="46" /><ent r="3" t="281" w="53" /><ent r="3" t="306" w="95" /></phr></stem><stem n="_cpu_svn_t"><phr n="_cpu_svn_t"><ent r="65" t="247" w="114" /><ent r="1000" t="266" w="4" /><ent r="72" t="266" w="9" /><ent r="4" t="266" w="14" /><ent r="3" t="269" w="81" /><ent r="3" t="275" w="43" /><ent r="3" t="306" w="45" /></phr></stem><stem n="_key_id_t"><phr n="_key_id_t"><ent r="65" t="247" w="119" /><ent r="1000" t="267" w="4" /><ent r="72" t="267" w="9" /><ent r="4" t="267" w="14" /><ent r="3" t="269" w="94" /><ent r="3" t="276" w="63" /></phr></stem><stem n="_measurement_t"><phr n="_measurement_t"><ent r="65" t="247" w="133" /><ent r="1000" t="270" w="3" /><ent r="72" t="270" w="7" /><ent r="4" t="270" w="11" /><ent r="3" t="274" w="68" /><ent r="3" t="275" w="66" /><ent r="3" t="275" w="77" /><ent r="3" t="306" w="62" /><ent r="3" t="306" w="74" /></phr></stem><stem n="_mac_t"><phr n="_mac_t"><ent r="65" t="247" w="137" /><ent r="1000" t="271" w="3" /><ent r="72" t="271" w="7" /><ent r="3" t="276" w="69" /><ent r="3" t="295" w="72" /><ent r="3" t="296" w="41" /></phr></stem><stem n="prod"><phr n="prod"><ent r="65" t="247" w="145" /><ent r="1000" t="273" w="2" /><ent r="72" t="273" w="7" /><ent r="3" t="275" w="87" /><ent r="3" t="275" w="91" /><ent r="4" t="275" w="234" /><ent r="3" t="306" w="85" /><ent r="3" t="306" w="89" /><ent r="4" t="306" w="165" /></phr></stem><stem n="_prod_id_t"><phr n="_prod_id_t"><ent r="65" t="247" w="147" /><ent r="1000" t="273" w="4" /><ent r="72" t="273" w="9" /><ent r="3" t="275" w="89" /><ent r="3" t="306" w="87" /></phr></stem><stem n="_report_body_t"><phr n="_report_body_t"><ent r="65" t="247" w="157" /><ent r="1000" t="275" w="4" /><ent r="72" t="275" w="9" /><ent r="3" t="275" w="37" /><ent r="3" t="276" w="57" /><ent r="3" t="281" w="71" /></phr></stem><stem n="_aes_gcm_data_t"><phr n="_aes_gcm_data_t"><ent r="65" t="247" w="167" /><ent r="1000" t="277" w="5" /><ent r="72" t="277" w="11" /><ent r="3" t="277" w="33" /><ent r="3" t="278" w="118" /></phr></stem><stem n="basenam"><phr n="basename"><ent r="65" t="247" w="181" /><ent r="1000" t="280" w="2" /><ent r="72" t="280" w="6" /><ent r="3" t="280" w="23" /><ent r="3" t="280" w="33" /><ent r="3" t="281" w="64" /><ent r="3" t="281" w="66" /><ent r="4" t="281" w="154" /></phr></stem><stem n="_basename_t"><phr n="_basename_t"><ent r="65" t="247" w="182" /><ent r="1000" t="280" w="3" /><ent r="72" t="280" w="7" /><ent r="3" t="280" w="24" /><ent r="3" t="281" w="65" /></phr></stem><stem n="_time_source_nonce_t"><phr n="_time_source_nonce_t"><ent r="65" t="247" w="207" /><ent r="1000" t="285" w="5" /><ent r="72" t="285" w="11" /></phr></stem><stem n="_time_t"><phr n="_time_t"><ent r="65" t="247" w="211" /><ent r="1000" t="286" w="3" /><ent r="72" t="286" w="7" /></phr></stem><stem n="_ps_sec_prop_desc_t"><phr n="_ps_sec_prop_desc_t"><ent r="65" t="247" w="223" /><ent r="1000" t="288" w="6" /><ent r="72" t="288" w="13" /><ent r="3" t="296" w="56" /></phr></stem><stem n="_platform_info_t"><phr n="_platform_info_t"><ent r="65" t="247" w="293" /><ent r="1000" t="300" w="4" /><ent r="72" t="300" w="9" /></phr></stem><stem n="_update_info_bit_t"><phr n="_update_info_bit_t"><ent r="65" t="247" w="299" /><ent r="72" t="301" w="10" /></phr></stem><stem n="_dh_msg3_body_t"><phr n="_dh_msg3_body_t"><ent r="65" t="247" w="320" /><ent r="3" t="304" w="43" /><ent r="1000" t="305" w="5" /><ent r="72" t="305" w="11" /></phr></stem><stem n="_enclave_id_t;"><phr n="_enclave_id_t;"><ent r="3" t="248" w="41" /></phr></stem><stem n="_eid.h"><phr n="_eid.h"><ent r="6" t="248" w="49" /></phr></stem><stem n="1024"><phr n="1024"><ent r="3" t="249" w="62" /></phr></stem><stem n="_launch_token_t[1024];"><phr n="_launch_token_t[1024];"><ent r="3" t="249" w="63" /></phr></stem><stem n="bp"><phr n="BP"><ent r="3" t="250" w="30" /><ent r="3" t="250" w="84" /><ent r="3" t="251" w="31" /></phr></stem><stem n="#bp,"><phr n="#BP,"><ent r="3" t="250" w="31" /></phr></stem><stem n="_exception_softwar"><phr n="_EXCEPTION_SOFTWARE"><ent r="4" t="250" w="38" /><ent r="4" t="251" w="40" /><ent r="3" t="251" w="70" /></phr></stem><stem n="_exception_hardwar"><phr n="_EXCEPTION_HARDWARE"><ent r="4" t="250" w="48" /><ent r="4" t="251" w="50" /><ent r="3" t="251" w="65" /></phr></stem><stem n="_sgx_exception_vector_t"><phr n="_sgx_exception_vector_t"><ent r="3" t="250" w="58" /></phr></stem><stem n="_exception_vector_d"><phr n="_EXCEPTION_VECTOR_DE"><ent r="3" t="250" w="64" /></phr></stem><stem n="de"><phr n="DE"><ent r="3" t="250" w="64" /></phr></stem><stem n="div"><phr n="DIV"><ent r="3" t="250" w="66" /><ent r="3" t="250" w="68" /></phr></stem><stem n="_exception_vector_db"><phr n="_EXCEPTION_VECTOR_DB"><ent r="3" t="250" w="74" /></phr></stem><stem n="db"><phr n="DB"><ent r="3" t="250" w="74" /></phr></stem><stem n="_exception_vector_bp"><phr n="_EXCEPTION_VECTOR_BP"><ent r="3" t="250" w="84" /></phr></stem><stem n="_exception_vector_br"><phr n="_EXCEPTION_VECTOR_BR"><ent r="3" t="250" w="93" /></phr></stem><stem n="br"><phr n="BR"><ent r="3" t="250" w="93" /></phr></stem><stem n="_exception_vector_ud"><phr n="_EXCEPTION_VECTOR_UD"><ent r="3" t="250" w="101" /></phr></stem><stem n="ud2"><phr n="UD2"><ent r="3" t="250" w="103" /></phr></stem><stem n="_exception_vector_mf"><phr n="_EXCEPTION_VECTOR_MF"><ent r="3" t="250" w="112" /></phr></stem><stem n="mf"><phr n="MF"><ent r="3" t="250" w="112" /></phr></stem><stem n="x87"><phr n="x87"><ent r="3" t="250" w="114" /></phr></stem><stem n="fpu"><phr n="FPU"><ent r="3" t="250" w="115" /><ent r="5" t="263" w="249" /></phr></stem><stem n="-point"><phr n="-point"><ent r="3" t="250" w="116" /><ent r="3" t="250" w="116" /><ent r="3" t="250" w="142" /><ent r="3" t="250" w="142" /><ent r="5" t="312" w="114" /><ent r="5" t="312" w="114" /><ent r="6" t="314" w="124" /><ent r="6" t="314" w="124" /></phr></stem><stem n="floating-point"><phr n="floating-point"><ent r="3" t="250" w="116" /><ent r="3" t="250" w="142" /><ent r="5" t="312" w="114" /><ent r="6" t="314" w="124" /></phr></stem><stem n="/fwai"><phr n="/FWAI"><ent r="3" t="250" w="120" /></phr></stem></index>