<?xml version="1.0" encoding="utf-8"?><index><stem n="__raise,"><phr n="__raise,"><ent r="6" t="318" w="109" /></phr></stem><stem n="unalign"><phr n="unaligned"><ent r="6" t="318" w="115" /></phr></stem><stem n="__unaligned,"><phr n="__unaligned,"><ent r="6" t="318" w="116" /></phr></stem><stem n="__w64"><phr n="__w64"><ent r="6" t="318" w="116" /></phr></stem><stem n="w64"><phr n="w64"><ent r="6" t="318" w="116" /></phr></stem><stem n="come"><phr n="comes"><ent r="3" t="319" w="28" /><ent r="3" t="320" w="28" /></phr></stem><stem n="compos"><phr n="Composer"><ent r="3" t="319" w="36" /><ent r="3" t="320" w="36" /></phr></stem><stem n="_alloc()"><phr n="_alloc()"><ent r="4" t="319" w="58" /></phr></stem><stem n="alia"><phr n="Alias"><ent r="6" t="320" w="45" /></phr></stem><stem n="typenam"><phr n="typename"><ent r="6" t="320" w="49" /></phr></stem><stem n="lambda"><phr n="lambdas"><ent r="6" t="320" w="59" /><ent r="6" t="320" w="107" /></phr></stem><stem n="sfina"><phr n="SFINAE"><ent r="6" t="320" w="84" /></phr></stem><stem n="forward"><phr n="Forward"><ent r="6" t="320" w="96" /></phr></stem><stem n="rvalu"><phr n="rvalues"><ent r="6" t="320" w="105" /></phr></stem><stem n="-static"><phr n="-static"><ent r="6" t="320" w="117" /><ent r="6" t="320" w="117" /></phr></stem><stem n="non-stat"><phr n="Non-static"><ent r="6" t="320" w="117" /></phr></stem><stem n="-valu"><phr n="-value"><ent r="6" t="320" w="123" /><ent r="6" t="320" w="123" /></phr></stem><stem n="r-valu"><phr n="R-value"><ent r="6" t="320" w="123" /></phr></stem><stem n="range-bas"><phr n="Range-based"><ent r="6" t="320" w="127" /></phr></stem><stem n="-loop"><phr n="-loop"><ent r="6" t="320" w="129" /><ent r="6" t="320" w="129" /></phr></stem><stem n="for-loop"><phr n="for-loop"><ent r="6" t="320" w="129" /></phr></stem><stem n="reword"><phr n="Reworded"><ent r="6" t="320" w="138" /></phr></stem><stem n="angl"><phr n="angle"><ent r="6" t="320" w="143" /></phr></stem><stem n="bracket"><phr n="brackets"><ent r="6" t="320" w="144" /></phr></stem><stem n="strongli"><phr n="Strongly"><ent r="6" t="320" w="146" /></phr></stem><stem n="variad"><phr n="Variadic"><ent r="6" t="320" w="150" /></phr></stem><stem n="decltyp"><phr n="decltype"><ent r="6" t="320" w="155" /></phr></stem><stem n="overrid"><phr n="override"><ent r="6" t="320" w="162" /></phr></stem><stem n="_assert"><phr n="_assert"><ent r="6" t="320" w="167" /></phr></stem><stem n="qstd"><phr n="Qstd"><ent r="4" t="320" w="193" /></phr></stem><stem n="/qstd=c++11"><phr n="/Qstd=c++11"><ent r="4" t="320" w="194" /></phr></stem><stem n="data-depend"><phr n="Data-dependency"><ent r="6" t="320" w="209" /></phr></stem><stem n="inherit"><phr n="Inheriting"><ent r="6" t="320" w="215" /></phr></stem><stem n="namespac"><phr n="namespaces"><ent r="6" t="320" w="219" /></phr></stem><stem n="__func__"><phr n="__func__"><ent r="6" t="320" w="236" /></phr></stem><stem n="aligna"><phr n="alignas"><ent r="6" t="320" w="237" /></phr></stem><stem n="alignof"><phr n="alignof"><ent r="6" t="320" w="239" /></phr></stem><stem n="constexpr"><phr n="constexpr"><ent r="6" t="320" w="241" /></phr></stem><stem n="noexcept"><phr n="noexcept"><ent r="6" t="320" w="243" /></phr></stem></index>