<?xml version="1.0" encoding="utf-8"?><index><stem n="byte"><phr n="bytes"><ent r="7" t="14" w="208" /><ent r="6" t="14" w="223" /><ent r="6" t="26" w="133" /><ent r="3" t="60" w="24" /><ent r="4" t="60" w="91" /><ent r="3" t="61" w="20" /><ent r="3" t="62" w="32" /><ent r="3" t="62" w="396" /><ent r="3" t="62" w="415" /><ent r="3" t="62" w="436" /><ent r="3" t="62" w="455" /><ent r="3" t="62" w="482" /><ent r="3" t="62" w="520" /><ent r="3" t="63" w="25" /><ent r="3" t="63" w="51" /><ent r="3" t="63" w="121" /><ent r="3" t="64" w="561" /><ent r="4" t="134" w="101" /><ent r="4" t="134" w="177" /><ent r="3" t="151" w="90" /><ent r="3" t="154" w="190" /><ent r="3" t="156" w="405" /><ent r="3" t="156" w="458" /><ent r="3" t="168" w="44" /><ent r="4" t="168" w="96" /><ent r="3" t="168" w="105" /><ent r="3" t="198" w="94" /><ent r="3" t="198" w="125" /><ent r="3" t="198" w="152" /><ent r="3" t="198" w="202" /><ent r="3" t="199" w="117" /><ent r="3" t="199" w="163" /><ent r="3" t="200" w="40" /><ent r="3" t="200" w="113" /><ent r="3" t="200" w="154" /><ent r="3" t="201" w="131" /><ent r="3" t="201" w="229" /><ent r="3" t="201" w="264" /><ent r="3" t="201" w="628" /><ent r="3" t="202" w="296" /><ent r="3" t="202" w="397" /><ent r="3" t="202" w="435" /><ent r="3" t="203" w="220" /><ent r="3" t="203" w="294" /><ent r="3" t="203" w="377" /><ent r="3" t="204" w="79" /><ent r="3" t="204" w="126" /><ent r="3" t="204" w="444" /><ent r="3" t="205" w="246" /><ent r="3" t="205" w="298" /><ent r="3" t="206" w="163" /><ent r="3" t="212" w="249" /><ent r="3" t="212" w="450" /><ent r="3" t="213" w="251" /><ent r="3" t="213" w="459" /><ent r="3" t="239" w="254" /><ent r="3" t="244" w="284" /><ent r="3" t="245" w="228" /><ent r="3" t="265" w="18" /><ent r="3" t="284" w="45" /><ent r="3" t="295" w="287" /><ent r="3" t="295" w="432" /><ent r="3" t="296" w="122" /><ent r="3" t="296" w="402" /><ent r="3" t="303" w="221" /><ent r="3" t="304" w="110" /><ent r="3" t="305" w="146" /><ent r="3" t="306" w="124" /><ent r="3" t="306" w="146" /><ent r="3" t="306" w="162" /><ent r="3" t="308" w="75" /></phr><phr n="byte"><ent r="3" t="64" w="458" /><ent r="3" t="64" w="477" /><ent r="3" t="74" w="298" /><ent r="5" t="99" w="543" /><ent r="56" t="99" w="548" /><ent r="5" t="99" w="566" /><ent r="56" t="99" w="571" /><ent r="54" t="149" w="162" /><ent r="3" t="203" w="328" /><ent r="3" t="262" w="19" /><ent r="3" t="277" w="113" /><ent r="3" t="278" w="35" /><ent r="3" t="278" w="177" /><ent r="3" t="281" w="181" /><ent r="3" t="295" w="233" /><ent r="3" t="295" w="236" /><ent r="3" t="296" w="321" /><ent r="3" t="296" w="345" /><ent r="3" t="303" w="99" /><ent r="3" t="303" w="146" /><ent r="3" t="303" w="174" /><ent r="3" t="305" w="77" /><ent r="3" t="305" w="124" /></phr></stem><stem n="&lt;stackmaxsize&gt;"><phr n="&lt;StackMaxSize&gt;"><ent r="7" t="14" w="210" /></phr></stem><stem n="global"><phr n="Global"><ent r="7" t="14" w="212" /><ent r="3" t="35" w="221" /><ent r="3" t="53" w="38" /><ent r="3" t="53" w="50" /><ent r="3" t="53" w="208" /><ent r="3" t="142" w="59" /><ent r="4" t="144" w="82" /><ent r="4" t="144" w="92" /><ent r="3" t="144" w="131" /><ent r="3" t="149" w="1324" /><ent r="7" t="310" w="229" /></phr></stem><stem n="heap"><phr n="Heap"><ent r="7" t="14" w="213" /><ent r="6" t="14" w="217" /><ent r="3" t="36" w="74" /><ent r="3" t="36" w="89" /><ent r="7" t="39" w="585" /><ent r="4" t="42" w="238" /><ent r="4" t="42" w="268" /><ent r="3" t="58" w="805" /><ent r="6" t="74" w="233" /><ent r="3" t="149" w="1226" /></phr></stem><stem n="&lt;heapmaxsize&gt;"><phr n="&lt;HeapMaxSize&gt;"><ent r="7" t="14" w="225" /></phr></stem><stem n="&lt;tcsnum&gt;"><phr n="&lt;TCSNum&gt;"><ent r="7" t="14" w="236" /></phr></stem><stem n="bound"><phr n="Bound"><ent r="7" t="14" w="239" /><ent r="6" t="74" w="196" /><ent r="6" t="74" w="206" /><ent r="3" t="250" w="95" /></phr></stem><stem n="polici"><phr n="Policy"><ent r="7" t="14" w="240" /><ent r="7" t="14" w="244" /><ent r="6" t="74" w="191" /><ent r="3" t="100" w="129" /><ent r="3" t="103" w="57" /><ent r="3" t="103" w="69" /><ent r="3" t="103" w="90" /><ent r="1000" t="104" w="3" /><ent r="82" t="104" w="7" /><ent r="3" t="104" w="98" /><ent r="4" t="104" w="119" /><ent r="4" t="104" w="142" /><ent r="4" t="104" w="165" /><ent r="1000" t="105" w="3" /><ent r="72" t="105" w="7" /><ent r="1000" t="106" w="5" /><ent r="72" t="106" w="9" /><ent r="1000" t="107" w="3" /><ent r="72" t="107" w="7" /><ent r="1000" t="108" w="3" /><ent r="72" t="108" w="7" /><ent r="1000" t="109" w="3" /><ent r="82" t="109" w="7" /><ent r="3" t="109" w="20" /><ent r="4" t="109" w="67" /><ent r="1000" t="110" w="3" /><ent r="72" t="110" w="7" /><ent r="4" t="110" w="32" /><ent r="4" t="110" w="41" /><ent r="4" t="110" w="63" /><ent r="1000" t="111" w="5" /><ent r="72" t="111" w="9" /><ent r="4" t="111" w="65" /><ent r="4" t="111" w="79" /><ent r="4" t="195" w="218" /><ent r="3" t="202" w="91" /><ent r="4" t="202" w="154" /><ent r="3" t="202" w="159" /><ent r="3" t="202" w="175" /><ent r="3" t="202" w="178" /><ent r="6" t="202" w="184" /><ent r="3" t="202" w="713" /><ent r="4" t="202" w="743" /><ent r="3" t="202" w="776" /><ent r="3" t="205" w="52" /><ent r="4" t="205" w="103" /><ent r="3" t="205" w="108" /><ent r="3" t="205" w="124" /><ent r="6" t="205" w="127" /><ent r="3" t="205" w="557" /><ent r="4" t="205" w="587" /><ent r="3" t="205" w="622" /><ent r="3" t="232" w="38" /><ent r="4" t="232" w="65" /><ent r="3" t="232" w="70" /><ent r="4" t="232" w="119" /><ent r="4" t="232" w="406" /><ent r="3" t="233" w="23" /><ent r="3" t="233" w="300" /><ent r="3" t="234" w="318" /><ent r="3" t="235" w="333" /><ent r="3" t="236" w="303" /><ent r="3" t="269" w="65" /><ent r="4" t="269" w="182" /><ent r="6" t="269" w="202" /></phr></stem><stem n="tc"><phr n="TCS"><ent r="7" t="14" w="242" /><ent r="6" t="74" w="178" /><ent r="6" t="74" w="189" /><ent r="6" t="74" w="194" /><ent r="6" t="74" w="203" /><ent r="6" t="310" w="169" /><ent r="6" t="310" w="176" /></phr></stem><stem n="&lt;tcspolicy&gt;"><phr n="&lt;TCSPolicy&gt;"><ent r="7" t="14" w="246" /></phr></stem><stem n="advanc"><phr n="Advanced"><ent r="4" t="14" w="257" /><ent r="3" t="14" w="267" /><ent r="3" t="14" w="277" /><ent r="4" t="14" w="283" /><ent r="3" t="14" w="295" /><ent r="4" t="14" w="417" /><ent r="3" t="24" w="63" /><ent r="5" t="32" w="55" /><ent r="3" t="133" w="280" /><ent r="3" t="144" w="30" /><ent r="6" t="313" w="136" /><ent r="3" t="315" w="49" /></phr><phr n="Advance"><ent r="6" t="127" w="334" /><ent r="3" t="138" w="42" /></phr></stem><stem n="show"><phr n="shows"><ent r="3" t="14" w="261" /><ent r="3" t="16" w="115" /><ent r="4" t="78" w="90" /><ent r="55" t="78" w="102" /><ent r="4" t="78" w="122" /><ent r="4" t="78" w="154" /><ent r="4" t="78" w="201" /><ent r="3" t="93" w="161" /><ent r="3" t="96" w="67" /><ent r="4" t="99" w="443" /><ent r="3" t="112" w="18" /></phr><phr n="show"><ent r="3" t="79" w="15" /></phr><phr n="showing"><ent r="3" t="97" w="139" /><ent r="3" t="98" w="199" /></phr></stem><stem n="given"><phr n="Given"><ent r="3" t="14" w="269" /><ent r="3" t="24" w="73" /><ent r="3" t="40" w="285" /><ent r="3" t="123" w="119" /><ent r="3" t="125" w="27" /><ent r="3" t="166" w="155" /><ent r="3" t="193" w="155" /><ent r="3" t="194" w="175" /><ent r="3" t="219" w="309" /><ent r="3" t="219" w="330" /><ent r="3" t="220" w="309" /><ent r="3" t="220" w="330" /><ent r="3" t="223" w="31" /><ent r="3" t="225" w="31" /><ent r="3" t="225" w="268" /><ent r="3" t="226" w="19" /><ent r="3" t="226" w="352" /><ent r="3" t="227" w="20" /><ent r="3" t="227" w="317" /><ent r="3" t="232" w="403" /></phr></stem><stem n="enough"><phr n="enough"><ent r="3" t="14" w="273" /><ent r="3" t="97" w="77" /><ent r="3" t="149" w="590" /><ent r="3" t="152" w="154" /><ent r="3" t="152" w="212" /><ent r="3" t="153" w="162" /><ent r="3" t="154" w="387" /><ent r="3" t="154" w="444" /><ent r="3" t="155" w="336" /><ent r="3" t="155" w="354" /><ent r="3" t="156" w="558" /><ent r="3" t="156" w="576" /><ent r="3" t="157" w="386" /><ent r="3" t="157" w="453" /><ent r="3" t="158" w="128" /><ent r="3" t="164" w="106" /><ent r="3" t="164" w="199" /><ent r="3" t="165" w="135" /><ent r="3" t="187" w="171" /><ent r="4" t="203" w="491" /><ent r="4" t="206" w="262" /><ent r="3" t="207" w="173" /><ent r="3" t="208" w="167" /><ent r="3" t="212" w="459" /><ent r="3" t="213" w="483" /><ent r="3" t="214" w="218" /><ent r="3" t="215" w="203" /><ent r="3" t="216" w="209" /><ent r="3" t="217" w="164" /><ent r="3" t="219" w="244" /><ent r="3" t="220" w="244" /><ent r="3" t="221" w="214" /><ent r="3" t="223" w="286" /><ent r="3" t="224" w="265" /><ent r="3" t="225" w="226" /><ent r="3" t="226" w="243" /><ent r="3" t="227" w="283" /><ent r="3" t="228" w="100" /><ent r="3" t="228" w="132" /><ent r="3" t="231" w="212" /><ent r="3" t="231" w="230" /><ent r="3" t="232" w="342" /><ent r="3" t="232" w="360" /><ent r="3" t="233" w="238" /><ent r="3" t="233" w="256" /><ent r="3" t="234" w="217" /><ent r="3" t="234" w="235" /><ent r="3" t="235" w="232" /><ent r="3" t="235" w="250" /><ent r="3" t="236" w="202" /><ent r="3" t="236" w="220" /><ent r="3" t="237" w="198" /><ent r="3" t="238" w="278" /><ent r="3" t="292" w="228" /><ent r="6" t="310" w="56" /><ent r="6" t="310" w="335" /><ent r="6" t="310" w="834" /></phr></stem><stem n="knowledg"><phr n="knowledge"><ent r="3" t="14" w="274" /></phr></stem><stem n="button"><phr n="button"><ent r="3" t="14" w="281" /><ent r="3" t="16" w="157" /><ent r="3" t="16" w="299" /><ent r="3" t="16" w="351" /><ent r="3" t="16" w="370" /><ent r="3" t="16" w="395" /><ent r="4" t="34" w="75" /><ent r="3" t="34" w="348" /><ent r="3" t="37" w="208" /></phr></stem><stem n="…"><phr n="…"><ent r="4" t="14" w="284" /><ent r="4" t="17" w="303" /><ent r="3" t="207" w="254" /><ent r="3" t="208" w="30" /><ent r="3" t="214" w="287" /><ent r="3" t="215" w="30" /></phr></stem><stem n="want"><phr n="want"><ent r="3" t="14" w="305" /><ent r="4" t="18" w="225" /><ent r="3" t="72" w="50" /><ent r="3" t="101" w="26" /></phr></stem><stem n="correspond"><phr n="corresponds"><ent r="3" t="14" w="318" /><ent r="4" t="34" w="253" /><ent r="4" t="58" w="575" /><ent r="3" t="193" w="248" /><ent r="3" t="194" w="264" /><ent r="4" t="263" w="62" /></phr><phr n="correspond"><ent r="3" t="14" w="424" /></phr><phr n="corresponding"><ent r="3" t="16" w="365" /><ent r="3" t="17" w="276" /><ent r="3" t="17" w="477" /><ent r="3" t="17" w="487" /><ent r="6" t="26" w="379" /><ent r="3" t="37" w="207" /><ent r="4" t="42" w="376" /><ent r="6" t="43" w="555" /><ent r="3" t="74" w="321" /><ent r="3" t="87" w="162" /><ent r="3" t="87" w="266" /><ent r="3" t="98" w="165" /><ent r="4" t="99" w="455" /><ent r="3" t="151" w="21" /><ent r="3" t="155" w="447" /><ent r="3" t="178" w="90" /><ent r="3" t="295" w="168" /><ent r="6" t="312" w="352" /></phr><phr n="correspondent"><ent r="3" t="113" w="53" /></phr></stem><stem n="&lt;disabledebug&gt;"><phr n="&lt;DisableDebug&gt;"><ent r="4" t="14" w="323" /><ent r="6" t="36" w="396" /></phr></stem><stem n="/data"><phr n="/data"><ent r="3" t="14" w="334" /><ent r="3" t="149" w="218" /></phr></stem><stem n="thu"><phr n="Thus"><ent r="3" t="14" w="355" /><ent r="4" t="16" w="238" /><ent r="5" t="27" w="82" /><ent r="5" t="27" w="327" /><ent r="3" t="44" w="182" /><ent r="3" t="46" w="67" /><ent r="4" t="57" w="67" /><ent r="3" t="77" w="33" /><ent r="3" t="146" w="46" /><ent r="3" t="149" w="240" /><ent r="3" t="163" w="251" /><ent r="3" t="201" w="138" /><ent r="3" t="202" w="303" /><ent r="3" t="208" w="241" /><ent r="3" t="212" w="329" /><ent r="3" t="213" w="332" /><ent r="3" t="215" w="272" /><ent r="3" t="221" w="289" /><ent r="3" t="256" w="52" /><ent r="4" t="316" w="703" /></phr></stem><stem n="-debug"><phr n="-debug"><ent r="3" t="14" w="370" /><ent r="3" t="14" w="370" /><ent r="3" t="149" w="193" /><ent r="3" t="149" w="193" /><ent r="3" t="149" w="200" /><ent r="3" t="149" w="200" /><ent r="3" t="149" w="256" /><ent r="3" t="149" w="256" /></phr></stem><stem n="valu"><phr n="value"><ent r="3" t="14" w="406" /><ent r="4" t="31" w="32" /><ent r="3" t="35" w="156" /><ent r="4" t="35" w="252" /><ent r="3" t="36" w="66" /><ent r="3" t="36" w="77" /><ent r="6" t="37" w="170" /><ent r="1000" t="41" w="3" /><ent r="82" t="41" w="8" /><ent r="3" t="41" w="18" /><ent r="3" t="42" w="771" /><ent r="4" t="58" w="555" /><ent r="4" t="59" w="421" /><ent r="4" t="59" w="485" /><ent r="4" t="59" w="554" /><ent r="3" t="64" w="709" /><ent r="6" t="69" w="131" /><ent r="3" t="70" w="56" /><ent r="3" t="70" w="126" /><ent r="3" t="74" w="139" /><ent r="6" t="74" w="154" /><ent r="4" t="99" w="258" /><ent r="5" t="99" w="351" /><ent r="6" t="99" w="409" /><ent r="5" t="105" w="49" /><ent r="4" t="106" w="32" /><ent r="5" t="106" w="59" /><ent r="5" t="106" w="77" /><ent r="4" t="107" w="73" /><ent r="4" t="107" w="98" /><ent r="4" t="107" w="112" /><ent r="5" t="107" w="136" /><ent r="3" t="141" w="41" /><ent r="3" t="149" w="180" /><ent r="3" t="149" w="292" /><ent r="3" t="149" w="308" /><ent r="3" t="149" w="544" /><ent r="3" t="149" w="1112" /><ent r="3" t="150" w="64" /><ent r="3" t="151" w="106" /><ent r="3" t="152" w="98" /><ent r="3" t="153" w="79" /><ent r="3" t="153" w="135" /><ent r="3" t="154" w="303" /><ent r="3" t="155" w="239" /><ent r="3" t="156" w="461" /><ent r="4" t="157" w="84" /><ent r="4" t="157" w="138" /><ent r="3" t="157" w="271" /><ent r="3" t="157" w="283" /><ent r="3" t="157" w="290" /><ent r="3" t="157" w="313" /><ent r="3" t="157" w="330" /><ent r="3" t="158" w="92" /><ent r="3" t="158" w="178" /><ent r="3" t="159" w="74" /><ent r="3" t="160" w="121" /><ent r="3" t="161" w="136" /><ent r="3" t="162" w="145" /><ent r="3" t="163" w="122" /><ent r="3" t="163" w="218" /><ent r="3" t="164" w="60" /><ent r="3" t="164" w="172" /><ent r="3" t="165" w="81" /><ent r="3" t="166" w="88" /><ent r="3" t="167" w="88" /><ent r="3" t="168" w="108" /><ent r="3" t="169" w="129" /><ent r="3" t="169" w="143" /><ent r="3" t="169" w="321" /><ent r="3" t="170" w="63" /><ent r="3" t="171" w="33" /><ent r="3" t="172" w="46" /><ent r="3" t="172" w="54" /><ent r="3" t="173" w="68" /><ent r="3" t="173" w="76" /><ent r="3" t="174" w="54" /><ent r="3" t="174" w="77" /><ent r="3" t="175" w="54" /><ent r="3" t="175" w="77" /><ent r="3" t="175" w="92" /><ent r="3" t="176" w="80" /><ent r="3" t="177" w="58" /><ent r="3" t="178" w="58" /><ent r="3" t="179" w="61" /><ent r="3" t="180" w="58" /><ent r="3" t="181" w="78" /><ent r="3" t="182" w="58" /><ent r="3" t="183" w="86" /><ent r="3" t="184" w="59" /><ent r="3" t="185" w="59" /><ent r="3" t="186" w="36" /><ent r="3" t="186" w="40" /><ent r="3" t="187" w="144" /><ent r="3" t="188" w="57" /><ent r="3" t="189" w="69" /><ent r="3" t="190" w="130" /><ent r="3" t="191" w="164" /><ent r="3" t="191" w="233" /><ent r="3" t="192" w="58" /><ent r="3" t="193" w="106" /><ent r="3" t="194" w="124" /><ent r="3" t="195" w="156" /><ent r="3" t="195" w="287" /><ent r="3" t="195" w="324" /><ent r="4" t="196" w="123" /><ent r="4" t="196" w="155" /><ent r="3" t="196" w="288" /><ent r="3" t="197" w="91" /><ent r="3" t="197" w="173" /><ent r="3" t="197" w="178" /><ent r="3" t="198" w="138" /><ent r="3" t="198" w="146" /><ent r="3" t="198" w="173" /><ent r="3" t="198" w="186" /><ent r="3" t="199" w="108" /><ent r="3" t="199" w="133" /><ent r="3" t="199" w="146" /><ent r="3" t="200" w="104" /><ent r="3" t="200" w="124" /><ent r="3" t="200" w="137" /><ent r="3" t="201" w="349" /><ent r="3" t="202" w="180" /><ent r="6" t="202" w="187" /><ent r="3" t="202" w="521" /><ent r="3" t="203" w="395" /><ent r="3" t="203" w="533" /><ent r="3" t="203" w="555" /><ent r="3" t="204" w="231" /><ent r="6" t="205" w="130" /><ent r="3" t="205" w="400" /><ent r="3" t="206" w="192" /><ent r="3" t="206" w="211" /><ent r="3" t="206" w="304" /><ent r="3" t="206" w="325" /><ent r="3" t="207" w="143" /><ent r="3" t="208" w="131" /><ent r="3" t="209" w="175" /><ent r="3" t="210" w="134" /><ent r="3" t="211" w="92" /><ent r="3" t="212" w="377" /><ent r="3" t="213" w="386" /><ent r="3" t="214" w="184" /><ent r="3" t="215" w="168" /><ent r="3" t="216" w="176" /><ent r="3" t="217" w="132" /><ent r="3" t="218" w="94" /><ent r="3" t="219" w="210" /><ent r="3" t="220" w="210" /><ent r="3" t="221" w="179" /><ent r="3" t="222" w="131" /><ent r="4" t="223" w="144" /><ent r="4" t="223" w="186" /><ent r="3" t="223" w="248" /><ent r="4" t="224" w="110" /><ent r="4" t="224" w="130" /><ent r="4" t="224" w="162" /><ent r="3" t="224" w="224" /><ent r="3" t="224" w="419" /><ent r="4" t="225" w="108" /><ent r="3" t="225" w="181" /><ent r="4" t="226" w="117" /><ent r="4" t="226" w="138" /><ent r="3" t="226" w="200" /><ent r="4" t="227" w="130" /><ent r="4" t="227" w="150" /><ent r="3" t="227" w="230" /><ent r="3" t="228" w="38" /><ent r="3" t="229" w="43" /><ent r="3" t="230" w="82" /><ent r="3" t="231" w="116" /><ent r="3" t="231" w="288" /><ent r="3" t="232" w="58" /><ent r="3" t="232" w="181" /><ent r="3" t="232" w="194" /><ent r="3" t="232" w="202" /><ent r="3" t="233" w="50" /><ent r="3" t="233" w="78" /><ent r="3" t="233" w="91" /><ent r="3" t="233" w="99" /><ent r="3" t="234" w="72" /><ent r="3" t="235" w="20" /><ent r="3" t="235" w="47" /><ent r="4" t="235" w="66" /><ent r="3" t="235" w="79" /><ent r="3" t="235" w="87" /><ent r="3" t="235" w="290" /><ent r="3" t="236" w="18" /><ent r="3" t="236" w="45" /><ent r="4" t="236" w="64" /><ent r="3" t="236" w="77" /><ent r="3" t="236" w="85" /><ent r="3" t="236" w="258" /><ent r="3" t="237" w="168" /><ent r="3" t="238" w="248" /><ent r="3" t="239" w="392" /><ent r="3" t="240" w="71" /><ent r="3" t="241" w="68" /><ent r="3" t="241" w="88" /><ent r="4" t="241" w="130" /><ent r="3" t="241" w="154" /><ent r="3" t="242" w="169" /><ent r="4" t="243" w="102" /><ent r="4" t="243" w="147" /><ent r="4" t="243" w="198" /><ent r="3" t="243" w="222" /><ent r="4" t="244" w="107" /><ent r="4" t="244" w="159" /><ent r="4" t="244" w="210" /><ent r="4" t="244" w="356" /><ent r="4" t="244" w="446" /><ent r="3" t="244" w="470" /><ent r="4" t="245" w="104" /><ent r="4" t="245" w="154" /><ent r="4" t="245" w="300" /><ent r="4" t="245" w="386" /><ent r="3" t="245" w="410" /><ent r="3" t="254" w="57" /><ent r="3" t="262" w="16" /><ent r="4" t="263" w="66" /><ent r="6" t="263" w="132" /><ent r="6" t="263" w="240" /><ent r="3" t="265" w="15" /><ent r="3" t="265" w="23" /><ent r="3" t="266" w="20" /><ent r="3" t="266" w="28" /><ent r="3" t="267" w="20" /><ent r="3" t="267" w="28" /><ent r="3" t="267" w="35" /><ent r="3" t="268" w="14" /><ent r="6" t="269" w="135" /><ent r="6" t="269" w="205" /><ent r="3" t="269" w="401" /><ent r="3" t="270" w="17" /><ent r="3" t="271" w="20" /><ent r="3" t="272" w="20" /><ent r="3" t="273" w="14" /><ent r="3" t="273" w="22" /><ent r="3" t="275" w="189" /><ent r="3" t="275" w="211" /><ent r="3" t="276" w="93" /><ent r="3" t="276" w="104" /><ent r="3" t="292" w="58" /><ent r="3" t="292" w="185" /><ent r="3" t="303" w="166" /><ent r="3" t="304" w="62" /><ent r="6" t="310" w="10" /><ent r="6" t="310" w="523" /><ent r="6" t="310" w="544" /><ent r="6" t="310" w="559" /><ent r="6" t="313" w="193" /><ent r="6" t="318" w="51" /><ent r="6" t="318" w="67" /><ent r="6" t="318" w="97" /><ent r="6" t="320" w="124" /></phr><phr n="values"><ent r="3" t="30" w="250" /><ent r="3" t="62" w="77" /><ent r="3" t="74" w="147" /><ent r="3" t="127" w="138" /><ent r="3" t="127" w="148" /><ent r="3" t="148" w="17" /><ent r="3" t="154" w="503" /><ent r="4" t="192" w="127" /><ent r="3" t="193" w="180" /><ent r="3" t="194" w="198" /><ent r="3" t="202" w="738" /><ent r="3" t="205" w="582" /><ent r="3" t="225" w="281" /><ent r="3" t="227" w="388" /><ent r="4" t="232" w="120" /><ent r="3" t="251" w="20" /><ent r="3" t="263" w="130" /><ent r="3" t="263" w="238" /><ent r="3" t="269" w="128" /><ent r="3" t="269" w="197" /></phr></stem><stem n="misc"><phr n="Misc"><ent r="3" t="14" w="409" /><ent r="3" t="14" w="412" /><ent r="3" t="14" w="467" /><ent r="5" t="74" w="262" /><ent r="5" t="74" w="274" /><ent r="3" t="149" w="101" /><ent r="3" t="149" w="104" /><ent r="4" t="149" w="505" /><ent r="64" t="149" w="516" /><ent r="3" t="149" w="524" /><ent r="4" t="149" w="992" /><ent r="3" t="202" w="102" /><ent r="3" t="202" w="105" /><ent r="4" t="202" w="264" /><ent r="3" t="202" w="269" /><ent r="3" t="205" w="63" /><ent r="3" t="205" w="66" /><ent r="4" t="205" w="209" /><ent r="4" t="205" w="215" /><ent r="65" t="247" w="93" /><ent r="65" t="247" w="102" /><ent r="1000" t="262" w="2" /><ent r="72" t="262" w="7" /><ent r="3" t="262" w="12" /><ent r="1000" t="264" w="2" /><ent r="1000" t="264" w="5" /><ent r="72" t="264" w="9" /><ent r="4" t="264" w="15" /><ent r="3" t="264" w="28" /><ent r="3" t="264" w="40" /><ent r="3" t="264" w="43" /><ent r="3" t="264" w="47" /><ent r="4" t="264" w="60" /><ent r="3" t="264" w="65" /><ent r="3" t="269" w="99" /><ent r="3" t="269" w="102" /><ent r="4" t="269" w="414" /><ent r="3" t="269" w="418" /><ent r="3" t="269" w="425" /><ent r="3" t="274" w="83" /><ent r="3" t="274" w="86" /><ent r="4" t="274" w="133" /><ent r="3" t="274" w="137" /><ent r="3" t="275" w="48" /><ent r="3" t="275" w="51" /><ent r="4" t="275" w="135" /><ent r="3" t="275" w="139" /><ent r="6" t="310" w="474" /></phr></stem><stem n="mask"><phr n="Mask"><ent r="3" t="14" w="413" /><ent r="5" t="74" w="270" /><ent r="3" t="202" w="98" /><ent r="3" t="202" w="106" /><ent r="4" t="202" w="222" /><ent r="4" t="202" w="265" /><ent r="3" t="202" w="270" /><ent r="4" t="202" w="717" /><ent r="3" t="202" w="752" /><ent r="4" t="202" w="781" /><ent r="3" t="205" w="59" /><ent r="3" t="205" w="67" /><ent r="4" t="205" w="165" /><ent r="4" t="205" w="210" /><ent r="3" t="205" w="218" /><ent r="4" t="205" w="561" /><ent r="3" t="205" w="596" /><ent r="4" t="205" w="627" /><ent r="3" t="232" w="46" /><ent r="4" t="232" w="142" /><ent r="3" t="232" w="145" /><ent r="4" t="232" w="412" /><ent r="3" t="233" w="28" /><ent r="4" t="233" w="321" /><ent r="4" t="263" w="20" /><ent r="4" t="263" w="84" /><ent r="5" t="263" w="207" /><ent r="3" t="269" w="89" /><ent r="3" t="269" w="103" /><ent r="4" t="269" w="357" /><ent r="3" t="269" w="361" /><ent r="3" t="269" w="419" /></phr></stem><stem n="respect"><phr n="respectively"><ent r="3" t="14" w="423" /><ent r="3" t="58" w="303" /><ent r="3" t="64" w="33" /><ent r="3" t="133" w="200" /></phr><phr n="respect"><ent r="3" t="183" w="217" /></phr></stem><stem n="&lt;miscselect&gt;"><phr n="&lt;MiscSelect&gt;"><ent r="4" t="14" w="429" /><ent r="4" t="14" w="444" /></phr></stem><stem n="&lt;miscmask&gt;"><phr n="&lt;MiscMask&gt;"><ent r="4" t="14" w="433" /><ent r="4" t="14" w="448" /></phr></stem><stem n="futur"><phr n="future"><ent r="3" t="14" w="456" /><ent r="3" t="74" w="309" /><ent r="3" t="133" w="107" /><ent r="3" t="134" w="30" /><ent r="4" t="134" w="143" /><ent r="3" t="149" w="406" /><ent r="3" t="176" w="71" /><ent r="3" t="181" w="68" /><ent r="3" t="201" w="558" /><ent r="3" t="202" w="277" /><ent r="3" t="204" w="417" /><ent r="3" t="205" w="225" /><ent r="3" t="262" w="29" /><ent r="3" t="269" w="333" /><ent r="3" t="269" w="435" /><ent r="3" t="269" w="443" /><ent r="3" t="274" w="125" /><ent r="3" t="274" w="146" /><ent r="3" t="274" w="154" /><ent r="3" t="275" w="148" /><ent r="3" t="275" w="156" /><ent r="3" t="275" w="198" /><ent r="3" t="275" w="225" /><ent r="3" t="275" w="261" /></phr></stem><stem n="0"><phr n="0"><ent r="4" t="14" w="460" /><ent r="3" t="26" w="543" /><ent r="5" t="36" w="409" /><ent r="3" t="51" w="272" /><ent r="3" t="56" w="169" /><ent r="3" t="56" w="186" /><ent r="3" t="56" w="187" /><ent r="3" t="56" w="205" /><ent r="3" t="67" w="166" /><ent r="6" t="74" w="163" /><ent r="6" t="74" w="171" /><ent r="6" t="74" w="183" /><ent r="6" t="74" w="193" /><ent r="6" t="74" w="252" /><ent r="5" t="74" w="265" /><ent r="3" t="74" w="287" /><ent r="3" t="74" w="318" /><ent r="3" t="76" w="216" /><ent r="3" t="76" w="220" /><ent r="3" t="76" w="300" /><ent r="3" t="78" w="57" /><ent r="3" t="78" w="80" /><ent r="4" t="123" w="158" /><ent r="4" t="123" w="159" /><ent r="4" t="123" w="160" /><ent r="4" t="129" w="68" /><ent r="3" t="149" w="182" /><ent r="3" t="149" w="186" /><ent r="3" t="149" w="300" /><ent r="3" t="149" w="354" /><ent r="3" t="149" w="458" /><ent r="3" t="149" w="461" /><ent r="3" t="154" w="208" /><ent r="5" t="157" w="87" /><ent r="5" t="157" w="141" /><ent r="3" t="157" w="285" /><ent r="4" t="163" w="100" /><ent r="4" t="166" w="102" /><ent r="4" t="167" w="102" /><ent r="4" t="170" w="76" /><ent r="4" t="174" w="56" /><ent r="4" t="175" w="56" /><ent r="4" t="176" w="82" /><ent r="4" t="177" w="60" /><ent r="4" t="178" w="60" /><ent r="4" t="179" w="63" /><ent r="3" t="179" w="152" /><ent r="4" t="180" w="60" /><ent r="4" t="181" w="80" /><ent r="4" t="182" w="60" /><ent r="4" t="183" w="88" /><ent r="4" t="184" w="61" /><ent r="4" t="185" w="61" /><ent r="3" t="187" w="90" /><ent r="3" t="187" w="133" /><ent r="4" t="187" w="146" /><ent r="4" t="188" w="59" /><ent r="4" t="189" w="71" /><ent r="3" t="190" w="81" /><ent r="4" t="190" w="132" /><ent r="3" t="190" w="150" /><ent r="3" t="191" w="147" /><ent r="3" t="191" w="182" /><ent r="4" t="191" w="235" /><ent r="3" t="191" w="252" /><ent r="4" t="192" w="60" /><ent r="6" t="192" w="185" /><ent r="4" t="202" w="261" /><ent r="4" t="204" w="203" /><ent r="4" t="205" w="206" /><ent r="4" t="205" w="372" /><ent r="3" t="212" w="408" /><ent r="3" t="212" w="421" /><ent r="3" t="213" w="417" /><ent r="3" t="213" w="430" /><ent r="4" t="225" w="291" /><ent r="3" t="226" w="234" /><ent r="3" t="227" w="274" /><ent r="4" t="232" w="129" /><ent r="3" t="250" w="65" /><ent r="4" t="254" w="62" /><ent r="4" t="263" w="95" /><ent r="3" t="287" w="50" /><ent r="3" t="287" w="70" /><ent r="3" t="295" w="136" /><ent r="3" t="305" w="54" /><ent r="4" t="305" w="150" /><ent r="4" t="315" w="94" /><ent r="6" t="315" w="366" /><ent r="3" t="320" w="174" /></phr></stem><stem n="default"><phr n="default"><ent r="3" t="14" w="470" /><ent r="3" t="14" w="476" /><ent r="3" t="16" w="136" /><ent r="4" t="16" w="210" /><ent r="3" t="16" w="322" /><ent r="3" t="20" w="18" /><ent r="4" t="20" w="114" /><ent r="3" t="21" w="18" /><ent r="3" t="24" w="87" /><ent r="5" t="27" w="161" /><ent r="5" t="27" w="331" /><ent r="3" t="30" w="248" /><ent r="3" t="35" w="62" /><ent r="4" t="36" w="374" /><ent r="4" t="36" w="506" /><ent r="4" t="36" w="537" /><ent r="6" t="37" w="169" /><ent r="3" t="69" w="53" /><ent r="3" t="72" w="18" /><ent r="3" t="74" w="138" /><ent r="3" t="74" w="146" /><ent r="6" t="74" w="153" /><ent r="4" t="75" w="71" /><ent r="4" t="75" w="172" /><ent r="4" t="75" w="300" /><ent r="4" t="75" w="467" /><ent r="3" t="78" w="66" /><ent r="3" t="100" w="21" /><ent r="3" t="100" w="68" /><ent r="3" t="149" w="318" /><ent r="3" t="158" w="32" /><ent r="3" t="187" w="105" /><ent r="3" t="187" w="210" /><ent r="3" t="202" w="737" /><ent r="3" t="205" w="581" /><ent r="3" t="233" w="21" /><ent r="3" t="233" w="25" /><ent r="3" t="233" w="298" /><ent r="3" t="233" w="317" /><ent r="3" t="295" w="367" /><ent r="3" t="296" w="202" /><ent r="3" t="296" w="482" /><ent r="6" t="320" w="64" /><ent r="3" t="320" w="201" /></phr><phr n="Defaulted"><ent r="6" t="320" w="71" /></phr></stem></index>