<?xml version="1.0" encoding="utf-8"?><index><stem n="layout"><phr n="layout"><ent r="3" t="5" w="320" /><ent r="3" t="5" w="333" /></phr></stem><stem n="time"><phr n="time"><ent r="3" t="5" w="326" /><ent r="3" t="15" w="143" /><ent r="3" t="29" w="32" /><ent r="5" t="36" w="437" /><ent r="4" t="39" w="237" /><ent r="3" t="46" w="66" /><ent r="3" t="62" w="122" /><ent r="3" t="76" w="68" /><ent r="3" t="76" w="107" /><ent r="3" t="99" w="747" /><ent r="3" t="101" w="173" /><ent r="3" t="103" w="42" /><ent r="3" t="103" w="61" /><ent r="3" t="103" w="67" /><ent r="3" t="103" w="88" /><ent r="4" t="108" w="40" /><ent r="1000" t="109" w="1" /><ent r="82" t="109" w="5" /><ent r="3" t="109" w="18" /><ent r="3" t="109" w="39" /><ent r="4" t="109" w="62" /><ent r="4" t="110" w="13" /><ent r="4" t="110" w="17" /><ent r="5" t="110" w="25" /><ent r="4" t="110" w="40" /><ent r="4" t="110" w="43" /><ent r="4" t="110" w="47" /><ent r="5" t="110" w="56" /><ent r="1000" t="111" w="3" /><ent r="4" t="111" w="31" /><ent r="5" t="111" w="37" /><ent r="4" t="111" w="44" /><ent r="5" t="111" w="53" /><ent r="4" t="111" w="60" /><ent r="4" t="111" w="74" /><ent r="4" t="111" w="82" /><ent r="65" t="135" w="55" /><ent r="4" t="144" w="96" /><ent r="3" t="153" w="124" /><ent r="3" t="156" w="127" /><ent r="3" t="163" w="285" /><ent r="3" t="164" w="161" /><ent r="3" t="178" w="224" /><ent r="3" t="221" w="389" /><ent r="1000" t="231" w="4" /><ent r="72" t="231" w="9" /><ent r="4" t="231" w="14" /><ent r="3" t="231" w="18" /><ent r="3" t="231" w="32" /><ent r="3" t="231" w="35" /><ent r="3" t="231" w="38" /><ent r="3" t="231" w="41" /><ent r="3" t="231" w="45" /><ent r="4" t="231" w="54" /><ent r="3" t="231" w="58" /><ent r="4" t="231" w="78" /><ent r="3" t="231" w="91" /><ent r="3" t="231" w="107" /><ent r="3" t="231" w="122" /><ent r="4" t="231" w="259" /><ent r="3" t="231" w="262" /><ent r="4" t="231" w="267" /><ent r="3" t="231" w="276" /><ent r="4" t="231" w="282" /><ent r="3" t="231" w="303" /><ent r="4" t="231" w="315" /><ent r="3" t="231" w="336" /><ent r="65" t="247" w="204" /><ent r="65" t="247" w="210" /><ent r="3" t="252" w="42" /><ent r="3" t="253" w="32" /><ent r="3" t="253" w="88" /><ent r="1000" t="285" w="2" /><ent r="72" t="285" w="8" /><ent r="3" t="285" w="15" /><ent r="3" t="285" w="29" /><ent r="1000" t="286" w="2" /><ent r="72" t="286" w="6" /><ent r="3" t="286" w="12" /><ent r="3" t="286" w="20" /><ent r="3" t="287" w="52" /><ent r="6" t="310" w="204" /><ent r="6" t="312" w="63" /><ent r="6" t="312" w="208" /><ent r="6" t="312" w="223" /><ent r="6" t="314" w="55" /><ent r="6" t="316" w="244" /><ent r="6" t="316" w="391" /><ent r="6" t="316" w="399" /><ent r="4" t="316" w="577" /></phr><phr n="times"><ent r="3" t="104" w="40" /></phr><phr n="timed"><ent r="3" t="149" w="916" /><ent r="3" t="152" w="186" /><ent r="3" t="154" w="418" /><ent r="3" t="155" w="392" /><ent r="3" t="156" w="614" /><ent r="3" t="157" w="417" /><ent r="3" t="158" w="159" /><ent r="3" t="159" w="121" /><ent r="3" t="164" w="137" /><ent r="3" t="165" w="166" /><ent r="3" t="228" w="78" /><ent r="3" t="229" w="83" /><ent r="3" t="231" w="188" /><ent r="3" t="232" w="318" /><ent r="3" t="233" w="214" /><ent r="3" t="234" w="193" /><ent r="3" t="235" w="208" /><ent r="3" t="236" w="178" /><ent r="6" t="310" w="593" /></phr><phr n="Timing"><ent r="6" t="318" w="101" /></phr></stem><stem n="if"><phr n="If"><ent r="3" t="5" w="327" /><ent r="3" t="5" w="354" /><ent r="6" t="7" w="297" /><ent r="8" t="11" w="178" /><ent r="3" t="14" w="303" /><ent r="3" t="14" w="379" /><ent r="3" t="14" w="386" /><ent r="3" t="15" w="150" /><ent r="3" t="15" w="228" /><ent r="3" t="15" w="276" /><ent r="3" t="16" w="266" /><ent r="3" t="17" w="350" /><ent r="4" t="18" w="203" /><ent r="4" t="18" w="221" /><ent r="3" t="24" w="261" /><ent r="3" t="29" w="70" /><ent r="3" t="30" w="235" /><ent r="3" t="34" w="397" /><ent r="4" t="35" w="286" /><ent r="5" t="35" w="309" /><ent r="3" t="36" w="197" /><ent r="3" t="36" w="217" /><ent r="3" t="36" w="269" /><ent r="3" t="37" w="172" /><ent r="4" t="39" w="190" /><ent r="4" t="39" w="227" /><ent r="7" t="39" w="415" /><ent r="3" t="41" w="26" /><ent r="4" t="42" w="285" /><ent r="3" t="42" w="775" /><ent r="4" t="43" w="135" /><ent r="4" t="43" w="172" /><ent r="4" t="43" w="339" /><ent r="4" t="43" w="367" /><ent r="6" t="43" w="531" /><ent r="3" t="44" w="81" /><ent r="4" t="46" w="90" /><ent r="5" t="49" w="263" /><ent r="3" t="50" w="79" /><ent r="3" t="51" w="95" /><ent r="3" t="51" w="123" /><ent r="3" t="51" w="153" /><ent r="3" t="51" w="289" /><ent r="3" t="51" w="346" /><ent r="3" t="53" w="25" /><ent r="3" t="58" w="211" /><ent r="3" t="58" w="286" /><ent r="3" t="58" w="952" /><ent r="4" t="59" w="358" /><ent r="4" t="59" w="628" /><ent r="6" t="59" w="908" /><ent r="4" t="60" w="61" /><ent r="4" t="60" w="99" /><ent r="3" t="62" w="134" /><ent r="3" t="62" w="332" /><ent r="3" t="64" w="608" /><ent r="3" t="65" w="71" /><ent r="4" t="68" w="217" /><ent r="4" t="68" w="235" /><ent r="3" t="72" w="48" /><ent r="3" t="74" w="127" /><ent r="3" t="76" w="245" /><ent r="3" t="76" w="287" /><ent r="4" t="79" w="86" /><ent r="4" t="79" w="112" /><ent r="3" t="80" w="65" /><ent r="3" t="80" w="73" /><ent r="3" t="82" w="11" /><ent r="3" t="84" w="26" /><ent r="3" t="87" w="7" /><ent r="3" t="87" w="186" /><ent r="4" t="87" w="276" /><ent r="4" t="87" w="301" /><ent r="4" t="93" w="126" /><ent r="4" t="93" w="151" /><ent r="4" t="97" w="268" /><ent r="4" t="97" w="294" /><ent r="4" t="99" w="183" /><ent r="4" t="99" w="277" /><ent r="4" t="99" w="287" /><ent r="5" t="99" w="380" /><ent r="6" t="99" w="412" /><ent r="4" t="99" w="637" /><ent r="3" t="99" w="712" /><ent r="3" t="100" w="57" /><ent r="3" t="101" w="209" /><ent r="3" t="102" w="136" /><ent r="4" t="103" w="155" /><ent r="4" t="103" w="181" /><ent r="3" t="104" w="49" /><ent r="4" t="106" w="45" /><ent r="4" t="107" w="49" /><ent r="4" t="107" w="85" /><ent r="4" t="108" w="76" /><ent r="4" t="111" w="67" /><ent r="4" t="111" w="80" /><ent r="4" t="112" w="99" /><ent r="4" t="112" w="125" /><ent r="3" t="121" w="85" /><ent r="3" t="122" w="25" /><ent r="3" t="127" w="15" /><ent r="3" t="127" w="153" /><ent r="4" t="127" w="309" /><ent r="3" t="133" w="93" /><ent r="54" t="133" w="391" /><ent r="3" t="142" w="52" /><ent r="4" t="144" w="162" /><ent r="3" t="146" w="152" /><ent r="3" t="149" w="55" /><ent r="54" t="149" w="139" /><ent r="54" t="149" w="156" /><ent r="3" t="149" w="429" /><ent r="3" t="149" w="536" /><ent r="3" t="149" w="790" /><ent r="3" t="149" w="819" /><ent r="3" t="149" w="892" /><ent r="3" t="149" w="1066" /><ent r="3" t="149" w="1100" /><ent r="3" t="152" w="325" /><ent r="3" t="154" w="145" /><ent r="3" t="154" w="191" /><ent r="3" t="154" w="217" /><ent r="3" t="154" w="584" /><ent r="3" t="155" w="497" /><ent r="3" t="156" w="43" /><ent r="3" t="156" w="103" /><ent r="3" t="156" w="746" /><ent r="4" t="157" w="97" /><ent r="4" t="157" w="153" /><ent r="3" t="157" w="279" /><ent r="3" t="157" w="286" /><ent r="3" t="160" w="52" /><ent r="3" t="160" w="169" /><ent r="3" t="161" w="27" /><ent r="3" t="161" w="255" /><ent r="3" t="162" w="31" /><ent r="3" t="162" w="300" /><ent r="3" t="163" w="286" /><ent r="3" t="169" w="88" /><ent r="3" t="169" w="102" /><ent r="3" t="171" w="37" /><ent r="3" t="171" w="54" /><ent r="4" t="173" w="33" /><ent r="3" t="174" w="87" /><ent r="3" t="178" w="107" /><ent r="3" t="178" w="144" /><ent r="3" t="178" w="155" /><ent r="3" t="178" w="212" /><ent r="3" t="180" w="114" /><ent r="3" t="183" w="263" /><ent r="3" t="184" w="104" /><ent r="3" t="184" w="134" /><ent r="3" t="187" w="73" /><ent r="3" t="187" w="86" /><ent r="3" t="190" w="106" /><ent r="3" t="190" w="118" /><ent r="3" t="190" w="213" /><ent r="3" t="191" w="119" /><ent r="3" t="191" w="208" /><ent r="3" t="191" w="220" /><ent r="3" t="191" w="237" /><ent r="3" t="191" w="305" /><ent r="4" t="192" w="128" /><ent r="5" t="192" w="163" /><ent r="5" t="192" w="187" /><ent r="5" t="193" w="290" /><ent r="5" t="194" w="306" /><ent r="3" t="195" w="172" /><ent r="3" t="195" w="369" /><ent r="4" t="196" w="120" /><ent r="4" t="196" w="152" /><ent r="3" t="196" w="220" /><ent r="3" t="196" w="305" /><ent r="3" t="198" w="140" /><ent r="3" t="198" w="167" /><ent r="3" t="199" w="110" /><ent r="3" t="199" w="127" /><ent r="3" t="200" w="106" /><ent r="3" t="201" w="144" /><ent r="3" t="201" w="365" /><ent r="4" t="201" w="377" /><ent r="3" t="202" w="309" /><ent r="3" t="202" w="537" /><ent r="5" t="202" w="549" /><ent r="3" t="203" w="193" /><ent r="3" t="203" w="411" /><ent r="4" t="203" w="423" /><ent r="3" t="203" w="592" /><ent r="3" t="204" w="247" /><ent r="3" t="205" w="416" /><ent r="3" t="206" w="223" /><ent r="3" t="207" w="242" /><ent r="3" t="208" w="44" /><ent r="3" t="208" w="250" /><ent r="3" t="209" w="233" /><ent r="3" t="212" w="150" /><ent r="3" t="212" w="394" /><ent r="3" t="212" w="403" /><ent r="3" t="212" w="416" /><ent r="3" t="212" w="432" /><ent r="3" t="212" w="442" /><ent r="3" t="213" w="152" /><ent r="3" t="213" w="403" /><ent r="3" t="213" w="412" /><ent r="3" t="213" w="425" /><ent r="3" t="213" w="441" /><ent r="3" t="213" w="451" /><ent r="3" t="214" w="275" /><ent r="3" t="215" w="44" /><ent r="3" t="215" w="281" /><ent r="4" t="216" w="237" /><ent r="3" t="216" w="291" /><ent r="4" t="217" w="194" /><ent r="3" t="219" w="227" /><ent r="3" t="220" w="227" /><ent r="3" t="221" w="298" /><ent r="3" t="225" w="206" /><ent r="3" t="226" w="229" /><ent r="3" t="228" w="227" /><ent r="3" t="231" w="297" /><ent r="3" t="231" w="312" /><ent r="3" t="232" w="488" /><ent r="3" t="232" w="555" /><ent r="3" t="233" w="398" /><ent r="3" t="233" w="462" /><ent r="3" t="234" w="309" /><ent r="3" t="234" w="381" /><ent r="3" t="235" w="324" /><ent r="3" t="235" w="396" /><ent r="3" t="236" w="294" /><ent r="3" t="237" w="89" /><ent r="3" t="238" w="115" /><ent r="3" t="239" w="140" /><ent r="3" t="239" w="324" /><ent r="3" t="250" w="25" /><ent r="3" t="251" w="26" /><ent r="3" t="252" w="46" /><ent r="3" t="257" w="94" /><ent r="3" t="257" w="105" /><ent r="4" t="257" w="121" /><ent r="4" t="269" w="241" /><ent r="4" t="269" w="259" /><ent r="3" t="295" w="356" /><ent r="3" t="296" w="191" /><ent r="3" t="296" w="280" /><ent r="3" t="296" w="471" /><ent r="4" t="316" w="600" /></phr></stem><stem n="correct"><phr n="correct"><ent r="3" t="5" w="336" /><ent r="3" t="16" w="340" /><ent r="3" t="16" w="391" /><ent r="3" t="101" w="126" /><ent r="3" t="102" w="76" /><ent r="3" t="149" w="1000" /><ent r="4" t="157" w="118" /><ent r="4" t="157" w="176" /><ent r="3" t="165" w="114" /></phr></stem><stem n="per"><phr n="per"><ent r="3" t="5" w="337" /><ent r="7" t="14" w="204" /><ent r="6" t="74" w="220" /><ent r="3" t="82" w="39" /><ent r="3" t="133" w="345" /><ent r="3" t="133" w="365" /><ent r="54" t="133" w="385" /><ent r="3" t="204" w="403" /><ent r="3" t="212" w="524" /><ent r="3" t="212" w="554" /><ent r="3" t="213" w="549" /><ent r="3" t="213" w="579" /></phr></stem><stem n="fail"><phr n="fail"><ent r="3" t="5" w="344" /><ent r="4" t="39" w="226" /><ent r="4" t="46" w="89" /><ent r="3" t="77" w="66" /><ent r="3" t="87" w="43" /><ent r="4" t="123" w="194" /><ent r="3" t="149" w="785" /><ent r="5" t="157" w="140" /><ent r="3" t="316" w="28" /></phr><phr n="fails"><ent r="3" t="15" w="234" /><ent r="3" t="70" w="101" /><ent r="3" t="77" w="146" /><ent r="4" t="106" w="47" /><ent r="4" t="107" w="87" /><ent r="3" t="157" w="278" /><ent r="3" t="157" w="288" /><ent r="3" t="195" w="372" /><ent r="3" t="198" w="170" /><ent r="3" t="199" w="130" /><ent r="3" t="201" w="503" /><ent r="3" t="202" w="673" /><ent r="3" t="204" w="349" /><ent r="3" t="205" w="517" /><ent r="3" t="206" w="338" /><ent r="3" t="234" w="308" /><ent r="3" t="235" w="323" /><ent r="3" t="236" w="293" /></phr><phr n="failed"><ent r="3" t="76" w="254" /><ent r="3" t="185" w="84" /><ent r="4" t="190" w="167" /><ent r="3" t="190" w="171" /><ent r="4" t="191" w="268" /><ent r="3" t="191" w="272" /><ent r="3" t="192" w="74" /><ent r="3" t="203" w="568" /><ent r="3" t="207" w="190" /><ent r="3" t="223" w="303" /><ent r="3" t="224" w="282" /><ent r="3" t="226" w="260" /><ent r="3" t="227" w="299" /><ent r="6" t="310" w="376" /></phr></stem><stem n="henc"><phr n="hence"><ent r="3" t="5" w="349" /><ent r="4" t="75" w="404" /><ent r="4" t="75" w="444" /></phr></stem><stem n="should"><phr n="should"><ent r="3" t="5" w="360" /><ent r="3" t="6" w="96" /><ent r="3" t="6" w="111" /><ent r="3" t="16" w="29" /><ent r="4" t="24" w="356" /><ent r="6" t="28" w="95" /><ent r="6" t="28" w="163" /><ent r="6" t="28" w="173" /><ent r="3" t="36" w="230" /><ent r="4" t="36" w="378" /><ent r="5" t="36" w="386" /><ent r="5" t="36" w="405" /><ent r="5" t="36" w="421" /><ent r="5" t="36" w="441" /><ent r="3" t="40" w="93" /><ent r="4" t="43" w="87" /><ent r="4" t="43" w="300" /><ent r="4" t="43" w="355" /><ent r="3" t="44" w="47" /><ent r="3" t="50" w="122" /><ent r="4" t="59" w="356" /><ent r="3" t="62" w="234" /><ent r="4" t="62" w="361" /><ent r="4" t="64" w="573" /><ent r="3" t="65" w="22" /><ent r="3" t="66" w="127" /><ent r="3" t="76" w="32" /><ent r="3" t="77" w="95" /><ent r="3" t="77" w="192" /><ent r="3" t="80" w="44" /><ent r="3" t="82" w="34" /><ent r="3" t="83" w="44" /><ent r="3" t="87" w="73" /><ent r="4" t="99" w="259" /><ent r="6" t="99" w="406" /><ent r="3" t="100" w="135" /><ent r="3" t="101" w="331" /><ent r="3" t="101" w="375" /><ent r="3" t="102" w="99" /><ent r="4" t="113" w="170" /><ent r="4" t="113" w="182" /><ent r="3" t="125" w="93" /><ent r="3" t="127" w="149" /><ent r="3" t="129" w="39" /><ent r="3" t="133" w="33" /><ent r="3" t="138" w="35" /><ent r="3" t="145" w="150" /><ent r="54" t="149" w="151" /><ent r="54" t="149" w="169" /><ent r="3" t="149" w="261" /><ent r="3" t="149" w="391" /><ent r="3" t="149" w="976" /><ent r="3" t="149" w="1279" /><ent r="3" t="152" w="312" /><ent r="3" t="154" w="156" /><ent r="3" t="154" w="239" /><ent r="3" t="154" w="571" /><ent r="3" t="155" w="38" /><ent r="3" t="155" w="187" /><ent r="3" t="155" w="484" /><ent r="3" t="156" w="113" /><ent r="3" t="156" w="270" /><ent r="3" t="156" w="337" /><ent r="3" t="156" w="440" /><ent r="3" t="156" w="721" /><ent r="3" t="156" w="733" /><ent r="3" t="169" w="85" /><ent r="4" t="178" w="259" /><ent r="4" t="179" w="177" /><ent r="5" t="193" w="269" /><ent r="5" t="193" w="274" /><ent r="5" t="194" w="285" /><ent r="5" t="194" w="290" /><ent r="3" t="195" w="220" /><ent r="3" t="198" w="31" /><ent r="3" t="199" w="34" /><ent r="3" t="200" w="31" /><ent r="3" t="201" w="276" /><ent r="4" t="201" w="322" /><ent r="3" t="202" w="447" /><ent r="4" t="202" w="494" /><ent r="3" t="202" w="725" /><ent r="3" t="202" w="765" /><ent r="3" t="203" w="168" /><ent r="3" t="203" w="224" /><ent r="3" t="204" w="139" /><ent r="4" t="204" w="190" /><ent r="3" t="205" w="311" /><ent r="4" t="205" w="359" /><ent r="3" t="205" w="569" /><ent r="3" t="205" w="611" /><ent r="3" t="206" w="123" /><ent r="3" t="207" w="239" /><ent r="3" t="207" w="257" /><ent r="3" t="208" w="23" /><ent r="3" t="208" w="273" /><ent r="3" t="209" w="221" /><ent r="3" t="209" w="250" /><ent r="3" t="209" w="297" /><ent r="3" t="210" w="124" /><ent r="3" t="210" w="204" /><ent r="3" t="212" w="185" /><ent r="3" t="212" w="213" /><ent r="3" t="212" w="264" /><ent r="3" t="212" w="371" /><ent r="3" t="213" w="187" /><ent r="3" t="213" w="215" /><ent r="3" t="213" w="266" /><ent r="3" t="214" w="272" /><ent r="3" t="214" w="290" /><ent r="3" t="215" w="23" /><ent r="3" t="215" w="302" /><ent r="3" t="216" w="276" /><ent r="3" t="216" w="309" /><ent r="3" t="216" w="357" /><ent r="3" t="217" w="123" /><ent r="3" t="217" w="257" /><ent r="3" t="219" w="201" /><ent r="3" t="219" w="318" /><ent r="3" t="219" w="342" /><ent r="3" t="220" w="201" /><ent r="3" t="220" w="318" /><ent r="3" t="220" w="342" /><ent r="3" t="221" w="74" /><ent r="3" t="221" w="319" /><ent r="3" t="224" w="33" /><ent r="3" t="228" w="214" /><ent r="3" t="230" w="142" /><ent r="3" t="231" w="279" /><ent r="3" t="231" w="341" /><ent r="3" t="232" w="417" /><ent r="3" t="232" w="530" /><ent r="3" t="233" w="327" /><ent r="3" t="233" w="438" /><ent r="3" t="234" w="281" /><ent r="3" t="235" w="296" /><ent r="3" t="236" w="266" /><ent r="3" t="237" w="101" /><ent r="3" t="237" w="247" /><ent r="3" t="238" w="127" /><ent r="3" t="238" w="327" /><ent r="3" t="239" w="36" /><ent r="3" t="239" w="449" /><ent r="3" t="244" w="424" /><ent r="3" t="245" w="353" /><ent r="3" t="254" w="75" /><ent r="3" t="254" w="99" /><ent r="3" t="256" w="55" /><ent r="4" t="263" w="31" /><ent r="3" t="269" w="321" /><ent r="3" t="269" w="348" /><ent r="3" t="278" w="39" /><ent r="3" t="292" w="23" /><ent r="3" t="292" w="53" /><ent r="3" t="297" w="74" /><ent r="6" t="312" w="268" /><ent r="6" t="313" w="82" /><ent r="3" t="315" w="162" /><ent r="4" t="316" w="619" /><ent r="4" t="316" w="628" /><ent r="4" t="316" w="720" /></phr></stem><stem n="ident"><phr n="identical"><ent r="3" t="5" w="362" /><ent r="3" t="44" w="170" /><ent r="54" t="149" w="127" /><ent r="3" t="149" w="1178" /></phr><phr n="identity"><ent r="6" t="7" w="62" /><ent r="3" t="244" w="72" /><ent r="3" t="244" w="75" /><ent r="4" t="244" w="380" /><ent r="4" t="244" w="395" /><ent r="3" t="244" w="398" /><ent r="3" t="244" w="427" /><ent r="3" t="245" w="31" /><ent r="3" t="245" w="69" /><ent r="3" t="245" w="72" /><ent r="4" t="245" w="324" /><ent r="3" t="245" w="327" /><ent r="3" t="245" w="356" /><ent r="65" t="247" w="326" /><ent r="1000" t="306" w="5" /><ent r="72" t="306" w="12" /><ent r="3" t="306" w="18" /><ent r="3" t="306" w="38" /><ent r="3" t="306" w="103" /></phr></stem><stem n="origin"><phr n="original"><ent r="3" t="5" w="365" /><ent r="3" t="50" w="96" /><ent r="6" t="59" w="939" /><ent r="3" t="77" w="213" /><ent r="3" t="226" w="299" /></phr><phr n="origin"><ent r="54" t="133" w="442" /><ent r="3" t="204" w="411" /></phr></stem><stem n="modifi"><phr n="modified"><ent r="3" t="5" w="371" /><ent r="3" t="17" w="436" /><ent r="3" t="17" w="453" /><ent r="3" t="55" w="65" /><ent r="3" t="101" w="163" /><ent r="3" t="112" w="143" /><ent r="3" t="138" w="50" /></phr><phr n="modify"><ent r="3" t="14" w="151" /><ent r="3" t="14" w="265" /><ent r="4" t="18" w="93" /><ent r="4" t="18" w="149" /><ent r="4" t="59" w="619" /><ent r="3" t="101" w="336" /><ent r="4" t="103" w="170" /></phr><phr n="modifying"><ent r="5" t="23" w="131" /><ent r="3" t="37" w="51" /></phr><phr n="modifiers"><ent r="3" t="55" w="69" /><ent r="3" t="63" w="43" /><ent r="3" t="63" w="104" /><ent r="3" t="69" w="372" /></phr><phr n="modifier"><ent r="3" t="58" w="210" /><ent r="3" t="62" w="12" /><ent r="3" t="62" w="243" /><ent r="4" t="64" w="125" /><ent r="6" t="313" w="272" /></phr><phr n="modifies"><ent r="3" t="174" w="75" /></phr></stem><stem n="runtim"><phr n="runtime"><ent r="3" t="5" w="373" /><ent r="5" t="23" w="116" /><ent r="7" t="35" w="329" /><ent r="7" t="35" w="342" /><ent r="3" t="36" w="46" /><ent r="3" t="39" w="70" /><ent r="7" t="39" w="388" /><ent r="3" t="42" w="124" /><ent r="3" t="48" w="50" /><ent r="4" t="123" w="202" /><ent r="1000" t="124" w="2" /><ent r="82" t="124" w="6" /><ent r="3" t="124" w="14" /><ent r="3" t="144" w="36" /><ent r="6" t="312" w="50" /><ent r="6" t="312" w="231" /><ent r="6" t="312" w="284" /><ent r="6" t="313" w="287" /><ent r="6" t="313" w="292" /><ent r="6" t="314" w="44" /><ent r="6" t="314" w="83" /><ent r="6" t="314" w="99" /><ent r="6" t="318" w="62" /></phr></stem><stem n="consider"><phr n="Considerations"><ent r="1000" t="6" w="3" /><ent r="92" t="6" w="7" /><ent r="3" t="6" w="177" /></phr></stem><stem n="differ"><phr n="different"><ent r="3" t="6" w="18" /><ent r="3" t="26" w="515" /><ent r="3" t="26" w="521" /><ent r="3" t="27" w="15" /><ent r="3" t="28" w="17" /><ent r="3" t="35" w="419" /><ent r="4" t="68" w="249" /><ent r="3" t="69" w="370" /><ent r="3" t="70" w="32" /><ent r="3" t="75" w="491" /><ent r="3" t="98" w="130" /><ent r="3" t="100" w="64" /><ent r="3" t="100" w="125" /><ent r="1000" t="102" w="3" /><ent r="72" t="102" w="13" /><ent r="3" t="141" w="19" /><ent r="54" t="149" w="1244" /><ent r="3" t="191" w="318" /><ent r="4" t="192" w="126" /><ent r="3" t="202" w="785" /><ent r="3" t="205" w="631" /><ent r="3" t="219" w="336" /><ent r="3" t="220" w="336" /><ent r="3" t="221" w="400" /><ent r="4" t="232" w="621" /><ent r="4" t="233" w="528" /><ent r="3" t="295" w="363" /><ent r="3" t="296" w="198" /><ent r="3" t="296" w="478" /></phr><phr n="difference"><ent r="3" t="8" w="83" /><ent r="3" t="98" w="140" /><ent r="3" t="185" w="100" /><ent r="3" t="231" w="327" /></phr><phr n="differs"><ent r="3" t="56" w="27" /><ent r="3" t="97" w="355" /></phr></stem><stem n="-"><phr n="-"><ent r="3" t="6" w="20" /><ent r="3" t="6" w="20" /><ent r="8" t="11" w="152" /><ent r="8" t="11" w="152" /><ent r="4" t="16" w="305" /><ent r="4" t="16" w="305" /><ent r="65" t="42" w="398" /><ent r="65" t="42" w="398" /><ent r="66" t="43" w="460" /><ent r="66" t="43" w="460" /><ent r="3" t="67" w="70" /><ent r="3" t="67" w="70" /><ent r="3" t="67" w="129" /><ent r="3" t="67" w="129" /><ent r="82" t="71" w="10" /><ent r="82" t="71" w="10" /><ent r="6" t="74" w="253" /><ent r="6" t="74" w="253" /><ent r="4" t="82" w="76" /><ent r="4" t="82" w="76" /><ent r="4" t="82" w="91" /><ent r="4" t="82" w="91" /><ent r="3" t="115" w="20" /><ent r="3" t="115" w="20" /><ent r="3" t="225" w="285" /><ent r="3" t="225" w="285" /><ent r="3" t="227" w="393" /><ent r="3" t="227" w="393" /><ent r="3" t="227" w="401" /><ent r="3" t="227" w="401" /></phr></stem><stem n="non-"><phr n="non-"><ent r="3" t="6" w="20" /></phr></stem><stem n="divid"><phr n="dividing"><ent r="3" t="6" w="29" /></phr><phr n="divided"><ent r="3" t="73" w="14" /></phr></stem><stem n="two"><phr n="two"><ent r="3" t="6" w="33" /><ent r="4" t="13" w="78" /><ent r="3" t="16" w="31" /><ent r="3" t="16" w="47" /><ent r="3" t="16" w="64" /><ent r="3" t="17" w="387" /><ent r="3" t="30" w="24" /><ent r="3" t="30" w="67" /><ent r="4" t="30" w="113" /><ent r="3" t="35" w="274" /><ent r="3" t="36" w="57" /><ent r="3" t="36" w="286" /><ent r="3" t="36" w="323" /><ent r="4" t="36" w="474" /><ent r="3" t="44" w="149" /><ent r="3" t="44" w="196" /><ent r="3" t="50" w="51" /><ent r="3" t="50" w="126" /><ent r="3" t="62" w="140" /><ent r="3" t="64" w="476" /><ent r="4" t="75" w="462" /><ent r="4" t="78" w="141" /><ent r="3" t="89" w="17" /><ent r="3" t="92" w="35" /><ent r="4" t="92" w="45" /><ent r="3" t="93" w="11" /><ent r="3" t="93" w="45" /><ent r="3" t="94" w="41" /><ent r="3" t="95" w="16" /><ent r="3" t="96" w="22" /><ent r="3" t="96" w="138" /><ent r="3" t="113" w="44" /><ent r="3" t="127" w="48" /><ent r="3" t="136" w="23" /><ent r="3" t="143" w="19" /><ent r="3" t="183" w="388" /><ent r="3" t="198" w="227" /><ent r="3" t="201" w="20" /><ent r="3" t="202" w="22" /><ent r="3" t="203" w="22" /><ent r="3" t="224" w="25" /><ent r="3" t="224" w="346" /><ent r="3" t="225" w="280" /><ent r="3" t="227" w="387" /><ent r="3" t="231" w="306" /><ent r="3" t="231" w="321" /><ent r="3" t="231" w="330" /><ent r="4" t="232" w="620" /><ent r="4" t="233" w="527" /></phr></stem><stem n="logic"><phr n="logical"><ent r="3" t="6" w="34" /></phr><phr n="logic"><ent r="3" t="124" w="35" /></phr></stem><stem n="compon"><phr n="components"><ent r="3" t="6" w="35" /><ent r="6" t="6" w="90" /><ent r="6" t="7" w="268" /><ent r="3" t="10" w="67" /><ent r="3" t="13" w="48" /><ent r="4" t="13" w="99" /><ent r="4" t="13" w="103" /><ent r="3" t="17" w="25" /><ent r="3" t="17" w="29" /><ent r="5" t="23" w="44" /><ent r="4" t="43" w="43" /><ent r="4" t="157" w="197" /><ent r="3" t="301" w="17" /><ent r="6" t="312" w="42" /></phr><phr n="component"><ent r="4" t="6" w="38" /><ent r="4" t="6" w="48" /><ent r="4" t="6" w="65" /><ent r="4" t="17" w="111" /><ent r="4" t="17" w="133" /><ent r="4" t="43" w="143" /><ent r="3" t="101" w="63" /><ent r="3" t="112" w="190" /><ent r="3" t="112" w="216" /><ent r="3" t="124" w="20" /><ent r="3" t="127" w="121" /><ent r="4" t="157" w="208" /></phr></stem><stem n="trust"><phr n="Trusted"><ent r="4" t="6" w="37" /><ent r="6" t="6" w="89" /><ent r="3" t="6" w="99" /><ent r="6" t="7" w="278" /><ent r="7" t="14" w="205" /><ent r="7" t="14" w="233" /><ent r="4" t="18" w="86" /><ent r="4" t="18" w="116" /><ent r="4" t="18" w="140" /><ent r="4" t="24" w="101" /><ent r="4" t="24" w="115" /><ent r="6" t="24" w="218" /><ent r="6" t="24" w="221" /><ent r="6" t="24" w="241" /><ent r="6" t="24" w="251" /><ent r="4" t="24" w="268" /><ent r="4" t="38" w="132" /><ent r="3" t="39" w="77" /><ent r="3" t="39" w="91" /><ent r="3" t="39" w="109" /><ent r="7" t="39" w="333" /><ent r="7" t="39" w="537" /><ent r="3" t="40" w="70" /><ent r="3" t="40" w="143" /><ent r="3" t="40" w="173" /><ent r="3" t="40" w="189" /><ent r="3" t="40" w="213" /><ent r="3" t="40" w="253" /><ent r="3" t="40" w="269" /><ent r="3" t="41" w="11" /><ent r="4" t="42" w="300" /><ent r="4" t="42" w="341" /><ent r="65" t="42" w="400" /><ent r="4" t="42" w="417" /><ent r="3" t="42" w="728" /><ent r="3" t="42" w="741" /><ent r="3" t="43" w="11" /><ent r="3" t="43" w="37" /><ent r="4" t="43" w="40" /><ent r="4" t="43" w="69" /><ent r="4" t="43" w="106" /><ent r="4" t="43" w="118" /><ent r="4" t="43" w="146" /><ent r="4" t="43" w="150" /><ent r="4" t="43" w="164" /><ent r="4" t="43" w="178" /><ent r="4" t="43" w="192" /><ent r="3" t="43" w="204" /><ent r="3" t="43" w="216" /><ent r="3" t="43" w="246" /><ent r="3" t="43" w="265" /><ent r="4" t="43" w="272" /><ent r="4" t="43" w="276" /><ent r="4" t="43" w="296" /><ent r="4" t="43" w="341" /><ent r="5" t="43" w="393" /><ent r="5" t="43" w="416" /><ent r="5" t="43" w="427" /><ent r="66" t="43" w="462" /><ent r="4" t="43" w="487" /><ent r="4" t="43" w="509" /><ent r="5" t="43" w="515" /><ent r="5" t="43" w="518" /><ent r="6" t="43" w="540" /><ent r="6" t="43" w="547" /><ent r="3" t="44" w="158" /><ent r="3" t="44" w="219" /><ent r="55" t="44" w="259" /><ent r="3" t="47" w="36" /><ent r="3" t="47" w="39" /><ent r="6" t="47" w="127" /><ent r="6" t="47" w="188" /><ent r="3" t="48" w="37" /><ent r="3" t="48" w="60" /><ent r="3" t="48" w="84" /><ent r="3" t="51" w="22" /><ent r="3" t="51" w="91" /><ent r="3" t="51" w="104" /><ent r="3" t="51" w="112" /><ent r="3" t="51" w="148" /><ent r="3" t="51" w="237" /><ent r="3" t="51" w="285" /><ent r="3" t="51" w="297" /><ent r="3" t="51" w="302" /><ent r="3" t="51" w="306" /><ent r="3" t="53" w="42" /><ent r="3" t="53" w="216" /><ent r="3" t="53" w="222" /><ent r="6" t="54" w="121" /><ent r="3" t="56" w="221" /><ent r="3" t="58" w="152" /><ent r="3" t="58" w="155" /><ent r="3" t="58" w="158" /><ent r="3" t="58" w="176" /><ent r="3" t="58" w="223" /><ent r="3" t="58" w="240" /><ent r="3" t="58" w="252" /><ent r="3" t="58" w="284" /><ent r="3" t="58" w="293" /><ent r="3" t="58" w="297" /><ent r="3" t="58" w="318" /><ent r="3" t="58" w="336" /><ent r="3" t="58" w="378" /><ent r="3" t="58" w="418" /><ent r="3" t="58" w="424" /><ent r="3" t="58" w="444" /><ent r="3" t="58" w="448" /><ent r="3" t="58" w="452" /><ent r="3" t="58" w="459" /><ent r="3" t="58" w="477" /><ent r="3" t="58" w="491" /><ent r="3" t="58" w="496" /><ent r="3" t="58" w="501" /><ent r="3" t="58" w="505" /><ent r="3" t="58" w="512" /><ent r="4" t="58" w="559" /><ent r="3" t="58" w="601" /><ent r="3" t="58" w="630" /><ent r="3" t="58" w="645" /><ent r="3" t="58" w="671" /><ent r="3" t="58" w="687" /><ent r="3" t="58" w="713" /><ent r="3" t="58" w="723" /><ent r="3" t="58" w="738" /><ent r="3" t="58" w="766" /><ent r="3" t="58" w="776" /><ent r="3" t="58" w="797" /><ent r="3" t="58" w="804" /><ent r="3" t="58" w="825" /><ent r="3" t="58" w="859" /><ent r="3" t="58" w="862" /><ent r="3" t="59" w="71" /><ent r="3" t="59" w="174" /><ent r="3" t="59" w="275" /><ent r="4" t="59" w="366" /><ent r="4" t="59" w="499" /><ent r="6" t="59" w="917" /><ent r="6" t="59" w="953" /><ent r="3" t="61" w="50" /><ent r="3" t="61" w="87" /><ent r="3" t="62" w="18" /><ent r="3" t="62" w="132" /><ent r="3" t="62" w="149" /><ent r="3" t="62" w="290" /><ent r="3" t="62" w="391" /><ent r="3" t="62" w="554" /><ent r="3" t="63" w="55" /><ent r="3" t="63" w="58" /><ent r="3" t="63" w="113" /><ent r="3" t="64" w="44" /><ent r="3" t="64" w="70" /><ent r="3" t="64" w="84" /><ent r="3" t="64" w="206" /><ent r="3" t="64" w="315" /><ent r="3" t="67" w="76" /><ent r="3" t="67" w="135" /><ent r="3" t="68" w="99" /><ent r="3" t="69" w="203" /><ent r="3" t="69" w="229" /><ent r="3" t="70" w="48" /><ent r="3" t="70" w="70" /><ent r="3" t="70" w="137" /><ent r="82" t="71" w="12" /><ent r="3" t="71" w="28" /><ent r="3" t="71" w="235" /><ent r="3" t="71" w="250" /><ent r="3" t="71" w="262" /><ent r="3" t="71" w="277" /><ent r="3" t="71" w="289" /><ent r="3" t="71" w="298" /><ent r="1000" t="72" w="6" /><ent r="82" t="72" w="14" /><ent r="3" t="72" w="42" /><ent r="3" t="72" w="89" /><ent r="3" t="73" w="11" /><ent r="4" t="78" w="138" /><ent r="4" t="79" w="48" /><ent r="3" t="81" w="12" /><ent r="3" t="85" w="33" /><ent r="3" t="85" w="105" /><ent r="64" t="85" w="124" /><ent r="3" t="85" w="182" /><ent r="6" t="85" w="210" /><ent r="3" t="94" w="69" /><ent r="3" t="96" w="148" /><ent r="3" t="98" w="53" /><ent r="3" t="98" w="104" /><ent r="3" t="98" w="109" /><ent r="3" t="98" w="121" /><ent r="3" t="98" w="147" /><ent r="3" t="98" w="241" /><ent r="3" t="98" w="338" /><ent r="4" t="99" w="194" /><ent r="3" t="99" w="764" /><ent r="3" t="99" w="798" /><ent r="3" t="103" w="41" /><ent r="3" t="103" w="60" /><ent r="5" t="110" w="24" /><ent r="5" t="110" w="55" /><ent r="5" t="111" w="36" /><ent r="5" t="111" w="52" /><ent r="3" t="112" w="193" /><ent r="3" t="113" w="12" /><ent r="4" t="113" w="197" /><ent r="65" t="114" w="46" /><ent r="3" t="119" w="30" /><ent r="1000" t="123" w="1" /><ent r="92" t="123" w="4" /><ent r="3" t="123" w="8" /><ent r="3" t="123" w="29" /><ent r="3" t="123" w="57" /><ent r="3" t="123" w="114" /><ent r="3" t="123" w="134" /><ent r="1000" t="124" w="1" /><ent r="82" t="124" w="5" /><ent r="3" t="124" w="13" /><ent r="65" t="124" w="63" /><ent r="1000" t="128" w="4" /><ent r="82" t="128" w="10" /><ent r="82" t="130" w="9" /><ent r="3" t="130" w="22" /><ent r="3" t="130" w="44" /><ent r="1000" t="135" w="1" /><ent r="82" t="135" w="6" /><ent r="65" t="135" w="54" /><ent r="3" t="137" w="18" /><ent r="3" t="137" w="33" /><ent r="3" t="138" w="8" /><ent r="3" t="142" w="138" /><ent r="3" t="144" w="18" /><ent r="3" t="144" w="59" /><ent r="3" t="145" w="18" /><ent r="54" t="145" w="57" /><ent r="3" t="145" w="136" /><ent r="3" t="146" w="16" /><ent r="3" t="146" w="32" /><ent r="1000" t="147" w="1" /><ent r="82" t="147" w="6" /><ent r="3" t="154" w="356" /><ent r="3" t="155" w="104" /><ent r="3" t="155" w="292" /><ent r="3" t="155" w="460" /><ent r="3" t="156" w="170" /><ent r="3" t="156" w="180" /><ent r="4" t="156" w="258" /><ent r="4" t="156" w="325" /><ent r="3" t="156" w="514" /><ent r="3" t="159" w="157" /><ent r="3" t="174" w="45" /><ent r="3" t="175" w="45" /><ent r="3" t="176" w="21" /><ent r="3" t="176" w="57" /><ent r="3" t="176" w="93" /><ent r="3" t="176" w="195" /><ent r="3" t="177" w="21" /><ent r="3" t="177" w="50" /><ent r="3" t="177" w="71" /><ent r="3" t="178" w="21" /><ent r="3" t="178" w="50" /><ent r="3" t="178" w="71" /><ent r="3" t="179" w="23" /><ent r="3" t="179" w="52" /><ent r="3" t="179" w="74" /><ent r="3" t="180" w="21" /><ent r="3" t="180" w="50" /><ent r="3" t="180" w="71" /><ent r="3" t="181" w="21" /><ent r="3" t="181" w="57" /><ent r="3" t="181" w="92" /><ent r="3" t="182" w="21" /><ent r="3" t="182" w="50" /><ent r="3" t="182" w="72" /><ent r="3" t="183" w="56" /><ent r="3" t="183" w="68" /><ent r="3" t="183" w="108" /><ent r="3" t="183" w="126" /><ent r="3" t="184" w="51" /><ent r="3" t="184" w="72" /><ent r="3" t="185" w="51" /><ent r="3" t="185" w="73" /><ent r="3" t="186" w="82" /><ent r="3" t="187" w="62" /><ent r="3" t="187" w="161" /><ent r="3" t="188" w="50" /><ent r="3" t="188" w="75" /><ent r="3" t="189" w="62" /><ent r="3" t="189" w="87" /><ent r="3" t="190" w="69" /><ent r="3" t="191" w="109" /><ent r="3" t="192" w="51" /><ent r="5" t="193" w="272" /><ent r="5" t="193" w="288" /><ent r="5" t="194" w="288" /><ent r="5" t="194" w="304" /><ent r="3" t="221" w="344" /><ent r="1000" t="231" w="3" /><ent r="72" t="231" w="8" /><ent r="4" t="231" w="13" /><ent r="3" t="231" w="17" /><ent r="3" t="231" w="31" /><ent r="3" t="231" w="57" /><ent r="3" t="231" w="121" /><ent r="3" t="231" w="310" /><ent r="65" t="247" w="273" /><ent r="65" t="247" w="280" /><ent r="65" t="247" w="287" /><ent r="3" t="255" w="13" /><ent r="3" t="256" w="15" /><ent r="3" t="257" w="15" /><ent r="3" t="258" w="14" /><ent r="3" t="259" w="15" /><ent r="3" t="260" w="14" /><ent r="3" t="286" w="11" /><ent r="3" t="287" w="51" /><ent r="72" t="297" w="11" /><ent r="3" t="297" w="38" /><ent r="72" t="298" w="11" /><ent r="3" t="298" w="38" /><ent r="72" t="299" w="11" /><ent r="3" t="299" w="38" /><ent r="6" t="310" w="647" /><ent r="6" t="312" w="79" /><ent r="3" t="316" w="468" /><ent r="3" t="316" w="484" /><ent r="3" t="316" w="512" /><ent r="4" t="316" w="546" /></phr><phr n="trust"><ent r="3" t="97" w="28" /><ent r="3" t="99" w="92" /><ent r="3" t="157" w="77" /><ent r="4" t="157" w="150" /><ent r="4" t="157" w="159" /><ent r="3" t="244" w="435" /><ent r="3" t="245" w="364" /></phr><phr n="trusts"><ent r="4" t="157" w="94" /><ent r="4" t="157" w="101" /></phr></stem></index>