<?xml version="1.0" encoding="utf-8"?><index><stem n="counter"><phr n="Counter"><ent r="3" t="103" w="39" /><ent r="3" t="103" w="49" /><ent r="4" t="104" w="134" /><ent r="4" t="104" w="175" /><ent r="4" t="105" w="15" /><ent r="5" t="105" w="21" /><ent r="5" t="105" w="41" /><ent r="5" t="105" w="48" /><ent r="5" t="105" w="57" /><ent r="4" t="106" w="31" /><ent r="4" t="106" w="37" /><ent r="5" t="106" w="43" /><ent r="5" t="106" w="58" /><ent r="5" t="106" w="67" /><ent r="5" t="106" w="76" /><ent r="4" t="107" w="72" /><ent r="5" t="107" w="83" /><ent r="4" t="107" w="97" /><ent r="5" t="107" w="105" /><ent r="5" t="107" w="120" /><ent r="5" t="107" w="135" /><ent r="4" t="108" w="25" /><ent r="4" t="108" w="68" /><ent r="5" t="108" w="74" /><ent r="3" t="133" w="320" /><ent r="65" t="135" w="60" /><ent r="65" t="135" w="66" /><ent r="65" t="135" w="71" /><ent r="65" t="135" w="76" /><ent r="65" t="135" w="81" /><ent r="3" t="212" w="483" /><ent r="3" t="212" w="505" /><ent r="3" t="213" w="508" /><ent r="3" t="213" w="530" /><ent r="3" t="219" w="23" /><ent r="3" t="219" w="182" /><ent r="3" t="219" w="232" /><ent r="3" t="219" w="291" /><ent r="3" t="219" w="316" /><ent r="3" t="219" w="341" /><ent r="3" t="219" w="349" /><ent r="3" t="219" w="364" /><ent r="3" t="220" w="23" /><ent r="3" t="220" w="182" /><ent r="3" t="220" w="232" /><ent r="3" t="220" w="291" /><ent r="3" t="220" w="316" /><ent r="3" t="220" w="341" /><ent r="3" t="220" w="349" /><ent r="3" t="220" w="364" /><ent r="1000" t="232" w="4" /><ent r="72" t="232" w="10" /><ent r="4" t="232" w="16" /><ent r="3" t="232" w="22" /><ent r="3" t="232" w="32" /><ent r="3" t="232" w="52" /><ent r="3" t="232" w="57" /><ent r="3" t="232" w="74" /><ent r="4" t="232" w="87" /><ent r="4" t="232" w="99" /><ent r="4" t="232" w="116" /><ent r="3" t="232" w="159" /><ent r="3" t="232" w="172" /><ent r="3" t="232" w="180" /><ent r="3" t="232" w="193" /><ent r="3" t="232" w="208" /><ent r="4" t="232" w="393" /><ent r="3" t="232" w="400" /><ent r="3" t="232" w="442" /><ent r="4" t="232" w="540" /><ent r="4" t="232" w="609" /><ent r="1000" t="233" w="4" /><ent r="72" t="233" w="9" /><ent r="4" t="233" w="14" /><ent r="3" t="233" w="19" /><ent r="3" t="233" w="38" /><ent r="3" t="233" w="44" /><ent r="3" t="233" w="49" /><ent r="4" t="233" w="56" /><ent r="3" t="233" w="69" /><ent r="3" t="233" w="77" /><ent r="3" t="233" w="90" /><ent r="3" t="233" w="105" /><ent r="4" t="233" w="289" /><ent r="3" t="233" w="295" /><ent r="3" t="233" w="315" /><ent r="3" t="233" w="352" /><ent r="4" t="233" w="448" /><ent r="4" t="233" w="516" /><ent r="1000" t="234" w="4" /><ent r="72" t="234" w="9" /><ent r="4" t="234" w="14" /><ent r="3" t="234" w="19" /><ent r="4" t="234" w="26" /><ent r="4" t="234" w="33" /><ent r="3" t="234" w="45" /><ent r="3" t="234" w="52" /><ent r="3" t="234" w="59" /><ent r="3" t="234" w="65" /><ent r="3" t="234" w="78" /><ent r="3" t="234" w="115" /><ent r="3" t="234" w="142" /><ent r="4" t="234" w="268" /><ent r="3" t="234" w="273" /><ent r="4" t="234" w="306" /><ent r="3" t="234" w="330" /><ent r="3" t="234" w="335" /><ent r="1000" t="235" w="4" /><ent r="72" t="235" w="9" /><ent r="4" t="235" w="14" /><ent r="3" t="235" w="19" /><ent r="3" t="235" w="34" /><ent r="3" t="235" w="41" /><ent r="3" t="235" w="46" /><ent r="4" t="235" w="53" /><ent r="3" t="235" w="59" /><ent r="4" t="235" w="65" /><ent r="3" t="235" w="78" /><ent r="3" t="235" w="93" /><ent r="3" t="235" w="130" /><ent r="3" t="235" w="157" /><ent r="4" t="235" w="283" /><ent r="3" t="235" w="289" /><ent r="4" t="235" w="321" /><ent r="3" t="235" w="345" /><ent r="3" t="235" w="350" /><ent r="1000" t="236" w="4" /><ent r="72" t="236" w="9" /><ent r="4" t="236" w="14" /><ent r="3" t="236" w="22" /><ent r="3" t="236" w="32" /><ent r="3" t="236" w="39" /><ent r="3" t="236" w="44" /><ent r="4" t="236" w="51" /><ent r="3" t="236" w="57" /><ent r="4" t="236" w="63" /><ent r="3" t="236" w="76" /><ent r="3" t="236" w="91" /><ent r="3" t="236" w="116" /><ent r="4" t="236" w="253" /><ent r="3" t="236" w="262" /><ent r="4" t="236" w="291" /><ent r="3" t="236" w="315" /><ent r="4" t="239" w="293" /><ent r="4" t="244" w="327" /><ent r="4" t="245" w="271" /><ent r="3" t="257" w="83" /><ent r="4" t="257" w="114" /><ent r="3" t="287" w="58" /><ent r="3" t="289" w="17" /><ent r="3" t="289" w="25" /><ent r="3" t="289" w="46" /><ent r="3" t="289" w="51" /><ent r="4" t="289" w="72" /><ent r="3" t="289" w="80" /><ent r="3" t="289" w="89" /><ent r="4" t="295" w="330" /><ent r="4" t="296" w="165" /><ent r="4" t="296" w="445" /><ent r="4" t="303" w="264" /><ent r="4" t="304" w="153" /><ent r="6" t="310" w="731" /><ent r="6" t="310" w="772" /></phr><phr n="Counters"><ent r="3" t="232" w="251" /><ent r="3" t="232" w="263" /><ent r="3" t="232" w="515" /><ent r="3" t="233" w="148" /><ent r="3" t="233" w="160" /><ent r="6" t="310" w="785" /></phr></stem><stem n="replay-protect"><phr n="replay-protected"><ent r="3" t="103" w="55" /><ent r="3" t="103" w="83" /><ent r="4" t="108" w="17" /></phr></stem><stem n="enforc"><phr n="enforce"><ent r="3" t="103" w="66" /></phr></stem><stem n="blob"><phr n="blob"><ent r="3" t="103" w="86" /><ent r="3" t="103" w="92" /><ent r="3" t="133" w="232" /><ent r="3" t="133" w="250" /><ent r="3" t="133" w="259" /><ent r="3" t="133" w="275" /><ent r="3" t="152" w="131" /><ent r="3" t="154" w="335" /><ent r="3" t="155" w="271" /><ent r="3" t="156" w="493" /><ent r="3" t="157" w="62" /><ent r="3" t="157" w="362" /><ent r="3" t="201" w="553" /><ent r="3" t="201" w="607" /><ent r="3" t="203" w="528" /><ent r="3" t="203" w="549" /><ent r="3" t="203" w="585" /><ent r="3" t="204" w="429" /><ent r="3" t="206" w="299" /><ent r="3" t="206" w="319" /><ent r="4" t="277" w="173" /><ent r="3" t="278" w="13" /><ent r="6" t="310" w="607" /></phr></stem><stem n="quit"><phr n="quite"><ent r="3" t="103" w="94" /><ent r="3" t="104" w="76" /></phr></stem><stem n="subtl"><phr n="subtle"><ent r="3" t="103" w="95" /></phr></stem><stem n="(sgxsdkinstallpath)src\sealeddata"><phr n="(SGXSDKInstallPath)src\SealedData"><ent r="4" t="103" w="134" /></phr></stem><stem n="enterpris"><phr n="Enterprise"><ent r="3" t="104" w="10" /><ent r="3" t="104" w="30" /></phr></stem><stem n="erm"><phr n="ERM"><ent r="3" t="104" w="13" /><ent r="3" t="104" w="60" /><ent r="3" t="104" w="73" /></phr></stem><stem n="(erm)"><phr n="(ERM)"><ent r="3" t="104" w="14" /></phr></stem><stem n="offlin"><phr n="offline"><ent r="3" t="104" w="17" /><ent r="3" t="104" w="48" /><ent r="3" t="104" w="51" /><ent r="3" t="104" w="65" /><ent r="4" t="104" w="123" /><ent r="3" t="109" w="26" /><ent r="4" t="109" w="54" /></phr></stem><stem n="audit"><phr n="audited"><ent r="3" t="104" w="27" /></phr></stem><stem n="credenti"><phr n="credential"><ent r="3" t="104" w="79" /></phr></stem><stem n="render"><phr n="rendering"><ent r="3" t="104" w="86" /></phr><phr n="rendered"><ent r="4" t="107" w="65" /></phr></stem><stem n="_create_monotonic_count"><phr n="_create_monotonic_counter"><ent r="5" t="105" w="21" /><ent r="5" t="105" w="57" /><ent r="65" t="135" w="66" /><ent r="1000" t="233" w="4" /><ent r="72" t="233" w="9" /><ent r="4" t="233" w="14" /><ent r="4" t="233" w="289" /><ent r="4" t="233" w="448" /><ent r="4" t="234" w="26" /></phr></stem><stem n="_uuid"><phr n="_UUID"><ent r="5" t="105" w="42" /><ent r="3" t="232" w="160" /><ent r="4" t="233" w="57" /><ent r="3" t="234" w="53" /><ent r="3" t="234" w="60" /><ent r="4" t="235" w="54" /><ent r="4" t="236" w="52" /></phr></stem><stem n="uuid"><phr n="UUID"><ent r="5" t="105" w="42" /><ent r="3" t="232" w="50" /><ent r="3" t="232" w="53" /><ent r="3" t="232" w="160" /><ent r="3" t="232" w="534" /><ent r="3" t="233" w="42" /><ent r="3" t="233" w="45" /><ent r="4" t="233" w="57" /><ent r="3" t="233" w="442" /><ent r="3" t="234" w="50" /><ent r="3" t="234" w="53" /><ent r="3" t="234" w="60" /><ent r="3" t="235" w="39" /><ent r="3" t="235" w="42" /><ent r="4" t="235" w="54" /><ent r="3" t="236" w="37" /><ent r="3" t="236" w="40" /><ent r="4" t="236" w="52" /><ent r="65" t="247" w="227" /><ent r="1000" t="289" w="3" /><ent r="72" t="289" w="8" /><ent r="3" t="289" w="24" /><ent r="3" t="289" w="33" /><ent r="3" t="289" w="41" /><ent r="3" t="289" w="50" /><ent r="3" t="289" w="60" /><ent r="3" t="289" w="66" /></phr><phr n="UUIDs"><ent r="3" t="232" w="565" /><ent r="3" t="233" w="472" /></phr></stem><stem n="_valu"><phr n="_Value"><ent r="5" t="105" w="49" /><ent r="5" t="106" w="59" /><ent r="5" t="106" w="77" /><ent r="5" t="107" w="136" /><ent r="3" t="232" w="58" /><ent r="3" t="232" w="181" /><ent r="3" t="233" w="50" /><ent r="3" t="233" w="78" /><ent r="3" t="235" w="47" /><ent r="4" t="235" w="66" /><ent r="3" t="236" w="45" /><ent r="4" t="236" w="64" /></phr></stem><stem n="_seal_data"><phr n="_seal_data"><ent r="5" t="105" w="73" /><ent r="5" t="107" w="152" /><ent r="5" t="110" w="72" /><ent r="65" t="132" w="78" /><ent r="4" t="133" w="239" /><ent r="5" t="134" w="130" /><ent r="3" t="199" w="104" /><ent r="64" t="200" w="99" /><ent r="1000" t="201" w="3" /><ent r="72" t="201" w="7" /><ent r="4" t="201" w="516" /><ent r="4" t="202" w="74" /><ent r="4" t="202" w="170" /><ent r="3" t="202" w="255" /><ent r="4" t="202" w="697" /><ent r="4" t="202" w="733" /><ent r="4" t="202" w="792" /><ent r="4" t="203" w="60" /></phr></stem><stem n="_unseal_data"><phr n="_unseal_data"><ent r="5" t="106" w="23" /><ent r="5" t="111" w="23" /><ent r="65" t="132" w="87" /><ent r="5" t="134" w="194" /><ent r="64" t="199" w="58" /><ent r="64" t="199" w="178" /><ent r="64" t="200" w="52" /><ent r="3" t="200" w="165" /><ent r="1000" t="203" w="3" /><ent r="72" t="203" w="7" /><ent r="4" t="203" w="247" /><ent r="4" t="203" w="352" /><ent r="4" t="203" w="632" /></phr></stem><stem n="_read_monotonic_count"><phr n="_read_monotonic_counter"><ent r="5" t="106" w="43" /><ent r="5" t="106" w="67" /><ent r="5" t="107" w="120" /><ent r="65" t="135" w="81" /><ent r="1000" t="236" w="4" /><ent r="72" t="236" w="9" /><ent r="4" t="236" w="14" /><ent r="4" t="236" w="253" /><ent r="4" t="236" w="291" /></phr></stem><stem n="expir"><phr n="expired"><ent r="4" t="107" w="33" /><ent r="4" t="107" w="55" /><ent r="4" t="108" w="104" /><ent r="4" t="109" w="75" /><ent r="4" t="111" w="85" /></phr><phr n="expires"><ent r="3" t="109" w="33" /></phr><phr n="expiration"><ent r="4" t="109" w="66" /></phr></stem><stem n="compar"><phr n="comparing"><ent r="4" t="107" w="37" /></phr><phr n="compares"><ent r="3" t="166" w="132" /><ent r="3" t="167" w="132" /><ent r="3" t="197" w="168" /></phr><phr n="compare"><ent r="3" t="231" w="280" /></phr></stem><stem n="predetermin"><phr n="predetermined"><ent r="4" t="107" w="47" /></phr></stem><stem n="threshold"><phr n="threshold"><ent r="4" t="107" w="48" /><ent r="6" t="313" w="167" /><ent r="6" t="313" w="302" /></phr></stem><stem n="increas"><phr n="Increases"><ent r="4" t="107" w="69" /></phr><phr n="increase"><ent r="3" t="138" w="58" /><ent r="3" t="235" w="286" /></phr><phr n="increased"><ent r="3" t="257" w="91" /></phr></stem><stem n="mc"><phr n="MC"><ent r="4" t="107" w="77" /><ent r="3" t="232" w="49" /><ent r="4" t="232" w="239" /><ent r="3" t="232" w="258" /><ent r="3" t="232" w="443" /><ent r="3" t="232" w="483" /><ent r="3" t="232" w="494" /><ent r="3" t="232" w="516" /><ent r="3" t="232" w="533" /><ent r="3" t="232" w="547" /><ent r="3" t="232" w="564" /><ent r="3" t="232" w="574" /><ent r="3" t="233" w="41" /><ent r="4" t="233" w="136" /><ent r="4" t="233" w="155" /><ent r="3" t="233" w="353" /><ent r="3" t="233" w="393" /><ent r="3" t="233" w="404" /><ent r="3" t="233" w="441" /><ent r="3" t="233" w="454" /><ent r="3" t="233" w="471" /><ent r="3" t="233" w="481" /><ent r="3" t="234" w="49" /><ent r="4" t="234" w="109" /><ent r="4" t="234" w="126" /><ent r="3" t="234" w="336" /><ent r="3" t="234" w="376" /><ent r="3" t="234" w="387" /><ent r="3" t="235" w="38" /><ent r="4" t="235" w="124" /><ent r="4" t="235" w="141" /><ent r="3" t="235" w="351" /><ent r="3" t="235" w="391" /><ent r="3" t="235" w="402" /><ent r="3" t="236" w="36" /><ent r="4" t="236" w="110" /><ent r="65" t="247" w="226" /><ent r="1000" t="289" w="2" /><ent r="72" t="289" w="7" /><ent r="3" t="289" w="23" /><ent r="3" t="289" w="32" /><ent r="3" t="289" w="40" /><ent r="3" t="289" w="49" /><ent r="3" t="289" w="59" /><ent r="3" t="289" w="65" /><ent r="6" t="310" w="725" /><ent r="6" t="310" w="744" /><ent r="6" t="310" w="766" /><ent r="6" t="310" w="780" /></phr><phr n="MCs"><ent r="3" t="232" w="589" /><ent r="3" t="233" w="424" /><ent r="3" t="233" w="496" /></phr></stem><stem n="increment"><phr n="increment"><ent r="5" t="107" w="81" /><ent r="5" t="107" w="103" /><ent r="65" t="135" w="74" /><ent r="1000" t="235" w="2" /><ent r="72" t="235" w="7" /><ent r="4" t="235" w="12" /><ent r="3" t="235" w="32" /><ent r="4" t="235" w="281" /><ent r="4" t="235" w="319" /><ent r="3" t="236" w="30" /></phr><phr n="incremented"><ent r="3" t="219" w="185" /><ent r="3" t="219" w="315" /><ent r="3" t="220" w="185" /><ent r="3" t="220" w="315" /><ent r="3" t="235" w="63" /><ent r="3" t="235" w="95" /></phr><phr n="increments"><ent r="3" t="219" w="300" /><ent r="3" t="220" w="300" /><ent r="3" t="235" w="16" /></phr><phr n="Incrementing"><ent r="3" t="235" w="347" /></phr></stem><stem n="_increment_monotonic_count"><phr n="_increment_monotonic_counter"><ent r="5" t="107" w="83" /><ent r="5" t="107" w="105" /><ent r="65" t="135" w="76" /><ent r="1000" t="235" w="4" /><ent r="72" t="235" w="9" /><ent r="4" t="235" w="14" /><ent r="4" t="235" w="283" /><ent r="4" t="235" w="321" /></phr></stem><stem n="plu"><phr n="plus"><ent r="4" t="107" w="122" /></phr></stem><stem n="last"><phr n="last"><ent r="4" t="108" w="39" /><ent r="3" t="123" w="165" /><ent r="3" t="169" w="111" /><ent r="3" t="211" w="126" /><ent r="3" t="218" w="127" /></phr></stem><stem n="upload"><phr n="upload"><ent r="4" t="108" w="48" /></phr></stem><stem n="_destroy_monotonic_count"><phr n="_destroy_monotonic_counter"><ent r="5" t="108" w="74" /><ent r="65" t="135" w="71" /><ent r="1000" t="234" w="4" /><ent r="72" t="234" w="9" /><ent r="4" t="234" w="14" /><ent r="4" t="234" w="268" /><ent r="4" t="234" w="306" /></phr></stem><stem n="time-bas"><phr n="Time-Based"><ent r="3" t="109" w="18" /></phr></stem><stem n="digit"><phr n="Digital"><ent r="3" t="109" w="27" /><ent r="3" t="226" w="15" /><ent r="3" t="226" w="206" /><ent r="3" t="226" w="275" /><ent r="3" t="226" w="335" /><ent r="3" t="226" w="362" /><ent r="3" t="227" w="16" /><ent r="3" t="227" w="236" /><ent r="3" t="227" w="328" /><ent r="3" t="227" w="360" /><ent r="3" t="227" w="380" /><ent r="3" t="227" w="393" /><ent r="3" t="227" w="401" /></phr><phr n="digits"><ent r="3" t="123" w="166" /></phr></stem><stem n="drm"><phr n="DRM"><ent r="3" t="109" w="30" /><ent r="3" t="109" w="47" /><ent r="4" t="109" w="59" /><ent r="4" t="109" w="71" /></phr></stem><stem n="(drm)"><phr n="(DRM)"><ent r="3" t="109" w="31" /></phr></stem><stem n="stamp"><phr n="stamp"><ent r="4" t="109" w="63" /><ent r="3" t="231" w="59" /></phr></stem><stem n="_get_trusted_tim"><phr n="_get_trusted_time"><ent r="5" t="110" w="25" /><ent r="5" t="110" w="56" /><ent r="5" t="111" w="37" /><ent r="5" t="111" w="53" /><ent r="65" t="135" w="55" /><ent r="1000" t="231" w="4" /><ent r="72" t="231" w="9" /><ent r="4" t="231" w="14" /></phr></stem><stem n="elaps"><phr n="elapsed"><ent r="4" t="111" w="75" /></phr><phr n="elapses"><ent r="3" t="190" w="36" /><ent r="3" t="191" w="40" /></phr></stem><stem n="zip"><phr n="zip"><ent r="3" t="112" w="46" /><ent r="4" t="112" w="50" /><ent r="3" t="112" w="77" /></phr></stem><stem n=".zip"><phr n=".zip"><ent r="4" t="112" w="50" /></phr></stem><stem n="(sgxsdkinstallpath)src\x509verifi"><phr n="(SGXSDKInstallPath)src\X509Verifier"><ent r="4" t="112" w="68" /></phr></stem><stem n="x509verifi"><phr n="X509Verifier"><ent r="4" t="112" w="68" /></phr></stem><stem n="unzip"><phr n="unzip"><ent r="3" t="112" w="75" /></phr><phr n="unzipped"><ent r="3" t="112" w="86" /></phr></stem><stem n="topenssl"><phr n="topenssl"><ent r="3" t="112" w="137" /><ent r="4" t="112" w="163" /><ent r="3" t="112" w="196" /><ent r="4" t="112" w="257" /></phr></stem><stem n="/crypto"><phr n="/crypto"><ent r="4" t="112" w="164" /></phr></stem><stem n="delimit"><phr n="delimited"><ent r="3" t="112" w="174" /></phr></stem><stem n="_for_sgx"><phr n="_FOR_SGX"><ent r="4" t="112" w="181" /></phr></stem><stem n="::"><phr n="::"><ent r="3" t="112" w="224" /></phr></stem><stem n="exit"><phr n="exits"><ent r="4" t="112" w="272" /><ent r="3" t="141" w="61" /></phr><phr n="exit"><ent r="4" t="118" w="71" /><ent r="4" t="119" w="78" /><ent r="4" t="120" w="72" /><ent r="3" t="141" w="73" /><ent r="4" t="178" w="261" /><ent r="4" t="179" w="179" /><ent r="6" t="316" w="368" /><ent r="6" t="316" w="369" /></phr></stem><stem n="vrfcert"><phr n="vrfcert"><ent r="4" t="112" w="287" /></phr></stem><stem n="_vrfcert/data"><phr n="_vrfcert/data"><ent r="4" t="112" w="288" /></phr></stem><stem n="author"><phr n="Authority"><ent r="3" t="113" w="15" /></phr><phr n="authorized"><ent r="3" t="195" w="269" /><ent r="6" t="310" w="506" /></phr></stem><stem n="ca"><phr n="CA"><ent r="3" t="113" w="16" /><ent r="3" t="113" w="31" /><ent r="3" t="113" w="59" /><ent r="3" t="113" w="75" /><ent r="3" t="113" w="82" /><ent r="3" t="113" w="109" /><ent r="4" t="113" w="169" /><ent r="4" t="113" w="189" /><ent r="4" t="113" w="194" /></phr></stem><stem n="(ca)"><phr n="(CA)"><ent r="3" t="113" w="17" /></phr></stem><stem n="-code"><phr n="-coded"><ent r="3" t="113" w="33" /><ent r="3" t="113" w="33" /><ent r="3" t="113" w="79" /><ent r="3" t="113" w="79" /></phr></stem><stem n="hard-cod"><phr n="hard-coded"><ent r="3" t="113" w="33" /><ent r="3" t="113" w="79" /></phr></stem><stem n="(contain"><phr n="(contains"><ent r="3" t="113" w="83" /></phr></stem><stem n="yourself"><phr n="yourself"><ent r="3" t="113" w="98" /></phr></stem><stem n="(to"><phr n="(to"><ent r="3" t="113" w="99" /></phr></stem><stem n="crl"><phr n="CRL"><ent r="3" t="113" w="122" /></phr></stem><stem n="(crl)."><phr n="(CRL)."><ent r="3" t="113" w="123" /></phr></stem><stem n="_verify_cert"><phr n="_verify_cert"><ent r="4" t="113" w="136" /></phr></stem><stem n="cert"><phr n="cert"><ent r="4" t="113" w="136" /><ent r="4" t="121" w="116" /><ent r="65" t="121" w="154" /><ent r="1000" t="160" w="4" /><ent r="72" t="160" w="10" /><ent r="4" t="160" w="16" /><ent r="4" t="160" w="83" /><ent r="3" t="160" w="95" /><ent r="3" t="160" w="116" /><ent r="4" t="160" w="191" /></phr></stem><stem n="-topic"><phr n="-topics"><ent r="3" t="114" w="25" /><ent r="3" t="114" w="25" /></phr></stem><stem n="sub-top"><phr n="sub-topics"><ent r="3" t="114" w="25" /></phr></stem><stem n="enumer"><phr n="Enumerations"><ent r="65" t="114" w="54" /><ent r="64" t="142" w="130" /><ent r="1000" t="246" w="3" /><ent r="92" t="246" w="7" /></phr><phr n="Enumeration"><ent r="1000" t="117" w="2" /><ent r="82" t="117" w="5" /><ent r="3" t="250" w="18" /><ent r="3" t="251" w="18" /></phr><phr n="enumerate"><ent r="3" t="117" w="11" /><ent r="1000" t="151" w="2" /></phr><phr n="Enumerates"><ent r="3" t="151" w="9" /></phr></stem><stem n="destruct"><phr n="Destruction"><ent r="1000" t="116" w="4" /><ent r="82" t="116" w="9" /><ent r="3" t="133" w="52" /></phr></stem><stem n="_enum_enclav"><phr n="_enum_enclaves"><ent r="65" t="117" w="45" /><ent r="72" t="151" w="7" /><ent r="4" t="151" w="132" /></phr></stem><stem n="rare"><phr n="rare"><ent r="4" t="118" w="31" /><ent r="4" t="119" w="39" /><ent r="4" t="120" w="32" /></phr></stem><stem n="_ra_get_msg1"><phr n="_ra_get_msg1"><ent r="5" t="118" w="55" /><ent r="5" t="119" w="62" /><ent r="65" t="119" w="94" /><ent r="5" t="120" w="56" /><ent r="1000" t="155" w="4" /><ent r="72" t="155" w="9" /><ent r="4" t="155" w="14" /><ent r="4" t="237" w="157" /><ent r="4" t="238" w="237" /></phr></stem><stem n="_ra_proc_msg2"><phr n="_ra_proc_msg2"><ent r="5" t="118" w="62" /><ent r="5" t="119" w="69" /><ent r="65" t="119" w="99" /><ent r="5" t="120" w="63" /><ent r="1000" t="156" w="4" /><ent r="72" t="156" w="9" /><ent r="4" t="156" w="14" /><ent r="4" t="156" w="306" /><ent r="4" t="156" w="700" /><ent r="4" t="237" w="164" /><ent r="4" t="238" w="244" /><ent r="4" t="239" w="60" /><ent r="4" t="239" w="447" /></phr></stem><stem n="_init_quot"><phr n="_init_quote"><ent r="65" t="118" w="87" /><ent r="1000" t="152" w="3" /><ent r="72" t="152" w="7" /><ent r="4" t="152" w="11" /><ent r="4" t="152" w="257" /><ent r="4" t="274" w="32" /><ent r="4" t="276" w="42" /></phr></stem><stem n="_get_quote_s"><phr n="_get_quote_size"><ent r="65" t="118" w="92" /><ent r="1000" t="153" w="4" /><ent r="72" t="153" w="9" /><ent r="4" t="153" w="14" /><ent r="4" t="153" w="151" /><ent r="4" t="154" w="298" /><ent r="1000" t="158" w="4" /><ent r="1000" t="164" w="4" /><ent r="1000" t="165" w="4" /></phr></stem><stem n="_get_quot"><phr n="_get_quote"><ent r="65" t="118" w="96" /><ent r="4" t="153" w="144" /><ent r="1000" t="154" w="3" /><ent r="72" t="154" w="7" /><ent r="4" t="154" w="11" /><ent r="4" t="296" w="316" /></phr></stem><stem n="_report_attestation_statu"><phr n="_report_attestation_status"><ent r="65" t="118" w="101" /><ent r="72" t="157" w="10" /><ent r="4" t="157" w="15" /><ent r="4" t="157" w="48" /><ent r="5" t="157" w="111" /><ent r="5" t="157" w="169" /><ent r="3" t="157" w="223" /><ent r="4" t="157" w="319" /><ent r="4" t="157" w="488" /></phr></stem><stem n="concert"><phr n="concert"><ent r="3" t="119" w="27" /><ent r="3" t="147" w="29" /></phr></stem><stem n="_get_ps_cap"><phr n="_get_ps_cap"><ent r="65" t="120" w="88" /><ent r="1000" t="159" w="4" /><ent r="72" t="159" w="9" /><ent r="4" t="159" w="14" /><ent r="4" t="159" w="170" /></phr></stem><stem n="cap"><phr n="cap"><ent r="65" t="120" w="88" /><ent r="65" t="121" w="45" /><ent r="1000" t="159" w="4" /><ent r="72" t="159" w="9" /><ent r="4" t="159" w="14" /><ent r="3" t="159" w="33" /><ent r="3" t="159" w="37" /><ent r="3" t="159" w="42" /><ent r="4" t="159" w="51" /><ent r="64" t="159" w="60" /><ent r="3" t="159" w="93" /><ent r="4" t="159" w="170" /><ent r="5" t="161" w="357" /><ent r="1000" t="162" w="2" /><ent r="72" t="162" w="7" /><ent r="4" t="162" w="12" /><ent r="3" t="162" w="58" /><ent r="4" t="162" w="269" /><ent r="4" t="162" w="341" /><ent r="5" t="162" w="415" /><ent r="65" t="247" w="215" /><ent r="1000" t="287" w="3" /><ent r="72" t="287" w="8" /><ent r="3" t="287" w="24" /><ent r="3" t="287" w="40" /></phr></stem><stem n="_cap_enable_devic"><phr n="_cap_enable_device"><ent r="65" t="121" w="47" /><ent r="5" t="161" w="359" /><ent r="1000" t="162" w="4" /><ent r="72" t="162" w="9" /><ent r="4" t="162" w="14" /><ent r="4" t="162" w="271" /><ent r="4" t="162" w="343" /><ent r="5" t="162" w="417" /></phr></stem><stem n="acquir"><phr n="acquired"><ent r="3" t="121" w="90" /><ent r="3" t="160" w="57" /><ent r="3" t="174" w="51" /><ent r="3" t="174" w="67" /><ent r="3" t="174" w="95" /><ent r="3" t="174" w="108" /><ent r="3" t="178" w="98" /><ent r="3" t="183" w="169" /><ent r="3" t="257" w="99" /></phr><phr n="acquires"><ent r="3" t="174" w="16" /><ent r="3" t="179" w="143" /><ent r="3" t="182" w="122" /><ent r="3" t="183" w="249" /><ent r="3" t="183" w="337" /></phr><phr n="acquire"><ent r="3" t="177" w="101" /><ent r="3" t="178" w="80" /><ent r="3" t="178" w="88" /><ent r="3" t="179" w="94" /><ent r="3" t="180" w="167" /><ent r="3" t="183" w="158" /><ent r="3" t="257" w="195" /></phr><phr n="acquiring"><ent r="3" t="178" w="246" /><ent r="4" t="178" w="270" /><ent r="3" t="179" w="111" /><ent r="4" t="179" w="188" /><ent r="4" t="182" w="148" /><ent r="3" t="184" w="88" /></phr></stem><stem n="-to-dat"><phr n="-to-date"><ent r="3" t="121" w="92" /><ent r="3" t="121" w="93" /><ent r="3" t="160" w="59" /><ent r="3" t="160" w="60" /><ent r="3" t="160" w="173" /><ent r="3" t="160" w="174" /></phr></stem><stem n="up-to"><phr n="up-to"><ent r="3" t="121" w="92" /><ent r="3" t="160" w="59" /></phr></stem><stem n="up-to-d"><phr n="up-to-date"><ent r="3" t="121" w="92" /><ent r="3" t="160" w="59" /></phr></stem><stem n="to-dat"><phr n="to-date"><ent r="3" t="121" w="93" /><ent r="3" t="160" w="60" /><ent r="3" t="160" w="174" /></phr></stem><stem n="wl"><phr n="wl"><ent r="4" t="121" w="115" /><ent r="65" t="121" w="153" /><ent r="1000" t="160" w="3" /><ent r="72" t="160" w="9" /><ent r="4" t="160" w="15" /><ent r="4" t="160" w="82" /><ent r="3" t="160" w="94" /><ent r="4" t="160" w="190" /></phr></stem><stem n="_register_wl_cert_chain"><phr n="_register_wl_cert_chain"><ent r="4" t="121" w="117" /><ent r="65" t="121" w="155" /><ent r="1000" t="160" w="5" /><ent r="72" t="160" w="11" /><ent r="4" t="160" w="17" /><ent r="4" t="160" w="84" /><ent r="4" t="160" w="192" /></phr></stem><stem n="whitelist"><phr n="whitelist"><ent r="55" t="121" w="124" /><ent r="55" t="121" w="144" /><ent r="65" t="121" w="159" /><ent r="65" t="121" w="164" /><ent r="72" t="164" w="8" /><ent r="4" t="164" w="13" /><ent r="3" t="164" w="33" /><ent r="3" t="164" w="39" /><ent r="4" t="164" w="47" /><ent r="4" t="164" w="80" /><ent r="4" t="164" w="181" /><ent r="4" t="164" w="187" /><ent r="72" t="165" w="8" /><ent r="4" t="165" w="12" /><ent r="3" t="165" w="32" /><ent r="3" t="165" w="37" /><ent r="3" t="165" w="41" /><ent r="4" t="165" w="49" /><ent r="4" t="165" w="56" /><ent r="4" t="165" w="75" /><ent r="4" t="165" w="101" /><ent r="4" t="165" w="109" /></phr></stem><stem n="_get_whitelist_s"><phr n="_get_whitelist_size"><ent r="55" t="121" w="125" /><ent r="65" t="121" w="160" /><ent r="72" t="164" w="9" /><ent r="4" t="164" w="14" /><ent r="4" t="164" w="188" /><ent r="4" t="165" w="76" /></phr></stem><stem n="_get_whitelist"><phr n="_get_whitelist"><ent r="55" t="121" w="144" /><ent r="65" t="121" w="164" /><ent r="4" t="164" w="181" /><ent r="72" t="165" w="8" /><ent r="4" t="165" w="12" /></phr></stem><stem n="_is_cap"><phr n="_is_capable"><ent r="65" t="122" w="51" /><ent r="1000" t="163" w="3" /><ent r="72" t="163" w="7" /><ent r="4" t="163" w="11" /><ent r="4" t="163" w="238" /></phr></stem><stem n="binari"><phr n="binary"><ent r="3" t="123" w="18" /><ent r="3" t="212" w="534" /><ent r="3" t="213" w="559" /><ent r="3" t="226" w="308" /><ent r="6" t="314" w="123" /></phr></stem><stem n="quick"><phr n="quick"><ent r="3" t="123" w="130" /><ent r="3" t="257" w="214" /><ent r="3" t="259" w="90" /></phr></stem><stem n="identif"><phr n="identification"><ent r="3" t="123" w="131" /><ent r="4" t="144" w="98" /><ent r="3" t="186" w="20" /></phr></stem><stem n="_tstdc_version_1.0.0.0"><phr n="_TSTDC_VERSION_1.0.0.0"><ent r="4" t="123" w="160" /></phr></stem><stem n="vari"><phr n="vary"><ent r="3" t="123" w="167" /></phr></stem><stem n="(trts)"><phr n="(tRTS)"><ent r="3" t="124" w="17" /></phr></stem></index>