<?xml version="1.0" encoding="utf-8"?><index><stem n="make"><phr n="makes"><ent r="3" t="0" w="51" /><ent r="4" t="42" w="316" /><ent r="4" t="42" w="360" /><ent r="3" t="58" w="484" /><ent r="3" t="58" w="745" /><ent r="3" t="141" w="29" /><ent r="3" t="178" w="203" /><ent r="3" t="183" w="237" /><ent r="3" t="183" w="302" /><ent r="3" t="184" w="153" /></phr><phr n="make"><ent r="3" t="6" w="97" /><ent r="4" t="13" w="105" /><ent r="3" t="17" w="31" /><ent r="3" t="36" w="107" /><ent r="4" t="42" w="337" /><ent r="4" t="43" w="167" /><ent r="3" t="50" w="105" /><ent r="3" t="51" w="374" /><ent r="3" t="51" w="386" /><ent r="3" t="91" w="76" /><ent r="3" t="101" w="146" /><ent r="3" t="127" w="30" /><ent r="3" t="141" w="125" /><ent r="3" t="142" w="143" /><ent r="3" t="178" w="232" /><ent r="4" t="183" w="366" /><ent r="3" t="237" w="102" /><ent r="3" t="238" w="128" /></phr><phr n="making"><ent r="6" t="7" w="305" /><ent r="3" t="39" w="13" /><ent r="3" t="39" w="111" /><ent r="3" t="223" w="66" /><ent r="3" t="225" w="52" /></phr></stem><stem n="possibl"><phr n="possible"><ent r="3" t="0" w="54" /><ent r="3" t="6" w="104" /><ent r="3" t="6" w="170" /><ent r="6" t="7" w="304" /><ent r="4" t="39" w="189" /><ent r="3" t="39" w="245" /><ent r="3" t="150" w="165" /><ent r="3" t="269" w="127" /><ent r="3" t="269" w="196" /></phr></stem><stem n="enclav"><phr n="enclaves"><ent r="3" t="0" w="59" /><ent r="3" t="0" w="60" /><ent r="3" t="4" w="145" /><ent r="3" t="4" w="164" /><ent r="6" t="5" w="97" /><ent r="6" t="5" w="287" /><ent r="3" t="5" w="309" /><ent r="6" t="7" w="13" /><ent r="6" t="7" w="14" /><ent r="6" t="7" w="175" /><ent r="6" t="7" w="177" /><ent r="4" t="13" w="92" /><ent r="3" t="16" w="28" /><ent r="3" t="17" w="18" /><ent r="3" t="17" w="35" /><ent r="4" t="17" w="53" /><ent r="4" t="17" w="73" /><ent r="3" t="17" w="138" /><ent r="3" t="17" w="227" /><ent r="3" t="17" w="233" /><ent r="3" t="17" w="279" /><ent r="3" t="17" w="312" /><ent r="3" t="17" w="333" /><ent r="65" t="20" w="246" /><ent r="65" t="20" w="256" /><ent r="5" t="23" w="46" /><ent r="3" t="25" w="30" /><ent r="5" t="27" w="100" /><ent r="3" t="30" w="267" /><ent r="3" t="30" w="279" /><ent r="7" t="35" w="547" /><ent r="7" t="35" w="651" /><ent r="3" t="36" w="94" /><ent r="3" t="36" w="294" /><ent r="3" t="36" w="310" /><ent r="4" t="36" w="361" /><ent r="4" t="36" w="515" /><ent r="3" t="39" w="100" /><ent r="1000" t="43" w="4" /><ent r="92" t="43" w="9" /><ent r="3" t="44" w="18" /><ent r="3" t="44" w="40" /><ent r="3" t="44" w="68" /><ent r="3" t="44" w="107" /><ent r="3" t="44" w="150" /><ent r="3" t="44" w="212" /><ent r="6" t="47" w="129" /><ent r="3" t="48" w="18" /><ent r="6" t="49" w="54" /><ent r="6" t="49" w="123" /><ent r="3" t="68" w="79" /><ent r="4" t="77" w="262" /><ent r="4" t="77" w="285" /><ent r="4" t="78" w="142" /><ent r="4" t="92" w="46" /><ent r="3" t="93" w="12" /><ent r="3" t="93" w="36" /><ent r="3" t="93" w="46" /><ent r="3" t="94" w="42" /><ent r="4" t="94" w="412" /><ent r="3" t="95" w="17" /><ent r="3" t="96" w="23" /><ent r="3" t="96" w="50" /><ent r="3" t="96" w="139" /><ent r="3" t="103" w="46" /><ent r="3" t="116" w="20" /><ent r="3" t="117" w="25" /><ent r="3" t="117" w="37" /><ent r="65" t="117" w="45" /><ent r="3" t="118" w="11" /><ent r="4" t="118" w="38" /><ent r="3" t="119" w="22" /><ent r="4" t="119" w="45" /><ent r="4" t="120" w="39" /><ent r="3" t="136" w="24" /><ent r="3" t="138" w="67" /><ent r="3" t="145" w="148" /><ent r="3" t="147" w="24" /><ent r="3" t="149" w="260" /><ent r="3" t="149" w="708" /><ent r="3" t="149" w="723" /><ent r="1000" t="151" w="3" /><ent r="72" t="151" w="7" /><ent r="3" t="151" w="16" /><ent r="3" t="151" w="35" /><ent r="4" t="151" w="132" /><ent r="3" t="152" w="30" /><ent r="3" t="152" w="221" /><ent r="3" t="154" w="453" /><ent r="3" t="155" w="363" /><ent r="3" t="156" w="585" /><ent r="3" t="157" w="462" /><ent r="3" t="160" w="198" /><ent r="3" t="196" w="212" /><ent r="3" t="228" w="141" /><ent r="3" t="231" w="239" /><ent r="4" t="232" w="78" /><ent r="3" t="232" w="369" /><ent r="3" t="233" w="265" /><ent r="3" t="233" w="306" /><ent r="3" t="234" w="244" /><ent r="3" t="235" w="259" /><ent r="3" t="236" w="229" /><ent r="4" t="269" w="310" /><ent r="6" t="310" w="347" /><ent r="65" t="311" w="17" /><ent r="65" t="311" w="25" /><ent r="92" t="312" w="12" /><ent r="3" t="312" w="24" /><ent r="92" t="313" w="15" /><ent r="3" t="313" w="28" /><ent r="4" t="315" w="462" /></phr><phr n="enclave"><ent r="3" t="0" w="73" /><ent r="3" t="4" w="53" /><ent r="3" t="4" w="57" /><ent r="3" t="4" w="71" /><ent r="3" t="4" w="74" /><ent r="3" t="4" w="83" /><ent r="4" t="4" w="99" /><ent r="4" t="4" w="110" /><ent r="3" t="4" w="157" /><ent r="6" t="5" w="29" /><ent r="6" t="5" w="39" /><ent r="6" t="5" w="58" /><ent r="6" t="5" w="69" /><ent r="6" t="5" w="110" /><ent r="6" t="5" w="131" /><ent r="6" t="5" w="148" /><ent r="6" t="5" w="154" /><ent r="6" t="5" w="169" /><ent r="6" t="5" w="201" /><ent r="3" t="5" w="314" /><ent r="3" t="5" w="323" /><ent r="3" t="5" w="329" /><ent r="3" t="5" w="342" /><ent r="3" t="5" w="356" /><ent r="3" t="5" w="366" /><ent r="4" t="6" w="53" /><ent r="4" t="6" w="57" /><ent r="6" t="6" w="80" /><ent r="3" t="6" w="109" /><ent r="3" t="6" w="122" /><ent r="3" t="6" w="135" /><ent r="3" t="6" w="138" /><ent r="3" t="6" w="159" /><ent r="3" t="6" w="247" /><ent r="3" t="6" w="263" /><ent r="6" t="7" w="30" /><ent r="6" t="7" w="33" /><ent r="6" t="7" w="36" /><ent r="57" t="7" w="41" /><ent r="57" t="7" w="47" /><ent r="6" t="7" w="69" /><ent r="6" t="7" w="77" /><ent r="6" t="7" w="103" /><ent r="6" t="7" w="106" /><ent r="6" t="7" w="143" /><ent r="6" t="7" w="149" /><ent r="6" t="7" w="152" /><ent r="6" t="7" w="195" /><ent r="6" t="7" w="198" /><ent r="6" t="7" w="221" /><ent r="6" t="7" w="224" /><ent r="65" t="9" w="58" /><ent r="3" t="10" w="53" /><ent r="1000" t="11" w="3" /><ent r="82" t="11" w="7" /><ent r="6" t="11" w="45" /><ent r="5" t="11" w="99" /><ent r="5" t="11" w="107" /><ent r="5" t="11" w="112" /><ent r="8" t="11" w="120" /><ent r="8" t="11" w="123" /><ent r="8" t="11" w="126" /><ent r="8" t="11" w="134" /><ent r="8" t="11" w="147" /><ent r="8" t="11" w="157" /><ent r="8" t="11" w="170" /><ent r="8" t="11" w="184" /><ent r="8" t="11" w="189" /><ent r="5" t="11" w="202" /><ent r="5" t="11" w="211" /><ent r="6" t="11" w="223" /><ent r="67" t="11" w="230" /><ent r="3" t="13" w="41" /><ent r="3" t="13" w="45" /><ent r="65" t="13" w="60" /><ent r="4" t="13" w="67" /><ent r="65" t="13" w="71" /><ent r="4" t="13" w="77" /><ent r="65" t="13" w="86" /><ent r="4" t="13" w="109" /><ent r="1000" t="14" w="4" /><ent r="82" t="14" w="7" /><ent r="4" t="14" w="10" /><ent r="3" t="14" w="20" /><ent r="3" t="14" w="24" /><ent r="3" t="14" w="31" /><ent r="3" t="14" w="39" /><ent r="64" t="14" w="43" /><ent r="4" t="14" w="50" /><ent r="3" t="14" w="62" /><ent r="3" t="14" w="86" /><ent r="3" t="14" w="95" /><ent r="3" t="14" w="100" /><ent r="4" t="14" w="109" /><ent r="3" t="14" w="123" /><ent r="3" t="14" w="137" /><ent r="3" t="14" w="154" /><ent r="7" t="14" w="174" /><ent r="6" t="14" w="221" /><ent r="3" t="14" w="251" /><ent r="3" t="14" w="296" /><ent r="3" t="14" w="309" /><ent r="64" t="14" w="328" /><ent r="3" t="14" w="338" /><ent r="3" t="14" w="354" /><ent r="3" t="14" w="367" /><ent r="3" t="14" w="374" /><ent r="3" t="14" w="392" /><ent r="64" t="14" w="438" /><ent r="1000" t="15" w="1" /><ent r="72" t="15" w="6" /><ent r="3" t="15" w="27" /><ent r="3" t="15" w="40" /><ent r="3" t="15" w="65" /><ent r="3" t="15" w="95" /><ent r="3" t="15" w="98" /><ent r="3" t="15" w="136" /><ent r="3" t="15" w="149" /><ent r="3" t="15" w="159" /><ent r="3" t="15" w="170" /><ent r="3" t="15" w="182" /><ent r="3" t="15" w="226" /><ent r="3" t="15" w="255" /><ent r="3" t="15" w="258" /><ent r="3" t="15" w="278" /><ent r="1000" t="16" w="1" /><ent r="82" t="16" w="4" /><ent r="3" t="16" w="9" /><ent r="3" t="16" w="13" /><ent r="64" t="16" w="36" /><ent r="4" t="16" w="52" /><ent r="3" t="16" w="78" /><ent r="3" t="16" w="88" /><ent r="3" t="16" w="93" /><ent r="4" t="16" w="102" /><ent r="4" t="16" w="107" /><ent r="3" t="16" w="122" /><ent r="3" t="16" w="131" /><ent r="3" t="16" w="143" /><ent r="3" t="16" w="166" /><ent r="3" t="16" w="193" /><ent r="4" t="16" w="219" /><ent r="4" t="16" w="225" /><ent r="4" t="16" w="244" /><ent r="4" t="16" w="254" /><ent r="3" t="16" w="263" /><ent r="3" t="16" w="272" /><ent r="3" t="16" w="287" /><ent r="3" t="16" w="294" /><ent r="4" t="16" w="307" /><ent r="3" t="16" w="318" /><ent r="3" t="16" w="330" /><ent r="3" t="16" w="347" /><ent r="4" t="16" w="399" /><ent r="3" t="16" w="405" /><ent r="3" t="16" w="416" /><ent r="1000" t="17" w="4" /><ent r="82" t="17" w="9" /><ent r="4" t="17" w="12" /><ent r="4" t="17" w="38" /><ent r="4" t="17" w="48" /><ent r="4" t="17" w="87" /><ent r="4" t="17" w="99" /><ent r="4" t="17" w="115" /><ent r="3" t="17" w="147" /><ent r="3" t="17" w="158" /><ent r="4" t="17" w="173" /><ent r="3" t="17" w="186" /><ent r="4" t="17" w="192" /><ent r="3" t="17" w="209" /><ent r="4" t="17" w="221" /><ent r="3" t="17" w="240" /><ent r="3" t="17" w="245" /><ent r="3" t="17" w="259" /><ent r="64" t="17" w="263" /><ent r="3" t="17" w="290" /><ent r="4" t="17" w="399" /><ent r="4" t="17" w="406" /><ent r="3" t="17" w="424" /><ent r="3" t="17" w="470" /><ent r="1000" t="18" w="1" /><ent r="92" t="18" w="5" /><ent r="3" t="18" w="20" /><ent r="3" t="18" w="36" /><ent r="4" t="18" w="42" /><ent r="5" t="18" w="59" /><ent r="5" t="18" w="82" /><ent r="5" t="18" w="103" /><ent r="4" t="18" w="106" /><ent r="4" t="18" w="122" /><ent r="5" t="18" w="136" /><ent r="5" t="18" w="162" /><ent r="4" t="18" w="168" /><ent r="5" t="18" w="179" /><ent r="4" t="18" w="190" /><ent r="4" t="18" w="220" /><ent r="4" t="18" w="233" /><ent r="4" t="18" w="243" /><ent r="65" t="18" w="251" /><ent r="65" t="19" w="28" /><ent r="1000" t="20" w="5" /><ent r="82" t="20" w="12" /><ent r="3" t="20" w="17" /><ent r="3" t="20" w="131" /><ent r="3" t="20" w="168" /><ent r="3" t="20" w="171" /><ent r="3" t="20" w="175" /><ent r="3" t="20" w="181" /><ent r="3" t="20" w="188" /><ent r="4" t="20" w="222" /><ent r="4" t="20" w="235" /><ent r="3" t="22" w="39" /><ent r="3" t="22" w="56" /><ent r="66" t="23" w="49" /><ent r="5" t="23" w="55" /><ent r="5" t="23" w="60" /><ent r="5" t="23" w="68" /><ent r="66" t="23" w="71" /><ent r="5" t="23" w="78" /><ent r="5" t="23" w="96" /><ent r="66" t="23" w="99" /><ent r="5" t="23" w="114" /><ent r="3" t="24" w="47" /><ent r="3" t="24" w="58" /><ent r="3" t="24" w="64" /><ent r="6" t="24" w="185" /><ent r="3" t="24" w="295" /><ent r="4" t="24" w="354" /><ent r="1000" t="25" w="2" /><ent r="92" t="25" w="7" /><ent r="3" t="25" w="35" /><ent r="3" t="25" w="47" /><ent r="3" t="25" w="52" /><ent r="3" t="25" w="56" /><ent r="3" t="25" w="66" /><ent r="3" t="25" w="85" /><ent r="3" t="25" w="140" /><ent r="64" t="26" w="39" /><ent r="6" t="26" w="61" /><ent r="6" t="26" w="71" /><ent r="6" t="26" w="91" /><ent r="6" t="26" w="117" /><ent r="6" t="26" w="123" /><ent r="6" t="26" w="138" /><ent r="6" t="26" w="158" /><ent r="6" t="26" w="210" /><ent r="6" t="26" w="216" /><ent r="6" t="26" w="224" /><ent r="6" t="26" w="250" /><ent r="6" t="26" w="255" /><ent r="6" t="26" w="276" /><ent r="6" t="26" w="314" /><ent r="6" t="26" w="323" /><ent r="6" t="26" w="331" /><ent r="6" t="26" w="382" /><ent r="6" t="26" w="402" /><ent r="3" t="26" w="504" /><ent r="3" t="26" w="556" /><ent r="1000" t="27" w="1" /><ent r="82" t="27" w="6" /><ent r="3" t="27" w="12" /><ent r="3" t="27" w="23" /><ent r="5" t="27" w="71" /><ent r="56" t="27" w="143" /><ent r="5" t="27" w="167" /><ent r="7" t="27" w="202" /><ent r="7" t="27" w="210" /><ent r="58" t="27" w="220" /><ent r="7" t="27" w="242" /><ent r="7" t="27" w="309" /><ent r="5" t="27" w="353" /><ent r="6" t="28" w="38" /><ent r="6" t="28" w="53" /><ent r="6" t="28" w="65" /><ent r="6" t="28" w="73" /><ent r="67" t="28" w="83" /><ent r="6" t="28" w="115" /><ent r="6" t="28" w="128" /><ent r="3" t="29" w="10" /><ent r="3" t="29" w="25" /><ent r="1000" t="30" w="1" /><ent r="82" t="30" w="5" /><ent r="3" t="30" w="17" /><ent r="3" t="30" w="49" /><ent r="5" t="30" w="81" /><ent r="5" t="30" w="95" /><ent r="5" t="30" w="96" /><ent r="5" t="30" w="104" /><ent r="5" t="30" w="120" /><ent r="6" t="30" w="134" /><ent r="7" t="30" w="141" /><ent r="7" t="30" w="142" /><ent r="7" t="30" w="150" /><ent r="6" t="30" w="163" /><ent r="7" t="30" w="167" /><ent r="6" t="30" w="189" /><ent r="7" t="30" w="201" /><ent r="7" t="30" w="202" /><ent r="7" t="30" w="210" /><ent r="7" t="30" w="222" /><ent r="3" t="30" w="254" /><ent r="4" t="31" w="72" /><ent r="3" t="31" w="88" /><ent r="1000" t="32" w="3" /><ent r="92" t="32" w="8" /><ent r="3" t="32" w="15" /><ent r="4" t="32" w="27" /><ent r="65" t="32" w="35" /><ent r="5" t="32" w="43" /><ent r="4" t="32" w="53" /><ent r="4" t="32" w="63" /><ent r="4" t="32" w="74" /><ent r="65" t="32" w="89" /><ent r="3" t="32" w="107" /><ent r="3" t="33" w="40" /><ent r="1000" t="34" w="6" /><ent r="82" t="34" w="17" /><ent r="3" t="34" w="33" /><ent r="3" t="34" w="302" /><ent r="3" t="34" w="399" /><ent r="3" t="35" w="34" /><ent r="3" t="35" w="56" /><ent r="3" t="35" w="75" /><ent r="3" t="35" w="87" /><ent r="3" t="35" w="109" /><ent r="3" t="35" w="120" /><ent r="3" t="35" w="133" /><ent r="3" t="35" w="138" /><ent r="3" t="35" w="145" /><ent r="3" t="35" w="149" /><ent r="3" t="35" w="153" /><ent r="4" t="35" w="170" /><ent r="3" t="35" w="178" /><ent r="3" t="35" w="213" /><ent r="3" t="35" w="214" /><ent r="4" t="35" w="264" /><ent r="5" t="35" w="307" /><ent r="3" t="35" w="349" /><ent r="3" t="35" w="366" /><ent r="3" t="35" w="372" /><ent r="3" t="35" w="394" /><ent r="3" t="35" w="429" /><ent r="8" t="35" w="488" /><ent r="8" t="35" w="573" /><ent r="1000" t="36" w="1" /><ent r="92" t="36" w="8" /><ent r="3" t="36" w="14" /><ent r="3" t="36" w="44" /><ent r="3" t="36" w="50" /><ent r="3" t="36" w="69" /><ent r="3" t="36" w="80" /><ent r="3" t="36" w="99" /><ent r="64" t="36" w="116" /><ent r="3" t="36" w="140" /><ent r="3" t="36" w="154" /><ent r="3" t="36" w="167" /><ent r="4" t="36" w="177" /><ent r="3" t="36" w="216" /><ent r="3" t="36" w="221" /><ent r="3" t="36" w="228" /><ent r="3" t="36" w="324" /><ent r="3" t="36" w="329" /><ent r="4" t="36" w="346" /><ent r="4" t="36" w="377" /><ent r="5" t="36" w="385" /><ent r="5" t="36" w="390" /><ent r="5" t="36" w="402" /><ent r="5" t="36" w="415" /><ent r="5" t="36" w="419" /><ent r="5" t="36" w="440" /><ent r="5" t="36" w="450" /><ent r="66" t="36" w="465" /><ent r="5" t="36" w="470" /><ent r="1000" t="38" w="1" /><ent r="102" t="38" w="7" /><ent r="3" t="38" w="16" /><ent r="65" t="38" w="21" /><ent r="65" t="38" w="28" /><ent r="65" t="38" w="34" /><ent r="65" t="38" w="37" /><ent r="65" t="38" w="47" /><ent r="65" t="38" w="56" /><ent r="3" t="38" w="60" /><ent r="4" t="38" w="76" /><ent r="4" t="38" w="104" /><ent r="4" t="38" w="114" /><ent r="4" t="38" w="121" /><ent r="65" t="38" w="140" /><ent r="4" t="38" w="151" /><ent r="116" t="38" w="165" /><ent r="4" t="38" w="176" /><ent r="1000" t="39" w="2" /><ent r="92" t="39" w="6" /><ent r="3" t="39" w="15" /><ent r="3" t="39" w="30" /><ent r="3" t="39" w="45" /><ent r="3" t="39" w="59" /><ent r="3" t="39" w="122" /><ent r="4" t="39" w="125" /><ent r="4" t="39" w="148" /><ent r="4" t="39" w="160" /><ent r="4" t="39" w="179" /><ent r="4" t="39" w="187" /><ent r="4" t="39" w="199" /><ent r="4" t="39" w="207" /><ent r="4" t="39" w="222" /><ent r="4" t="39" w="229" /><ent r="3" t="39" w="243" /><ent r="64" t="39" w="263" /><ent r="7" t="39" w="289" /><ent r="7" t="39" w="454" /><ent r="7" t="39" w="465" /><ent r="7" t="39" w="480" /><ent r="7" t="39" w="519" /><ent r="7" t="39" w="528" /><ent r="7" t="39" w="578" /><ent r="7" t="39" w="590" /><ent r="1000" t="40" w="5" /><ent r="92" t="40" w="11" /><ent r="3" t="40" w="15" /><ent r="3" t="40" w="22" /><ent r="3" t="40" w="55" /><ent r="3" t="40" w="68" /><ent r="3" t="40" w="100" /><ent r="3" t="40" w="160" /><ent r="3" t="40" w="203" /><ent r="3" t="40" w="221" /><ent r="3" t="40" w="231" /><ent r="3" t="40" w="257" /><ent r="3" t="40" w="282" /><ent r="1000" t="42" w="5" /><ent r="92" t="42" w="11" /><ent r="3" t="42" w="20" /><ent r="64" t="42" w="58" /><ent r="3" t="42" w="68" /><ent r="3" t="42" w="92" /><ent r="3" t="42" w="95" /><ent r="3" t="42" w="108" /><ent r="4" t="42" w="136" /><ent r="4" t="42" w="200" /><ent r="4" t="42" w="356" /><ent r="4" t="42" w="388" /><ent r="65" t="42" w="394" /><ent r="4" t="42" w="459" /><ent r="4" t="42" w="616" /><ent r="4" t="42" w="653" /><ent r="3" t="42" w="693" /><ent r="3" t="42" w="739" /><ent r="3" t="42" w="831" /><ent r="3" t="43" w="29" /><ent r="4" t="43" w="84" /><ent r="4" t="43" w="115" /><ent r="4" t="43" w="171" /><ent r="3" t="43" w="260" /><ent r="4" t="43" w="303" /><ent r="4" t="43" w="352" /><ent r="5" t="43" w="385" /><ent r="5" t="43" w="405" /><ent r="66" t="43" w="456" /><ent r="4" t="43" w="472" /><ent r="4" t="43" w="501" /><ent r="5" t="43" w="526" /><ent r="6" t="43" w="544" /><ent r="3" t="44" w="23" /><ent r="3" t="44" w="85" /><ent r="3" t="44" w="140" /><ent r="3" t="44" w="167" /><ent r="3" t="44" w="209" /><ent r="4" t="44" w="241" /><ent r="55" t="44" w="254" /><ent r="55" t="44" w="271" /><ent r="4" t="44" w="307" /><ent r="92" t="45" w="6" /><ent r="3" t="45" w="17" /><ent r="3" t="46" w="8" /><ent r="3" t="46" w="26" /><ent r="3" t="46" w="40" /><ent r="3" t="46" w="45" /><ent r="3" t="46" w="63" /><ent r="4" t="46" w="84" /><ent r="4" t="46" w="92" /><ent r="55" t="46" w="103" /><ent r="3" t="48" w="56" /><ent r="3" t="48" w="75" /><ent r="3" t="48" w="102" /><ent r="5" t="49" w="243" /><ent r="1000" t="51" w="1" /><ent r="92" t="51" w="7" /><ent r="3" t="51" w="12" /><ent r="3" t="51" w="21" /><ent r="3" t="51" w="48" /><ent r="3" t="51" w="62" /><ent r="3" t="51" w="107" /><ent r="3" t="51" w="135" /><ent r="3" t="51" w="188" /><ent r="3" t="52" w="16" /><ent r="3" t="53" w="66" /><ent r="3" t="53" w="75" /><ent r="3" t="53" w="123" /><ent r="3" t="53" w="203" /><ent r="3" t="54" w="20" /><ent r="6" t="54" w="115" /><ent r="3" t="56" w="39" /><ent r="3" t="56" w="146" /><ent r="4" t="57" w="89" /><ent r="4" t="58" w="63" /><ent r="4" t="58" w="73" /><ent r="4" t="58" w="112" /><ent r="4" t="58" w="127" /><ent r="3" t="58" w="245" /><ent r="3" t="58" w="328" /><ent r="3" t="58" w="359" /><ent r="3" t="58" w="376" /><ent r="3" t="58" w="384" /><ent r="3" t="58" w="398" /><ent r="3" t="58" w="416" /><ent r="3" t="58" w="483" /><ent r="4" t="58" w="571" /><ent r="3" t="58" w="625" /><ent r="3" t="58" w="641" /><ent r="3" t="58" w="651" /><ent r="3" t="58" w="663" /><ent r="3" t="58" w="683" /><ent r="3" t="58" w="744" /><ent r="3" t="59" w="30" /><ent r="3" t="59" w="43" /><ent r="3" t="59" w="73" /><ent r="3" t="59" w="136" /><ent r="3" t="59" w="166" /><ent r="3" t="59" w="171" /><ent r="3" t="59" w="272" /><ent r="4" t="59" w="411" /><ent r="4" t="59" w="436" /><ent r="4" t="59" w="473" /><ent r="4" t="59" w="506" /><ent r="4" t="59" w="543" /><ent r="4" t="59" w="567" /><ent r="4" t="59" w="634" /><ent r="4" t="59" w="696" /><ent r="4" t="59" w="747" /><ent r="4" t="59" w="753" /><ent r="4" t="59" w="806" /><ent r="4" t="59" w="813" /><ent r="6" t="59" w="883" /><ent r="6" t="59" w="892" /><ent r="6" t="59" w="901" /><ent r="6" t="59" w="912" /><ent r="6" t="59" w="929" /><ent r="6" t="59" w="950" /><ent r="3" t="61" w="73" /><ent r="3" t="62" w="301" /><ent r="3" t="62" w="388" /><ent r="3" t="62" w="545" /><ent r="3" t="64" w="67" /><ent r="3" t="64" w="187" /><ent r="3" t="64" w="301" /><ent r="3" t="64" w="455" /><ent r="3" t="64" w="494" /><ent r="3" t="64" w="567" /><ent r="3" t="65" w="12" /><ent r="3" t="67" w="6" /><ent r="3" t="67" w="61" /><ent r="3" t="67" w="120" /><ent r="3" t="68" w="86" /><ent r="3" t="68" w="97" /><ent r="3" t="69" w="226" /><ent r="3" t="69" w="325" /><ent r="3" t="70" w="42" /><ent r="3" t="70" w="134" /><ent r="1000" t="71" w="1" /><ent r="82" t="71" w="6" /><ent r="3" t="71" w="44" /><ent r="3" t="71" w="47" /><ent r="3" t="71" w="73" /><ent r="3" t="71" w="172" /><ent r="3" t="71" w="218" /><ent r="3" t="71" w="221" /><ent r="3" t="71" w="241" /><ent r="3" t="71" w="268" /><ent r="3" t="71" w="295" /><ent r="3" t="72" w="36" /><ent r="3" t="72" w="46" /><ent r="3" t="72" w="59" /><ent r="3" t="72" w="87" /><ent r="3" t="73" w="94" /><ent r="3" t="73" w="105" /><ent r="1000" t="74" w="1" /><ent r="92" t="74" w="5" /><ent r="3" t="74" w="10" /><ent r="3" t="74" w="25" /><ent r="3" t="74" w="34" /><ent r="3" t="74" w="41" /><ent r="3" t="74" w="64" /><ent r="3" t="74" w="144" /><ent r="6" t="74" w="247" /><ent r="6" t="74" w="253" /><ent r="3" t="74" w="322" /><ent r="64" t="74" w="360" /><ent r="1000" t="75" w="1" /><ent r="92" t="75" w="5" /><ent r="3" t="75" w="14" /><ent r="3" t="75" w="30" /><ent r="4" t="75" w="77" /><ent r="55" t="75" w="92" /><ent r="55" t="75" w="101" /><ent r="55" t="75" w="113" /><ent r="4" t="75" w="129" /><ent r="5" t="75" w="136" /><ent r="5" t="75" w="164" /><ent r="55" t="75" w="207" /><ent r="55" t="75" w="216" /><ent r="4" t="75" w="231" /><ent r="5" t="75" w="236" /><ent r="55" t="75" w="258" /><ent r="4" t="75" w="286" /><ent r="5" t="75" w="290" /><ent r="55" t="75" w="339" /><ent r="55" t="75" w="343" /><ent r="55" t="75" w="353" /><ent r="56" t="75" w="357" /><ent r="4" t="75" w="455" /><ent r="5" t="75" w="458" /><ent r="4" t="75" w="475" /><ent r="3" t="75" w="492" /><ent r="64" t="75" w="498" /><ent r="64" t="75" w="504" /><ent r="1000" t="76" w="5" /><ent r="92" t="76" w="11" /><ent r="3" t="76" w="13" /><ent r="3" t="76" w="26" /><ent r="54" t="76" w="29" /><ent r="3" t="76" w="36" /><ent r="4" t="76" w="45" /><ent r="54" t="76" w="49" /><ent r="3" t="76" w="64" /><ent r="3" t="76" w="103" /><ent r="3" t="76" w="132" /><ent r="4" t="76" w="140" /><ent r="4" t="76" w="147" /><ent r="3" t="76" w="160" /><ent r="3" t="76" w="180" /><ent r="54" t="76" w="184" /><ent r="3" t="76" w="199" /><ent r="3" t="76" w="225" /><ent r="3" t="76" w="234" /><ent r="3" t="76" w="235" /><ent r="3" t="76" w="257" /><ent r="3" t="76" w="269" /><ent r="3" t="76" w="280" /><ent r="3" t="76" w="283" /><ent r="3" t="76" w="292" /><ent r="3" t="77" w="40" /><ent r="3" t="77" w="47" /><ent r="4" t="77" w="74" /><ent r="3" t="77" w="83" /><ent r="3" t="77" w="109" /><ent r="3" t="77" w="122" /><ent r="4" t="77" w="140" /><ent r="3" t="77" w="161" /><ent r="4" t="77" w="165" /><ent r="4" t="77" w="174" /><ent r="3" t="77" w="187" /><ent r="3" t="77" w="197" /><ent r="3" t="77" w="210" /><ent r="3" t="77" w="217" /><ent r="5" t="77" w="249" /><ent r="4" t="77" w="274" /><ent r="5" t="77" w="294" /><ent r="4" t="78" w="95" /><ent r="55" t="78" w="188" /><ent r="1000" t="79" w="2" /><ent r="92" t="79" w="5" /><ent r="3" t="79" w="21" /><ent r="3" t="79" w="32" /><ent r="4" t="79" w="39" /><ent r="4" t="79" w="52" /><ent r="1000" t="81" w="3" /><ent r="82" t="81" w="7" /><ent r="3" t="81" w="19" /><ent r="3" t="81" w="21" /><ent r="3" t="82" w="29" /><ent r="1000" t="83" w="3" /><ent r="72" t="83" w="7" /><ent r="3" t="83" w="21" /><ent r="64" t="83" w="28" /><ent r="64" t="83" w="62" /><ent r="54" t="83" w="75" /><ent r="3" t="84" w="13" /><ent r="64" t="84" w="38" /><ent r="3" t="85" w="47" /><ent r="3" t="85" w="65" /><ent r="3" t="85" w="84" /><ent r="3" t="85" w="109" /><ent r="64" t="85" w="114" /><ent r="1000" t="86" w="3" /><ent r="82" t="86" w="7" /><ent r="3" t="86" w="12" /><ent r="64" t="86" w="21" /><ent r="3" t="86" w="43" /><ent r="3" t="87" w="13" /><ent r="3" t="87" w="21" /><ent r="4" t="87" w="51" /><ent r="3" t="87" w="57" /><ent r="3" t="87" w="127" /><ent r="3" t="87" w="152" /><ent r="3" t="87" w="158" /><ent r="3" t="87" w="167" /><ent r="3" t="87" w="179" /><ent r="3" t="87" w="199" /><ent r="3" t="87" w="207" /><ent r="3" t="88" w="25" /><ent r="3" t="88" w="51" /><ent r="3" t="88" w="65" /><ent r="4" t="89" w="25" /><ent r="4" t="89" w="35" /><ent r="1000" t="90" w="4" /><ent r="72" t="90" w="10" /><ent r="3" t="90" w="20" /><ent r="3" t="90" w="30" /><ent r="3" t="90" w="34" /><ent r="64" t="90" w="41" /><ent r="3" t="90" w="53" /><ent r="3" t="90" w="58" /><ent r="4" t="90" w="97" /><ent r="65" t="90" w="115" /><ent r="1000" t="91" w="8" /><ent r="72" t="91" w="17" /><ent r="3" t="91" w="28" /><ent r="3" t="91" w="48" /><ent r="3" t="91" w="64" /><ent r="3" t="91" w="91" /><ent r="3" t="91" w="104" /><ent r="3" t="91" w="117" /><ent r="4" t="91" w="147" /><ent r="4" t="91" w="159" /><ent r="3" t="92" w="23" /><ent r="3" t="93" w="177" /><ent r="3" t="93" w="179" /><ent r="3" t="94" w="77" /><ent r="3" t="94" w="84" /><ent r="4" t="94" w="155" /><ent r="4" t="94" w="174" /><ent r="4" t="94" w="200" /><ent r="4" t="94" w="203" /><ent r="4" t="94" w="222" /><ent r="4" t="94" w="239" /><ent r="4" t="94" w="249" /><ent r="4" t="94" w="252" /><ent r="4" t="94" w="268" /><ent r="4" t="94" w="271" /><ent r="5" t="94" w="291" /><ent r="4" t="94" w="320" /><ent r="4" t="94" w="334" /><ent r="4" t="94" w="388" /><ent r="4" t="94" w="391" /><ent r="3" t="95" w="21" /><ent r="3" t="95" w="25" /><ent r="3" t="95" w="38" /><ent r="3" t="95" w="42" /><ent r="3" t="95" w="50" /><ent r="3" t="95" w="54" /><ent r="3" t="95" w="59" /><ent r="3" t="95" w="63" /><ent r="3" t="95" w="68" /><ent r="3" t="95" w="71" /><ent r="3" t="95" w="88" /><ent r="72" t="96" w="9" /><ent r="72" t="96" w="11" /><ent r="3" t="96" w="72" /><ent r="3" t="96" w="78" /><ent r="3" t="96" w="105" /><ent r="3" t="96" w="110" /><ent r="3" t="96" w="113" /><ent r="3" t="96" w="119" /><ent r="3" t="96" w="172" /><ent r="3" t="96" w="174" /><ent r="3" t="96" w="180" /><ent r="3" t="96" w="193" /><ent r="3" t="96" w="220" /><ent r="3" t="97" w="49" /><ent r="3" t="97" w="55" /><ent r="3" t="97" w="59" /><ent r="4" t="97" w="144" /><ent r="4" t="97" w="155" /><ent r="3" t="98" w="33" /><ent r="3" t="98" w="186" /><ent r="4" t="98" w="206" /><ent r="3" t="98" w="215" /><ent r="3" t="98" w="221" /><ent r="3" t="98" w="247" /><ent r="3" t="98" w="267" /><ent r="3" t="98" w="318" /><ent r="3" t="98" w="356" /><ent r="4" t="99" w="157" /><ent r="4" t="99" w="178" /><ent r="4" t="99" w="191" /><ent r="4" t="99" w="215" /><ent r="4" t="99" w="265" /><ent r="4" t="99" w="290" /><ent r="4" t="99" w="306" /><ent r="4" t="99" w="325" /><ent r="4" t="99" w="329" /><ent r="4" t="99" w="478" /><ent r="4" t="99" w="640" /><ent r="3" t="99" w="741" /><ent r="3" t="99" w="788" /><ent r="3" t="99" w="804" /><ent r="3" t="101" w="70" /><ent r="3" t="103" w="19" /><ent r="3" t="103" w="26" /><ent r="4" t="105" w="10" /><ent r="4" t="105" w="25" /><ent r="4" t="105" w="61" /><ent r="4" t="106" w="12" /><ent r="4" t="106" w="26" /><ent r="4" t="106" w="53" /><ent r="4" t="106" w="85" /><ent r="4" t="107" w="10" /><ent r="4" t="107" w="16" /><ent r="4" t="107" w="68" /><ent r="4" t="107" w="93" /><ent r="4" t="107" w="126" /><ent r="4" t="107" w="140" /><ent r="4" t="107" w="156" /><ent r="4" t="108" w="10" /><ent r="4" t="108" w="59" /><ent r="4" t="110" w="10" /><ent r="4" t="110" w="29" /><ent r="4" t="110" w="60" /><ent r="4" t="111" w="12" /><ent r="4" t="111" w="27" /><ent r="4" t="111" w="41" /><ent r="4" t="111" w="91" /><ent r="3" t="112" w="194" /><ent r="3" t="112" w="203" /><ent r="3" t="112" w="210" /><ent r="5" t="112" w="227" /><ent r="6" t="112" w="232" /><ent r="4" t="112" w="244" /><ent r="4" t="112" w="262" /><ent r="5" t="112" w="267" /><ent r="3" t="112" w="307" /><ent r="64" t="112" w="326" /><ent r="3" t="112" w="333" /><ent r="3" t="113" w="37" /><ent r="4" t="113" w="142" /><ent r="4" t="113" w="155" /><ent r="4" t="113" w="179" /><ent r="4" t="113" w="202" /><ent r="3" t="115" w="22" /><ent r="1000" t="116" w="1" /><ent r="82" t="116" w="6" /><ent r="65" t="116" w="24" /><ent r="65" t="116" w="28" /><ent r="1000" t="117" w="1" /><ent r="82" t="117" w="4" /><ent r="4" t="118" w="77" /><ent r="4" t="119" w="83" /><ent r="4" t="120" w="77" /><ent r="3" t="121" w="53" /><ent r="3" t="121" w="61" /><ent r="3" t="121" w="79" /><ent r="3" t="121" w="95" /><ent r="54" t="121" w="133" /><ent r="3" t="123" w="17" /><ent r="3" t="123" w="55" /><ent r="3" t="123" w="139" /><ent r="4" t="123" w="180" /><ent r="4" t="123" w="196" /><ent r="3" t="124" w="32" /><ent r="3" t="124" w="45" /><ent r="3" t="125" w="33" /><ent r="65" t="125" w="39" /><ent r="65" t="125" w="44" /><ent r="3" t="125" w="82" /><ent r="3" t="125" w="91" /><ent r="3" t="126" w="40" /><ent r="3" t="126" w="47" /><ent r="3" t="126" w="78" /><ent r="3" t="126" w="89" /><ent r="3" t="126" w="121" /><ent r="4" t="126" w="165" /><ent r="3" t="127" w="24" /><ent r="3" t="127" w="27" /><ent r="3" t="127" w="157" /><ent r="3" t="127" w="227" /><ent r="4" t="127" w="253" /><ent r="4" t="127" w="269" /><ent r="4" t="127" w="286" /><ent r="3" t="128" w="21" /><ent r="3" t="129" w="19" /><ent r="3" t="129" w="22" /><ent r="3" t="129" w="49" /><ent r="3" t="131" w="34" /><ent r="4" t="132" w="52" /><ent r="3" t="133" w="10" /><ent r="3" t="133" w="30" /><ent r="3" t="133" w="31" /><ent r="3" t="133" w="35" /><ent r="3" t="133" w="51" /><ent r="4" t="133" w="60" /><ent r="3" t="133" w="84" /><ent r="3" t="133" w="89" /><ent r="3" t="133" w="111" /><ent r="3" t="133" w="118" /><ent r="3" t="133" w="123" /><ent r="3" t="133" w="139" /><ent r="3" t="133" w="148" /><ent r="3" t="133" w="157" /><ent r="3" t="133" w="162" /><ent r="3" t="133" w="209" /><ent r="3" t="137" w="43" /><ent r="3" t="137" w="81" /><ent r="4" t="137" w="116" /><ent r="54" t="137" w="173" /><ent r="3" t="138" w="40" /><ent r="3" t="138" w="63" /><ent r="3" t="138" w="85" /><ent r="3" t="141" w="16" /><ent r="3" t="141" w="31" /><ent r="3" t="141" w="36" /><ent r="3" t="141" w="63" /><ent r="3" t="141" w="66" /><ent r="3" t="141" w="75" /><ent r="3" t="141" w="78" /><ent r="3" t="141" w="85" /><ent r="3" t="141" w="97" /><ent r="3" t="141" w="108" /><ent r="3" t="141" w="123" /><ent r="3" t="142" w="15" /><ent r="3" t="142" w="43" /><ent r="3" t="142" w="95" /><ent r="3" t="142" w="147" /><ent r="3" t="142" w="177" /><ent r="64" t="142" w="187" /><ent r="1000" t="143" w="4" /><ent r="72" t="143" w="9" /><ent r="3" t="143" w="22" /><ent r="3" t="143" w="33" /><ent r="3" t="144" w="25" /><ent r="3" t="144" w="71" /><ent r="4" t="144" w="106" /><ent r="3" t="144" w="149" /><ent r="4" t="144" w="159" /><ent r="4" t="144" w="173" /><ent r="4" t="144" w="195" /><ent r="3" t="145" w="99" /><ent r="3" t="145" w="157" /><ent r="4" t="148" w="44" /><ent r="1000" t="149" w="3" /><ent r="72" t="149" w="7" /><ent r="3" t="149" w="11" /><ent r="4" t="149" w="26" /><ent r="3" t="149" w="70" /><ent r="3" t="149" w="94" /><ent r="3" t="149" w="97" /><ent r="3" t="149" w="121" /><ent r="3" t="149" w="191" /><ent r="3" t="149" w="197" /><ent r="3" t="149" w="212" /><ent r="3" t="149" w="222" /><ent r="3" t="149" w="238" /><ent r="3" t="149" w="253" /><ent r="3" t="149" w="284" /><ent r="3" t="149" w="340" /><ent r="3" t="149" w="412" /><ent r="4" t="149" w="479" /><ent r="64" t="149" w="489" /><ent r="3" t="149" w="496" /><ent r="3" t="149" w="530" /><ent r="3" t="149" w="550" /><ent r="4" t="149" w="560" /><ent r="3" t="149" w="563" /><ent r="3" t="149" w="574" /><ent r="4" t="149" w="598" /><ent r="4" t="149" w="603" /><ent r="3" t="149" w="608" /><ent r="3" t="149" w="619" /><ent r="3" t="149" w="630" /><ent r="3" t="149" w="643" /><ent r="3" t="149" w="656" /><ent r="3" t="149" w="683" /><ent r="3" t="149" w="710" /><ent r="3" t="149" w="766" /><ent r="3" t="149" w="798" /><ent r="3" t="149" w="818" /><ent r="3" t="149" w="829" /><ent r="3" t="149" w="839" /><ent r="3" t="149" w="862" /><ent r="3" t="149" w="872" /><ent r="4" t="149" w="881" /><ent r="3" t="149" w="899" /><ent r="3" t="149" w="933" /><ent r="4" t="149" w="942" /><ent r="3" t="149" w="945" /><ent r="3" t="149" w="951" /><ent r="3" t="149" w="959" /><ent r="3" t="149" w="967" /><ent r="3" t="149" w="985" /><ent r="4" t="149" w="1048" /><ent r="3" t="149" w="1056" /><ent r="3" t="149" w="1059" /><ent r="3" t="149" w="1102" /><ent r="3" t="149" w="1119" /><ent r="3" t="149" w="1126" /><ent r="3" t="149" w="1143" /><ent r="3" t="149" w="1157" /><ent r="3" t="149" w="1186" /><ent r="3" t="149" w="1215" /><ent r="3" t="149" w="1240" /><ent r="3" t="149" w="1277" /><ent r="3" t="149" w="1291" /><ent r="4" t="149" w="1300" /><ent r="4" t="149" w="1315" /><ent r="1000" t="150" w="3" /><ent r="72" t="150" w="7" /><ent r="4" t="150" w="13" /><ent r="3" t="150" w="18" /><ent r="3" t="150" w="32" /><ent r="3" t="150" w="36" /><ent r="3" t="150" w="39" /><ent r="4" t="150" w="46" /><ent r="3" t="150" w="51" /><ent r="3" t="150" w="61" /><ent r="3" t="150" w="70" /><ent r="4" t="150" w="78" /><ent r="3" t="150" w="82" /><ent r="3" t="150" w="89" /><ent r="3" t="150" w="96" /><ent r="4" t="150" w="108" /><ent r="3" t="150" w="113" /><ent r="3" t="150" w="122" /><ent r="3" t="150" w="139" /><ent r="4" t="150" w="150" /><ent r="3" t="150" w="162" /><ent r="3" t="150" w="183" /><ent r="64" t="150" w="208" /><ent r="3" t="151" w="22" /><ent r="3" t="151" w="25" /><ent r="3" t="151" w="62" /><ent r="3" t="151" w="65" /><ent r="3" t="152" w="68" /><ent r="3" t="152" w="280" /><ent r="3" t="154" w="101" /><ent r="3" t="154" w="227" /><ent r="3" t="155" w="37" /><ent r="3" t="155" w="95" /><ent r="3" t="155" w="144" /><ent r="3" t="155" w="153" /><ent r="3" t="155" w="186" /><ent r="3" t="155" w="206" /><ent r="3" t="155" w="475" /><ent r="3" t="156" w="56" /><ent r="3" t="156" w="67" /><ent r="3" t="156" w="161" /><ent r="3" t="156" w="234" /><ent r="3" t="156" w="269" /><ent r="3" t="156" w="295" /><ent r="3" t="156" w="336" /><ent r="3" t="156" w="362" /><ent r="3" t="157" w="79" /><ent r="4" t="157" w="96" /><ent r="4" t="157" w="103" /><ent r="4" t="157" w="152" /><ent r="4" t="157" w="161" /><ent r="3" t="159" w="159" /><ent r="3" t="160" w="24" /><ent r="3" t="160" w="32" /><ent r="3" t="160" w="50" /><ent r="3" t="160" w="62" /><ent r="3" t="160" w="113" /><ent r="3" t="160" w="176" /><ent r="1000" t="166" w="4" /><ent r="72" t="166" w="9" /><ent r="4" t="166" w="16" /><ent r="3" t="166" w="44" /><ent r="3" t="166" w="54" /><ent r="3" t="166" w="98" /><ent r="3" t="166" w="116" /><ent r="4" t="166" w="129" /><ent r="3" t="166" w="143" /><ent r="3" t="166" w="171" /><ent r="4" t="166" w="184" /><ent r="1000" t="167" w="4" /><ent r="72" t="167" w="9" /><ent r="4" t="167" w="16" /><ent r="3" t="167" w="44" /><ent r="3" t="167" w="54" /><ent r="3" t="167" w="98" /><ent r="3" t="167" w="116" /><ent r="4" t="167" w="129" /><ent r="3" t="167" w="143" /><ent r="3" t="168" w="25" /><ent r="3" t="168" w="78" /><ent r="3" t="168" w="88" /><ent r="3" t="168" w="166" /><ent r="3" t="168" w="176" /><ent r="3" t="169" w="199" /><ent r="3" t="169" w="211" /><ent r="3" t="169" w="221" /><ent r="4" t="169" w="374" /><ent r="3" t="170" w="108" /><ent r="4" t="173" w="35" /><ent r="4" t="173" w="48" /><ent r="3" t="174" w="22" /><ent r="3" t="175" w="22" /><ent r="3" t="176" w="26" /><ent r="3" t="176" w="106" /><ent r="3" t="176" w="119" /><ent r="3" t="177" w="26" /><ent r="3" t="177" w="84" /><ent r="3" t="178" w="26" /><ent r="3" t="178" w="191" /><ent r="3" t="178" w="253" /><ent r="4" t="178" w="263" /><ent r="3" t="179" w="28" /><ent r="4" t="179" w="181" /><ent r="3" t="180" w="26" /><ent r="3" t="181" w="26" /><ent r="3" t="181" w="104" /><ent r="3" t="181" w="118" /><ent r="3" t="182" w="26" /><ent r="3" t="182" w="84" /><ent r="3" t="183" w="26" /><ent r="3" t="183" w="284" /><ent r="3" t="184" w="166" /><ent r="3" t="185" w="128" /><ent r="3" t="186" w="59" /><ent r="4" t="186" w="99" /><ent r="3" t="187" w="22" /><ent r="3" t="187" w="188" /><ent r="3" t="193" w="92" /><ent r="3" t="193" w="132" /><ent r="3" t="193" w="216" /><ent r="3" t="194" w="98" /><ent r="3" t="194" w="150" /><ent r="3" t="194" w="232" /><ent r="3" t="195" w="107" /><ent r="3" t="195" w="152" /><ent r="3" t="195" w="196" /><ent r="3" t="195" w="208" /><ent r="3" t="195" w="239" /><ent r="3" t="195" w="266" /><ent r="3" t="195" w="305" /><ent r="3" t="196" w="24" /><ent r="3" t="196" w="35" /><ent r="3" t="196" w="105" /><ent r="4" t="196" w="140" /><ent r="4" t="196" w="150" /><ent r="4" t="196" w="173" /><ent r="3" t="196" w="235" /><ent r="3" t="196" w="262" /><ent r="3" t="196" w="276" /><ent r="3" t="196" w="321" /><ent r="3" t="196" w="345" /><ent r="3" t="196" w="368" /><ent r="3" t="196" w="380" /><ent r="3" t="196" w="388" /><ent r="3" t="196" w="391" /><ent r="3" t="196" w="407" /><ent r="3" t="196" w="430" /><ent r="3" t="196" w="454" /><ent r="3" t="196" w="461" /><ent r="3" t="196" w="484" /><ent r="3" t="196" w="491" /><ent r="3" t="197" w="88" /><ent r="4" t="201" w="208" /><ent r="4" t="201" w="213" /><ent r="3" t="201" w="255" /><ent r="4" t="201" w="346" /><ent r="4" t="201" w="406" /><ent r="4" t="201" w="411" /><ent r="4" t="201" w="430" /><ent r="4" t="201" w="467" /><ent r="4" t="201" w="474" /><ent r="3" t="201" w="484" /><ent r="3" t="201" w="525" /><ent r="3" t="201" w="547" /><ent r="3" t="201" w="562" /><ent r="3" t="201" w="653" /><ent r="6" t="202" w="200" /><ent r="6" t="202" w="202" /><ent r="6" t="202" w="215" /><ent r="3" t="202" w="228" /><ent r="3" t="202" w="274" /><ent r="4" t="202" w="376" /><ent r="4" t="202" w="381" /><ent r="3" t="202" w="426" /><ent r="4" t="202" w="518" /><ent r="4" t="202" w="577" /><ent r="4" t="202" w="582" /><ent r="4" t="202" w="601" /><ent r="4" t="202" w="638" /><ent r="4" t="202" w="645" /><ent r="3" t="202" w="655" /><ent r="3" t="203" w="138" /><ent r="3" t="203" w="309" /><ent r="3" t="203" w="392" /><ent r="4" t="203" w="452" /><ent r="4" t="203" w="457" /><ent r="4" t="203" w="475" /><ent r="4" t="203" w="507" /><ent r="4" t="203" w="514" /><ent r="3" t="203" w="558" /><ent r="3" t="203" w="610" /><ent r="3" t="203" w="644" /><ent r="3" t="203" w="667" /><ent r="3" t="203" w="726" /><ent r="4" t="204" w="111" /><ent r="4" t="204" w="116" /><ent r="4" t="204" w="228" /><ent r="4" t="204" w="270" /><ent r="4" t="204" w="275" /><ent r="4" t="204" w="313" /><ent r="4" t="204" w="320" /><ent r="3" t="204" w="330" /><ent r="3" t="204" w="371" /><ent r="3" t="204" w="421" /><ent r="3" t="204" w="466" /><ent r="6" t="205" w="143" /><ent r="6" t="205" w="145" /><ent r="6" t="205" w="158" /><ent r="3" t="205" w="171" /><ent r="3" t="205" w="222" /><ent r="4" t="205" w="283" /><ent r="4" t="205" w="288" /><ent r="4" t="205" w="397" /><ent r="4" t="205" w="439" /><ent r="4" t="205" w="444" /><ent r="4" t="205" w="482" /><ent r="4" t="205" w="489" /><ent r="3" t="205" w="499" /><ent r="3" t="206" w="103" /><ent r="4" t="206" w="246" /><ent r="4" t="206" w="251" /><ent r="4" t="206" w="279" /><ent r="4" t="206" w="286" /><ent r="3" t="206" w="328" /><ent r="3" t="206" w="368" /><ent r="3" t="206" w="417" /><ent r="3" t="212" w="604" /><ent r="3" t="212" w="614" /><ent r="3" t="213" w="627" /><ent r="3" t="213" w="637" /><ent r="3" t="219" w="371" /><ent r="3" t="220" w="371" /><ent r="3" t="224" w="304" /><ent r="3" t="224" w="312" /><ent r="3" t="228" w="191" /><ent r="3" t="229" w="102" /><ent r="3" t="230" w="121" /><ent r="3" t="230" w="158" /><ent r="3" t="231" w="155" /><ent r="3" t="231" w="357" /><ent r="4" t="232" w="91" /><ent r="4" t="232" w="103" /><ent r="3" t="232" w="244" /><ent r="3" t="232" w="285" /><ent r="3" t="232" w="433" /><ent r="3" t="232" w="518" /><ent r="3" t="232" w="557" /><ent r="3" t="232" w="593" /><ent r="4" t="232" w="626" /><ent r="3" t="233" w="141" /><ent r="3" t="233" w="181" /><ent r="3" t="233" w="343" /><ent r="3" t="233" w="426" /><ent r="3" t="233" w="464" /><ent r="3" t="233" w="500" /><ent r="4" t="233" w="533" /><ent r="3" t="234" w="132" /><ent r="3" t="234" w="160" /><ent r="3" t="234" w="297" /><ent r="3" t="234" w="312" /><ent r="3" t="235" w="147" /><ent r="3" t="235" w="175" /><ent r="3" t="235" w="312" /><ent r="3" t="235" w="327" /><ent r="3" t="236" w="145" /><ent r="3" t="236" w="282" /><ent r="3" t="236" w="297" /><ent r="3" t="238" w="199" /><ent r="3" t="239" w="191" /><ent r="3" t="239" w="473" /><ent r="3" t="240" w="109" /><ent r="4" t="241" w="141" /><ent r="3" t="242" w="91" /><ent r="3" t="242" w="144" /><ent r="3" t="242" w="214" /><ent r="3" t="243" w="95" /><ent r="4" t="243" w="113" /><ent r="3" t="243" w="140" /><ent r="4" t="243" w="158" /><ent r="3" t="243" w="191" /><ent r="4" t="243" w="209" /><ent r="3" t="243" w="271" /><ent r="3" t="244" w="71" /><ent r="3" t="244" w="100" /><ent r="4" t="244" w="118" /><ent r="3" t="244" w="152" /><ent r="4" t="244" w="170" /><ent r="3" t="244" w="203" /><ent r="4" t="244" w="221" /><ent r="4" t="244" w="367" /><ent r="4" t="244" w="394" /><ent r="3" t="244" w="409" /><ent r="3" t="244" w="419" /><ent r="4" t="244" w="457" /><ent r="3" t="244" w="533" /><ent r="3" t="245" w="68" /><ent r="3" t="245" w="97" /><ent r="4" t="245" w="115" /><ent r="3" t="245" w="147" /><ent r="4" t="245" w="165" /><ent r="4" t="245" w="311" /><ent r="3" t="245" w="338" /><ent r="3" t="245" w="348" /><ent r="4" t="245" w="397" /><ent r="3" t="245" w="456" /><ent r="65" t="247" w="23" /><ent r="65" t="247" w="325" /><ent r="1000" t="248" w="2" /><ent r="72" t="248" w="7" /><ent r="3" t="248" w="12" /><ent r="3" t="248" w="19" /><ent r="3" t="248" w="27" /><ent r="3" t="248" w="38" /><ent r="3" t="249" w="17" /><ent r="64" t="249" w="25" /><ent r="3" t="249" w="30" /><ent r="3" t="249" w="37" /><ent r="64" t="249" w="50" /><ent r="3" t="250" w="21" /><ent r="3" t="254" w="105" /><ent r="3" t="255" w="41" /><ent r="3" t="256" w="53" /><ent r="3" t="262" w="11" /><ent r="3" t="263" w="9" /><ent r="5" t="263" w="142" /><ent r="5" t="263" w="152" /><ent r="5" t="263" w="156" /><ent r="5" t="263" w="164" /><ent r="5" t="263" w="178" /><ent r="5" t="263" w="193" /><ent r="3" t="264" w="13" /><ent r="3" t="264" w="57" /><ent r="3" t="264" w="64" /><ent r="3" t="265" w="33" /><ent r="3" t="266" w="38" /><ent r="6" t="269" w="218" /><ent r="6" t="269" w="220" /><ent r="6" t="269" w="233" /><ent r="4" t="269" w="255" /><ent r="4" t="269" w="265" /><ent r="4" t="269" w="287" /><ent r="3" t="269" w="366" /><ent r="3" t="269" w="424" /><ent r="3" t="270" w="20" /><ent r="3" t="272" w="26" /><ent r="3" t="272" w="30" /><ent r="3" t="273" w="18" /><ent r="3" t="274" w="40" /><ent r="3" t="274" w="70" /><ent r="4" t="274" w="102" /><ent r="3" t="274" w="105" /><ent r="3" t="274" w="110" /><ent r="3" t="274" w="119" /><ent r="3" t="274" w="143" /><ent r="3" t="275" w="29" /><ent r="3" t="275" w="68" /><ent r="3" t="275" w="145" /><ent r="3" t="275" w="170" /><ent r="4" t="275" w="185" /><ent r="3" t="275" w="192" /><ent r="3" t="275" w="219" /><ent r="3" t="275" w="243" /><ent r="3" t="275" w="255" /><ent r="3" t="275" w="281" /><ent r="3" t="275" w="285" /><ent r="3" t="276" w="18" /><ent r="3" t="276" w="88" /><ent r="3" t="278" w="44" /><ent r="3" t="278" w="62" /><ent r="3" t="278" w="67" /><ent r="3" t="278" w="83" /><ent r="3" t="281" w="173" /><ent r="3" t="292" w="36" /><ent r="3" t="294" w="73" /><ent r="3" t="295" w="209" /><ent r="3" t="295" w="214" /><ent r="3" t="296" w="265" /><ent r="3" t="296" w="371" /><ent r="3" t="297" w="42" /><ent r="3" t="298" w="42" /><ent r="3" t="299" w="42" /><ent r="3" t="302" w="62" /><ent r="3" t="302" w="87" /><ent r="3" t="303" w="69" /><ent r="3" t="303" w="91" /><ent r="3" t="303" w="130" /><ent r="3" t="303" w="142" /><ent r="3" t="305" w="73" /><ent r="3" t="305" w="108" /><ent r="3" t="305" w="120" /><ent r="3" t="305" w="161" /><ent r="1000" t="306" w="4" /><ent r="72" t="306" w="11" /><ent r="3" t="306" w="17" /><ent r="3" t="306" w="37" /><ent r="3" t="306" w="64" /><ent r="3" t="306" w="102" /><ent r="3" t="306" w="131" /><ent r="4" t="306" w="134" /><ent r="3" t="306" w="138" /><ent r="3" t="306" w="153" /><ent r="3" t="306" w="174" /><ent r="3" t="306" w="186" /><ent r="6" t="310" w="68" /><ent r="6" t="310" w="72" /><ent r="6" t="310" w="172" /><ent r="6" t="310" w="182" /><ent r="6" t="310" w="186" /><ent r="6" t="310" w="256" /><ent r="6" t="310" w="267" /><ent r="6" t="310" w="270" /><ent r="6" t="310" w="280" /><ent r="6" t="310" w="284" /><ent r="6" t="310" w="306" /><ent r="6" t="310" w="309" /><ent r="6" t="310" w="314" /><ent r="6" t="310" w="322" /><ent r="6" t="310" w="341" /><ent r="6" t="310" w="440" /><ent r="6" t="310" w="459" /><ent r="6" t="310" w="466" /><ent r="6" t="310" w="503" /><ent r="6" t="310" w="547" /><ent r="6" t="310" w="619" /><ent r="1000" t="312" w="6" /><ent r="6" t="312" w="71" /><ent r="6" t="312" w="103" /><ent r="6" t="312" w="319" /><ent r="1000" t="313" w="7" /><ent r="1000" t="314" w="7" /><ent r="3" t="314" w="26" /><ent r="6" t="314" w="118" /><ent r="1000" t="315" w="5" /><ent r="3" t="315" w="19" /><ent r="3" t="315" w="45" /><ent r="3" t="315" w="58" /><ent r="3" t="315" w="67" /><ent r="3" t="315" w="78" /><ent r="4" t="315" w="144" /><ent r="3" t="315" w="168" /><ent r="3" t="316" w="23" /><ent r="3" t="317" w="28" /><ent r="3" t="318" w="23" /></phr><phr n="Enclavized"><ent r="1000" t="33" w="5" /><ent r="82" t="33" w="12" /></phr></stem></index>