<?xml version="1.0" encoding="utf-8"?><index><stem n="("><phr n="("><ent r="3" t="24" w="306" /><ent r="6" t="30" w="166" /><ent r="6" t="30" w="177" /><ent r="4" t="34" w="180" /><ent r="5" t="36" w="426" /><ent r="7" t="39" w="470" /><ent r="3" t="50" w="18" /><ent r="5" t="60" w="123" /><ent r="3" t="61" w="29" /><ent r="3" t="64" w="507" /><ent r="3" t="69" w="248" /><ent r="3" t="69" w="277" /><ent r="3" t="70" w="156" /><ent r="3" t="70" w="191" /><ent r="55" t="149" w="137" /><ent r="3" t="157" w="224" /><ent r="3" t="166" w="55" /><ent r="3" t="167" w="55" /><ent r="3" t="171" w="23" /><ent r="3" t="173" w="58" /><ent r="3" t="202" w="745" /><ent r="3" t="205" w="589" /><ent r="3" t="230" w="42" /><ent r="4" t="239" w="294" /><ent r="4" t="239" w="320" /><ent r="4" t="244" w="328" /><ent r="4" t="244" w="349" /><ent r="4" t="245" w="272" /><ent r="4" t="245" w="293" /><ent r="3" t="265" w="35" /><ent r="3" t="266" w="40" /><ent r="4" t="295" w="331" /><ent r="4" t="295" w="352" /><ent r="4" t="296" w="166" /><ent r="4" t="296" w="187" /><ent r="4" t="296" w="446" /><ent r="4" t="296" w="467" /><ent r="4" t="303" w="265" /><ent r="4" t="303" w="286" /><ent r="4" t="304" w="154" /><ent r="4" t="304" w="175" /><ent r="3" t="316" w="515" /></phr></stem><stem n="caution"><phr n="CAUTION"><ent r="4" t="24" w="313" /><ent r="4" t="39" w="219" /><ent r="4" t="42" w="126" /><ent r="4" t="42" w="244" /><ent r="4" t="42" w="297" /><ent r="4" t="42" w="422" /><ent r="4" t="42" w="536" /><ent r="4" t="46" w="81" /><ent r="4" t="57" w="39" /><ent r="4" t="64" w="570" /><ent r="4" t="123" w="174" /></phr></stem><stem n="-free"><phr n="-free"><ent r="4" t="24" w="325" /><ent r="4" t="24" w="325" /></phr></stem><stem n="malware-fre"><phr n="malware-free"><ent r="4" t="24" w="325" /></phr></stem><stem n="free"><phr n="free"><ent r="4" t="24" w="326" /><ent r="6" t="85" w="198" /><ent r="3" t="88" w="53" /><ent r="3" t="156" w="441" /><ent r="3" t="156" w="722" /><ent r="3" t="208" w="277" /><ent r="3" t="215" w="306" /><ent r="4" t="216" w="263" /><ent r="4" t="217" w="216" /><ent r="3" t="221" w="323" /><ent r="3" t="240" w="113" /></phr><phr n="frees"><ent r="3" t="58" w="801" /><ent r="3" t="58" w="830" /><ent r="3" t="87" w="181" /><ent r="3" t="150" w="20" /></phr></stem><stem n="integr"><phr n="integrity"><ent r="4" t="24" w="331" /><ent r="55" t="78" w="186" /><ent r="3" t="93" w="64" /><ent r="4" t="99" w="242" /><ent r="3" t="103" w="17" /><ent r="4" t="113" w="185" /><ent r="4" t="132" w="40" /><ent r="3" t="133" w="18" /></phr><phr n="integrate"><ent r="3" t="26" w="491" /></phr><phr n="Integrated"><ent r="3" t="146" w="164" /><ent r="65" t="146" w="219" /></phr></stem><stem n="compromis"><phr n="compromised"><ent r="4" t="24" w="342" /><ent r="3" t="149" w="1259" /></phr><phr n="compromising"><ent r="3" t="59" w="165" /></phr><phr n="compromise"><ent r="3" t="127" w="225" /></phr></stem><stem n="ultim"><phr n="ultimately"><ent r="4" t="24" w="346" /></phr></stem><stem n="respons"><phr n="responsible"><ent r="4" t="24" w="347" /><ent r="3" t="48" w="89" /><ent r="3" t="127" w="205" /><ent r="3" t="223" w="38" /></phr><phr n="responses"><ent r="3" t="101" w="262" /><ent r="3" t="101" w="367" /></phr><phr n="responsibility"><ent r="4" t="157" w="203" /></phr></stem><stem n="review"><phr n="review"><ent r="4" t="24" w="357" /><ent r="4" t="43" w="60" /></phr></stem><stem n="produc"><phr n="producing"><ent r="3" t="25" w="41" /></phr><phr n="Produce"><ent r="4" t="31" w="44" /></phr><phr n="produces"><ent r="3" t="70" w="30" /><ent r="6" t="312" w="182" /></phr><phr n="producer"><ent r="3" t="97" w="34" /></phr><phr n="produced"><ent r="3" t="239" w="54" /></phr></stem><stem n="structur"><phr n="structure"><ent r="3" t="25" w="44" /><ent r="3" t="25" w="61" /><ent r="6" t="26" w="119" /><ent r="6" t="26" w="125" /><ent r="6" t="26" w="212" /><ent r="6" t="26" w="218" /><ent r="3" t="26" w="558" /><ent r="5" t="43" w="450" /><ent r="3" t="51" w="75" /><ent r="3" t="56" w="23" /><ent r="3" t="56" w="46" /><ent r="3" t="56" w="109" /><ent r="3" t="58" w="324" /><ent r="3" t="58" w="344" /><ent r="3" t="58" w="613" /><ent r="3" t="67" w="20" /><ent r="3" t="71" w="213" /><ent r="4" t="110" w="33" /><ent r="4" t="110" w="64" /><ent r="4" t="111" w="66" /><ent r="4" t="134" w="112" /><ent r="4" t="134" w="124" /><ent r="4" t="134" w="141" /><ent r="3" t="142" w="61" /><ent r="3" t="149" w="520" /><ent r="3" t="157" w="259" /><ent r="3" t="159" w="63" /><ent r="3" t="195" w="122" /><ent r="3" t="195" w="391" /><ent r="3" t="195" w="411" /><ent r="3" t="196" w="183" /><ent r="3" t="196" w="244" /><ent r="3" t="196" w="284" /><ent r="3" t="196" w="329" /><ent r="3" t="198" w="49" /><ent r="3" t="198" w="166" /><ent r="3" t="198" w="213" /><ent r="3" t="198" w="222" /><ent r="3" t="199" w="96" /><ent r="3" t="200" w="89" /><ent r="3" t="201" w="272" /><ent r="3" t="201" w="639" /><ent r="3" t="202" w="443" /><ent r="3" t="203" w="21" /><ent r="3" t="203" w="599" /><ent r="3" t="204" w="135" /><ent r="3" t="204" w="175" /><ent r="4" t="204" w="223" /><ent r="3" t="204" w="455" /><ent r="3" t="205" w="307" /><ent r="4" t="205" w="392" /><ent r="3" t="206" w="23" /><ent r="3" t="206" w="92" /><ent r="3" t="206" w="207" /><ent r="3" t="206" w="359" /><ent r="3" t="209" w="279" /><ent r="3" t="216" w="340" /><ent r="3" t="230" w="22" /><ent r="3" t="230" w="129" /><ent r="4" t="241" w="151" /><ent r="3" t="242" w="30" /><ent r="4" t="242" w="153" /><ent r="3" t="243" w="39" /><ent r="4" t="243" w="123" /><ent r="4" t="243" w="168" /><ent r="3" t="243" w="179" /><ent r="4" t="243" w="219" /><ent r="4" t="244" w="128" /><ent r="4" t="244" w="180" /><ent r="3" t="244" w="191" /><ent r="4" t="244" w="231" /><ent r="4" t="244" w="377" /><ent r="4" t="244" w="467" /><ent r="4" t="245" w="125" /><ent r="3" t="245" w="135" /><ent r="4" t="245" w="175" /><ent r="4" t="245" w="321" /><ent r="4" t="245" w="407" /><ent r="3" t="252" w="18" /><ent r="3" t="252" w="34" /><ent r="3" t="253" w="12" /><ent r="3" t="254" w="49" /><ent r="3" t="257" w="206" /><ent r="3" t="259" w="82" /><ent r="3" t="263" w="12" /><ent r="3" t="264" w="21" /><ent r="3" t="267" w="26" /><ent r="3" t="269" w="12" /><ent r="3" t="274" w="12" /><ent r="3" t="275" w="13" /><ent r="3" t="275" w="24" /><ent r="3" t="276" w="10" /><ent r="3" t="276" w="83" /><ent r="3" t="277" w="14" /><ent r="3" t="278" w="14" /><ent r="3" t="278" w="19" /><ent r="3" t="278" w="27" /><ent r="3" t="278" w="38" /><ent r="3" t="278" w="56" /><ent r="3" t="278" w="75" /><ent r="3" t="278" w="155" /><ent r="3" t="278" w="183" /><ent r="3" t="281" w="98" /><ent r="3" t="284" w="13" /><ent r="3" t="289" w="13" /><ent r="3" t="294" w="13" /><ent r="3" t="295" w="13" /><ent r="3" t="296" w="13" /><ent r="3" t="300" w="14" /><ent r="3" t="305" w="20" /></phr><phr n="structures"><ent r="3" t="44" w="177" /><ent r="1000" t="56" w="1" /><ent r="82" t="56" w="6" /><ent r="3" t="56" w="83" /><ent r="3" t="58" w="935" /><ent r="3" t="62" w="64" /><ent r="3" t="151" w="58" /><ent r="3" t="151" w="77" /><ent r="3" t="151" w="98" /></phr><phr n="structured"><ent r="6" t="312" w="91" /><ent r="6" t="318" w="36" /></phr></stem><stem n="(such"><phr n="(such"><ent r="3" t="25" w="68" /></phr></stem><stem n=".)"><phr n=".)"><ent r="3" t="25" w="76" /><ent r="6" t="47" w="104" /><ent r="3" t="97" w="391" /></phr></stem><stem n="evalu"><phr n="evaluates"><ent r="3" t="25" w="83" /></phr><phr n="evaluation"><ent r="4" t="43" w="58" /><ent r="1000" t="114" w="6" /><ent r="3" t="127" w="130" /><ent r="5" t="193" w="282" /><ent r="5" t="194" w="298" /></phr></stem><stem n="potenti"><phr n="potential"><ent r="3" t="25" w="88" /><ent r="3" t="25" w="94" /><ent r="3" t="133" w="218" /></phr><phr n="potentially"><ent r="3" t="133" w="45" /></phr></stem><stem n="warn"><phr n="warns"><ent r="3" t="25" w="91" /></phr><phr n="warning"><ent r="3" t="69" w="115" /><ent r="3" t="69" w="331" /><ent r="4" t="315" w="151" /></phr><phr n="warnings"><ent r="3" t="129" w="149" /></phr></stem><stem n="hazard"><phr n="hazards"><ent r="3" t="25" w="96" /></phr></stem><stem n="end"><phr n="end"><ent r="3" t="25" w="123" /><ent r="7" t="27" w="199" /><ent r="3" t="166" w="136" /><ent r="3" t="167" w="136" /><ent r="3" t="240" w="94" /><ent r="4" t="241" w="146" /><ent r="4" t="243" w="118" /><ent r="4" t="243" w="163" /><ent r="4" t="243" w="214" /><ent r="4" t="244" w="123" /><ent r="4" t="244" w="175" /><ent r="4" t="244" w="226" /><ent r="4" t="244" w="372" /><ent r="4" t="244" w="462" /><ent r="4" t="245" w="120" /><ent r="4" t="245" w="170" /><ent r="4" t="245" w="316" /><ent r="4" t="245" w="402" /><ent r="6" t="316" w="305" /></phr><phr n="ended"><ent r="3" t="237" w="223" /><ent r="3" t="238" w="303" /><ent r="6" t="310" w="703" /></phr></stem><stem n="confirm"><phr n="confirm"><ent r="3" t="25" w="137" /><ent r="4" t="113" w="183" /><ent r="3" t="166" w="163" /><ent r="3" t="178" w="133" /></phr><phr n="confirms"><ent r="3" t="91" w="110" /><ent r="3" t="182" w="104" /></phr></stem><stem n="tamper"><phr n="tampered"><ent r="3" t="25" w="144" /><ent r="3" t="104" w="55" /></phr></stem><stem n="correctli"><phr n="correctly"><ent r="3" t="25" w="150" /><ent r="3" t="59" w="162" /><ent r="3" t="81" w="26" /><ent r="3" t="84" w="15" /><ent r="3" t="103" w="111" /></phr></stem><stem n="-line"><phr n="-Line"><ent r="1000" t="26" w="3" /><ent r="1000" t="26" w="3" /><ent r="82" t="26" w="7" /><ent r="82" t="26" w="7" /><ent r="3" t="26" w="525" /><ent r="3" t="26" w="525" /><ent r="3" t="37" w="106" /><ent r="3" t="37" w="106" /><ent r="3" t="101" w="292" /><ent r="3" t="101" w="292" /></phr></stem><stem n="command-lin"><phr n="Command-Line"><ent r="1000" t="26" w="3" /><ent r="82" t="26" w="7" /><ent r="3" t="26" w="525" /><ent r="3" t="37" w="106" /><ent r="3" t="101" w="292" /></phr></stem><stem n="&lt;command&gt;"><phr n="&lt;command&gt;"><ent r="4" t="26" w="25" /></phr></stem><stem n="arg"><phr n="args"><ent r="4" t="26" w="26" /></phr></stem><stem n="[args]"><phr n="[args]"><ent r="4" t="26" w="27" /></phr></stem><stem n="tabl"><phr n="table"><ent r="3" t="26" w="35" /><ent r="6" t="26" w="122" /><ent r="6" t="26" w="215" /><ent r="3" t="35" w="416" /><ent r="3" t="37" w="136" /><ent r="55" t="46" w="111" /><ent r="3" t="54" w="11" /><ent r="3" t="59" w="818" /><ent r="3" t="74" w="107" /><ent r="3" t="142" w="193" /><ent r="3" t="149" w="971" /><ent r="7" t="310" w="220" /><ent r="6" t="310" w="260" /><ent r="3" t="317" w="19" /><ent r="3" t="317" w="31" /><ent r="3" t="320" w="182" /></phr></stem><stem n="below"><phr n="below"><ent r="3" t="26" w="36" /><ent r="3" t="26" w="240" /><ent r="3" t="28" w="25" /><ent r="3" t="30" w="72" /><ent r="5" t="32" w="153" /><ent r="3" t="35" w="181" /><ent r="3" t="37" w="137" /><ent r="4" t="42" w="455" /><ent r="3" t="58" w="896" /><ent r="3" t="65" w="70" /><ent r="3" t="71" w="216" /><ent r="3" t="74" w="108" /><ent r="3" t="76" w="163" /><ent r="3" t="91" w="61" /><ent r="3" t="98" w="198" /><ent r="3" t="126" w="185" /><ent r="3" t="131" w="41" /><ent r="3" t="142" w="194" /><ent r="3" t="269" w="130" /><ent r="3" t="269" w="199" /><ent r="3" t="320" w="183" /></phr></stem><stem n="&#8209;enclave,"><phr n="&#8209;enclave,"><ent r="6" t="26" w="72" /><ent r="6" t="26" w="139" /><ent r="6" t="26" w="225" /></phr></stem><stem n="&#8209;key,"><phr n="&#8209;key,"><ent r="6" t="26" w="73" /><ent r="6" t="26" w="226" /></phr></stem><stem n="&#8209;out"><phr n="&#8209;out"><ent r="6" t="26" w="73" /><ent r="6" t="26" w="139" /><ent r="5" t="30" w="103" /><ent r="7" t="30" w="209" /></phr></stem><stem n="&#8209;config"><phr n="&#8209;config"><ent r="6" t="26" w="76" /><ent r="6" t="26" w="142" /><ent r="6" t="26" w="231" /><ent r="5" t="30" w="100" /><ent r="7" t="30" w="146" /><ent r="7" t="30" w="206" /></phr></stem><stem n="gendata"><phr n="gendata"><ent r="6" t="26" w="78" /><ent r="7" t="26" w="183" /><ent r="6" t="26" w="317" /><ent r="6" t="26" w="360" /><ent r="7" t="26" w="408" /><ent r="7" t="30" w="140" /></phr></stem><stem n="2-step"><phr n="2-step"><ent r="6" t="26" w="85" /><ent r="6" t="26" w="151" /><ent r="4" t="27" w="186" /><ent r="5" t="27" w="315" /></phr></stem><stem n="extern"><phr n="external"><ent r="6" t="26" w="99" /><ent r="6" t="26" w="173" /><ent r="4" t="27" w="191" /><ent r="7" t="27" w="248" /><ent r="7" t="39" w="314" /><ent r="7" t="39" w="370" /><ent r="3" t="42" w="24" /><ent r="4" t="42" w="143" /><ent r="4" t="42" w="509" /><ent r="4" t="42" w="527" /><ent r="4" t="43" w="174" /><ent r="3" t="71" w="27" /></phr><phr n="Extern"><ent r="6" t="320" w="93" /></phr></stem><stem n="dump"><phr n="dumps"><ent r="6" t="26" w="103" /></phr><phr n="dump"><ent r="6" t="28" w="124" /><ent r="6" t="28" w="149" /><ent r="3" t="40" w="114" /><ent r="3" t="40" w="180" /><ent r="3" t="40" w="264" /><ent r="4" t="40" w="272" /><ent r="4" t="40" w="296" /></phr></stem><stem n="consist"><phr n="consists"><ent r="6" t="26" w="108" /><ent r="3" t="26" w="449" /><ent r="3" t="94" w="148" /><ent r="3" t="123" w="93" /><ent r="3" t="226" w="340" /><ent r="3" t="227" w="333" /></phr><phr n="consistent"><ent r="3" t="101" w="133" /><ent r="3" t="180" w="151" /><ent r="3" t="315" w="69" /></phr></stem><stem n="bodi"><phr n="body"><ent r="6" t="26" w="113" /><ent r="6" t="26" w="206" /><ent r="6" t="26" w="598" /><ent r="4" t="245" w="375" /><ent r="65" t="247" w="156" /><ent r="65" t="247" w="319" /><ent r="1000" t="275" w="3" /><ent r="72" t="275" w="8" /><ent r="3" t="275" w="36" /><ent r="3" t="275" w="115" /><ent r="3" t="276" w="56" /><ent r="3" t="276" w="58" /><ent r="4" t="276" w="79" /><ent r="3" t="281" w="70" /><ent r="3" t="281" w="73" /><ent r="4" t="281" w="165" /><ent r="3" t="281" w="169" /><ent r="4" t="296" w="324" /><ent r="3" t="304" w="42" /><ent r="3" t="304" w="45" /><ent r="3" t="304" w="65" /><ent r="4" t="304" w="180" /><ent r="3" t="304" w="185" /><ent r="1000" t="305" w="4" /><ent r="72" t="305" w="10" /><ent r="3" t="305" w="16" /><ent r="3" t="305" w="35" /><ent r="3" t="305" w="59" /></phr></stem><stem n="),"><phr n="),"><ent r="6" t="26" w="129" /><ent r="3" t="51" w="256" /><ent r="3" t="58" w="644" /><ent r="3" t="58" w="686" /><ent r="54" t="133" w="415" /><ent r="3" t="137" w="36" /><ent r="3" t="138" w="34" /><ent r="6" t="313" w="102" /></phr></stem><stem n="(256"><phr n="(256"><ent r="6" t="26" w="132" /></phr></stem><stem n="256"><phr n="256"><ent r="6" t="26" w="132" /><ent r="6" t="28" w="188" /><ent r="3" t="207" w="214" /><ent r="3" t="210" w="112" /><ent r="4" t="221" w="93" /><ent r="4" t="221" w="171" /><ent r="3" t="221" w="257" /><ent r="3" t="222" w="22" /><ent r="4" t="222" w="46" /><ent r="4" t="222" w="122" /><ent r="3" t="222" w="138" /><ent r="3" t="222" w="177" /><ent r="4" t="223" w="240" /><ent r="4" t="224" w="216" /><ent r="4" t="225" w="162" /><ent r="4" t="226" w="192" /><ent r="3" t="226" w="347" /><ent r="4" t="227" w="222" /><ent r="3" t="227" w="340" /><ent r="3" t="237" w="81" /><ent r="3" t="238" w="107" /><ent r="3" t="267" w="18" /><ent r="3" t="270" w="15" /><ent r="3" t="288" w="44" /><ent r="3" t="294" w="78" /><ent r="3" t="295" w="110" /><ent r="3" t="302" w="72" /><ent r="3" t="303" w="79" /></phr></stem><stem n="total"><phr n="total"><ent r="6" t="26" w="135" /><ent r="3" t="60" w="21" /><ent r="4" t="60" w="88" /><ent r="3" t="62" w="69" /><ent r="3" t="62" w="270" /><ent r="3" t="96" w="84" /><ent r="3" t="96" w="184" /></phr></stem><stem n="catsig"><phr n="catsig"><ent r="6" t="26" w="144" /><ent r="6" t="26" w="327" /><ent r="6" t="26" w="365" /><ent r="7" t="26" w="390" /><ent r="7" t="26" w="415" /><ent r="7" t="30" w="200" /></phr></stem><stem n="second"><phr n="second"><ent r="6" t="26" w="147" /><ent r="7" t="27" w="275" /><ent r="59" t="27" w="283" /><ent r="4" t="32" w="83" /><ent r="3" t="35" w="163" /><ent r="3" t="62" w="121" /><ent r="3" t="76" w="106" /><ent r="4" t="92" w="59" /><ent r="3" t="201" w="34" /><ent r="3" t="202" w="36" /><ent r="3" t="203" w="33" /><ent r="3" t="296" w="343" /><ent r="3" t="303" w="144" /><ent r="3" t="305" w="122" /></phr><phr n="seconds"><ent r="3" t="152" w="316" /><ent r="3" t="152" w="320" /><ent r="3" t="154" w="575" /><ent r="3" t="154" w="579" /><ent r="3" t="155" w="488" /><ent r="3" t="155" w="492" /><ent r="3" t="156" w="737" /><ent r="3" t="156" w="741" /><ent r="3" t="228" w="218" /><ent r="3" t="228" w="222" /><ent r="3" t="231" w="61" /><ent r="3" t="231" w="264" /></phr></stem><stem n="input"><phr n="input"><ent r="6" t="26" w="161" /><ent r="6" t="26" w="167" /><ent r="3" t="36" w="287" /><ent r="54" t="37" w="103" /><ent r="4" t="62" w="364" /><ent r="3" t="74" w="55" /><ent r="3" t="96" w="85" /><ent r="3" t="96" w="89" /><ent r="3" t="96" w="121" /><ent r="5" t="112" w="237" /><ent r="4" t="112" w="248" /><ent r="4" t="132" w="61" /><ent r="54" t="133" w="394" /><ent r="54" t="133" w="422" /><ent r="54" t="133" w="434" /><ent r="3" t="149" w="1084" /><ent r="3" t="153" w="108" /><ent r="3" t="154" w="270" /><ent r="3" t="168" w="122" /><ent r="3" t="193" w="157" /><ent r="3" t="194" w="177" /><ent r="3" t="195" w="24" /><ent r="3" t="197" w="150" /><ent r="3" t="197" w="170" /><ent r="3" t="198" w="228" /><ent r="3" t="201" w="18" /><ent r="3" t="201" w="21" /><ent r="4" t="201" w="469" /><ent r="3" t="201" w="533" /><ent r="3" t="201" w="641" /><ent r="3" t="202" w="20" /><ent r="3" t="202" w="23" /><ent r="4" t="202" w="640" /><ent r="3" t="203" w="18" /><ent r="3" t="203" w="347" /><ent r="4" t="203" w="509" /><ent r="3" t="204" w="16" /><ent r="4" t="204" w="315" /><ent r="3" t="204" w="384" /><ent r="3" t="204" w="457" /><ent r="3" t="205" w="18" /><ent r="4" t="205" w="484" /><ent r="3" t="206" w="20" /><ent r="4" t="206" w="281" /><ent r="3" t="207" w="23" /><ent r="3" t="207" w="66" /><ent r="3" t="207" w="75" /><ent r="3" t="207" w="96" /><ent r="3" t="207" w="105" /><ent r="3" t="207" w="161" /><ent r="3" t="207" w="209" /><ent r="3" t="207" w="245" /><ent r="3" t="207" w="268" /><ent r="3" t="207" w="275" /><ent r="3" t="209" w="19" /><ent r="3" t="209" w="90" /><ent r="3" t="209" w="99" /><ent r="3" t="209" w="120" /><ent r="3" t="209" w="129" /><ent r="3" t="209" w="193" /><ent r="3" t="210" w="230" /><ent r="3" t="211" w="110" /><ent r="3" t="212" w="140" /><ent r="3" t="212" w="165" /><ent r="3" t="212" w="259" /><ent r="3" t="212" w="350" /><ent r="3" t="213" w="142" /><ent r="3" t="213" w="167" /><ent r="3" t="213" w="261" /><ent r="3" t="213" w="354" /><ent r="3" t="213" w="467" /><ent r="3" t="214" w="27" /><ent r="3" t="214" w="106" /><ent r="3" t="214" w="115" /><ent r="3" t="214" w="136" /><ent r="3" t="214" w="145" /><ent r="3" t="214" w="255" /><ent r="3" t="214" w="278" /><ent r="3" t="214" w="300" /><ent r="3" t="214" w="307" /><ent r="3" t="216" w="21" /><ent r="3" t="216" w="92" /><ent r="3" t="216" w="101" /><ent r="3" t="216" w="122" /><ent r="3" t="216" w="131" /><ent r="3" t="217" w="283" /><ent r="3" t="219" w="128" /><ent r="3" t="219" w="144" /><ent r="3" t="219" w="271" /><ent r="3" t="220" w="128" /><ent r="3" t="220" w="144" /><ent r="3" t="220" w="271" /><ent r="3" t="222" w="152" /><ent r="3" t="225" w="19" /><ent r="3" t="225" w="208" /><ent r="3" t="225" w="256" /><ent r="3" t="225" w="286" /><ent r="3" t="225" w="294" /><ent r="3" t="226" w="24" /><ent r="3" t="226" w="279" /><ent r="3" t="226" w="284" /><ent r="3" t="227" w="15" /><ent r="3" t="227" w="25" /><ent r="3" t="227" w="323" /><ent r="3" t="237" w="186" /><ent r="3" t="238" w="194" /><ent r="3" t="238" w="266" /><ent r="3" t="239" w="410" /><ent r="3" t="241" w="172" /><ent r="3" t="242" w="187" /><ent r="3" t="243" w="244" /><ent r="3" t="244" w="492" /><ent r="3" t="245" w="429" /><ent r="3" t="269" w="38" /><ent r="3" t="274" w="20" /><ent r="3" t="276" w="35" /><ent r="3" t="292" w="31" /><ent r="3" t="292" w="203" /><ent r="6" t="317" w="79" /></phr><phr n="inputs"><ent r="3" t="269" w="186" /><ent r="3" t="272" w="36" /></phr></stem><stem n="buffer"><phr n="buffer"><ent r="6" t="26" w="192" /><ent r="6" t="26" w="199" /><ent r="6" t="26" w="618" /><ent r="3" t="58" w="163" /><ent r="3" t="58" w="173" /><ent r="3" t="58" w="235" /><ent r="3" t="58" w="422" /><ent r="3" t="58" w="428" /><ent r="3" t="58" w="441" /><ent r="3" t="58" w="460" /><ent r="3" t="58" w="489" /><ent r="3" t="58" w="513" /><ent r="4" t="58" w="568" /><ent r="4" t="58" w="574" /><ent r="4" t="58" w="594" /><ent r="3" t="58" w="691" /><ent r="3" t="58" w="702" /><ent r="3" t="58" w="721" /><ent r="3" t="58" w="750" /><ent r="3" t="58" w="774" /><ent r="3" t="58" w="855" /><ent r="3" t="58" w="949" /><ent r="3" t="59" w="35" /><ent r="4" t="59" w="369" /><ent r="4" t="59" w="381" /><ent r="4" t="59" w="394" /><ent r="4" t="59" w="456" /><ent r="4" t="59" w="503" /><ent r="4" t="59" w="513" /><ent r="4" t="59" w="533" /><ent r="4" t="59" w="560" /><ent r="4" t="59" w="564" /><ent r="4" t="59" w="574" /><ent r="4" t="59" w="600" /><ent r="4" t="59" w="613" /><ent r="4" t="59" w="647" /><ent r="4" t="59" w="708" /><ent r="4" t="59" w="744" /><ent r="4" t="59" w="754" /><ent r="4" t="59" w="774" /><ent r="4" t="59" w="799" /><ent r="4" t="59" w="803" /><ent r="4" t="59" w="814" /><ent r="6" t="59" w="876" /><ent r="6" t="59" w="890" /><ent r="6" t="59" w="897" /><ent r="6" t="59" w="923" /><ent r="6" t="59" w="933" /><ent r="6" t="59" w="940" /><ent r="6" t="59" w="944" /><ent r="1000" t="60" w="1" /><ent r="72" t="60" w="5" /><ent r="3" t="60" w="15" /><ent r="4" t="60" w="108" /><ent r="3" t="61" w="17" /><ent r="3" t="61" w="60" /><ent r="3" t="61" w="82" /><ent r="3" t="62" w="85" /><ent r="3" t="64" w="81" /><ent r="3" t="64" w="663" /><ent r="3" t="64" w="679" /><ent r="3" t="64" w="689" /><ent r="3" t="69" w="285" /><ent r="3" t="70" w="199" /><ent r="3" t="149" w="355" /><ent r="3" t="149" w="388" /><ent r="3" t="153" w="19" /><ent r="3" t="153" w="76" /><ent r="3" t="153" w="157" /><ent r="3" t="154" w="233" /><ent r="3" t="154" w="286" /><ent r="3" t="156" w="427" /><ent r="3" t="156" w="443" /><ent r="3" t="157" w="303" /><ent r="3" t="164" w="19" /><ent r="3" t="164" w="57" /><ent r="3" t="164" w="194" /><ent r="3" t="165" w="66" /><ent r="3" t="166" w="22" /><ent r="3" t="166" w="76" /><ent r="3" t="166" w="85" /><ent r="3" t="166" w="93" /><ent r="3" t="166" w="106" /><ent r="3" t="166" w="111" /><ent r="3" t="166" w="119" /><ent r="3" t="166" w="140" /><ent r="3" t="167" w="22" /><ent r="3" t="167" w="76" /><ent r="3" t="167" w="85" /><ent r="3" t="167" w="93" /><ent r="3" t="167" w="106" /><ent r="3" t="167" w="111" /><ent r="3" t="167" w="119" /><ent r="3" t="167" w="140" /><ent r="3" t="168" w="57" /><ent r="3" t="168" w="70" /><ent r="3" t="168" w="103" /><ent r="3" t="195" w="135" /><ent r="3" t="195" w="187" /><ent r="3" t="195" w="199" /><ent r="3" t="195" w="379" /><ent r="4" t="196" w="168" /><ent r="3" t="196" w="230" /><ent r="3" t="196" w="254" /><ent r="3" t="196" w="271" /><ent r="3" t="197" w="83" /><ent r="3" t="199" w="51" /><ent r="3" t="199" w="124" /><ent r="3" t="199" w="171" /><ent r="3" t="200" w="118" /><ent r="3" t="201" w="291" /><ent r="3" t="201" w="302" /><ent r="4" t="201" w="320" /><ent r="4" t="201" w="337" /><ent r="4" t="201" w="399" /><ent r="4" t="201" w="425" /><ent r="4" t="201" w="442" /><ent r="4" t="201" w="462" /><ent r="3" t="201" w="535" /><ent r="3" t="201" w="567" /><ent r="3" t="201" w="644" /><ent r="3" t="202" w="462" /><ent r="3" t="202" w="473" /><ent r="4" t="202" w="492" /><ent r="4" t="202" w="509" /><ent r="4" t="202" w="570" /><ent r="4" t="202" w="596" /><ent r="4" t="202" w="613" /><ent r="4" t="202" w="633" /><ent r="3" t="203" w="128" /><ent r="3" t="203" w="184" /><ent r="3" t="203" w="218" /><ent r="3" t="203" w="241" /><ent r="3" t="203" w="270" /><ent r="4" t="203" w="303" /><ent r="3" t="203" w="326" /><ent r="3" t="203" w="330" /><ent r="3" t="203" w="387" /><ent r="4" t="203" w="445" /><ent r="4" t="203" w="487" /><ent r="4" t="203" w="502" /><ent r="3" t="203" w="681" /><ent r="3" t="203" w="686" /><ent r="3" t="203" w="720" /><ent r="3" t="204" w="155" /><ent r="3" t="204" w="166" /><ent r="4" t="204" w="188" /><ent r="4" t="204" w="215" /><ent r="4" t="204" w="263" /><ent r="4" t="204" w="288" /><ent r="4" t="204" w="308" /><ent r="3" t="204" w="386" /><ent r="3" t="204" w="460" /><ent r="3" t="205" w="327" /><ent r="3" t="205" w="338" /><ent r="4" t="205" w="357" /><ent r="4" t="205" w="384" /><ent r="4" t="205" w="432" /><ent r="4" t="205" w="457" /><ent r="4" t="205" w="477" /><ent r="3" t="206" w="140" /><ent r="3" t="206" w="425" /><ent r="3" t="207" w="25" /><ent r="3" t="207" w="76" /><ent r="3" t="207" w="106" /><ent r="3" t="207" w="139" /><ent r="3" t="207" w="211" /><ent r="3" t="207" w="277" /><ent r="3" t="209" w="100" /><ent r="3" t="209" w="130" /><ent r="3" t="212" w="146" /><ent r="3" t="212" w="210" /><ent r="3" t="212" w="212" /><ent r="3" t="212" w="284" /><ent r="3" t="212" w="297" /><ent r="3" t="212" w="323" /><ent r="3" t="212" w="325" /><ent r="3" t="212" w="352" /><ent r="3" t="212" w="374" /><ent r="3" t="212" w="607" /><ent r="3" t="212" w="621" /><ent r="3" t="213" w="148" /><ent r="3" t="213" w="212" /><ent r="3" t="213" w="214" /><ent r="3" t="213" w="286" /><ent r="3" t="213" w="301" /><ent r="3" t="213" w="326" /><ent r="3" t="213" w="328" /><ent r="3" t="213" w="356" /><ent r="3" t="213" w="622" /><ent r="3" t="213" w="630" /><ent r="3" t="214" w="29" /><ent r="3" t="214" w="116" /><ent r="3" t="214" w="146" /><ent r="3" t="214" w="180" /><ent r="3" t="214" w="257" /><ent r="3" t="214" w="309" /><ent r="3" t="216" w="102" /><ent r="3" t="216" w="132" /><ent r="3" t="219" w="198" /><ent r="3" t="219" w="200" /><ent r="3" t="220" w="198" /><ent r="3" t="220" w="200" /><ent r="3" t="230" w="64" /><ent r="3" t="231" w="100" /><ent r="3" t="232" w="167" /><ent r="3" t="232" w="188" /><ent r="3" t="233" w="64" /><ent r="3" t="233" w="85" /><ent r="3" t="235" w="73" /><ent r="3" t="236" w="71" /><ent r="3" t="242" w="74" /><ent r="3" t="242" w="76" /><ent r="3" t="242" w="128" /><ent r="3" t="243" w="84" /><ent r="3" t="243" w="91" /><ent r="3" t="243" w="133" /><ent r="3" t="243" w="136" /><ent r="3" t="243" w="187" /><ent r="3" t="244" w="89" /><ent r="3" t="244" w="96" /><ent r="3" t="244" w="138" /><ent r="3" t="244" w="148" /><ent r="3" t="244" w="199" /><ent r="3" t="244" w="415" /><ent r="3" t="245" w="86" /><ent r="3" t="245" w="93" /><ent r="3" t="245" w="143" /><ent r="3" t="245" w="344" /><ent r="3" t="277" w="135" /><ent r="3" t="305" w="154" /><ent r="4" t="316" w="607" /><ent r="4" t="316" w="617" /><ent r="4" t="316" w="661" /><ent r="4" t="316" w="681" /></phr><phr n="buffers"><ent r="4" t="42" w="279" /><ent r="3" t="62" w="67" /><ent r="4" t="134" w="171" /><ent r="4" t="134" w="188" /><ent r="4" t="201" w="470" /><ent r="3" t="201" w="647" /><ent r="4" t="202" w="641" /><ent r="4" t="203" w="510" /><ent r="3" t="203" w="696" /><ent r="4" t="204" w="316" /><ent r="4" t="205" w="485" /><ent r="4" t="206" w="239" /><ent r="4" t="206" w="258" /><ent r="4" t="206" w="274" /><ent r="4" t="206" w="282" /><ent r="3" t="206" w="436" /><ent r="3" t="212" w="599" /><ent r="3" t="219" w="366" /><ent r="3" t="220" w="366" /><ent r="4" t="316" w="590" /><ent r="4" t="316" w="593" /></phr></stem></index>