<?xml version="1.0" encoding="utf-8"?><index><stem n="demonstr"><phr n="demonstrations"><ent r="3" t="6" w="259" /></phr><phr n="demonstrates"><ent r="3" t="77" w="232" /><ent r="55" t="78" w="177" /><ent r="3" t="79" w="26" /><ent r="3" t="85" w="92" /><ent r="3" t="87" w="122" /><ent r="3" t="89" w="11" /><ent r="3" t="91" w="32" /><ent r="3" t="109" w="12" /><ent r="3" t="109" w="51" /></phr><phr n="demonstrated"><ent r="3" t="81" w="33" /><ent r="54" t="83" w="79" /><ent r="3" t="204" w="415" /></phr><phr n="Demonstration"><ent r="1000" t="89" w="3" /><ent r="82" t="89" w="7" /></phr><phr n="demonstrating"><ent r="3" t="92" w="19" /></phr><phr n="demonstrate"><ent r="4" t="99" w="70" /><ent r="3" t="104" w="113" /><ent r="3" t="206" w="403" /></phr></stem><stem n="ship"><phr n="shipped"><ent r="3" t="6" w="270" /><ent r="3" t="10" w="70" /><ent r="3" t="29" w="140" /><ent r="3" t="41" w="59" /><ent r="4" t="43" w="156" /><ent r="3" t="50" w="14" /><ent r="3" t="53" w="102" /><ent r="3" t="79" w="57" /><ent r="3" t="87" w="229" /><ent r="3" t="93" w="91" /><ent r="3" t="103" w="120" /><ent r="3" t="112" w="52" /><ent r="3" t="123" w="116" /></phr><phr n="ships"><ent r="3" t="24" w="13" /><ent r="3" t="123" w="26" /></phr></stem><stem n="terminolog"><phr n="Terminology"><ent r="1000" t="7" w="1" /><ent r="92" t="7" w="5" /></phr></stem><stem n="acronym"><phr n="Acronyms"><ent r="1000" t="7" w="3" /><ent r="92" t="7" w="7" /></phr></stem><stem n="ae"><phr n="AE"><ent r="6" t="7" w="10" /><ent r="5" t="49" w="163" /><ent r="4" t="99" w="195" /><ent r="3" t="149" w="885" /><ent r="3" t="149" w="914" /><ent r="4" t="152" w="125" /><ent r="3" t="152" w="169" /><ent r="3" t="152" w="184" /><ent r="4" t="154" w="329" /><ent r="3" t="154" w="402" /><ent r="3" t="154" w="416" /><ent r="4" t="155" w="265" /><ent r="3" t="155" w="376" /><ent r="3" t="155" w="390" /><ent r="4" t="156" w="487" /><ent r="3" t="156" w="598" /><ent r="3" t="156" w="612" /><ent r="4" t="157" w="356" /><ent r="3" t="157" w="401" /><ent r="3" t="157" w="415" /><ent r="3" t="158" w="143" /><ent r="3" t="158" w="157" /><ent r="3" t="159" w="104" /><ent r="3" t="159" w="119" /><ent r="3" t="160" w="151" /><ent r="3" t="161" w="169" /><ent r="3" t="164" w="121" /><ent r="3" t="164" w="135" /><ent r="3" t="165" w="150" /><ent r="3" t="165" w="164" /><ent r="3" t="228" w="54" /><ent r="3" t="228" w="76" /><ent r="3" t="229" w="59" /><ent r="3" t="229" w="81" /><ent r="4" t="230" w="107" /><ent r="3" t="231" w="21" /><ent r="4" t="231" w="141" /><ent r="3" t="231" w="164" /><ent r="3" t="231" w="186" /><ent r="4" t="232" w="270" /><ent r="3" t="232" w="294" /><ent r="3" t="232" w="316" /><ent r="4" t="233" w="167" /><ent r="3" t="233" w="190" /><ent r="3" t="233" w="212" /><ent r="4" t="234" w="146" /><ent r="3" t="234" w="169" /><ent r="3" t="234" w="191" /><ent r="4" t="235" w="161" /><ent r="3" t="235" w="184" /><ent r="3" t="235" w="206" /><ent r="4" t="236" w="127" /><ent r="3" t="236" w="154" /><ent r="3" t="236" w="176" /><ent r="4" t="237" w="214" /><ent r="4" t="238" w="294" /><ent r="6" t="310" w="568" /><ent r="6" t="310" w="591" /><ent r="6" t="310" w="600" /><ent r="6" t="310" w="694" /></phr><phr n="AEs"><ent r="6" t="49" w="133" /><ent r="4" t="132" w="64" /><ent r="3" t="133" w="277" /><ent r="3" t="133" w="279" /><ent r="3" t="133" w="304" /><ent r="3" t="133" w="307" /><ent r="3" t="133" w="330" /><ent r="65" t="146" w="108" /><ent r="65" t="146" w="113" /><ent r="3" t="201" w="14" /><ent r="3" t="202" w="16" /><ent r="3" t="203" w="14" /><ent r="3" t="203" w="131" /><ent r="3" t="203" w="635" /><ent r="3" t="204" w="19" /><ent r="3" t="205" w="21" /><ent r="3" t="206" w="25" /><ent r="3" t="206" w="97" /><ent r="3" t="206" w="119" /><ent r="3" t="206" w="397" /><ent r="3" t="212" w="16" /><ent r="3" t="212" w="47" /><ent r="3" t="212" w="94" /><ent r="3" t="212" w="119" /><ent r="3" t="212" w="236" /><ent r="3" t="212" w="240" /><ent r="3" t="212" w="493" /><ent r="3" t="213" w="16" /><ent r="3" t="213" w="47" /><ent r="3" t="213" w="95" /><ent r="3" t="213" w="121" /><ent r="3" t="213" w="238" /><ent r="3" t="213" w="242" /><ent r="3" t="213" w="518" /><ent r="1000" t="219" w="2" /><ent r="72" t="219" w="7" /><ent r="4" t="219" w="12" /><ent r="3" t="219" w="19" /><ent r="3" t="219" w="47" /><ent r="3" t="219" w="53" /><ent r="3" t="219" w="107" /><ent r="3" t="219" w="166" /><ent r="1000" t="220" w="2" /><ent r="72" t="220" w="7" /><ent r="4" t="220" w="12" /><ent r="3" t="220" w="19" /><ent r="3" t="220" w="47" /><ent r="3" t="220" w="53" /><ent r="3" t="220" w="107" /><ent r="3" t="220" w="166" /><ent r="3" t="239" w="201" /><ent r="3" t="239" w="212" /><ent r="3" t="239" w="223" /><ent r="3" t="239" w="234" /><ent r="4" t="244" w="265" /><ent r="3" t="244" w="295" /><ent r="4" t="245" w="209" /><ent r="3" t="245" w="239" /><ent r="65" t="247" w="164" /><ent r="1000" t="277" w="2" /><ent r="72" t="277" w="8" /><ent r="3" t="277" w="17" /><ent r="3" t="277" w="30" /><ent r="3" t="277" w="60" /><ent r="3" t="277" w="98" /><ent r="3" t="277" w="119" /><ent r="3" t="278" w="115" /><ent r="3" t="278" w="119" /><ent r="4" t="278" w="152" /><ent r="4" t="278" w="180" /><ent r="3" t="278" w="186" /><ent r="3" t="295" w="227" /><ent r="3" t="295" w="249" /><ent r="4" t="295" w="259" /><ent r="4" t="295" w="268" /><ent r="3" t="295" w="298" /><ent r="3" t="296" w="75" /><ent r="4" t="296" w="94" /><ent r="4" t="296" w="103" /><ent r="3" t="296" w="133" /><ent r="4" t="296" w="374" /><ent r="4" t="296" w="383" /><ent r="3" t="296" w="413" /><ent r="3" t="303" w="164" /><ent r="3" t="303" w="183" /><ent r="4" t="303" w="193" /><ent r="4" t="303" w="202" /><ent r="3" t="303" w="232" /><ent r="3" t="304" w="72" /><ent r="4" t="304" w="82" /><ent r="4" t="304" w="91" /><ent r="3" t="304" w="121" /></phr></stem><stem n="architectur"><phr n="Architectural"><ent r="6" t="7" w="12" /><ent r="6" t="7" w="105" /><ent r="6" t="7" w="151" /><ent r="6" t="7" w="176" /><ent r="6" t="7" w="197" /><ent r="6" t="7" w="223" /><ent r="6" t="47" w="128" /><ent r="3" t="230" w="120" /><ent r="3" t="231" w="154" /><ent r="3" t="232" w="284" /><ent r="3" t="233" w="180" /><ent r="3" t="234" w="159" /><ent r="3" t="235" w="174" /><ent r="3" t="236" w="144" /><ent r="6" t="315" w="360" /></phr><phr n="architecture"><ent r="4" t="43" w="100" /><ent r="3" t="92" w="12" /><ent r="3" t="92" w="33" /><ent r="3" t="149" w="722" /><ent r="3" t="152" w="220" /><ent r="3" t="154" w="452" /><ent r="3" t="155" w="362" /><ent r="3" t="156" w="584" /><ent r="3" t="157" w="461" /><ent r="3" t="159" w="158" /><ent r="3" t="228" w="140" /><ent r="3" t="231" w="238" /><ent r="3" t="232" w="368" /><ent r="3" t="233" w="264" /><ent r="3" t="234" w="243" /><ent r="3" t="235" w="258" /><ent r="3" t="236" w="228" /><ent r="6" t="310" w="346" /><ent r="6" t="313" w="100" /></phr><phr n="Architectures"><ent r="64" t="193" w="230" /><ent r="64" t="194" w="246" /></phr></stem><stem n="framework"><phr n="framework"><ent r="6" t="7" w="25" /><ent r="6" t="7" w="274" /></phr><phr n="frameworks"><ent r="7" t="39" w="375" /></phr></stem><stem n="quot"><phr n="quoting"><ent r="6" t="7" w="29" /><ent r="6" t="7" w="220" /><ent r="6" t="7" w="230" /><ent r="4" t="92" w="84" /><ent r="3" t="97" w="54" /><ent r="1000" t="118" w="1" /><ent r="82" t="118" w="4" /></phr><phr n="QUOTE"><ent r="5" t="99" w="625" /><ent r="3" t="102" w="70" /><ent r="65" t="118" w="87" /><ent r="65" t="118" w="91" /><ent r="65" t="118" w="96" /><ent r="1000" t="152" w="3" /><ent r="72" t="152" w="7" /><ent r="4" t="152" w="11" /><ent r="3" t="152" w="25" /><ent r="3" t="152" w="39" /><ent r="3" t="152" w="72" /><ent r="4" t="152" w="257" /><ent r="3" t="152" w="277" /><ent r="1000" t="153" w="3" /><ent r="72" t="153" w="8" /><ent r="4" t="153" w="13" /><ent r="3" t="153" w="23" /><ent r="3" t="153" w="32" /><ent r="3" t="153" w="45" /><ent r="4" t="153" w="67" /><ent r="3" t="153" w="75" /><ent r="4" t="153" w="99" /><ent r="3" t="153" w="130" /><ent r="4" t="153" w="144" /><ent r="4" t="153" w="150" /><ent r="3" t="153" w="166" /><ent r="1000" t="154" w="3" /><ent r="72" t="154" w="7" /><ent r="4" t="154" w="11" /><ent r="3" t="154" w="19" /><ent r="3" t="154" w="28" /><ent r="3" t="154" w="38" /><ent r="3" t="154" w="42" /><ent r="3" t="154" w="54" /><ent r="3" t="154" w="81" /><ent r="3" t="154" w="84" /><ent r="3" t="154" w="88" /><ent r="3" t="154" w="104" /><ent r="4" t="154" w="109" /><ent r="3" t="154" w="119" /><ent r="3" t="154" w="128" /><ent r="4" t="154" w="247" /><ent r="4" t="154" w="256" /><ent r="3" t="154" w="259" /><ent r="4" t="154" w="267" /><ent r="3" t="154" w="271" /><ent r="4" t="154" w="276" /><ent r="3" t="154" w="285" /><ent r="4" t="154" w="297" /><ent r="4" t="154" w="512" /><ent r="4" t="154" w="518" /><ent r="1000" t="158" w="3" /><ent r="3" t="158" w="39" /><ent r="1000" t="164" w="3" /><ent r="3" t="164" w="167" /><ent r="3" t="164" w="203" /><ent r="1000" t="165" w="3" /><ent r="65" t="247" w="185" /><ent r="65" t="247" w="189" /><ent r="65" t="247" w="199" /><ent r="4" t="274" w="32" /><ent r="4" t="276" w="42" /><ent r="6" t="279" w="37" /><ent r="4" t="280" w="17" /><ent r="4" t="280" w="48" /><ent r="6" t="280" w="56" /><ent r="1000" t="281" w="2" /><ent r="72" t="281" w="6" /><ent r="3" t="281" w="11" /><ent r="3" t="281" w="21" /><ent r="3" t="281" w="85" /><ent r="3" t="281" w="97" /><ent r="3" t="281" w="162" /><ent r="6" t="281" w="203" /><ent r="1000" t="282" w="2" /><ent r="72" t="282" w="8" /><ent r="3" t="282" w="16" /><ent r="3" t="282" w="37" /><ent r="6" t="282" w="48" /><ent r="6" t="283" w="49" /><ent r="1000" t="284" w="2" /><ent r="72" t="284" w="7" /><ent r="3" t="284" w="16" /><ent r="3" t="284" w="24" /><ent r="3" t="284" w="34" /><ent r="6" t="284" w="57" /><ent r="3" t="295" w="54" /><ent r="4" t="295" w="122" /><ent r="3" t="295" w="129" /><ent r="3" t="296" w="63" /><ent r="3" t="296" w="85" /><ent r="4" t="296" w="308" /><ent r="3" t="296" w="310" /><ent r="4" t="296" w="316" /><ent r="3" t="296" w="330" /><ent r="3" t="298" w="80" /><ent r="3" t="299" w="58" /><ent r="6" t="300" w="69" /><ent r="6" t="301" w="93" /></phr><phr n="Quotes"><ent r="3" t="102" w="29" /></phr></stem><stem n="qe"><phr n="QE"><ent r="6" t="7" w="31" /><ent r="6" t="7" w="218" /><ent r="3" t="97" w="56" /><ent r="3" t="152" w="81" /><ent r="3" t="152" w="292" /><ent r="3" t="154" w="77" /><ent r="4" t="154" w="148" /><ent r="4" t="154" w="211" /><ent r="3" t="154" w="222" /><ent r="3" t="281" w="47" /><ent r="4" t="281" w="125" /><ent r="3" t="281" w="132" /><ent r="3" t="298" w="70" /><ent r="3" t="299" w="64" /></phr></stem><stem n="(qe),"><phr n="(QE),"><ent r="6" t="7" w="32" /></phr></stem><stem n="provis"><phr n="provisioning"><ent r="6" t="7" w="32" /><ent r="57" t="7" w="39" /><ent r="6" t="7" w="147" /><ent r="6" t="7" w="168" /><ent r="6" t="7" w="194" /><ent r="6" t="7" w="215" /><ent r="3" t="97" w="58" /><ent r="3" t="104" w="83" /><ent r="6" t="269" w="152" /><ent r="6" t="269" w="161" /><ent r="3" t="269" w="382" /><ent r="3" t="269" w="385" /></phr><phr n="Provision"><ent r="6" t="7" w="164" /><ent r="6" t="7" w="210" /><ent r="5" t="263" w="173" /><ent r="5" t="263" w="183" /><ent r="6" t="269" w="148" /><ent r="6" t="269" w="156" /></phr><phr n="provisioned"><ent r="3" t="133" w="81" /></phr></stem><stem n="pve"><phr n="PvE"><ent r="6" t="7" w="34" /><ent r="6" t="7" w="192" /><ent r="3" t="97" w="60" /></phr></stem><stem n="(pve),"><phr n="(PvE),"><ent r="6" t="7" w="35" /></phr></stem><stem n="launch"><phr n="launch"><ent r="6" t="7" w="35" /><ent r="6" t="7" w="102" /><ent r="3" t="16" w="10" /><ent r="4" t="34" w="175" /><ent r="3" t="35" w="147" /><ent r="7" t="35" w="446" /><ent r="7" t="35" w="660" /><ent r="3" t="36" w="145" /><ent r="5" t="36" w="448" /><ent r="3" t="76" w="74" /><ent r="3" t="76" w="93" /><ent r="3" t="76" w="113" /><ent r="3" t="76" w="122" /><ent r="3" t="76" w="212" /><ent r="3" t="76" w="228" /><ent r="3" t="82" w="13" /><ent r="3" t="82" w="32" /><ent r="3" t="83" w="11" /><ent r="4" t="90" w="101" /><ent r="4" t="90" w="122" /><ent r="3" t="112" w="321" /><ent r="3" t="112" w="339" /><ent r="1000" t="121" w="6" /><ent r="82" t="121" w="15" /><ent r="3" t="121" w="23" /><ent r="3" t="149" w="21" /><ent r="3" t="149" w="82" /><ent r="3" t="149" w="85" /><ent r="3" t="149" w="89" /><ent r="4" t="149" w="320" /><ent r="64" t="149" w="331" /><ent r="64" t="149" w="360" /><ent r="64" t="149" w="378" /><ent r="64" t="149" w="396" /><ent r="64" t="149" w="424" /><ent r="4" t="149" w="450" /><ent r="3" t="149" w="464" /><ent r="3" t="149" w="473" /><ent r="3" t="149" w="890" /><ent r="3" t="149" w="1064" /><ent r="3" t="149" w="1068" /><ent r="3" t="149" w="1095" /><ent r="3" t="160" w="197" /><ent r="65" t="247" w="28" /><ent r="1000" t="249" w="2" /><ent r="72" t="249" w="7" /><ent r="3" t="249" w="59" /><ent r="6" t="310" w="625" /></phr><phr n="launched"><ent r="3" t="14" w="312" /><ent r="3" t="14" w="339" /><ent r="3" t="14" w="368" /><ent r="3" t="14" w="382" /><ent r="5" t="27" w="108" /><ent r="5" t="32" w="46" /><ent r="3" t="35" w="141" /><ent r="5" t="36" w="443" /><ent r="54" t="37" w="88" /><ent r="3" t="37" w="183" /><ent r="4" t="75" w="132" /><ent r="4" t="75" w="233" /><ent r="3" t="121" w="84" /><ent r="3" t="149" w="903" /></phr><phr n="launches"><ent r="4" t="75" w="284" /><ent r="55" t="75" w="351" /></phr><phr n="launching"><ent r="4" t="75" w="453" /></phr></stem><stem n="le"><phr n="LE"><ent r="6" t="7" w="37" /><ent r="6" t="7" w="100" /></phr></stem><stem n="(le)"><phr n="(LE)"><ent r="6" t="7" w="38" /></phr></stem><stem n="certif"><phr n="certification"><ent r="57" t="7" w="40" /><ent r="6" t="7" w="148" /></phr><phr n="certificate"><ent r="6" t="7" w="169" /><ent r="5" t="49" w="248" /><ent r="4" t="78" w="216" /><ent r="1000" t="112" w="5" /><ent r="92" t="112" w="12" /><ent r="3" t="112" w="39" /><ent r="5" t="112" w="238" /><ent r="4" t="112" w="249" /><ent r="3" t="112" w="279" /><ent r="3" t="112" w="283" /><ent r="3" t="112" w="299" /><ent r="1000" t="113" w="3" /><ent r="82" t="113" w="8" /><ent r="3" t="113" w="14" /><ent r="3" t="113" w="23" /><ent r="3" t="113" w="46" /><ent r="3" t="113" w="95" /><ent r="3" t="113" w="112" /><ent r="3" t="113" w="117" /><ent r="3" t="113" w="119" /><ent r="3" t="113" w="127" /><ent r="3" t="121" w="58" /><ent r="3" t="121" w="66" /><ent r="3" t="121" w="100" /><ent r="54" t="121" w="138" /><ent r="3" t="160" w="29" /><ent r="3" t="160" w="37" /><ent r="3" t="160" w="67" /><ent r="3" t="160" w="181" /><ent r="3" t="295" w="444" /></phr></stem><stem n="pce"><phr n="PCE"><ent r="57" t="7" w="42" /><ent r="6" t="7" w="145" /><ent r="3" t="281" w="54" /><ent r="4" t="281" w="134" /><ent r="3" t="281" w="141" /></phr></stem><stem n="(pce)"><phr n="(PCE)"><ent r="57" t="7" w="43" /></phr></stem><stem n="platform"><phr n="platform"><ent r="57" t="7" w="45" /><ent r="6" t="7" w="58" /><ent r="6" t="7" w="65" /><ent r="6" t="7" w="173" /><ent r="3" t="8" w="22" /><ent r="5" t="12" w="32" /><ent r="3" t="20" w="59" /><ent r="4" t="21" w="52" /><ent r="5" t="27" w="93" /><ent r="7" t="27" w="250" /><ent r="7" t="27" w="273" /><ent r="3" t="29" w="127" /><ent r="3" t="30" w="37" /><ent r="6" t="30" w="185" /><ent r="4" t="42" w="354" /><ent r="4" t="43" w="190" /><ent r="5" t="49" w="266" /><ent r="3" t="77" w="202" /><ent r="4" t="78" w="147" /><ent r="3" t="80" w="67" /><ent r="3" t="92" w="28" /><ent r="4" t="92" w="51" /><ent r="4" t="92" w="72" /><ent r="3" t="93" w="16" /><ent r="3" t="97" w="374" /><ent r="4" t="99" w="180" /><ent r="4" t="99" w="292" /><ent r="4" t="99" w="630" /><ent r="4" t="99" w="642" /><ent r="3" t="99" w="705" /><ent r="3" t="99" w="714" /><ent r="3" t="100" w="23" /><ent r="3" t="102" w="25" /><ent r="3" t="102" w="110" /><ent r="3" t="103" w="35" /><ent r="3" t="117" w="41" /><ent r="1000" t="120" w="2" /><ent r="82" t="120" w="7" /><ent r="3" t="120" w="20" /><ent r="3" t="120" w="26" /><ent r="3" t="122" w="28" /><ent r="65" t="130" w="69" /><ent r="4" t="133" w="71" /><ent r="3" t="133" w="161" /><ent r="3" t="133" w="172" /><ent r="3" t="133" w="180" /><ent r="3" t="133" w="211" /><ent r="1000" t="135" w="2" /><ent r="82" t="135" w="7" /><ent r="3" t="135" w="27" /><ent r="3" t="135" w="31" /><ent r="3" t="139" w="76" /><ent r="3" t="149" w="414" /><ent r="3" t="152" w="91" /><ent r="3" t="152" w="302" /><ent r="3" t="154" w="353" /><ent r="3" t="154" w="359" /><ent r="3" t="155" w="289" /><ent r="3" t="155" w="295" /><ent r="3" t="156" w="511" /><ent r="3" t="156" w="517" /><ent r="3" t="157" w="60" /><ent r="4" t="157" w="105" /><ent r="4" t="157" w="163" /><ent r="4" t="157" w="213" /><ent r="3" t="157" w="227" /><ent r="3" t="157" w="231" /><ent r="4" t="157" w="252" /><ent r="3" t="159" w="18" /><ent r="3" t="159" w="23" /><ent r="3" t="159" w="66" /><ent r="3" t="159" w="71" /><ent r="3" t="159" w="152" /><ent r="3" t="159" w="179" /><ent r="3" t="161" w="234" /><ent r="3" t="161" w="263" /><ent r="3" t="162" w="299" /><ent r="3" t="162" w="318" /><ent r="3" t="163" w="20" /><ent r="3" t="163" w="67" /><ent r="3" t="163" w="80" /><ent r="3" t="163" w="103" /><ent r="3" t="163" w="208" /><ent r="3" t="163" w="269" /><ent r="3" t="195" w="285" /><ent r="3" t="196" w="403" /><ent r="3" t="196" w="413" /><ent r="3" t="202" w="227" /><ent r="3" t="203" w="536" /><ent r="3" t="203" w="578" /><ent r="3" t="205" w="170" /><ent r="3" t="206" w="307" /><ent r="3" t="206" w="346" /><ent r="3" t="228" w="205" /><ent r="3" t="229" w="117" /><ent r="3" t="230" w="29" /><ent r="3" t="230" w="73" /><ent r="3" t="230" w="137" /><ent r="3" t="230" w="156" /><ent r="3" t="231" w="355" /><ent r="3" t="232" w="431" /><ent r="3" t="232" w="454" /><ent r="3" t="232" w="471" /><ent r="3" t="233" w="341" /><ent r="3" t="233" w="364" /><ent r="3" t="233" w="381" /><ent r="3" t="234" w="295" /><ent r="3" t="234" w="347" /><ent r="3" t="234" w="364" /><ent r="3" t="235" w="310" /><ent r="3" t="235" w="362" /><ent r="3" t="235" w="379" /><ent r="3" t="236" w="280" /><ent r="3" t="237" w="91" /><ent r="3" t="237" w="129" /><ent r="3" t="238" w="117" /><ent r="3" t="238" w="155" /><ent r="65" t="247" w="291" /><ent r="3" t="281" w="121" /><ent r="3" t="287" w="14" /><ent r="3" t="288" w="19" /><ent r="3" t="294" w="93" /><ent r="3" t="296" w="278" /><ent r="3" t="296" w="285" /><ent r="1000" t="300" w="2" /><ent r="72" t="300" w="7" /><ent r="3" t="300" w="17" /><ent r="3" t="300" w="29" /><ent r="3" t="300" w="36" /><ent r="3" t="300" w="42" /><ent r="3" t="300" w="45" /><ent r="3" t="300" w="50" /><ent r="4" t="300" w="57" /><ent r="3" t="300" w="61" /><ent r="3" t="301" w="81" /><ent r="6" t="310" w="429" /><ent r="6" t="310" w="526" /><ent r="6" t="310" w="644" /><ent r="6" t="310" w="650" /></phr><phr n="platforms"><ent r="3" t="26" w="522" /></phr></stem><stem n="(pse"><phr n="(PSE"><ent r="57" t="7" w="48" /></phr></stem><stem n="pse"><phr n="PSE"><ent r="57" t="7" w="48" /><ent r="6" t="7" w="171" /><ent r="6" t="7" w="181" /><ent r="6" t="7" w="187" /><ent r="4" t="42" w="357" /><ent r="3" t="98" w="253" /><ent r="5" t="99" w="170" /><ent r="4" t="99" w="185" /><ent r="5" t="99" w="202" /><ent r="4" t="99" w="210" /><ent r="5" t="99" w="239" /><ent r="4" t="99" w="268" /><ent r="5" t="99" w="274" /><ent r="4" t="99" w="298" /><ent r="65" t="135" w="38" /><ent r="65" t="135" w="43" /><ent r="1000" t="228" w="3" /><ent r="72" t="228" w="8" /><ent r="4" t="228" w="13" /><ent r="3" t="228" w="21" /><ent r="3" t="228" w="30" /><ent r="4" t="228" w="197" /><ent r="1000" t="229" w="3" /><ent r="72" t="229" w="8" /><ent r="4" t="229" w="13" /><ent r="4" t="229" w="24" /><ent r="3" t="229" w="35" /><ent r="4" t="229" w="107" /><ent r="4" t="230" w="147" /><ent r="4" t="231" w="346" /><ent r="4" t="232" w="422" /><ent r="4" t="233" w="332" /><ent r="4" t="234" w="286" /><ent r="4" t="235" w="301" /><ent r="4" t="236" w="271" /><ent r="3" t="237" w="48" /><ent r="4" t="237" w="86" /><ent r="3" t="237" w="105" /><ent r="4" t="237" w="114" /><ent r="3" t="238" w="64" /><ent r="4" t="238" w="112" /><ent r="3" t="238" w="131" /><ent r="4" t="238" w="140" /></phr></stem><stem n="attest"><phr n="Attestation"><ent r="6" t="7" w="51" /><ent r="6" t="7" w="59" /><ent r="6" t="7" w="97" /><ent r="55" t="44" w="258" /><ent r="116" t="44" w="292" /><ent r="4" t="78" w="161" /><ent r="4" t="78" w="169" /><ent r="1000" t="92" w="1" /><ent r="92" t="92" w="3" /><ent r="3" t="92" w="13" /><ent r="3" t="92" w="36" /><ent r="4" t="92" w="56" /><ent r="4" t="92" w="63" /><ent r="4" t="92" w="77" /><ent r="4" t="92" w="80" /><ent r="3" t="92" w="102" /><ent r="1000" t="93" w="2" /><ent r="82" t="93" w="5" /><ent r="3" t="93" w="8" /><ent r="3" t="93" w="70" /><ent r="3" t="93" w="167" /><ent r="1000" t="94" w="7" /><ent r="72" t="94" w="17" /><ent r="3" t="94" w="22" /><ent r="3" t="94" w="124" /><ent r="3" t="94" w="146" /><ent r="1000" t="97" w="2" /><ent r="82" t="97" w="5" /><ent r="3" t="97" w="10" /><ent r="3" t="97" w="43" /><ent r="3" t="97" w="62" /><ent r="3" t="97" w="73" /><ent r="3" t="97" w="103" /><ent r="3" t="97" w="196" /><ent r="4" t="97" w="212" /><ent r="4" t="97" w="222" /><ent r="4" t="97" w="239" /><ent r="4" t="97" w="245" /><ent r="4" t="97" w="263" /><ent r="3" t="97" w="317" /><ent r="3" t="98" w="30" /><ent r="3" t="98" w="37" /><ent r="1000" t="99" w="2" /><ent r="72" t="99" w="9" /><ent r="3" t="99" w="23" /><ent r="4" t="99" w="85" /><ent r="3" t="99" w="90" /><ent r="5" t="99" w="390" /><ent r="6" t="99" w="424" /><ent r="1000" t="100" w="2" /><ent r="72" t="100" w="11" /><ent r="3" t="100" w="55" /><ent r="3" t="100" w="97" /><ent r="1000" t="101" w="4" /><ent r="72" t="101" w="11" /><ent r="3" t="101" w="21" /><ent r="3" t="101" w="74" /><ent r="3" t="101" w="140" /><ent r="3" t="101" w="328" /><ent r="3" t="101" w="372" /><ent r="1000" t="102" w="9" /><ent r="72" t="102" w="19" /><ent r="3" t="102" w="44" /><ent r="3" t="102" w="135" /><ent r="3" t="102" w="154" /><ent r="65" t="118" w="100" /><ent r="3" t="154" w="527" /><ent r="3" t="155" w="22" /><ent r="3" t="155" w="57" /><ent r="3" t="155" w="232" /><ent r="3" t="156" w="22" /><ent r="3" t="156" w="98" /><ent r="3" t="156" w="134" /><ent r="1000" t="157" w="4" /><ent r="72" t="157" w="9" /><ent r="4" t="157" w="14" /><ent r="3" t="157" w="22" /><ent r="3" t="157" w="27" /><ent r="4" t="157" w="47" /><ent r="3" t="157" w="53" /><ent r="4" t="157" w="67" /><ent r="5" t="157" w="110" /><ent r="5" t="157" w="168" /><ent r="3" t="157" w="222" /><ent r="3" t="157" w="235" /><ent r="3" t="157" w="263" /><ent r="4" t="157" w="266" /><ent r="3" t="157" w="275" /><ent r="3" t="157" w="280" /><ent r="4" t="157" w="318" /><ent r="4" t="157" w="487" /><ent r="3" t="157" w="492" /><ent r="3" t="158" w="193" /><ent r="3" t="196" w="369" /><ent r="3" t="237" w="22" /><ent r="3" t="237" w="123" /><ent r="3" t="237" w="144" /><ent r="3" t="238" w="24" /><ent r="3" t="238" w="149" /><ent r="3" t="238" w="224" /><ent r="3" t="239" w="29" /><ent r="3" t="239" w="47" /><ent r="3" t="239" w="482" /><ent r="3" t="240" w="21" /><ent r="3" t="240" w="119" /><ent r="3" t="281" w="15" /><ent r="3" t="291" w="21" /><ent r="3" t="293" w="21" /><ent r="3" t="294" w="23" /><ent r="3" t="295" w="24" /><ent r="3" t="295" w="218" /><ent r="3" t="295" w="396" /><ent r="3" t="295" w="456" /><ent r="3" t="296" w="23" /><ent r="3" t="296" w="231" /><ent r="3" t="296" w="296" /><ent r="3" t="296" w="511" /><ent r="3" t="300" w="22" /></phr><phr n="attest"><ent r="4" t="97" w="146" /></phr><phr n="attested"><ent r="3" t="155" w="159" /><ent r="3" t="156" w="240" /></phr></stem><stem n="prove"><phr n="Prove"><ent r="6" t="7" w="53" /><ent r="6" t="7" w="60" /></phr></stem><stem n="authent"><phr n="authenticity"><ent r="6" t="7" w="54" /><ent r="3" t="133" w="334" /><ent r="3" t="206" w="17" /><ent r="3" t="206" w="405" /><ent r="3" t="212" w="513" /><ent r="3" t="213" w="538" /></phr><phr n="authenticated"><ent r="4" t="92" w="42" /><ent r="3" t="206" w="95" /><ent r="3" t="277" w="86" /><ent r="3" t="277" w="145" /><ent r="4" t="277" w="159" /></phr><phr n="authenticating"><ent r="3" t="93" w="17" /></phr><phr n="authentication"><ent r="3" t="97" w="124" /><ent r="3" t="97" w="314" /><ent r="3" t="97" w="410" /><ent r="3" t="132" w="119" /><ent r="3" t="133" w="356" /><ent r="54" t="133" w="376" /><ent r="54" t="133" w="413" /><ent r="54" t="133" w="418" /><ent r="54" t="133" w="443" /><ent r="54" t="133" w="453" /><ent r="3" t="201" w="126" /><ent r="3" t="201" w="160" /><ent r="3" t="204" w="76" /><ent r="3" t="204" w="93" /><ent r="3" t="204" w="379" /><ent r="3" t="204" w="394" /><ent r="3" t="204" w="412" /><ent r="3" t="206" w="198" /><ent r="3" t="212" w="282" /><ent r="3" t="212" w="321" /><ent r="3" t="212" w="362" /><ent r="3" t="212" w="545" /><ent r="3" t="212" w="563" /><ent r="3" t="213" w="284" /><ent r="3" t="213" w="324" /><ent r="3" t="213" w="366" /><ent r="3" t="213" w="570" /><ent r="3" t="213" w="588" /></phr><phr n="authenticate"><ent r="3" t="97" w="378" /><ent r="4" t="132" w="57" /><ent r="3" t="204" w="14" /><ent r="3" t="205" w="16" /></phr></stem><stem n="ecal"><phr n="ECALL"><ent r="6" t="7" w="67" /><ent r="3" t="39" w="17" /><ent r="3" t="40" w="42" /><ent r="3" t="40" w="140" /><ent r="3" t="40" w="225" /><ent r="3" t="40" w="233" /><ent r="3" t="44" w="103" /><ent r="3" t="44" w="112" /><ent r="3" t="44" w="118" /><ent r="3" t="44" w="154" /><ent r="3" t="44" w="181" /><ent r="3" t="44" w="216" /><ent r="3" t="51" w="329" /><ent r="3" t="51" w="332" /><ent r="3" t="51" w="376" /><ent r="3" t="51" w="388" /><ent r="4" t="57" w="50" /><ent r="4" t="57" w="63" /><ent r="4" t="57" w="72" /><ent r="4" t="58" w="50" /><ent r="4" t="58" w="101" /><ent r="3" t="58" w="249" /><ent r="3" t="58" w="268" /><ent r="3" t="58" w="306" /><ent r="4" t="58" w="578" /><ent r="3" t="58" w="813" /><ent r="3" t="59" w="77" /><ent r="3" t="59" w="180" /><ent r="3" t="59" w="192" /><ent r="3" t="59" w="202" /><ent r="3" t="59" w="212" /><ent r="3" t="59" w="298" /><ent r="3" t="59" w="315" /><ent r="3" t="59" w="333" /><ent r="5" t="59" w="342" /><ent r="5" t="59" w="390" /><ent r="5" t="59" w="452" /><ent r="5" t="59" w="528" /><ent r="6" t="59" w="841" /><ent r="3" t="62" w="154" /><ent r="3" t="66" w="108" /><ent r="3" t="68" w="101" /><ent r="3" t="73" w="46" /><ent r="3" t="73" w="61" /><ent r="3" t="76" w="271" /><ent r="3" t="77" w="64" /><ent r="3" t="77" w="145" /><ent r="1000" t="85" w="1" /><ent r="82" t="85" w="5" /><ent r="3" t="85" w="10" /><ent r="3" t="85" w="78" /><ent r="3" t="85" w="98" /><ent r="64" t="87" w="110" /><ent r="3" t="87" w="149" /><ent r="1000" t="88" w="1" /><ent r="82" t="88" w="7" /><ent r="3" t="88" w="33" /><ent r="4" t="89" w="23" /><ent r="4" t="89" w="29" /><ent r="1000" t="90" w="2" /><ent r="72" t="90" w="8" /><ent r="3" t="90" w="18" /><ent r="3" t="90" w="32" /><ent r="1000" t="91" w="2" /><ent r="72" t="91" w="11" /><ent r="3" t="91" w="24" /><ent r="3" t="91" w="41" /><ent r="3" t="91" w="123" /><ent r="4" t="91" w="131" /><ent r="4" t="94" w="198" /><ent r="4" t="94" w="256" /><ent r="4" t="94" w="318" /><ent r="4" t="94" w="376" /><ent r="3" t="95" w="46" /><ent r="3" t="95" w="84" /><ent r="3" t="155" w="101" /><ent r="3" t="155" w="170" /><ent r="3" t="155" w="212" /><ent r="3" t="156" w="167" /><ent r="3" t="156" w="177" /><ent r="3" t="156" w="251" /><ent r="3" t="156" w="299" /><ent r="3" t="156" w="318" /><ent r="3" t="156" w="366" /><ent r="4" t="178" w="268" /><ent r="4" t="179" w="186" /><ent r="65" t="247" w="270" /><ent r="65" t="247" w="277" /><ent r="65" t="247" w="284" /><ent r="1000" t="297" w="2" /><ent r="72" t="297" w="8" /><ent r="3" t="297" w="35" /><ent r="1000" t="298" w="2" /><ent r="72" t="298" w="8" /><ent r="3" t="298" w="35" /><ent r="1000" t="299" w="2" /><ent r="72" t="299" w="8" /><ent r="3" t="299" w="35" /><ent r="6" t="310" w="156" /><ent r="6" t="310" w="194" /><ent r="6" t="310" w="198" /><ent r="7" t="310" w="208" /><ent r="7" t="310" w="213" /><ent r="7" t="310" w="224" /></phr><phr n="ECALLs"><ent r="3" t="40" w="32" /><ent r="5" t="43" w="395" /><ent r="5" t="43" w="422" /><ent r="6" t="43" w="552" /><ent r="4" t="44" w="300" /><ent r="3" t="51" w="52" /><ent r="3" t="51" w="279" /><ent r="3" t="58" w="316" /><ent r="3" t="59" w="61" /><ent r="6" t="59" w="981" /><ent r="1000" t="73" w="4" /><ent r="82" t="73" w="9" /><ent r="3" t="73" w="17" /><ent r="3" t="73" w="20" /><ent r="3" t="73" w="22" /><ent r="3" t="73" w="42" /><ent r="3" t="73" w="102" /><ent r="4" t="79" w="42" /><ent r="3" t="87" w="37" /><ent r="3" t="87" w="41" /><ent r="1000" t="89" w="1" /><ent r="82" t="89" w="5" /><ent r="3" t="89" w="20" /><ent r="3" t="98" w="151" /><ent r="3" t="98" w="345" /><ent r="4" t="112" w="241" /><ent r="4" t="178" w="288" /><ent r="4" t="179" w="206" /></phr></stem></index>