<?xml version="1.0" encoding="utf-8"?><index><stem n="fact"><phr n="fact"><ent r="4" t="58" w="539" /><ent r="55" t="75" w="48" /><ent r="3" t="98" w="144" /><ent r="4" t="99" w="470" /><ent r="3" t="155" w="467" /></phr></stem><stem n="“out”"><phr n="“out”"><ent r="4" t="58" w="585" /></phr></stem><stem n="sensit"><phr n="sensitive"><ent r="4" t="58" w="590" /></phr></stem><stem n="(an"><phr n="(an"><ent r="3" t="58" w="642" /><ent r="3" t="58" w="684" /></phr></stem><stem n="begin"><phr n="beginning"><ent r="3" t="58" w="810" /><ent r="3" t="58" w="839" /><ent r="3" t="169" w="301" /><ent r="3" t="182" w="128" /><ent r="3" t="196" w="487" /></phr><phr n="begin"><ent r="3" t="99" w="109" /></phr><phr n="begins"><ent r="3" t="99" w="139" /></phr></stem><stem n="undefin"><phr n="undefined"><ent r="3" t="58" w="871" /><ent r="4" t="75" w="402" /><ent r="4" t="149" w="963" /><ent r="3" t="176" w="185" /><ent r="4" t="177" w="163" /><ent r="3" t="181" w="170" /><ent r="4" t="182" w="161" /><ent r="3" t="187" w="257" /><ent r="6" t="310" w="252" /></phr></stem><stem n="unexpectedli"><phr n="unexpectedly"><ent r="3" t="58" w="919" /><ent r="3" t="178" w="197" /><ent r="3" t="183" w="290" /></phr></stem><stem n="recurs"><phr n="recursively"><ent r="3" t="58" w="951" /></phr><phr n="recursive"><ent r="3" t="176" w="151" /><ent r="4" t="176" w="217" /><ent r="4" t="176" w="226" /><ent r="3" t="257" w="75" /><ent r="4" t="257" w="125" /></phr></stem><stem n="themselv"><phr n="themselves"><ent r="3" t="58" w="954" /></phr></stem><stem n="situat"><phr n="situations"><ent r="3" t="59" w="11" /></phr></stem><stem n="restrict"><phr n="restrictions"><ent r="3" t="59" w="13" /><ent r="3" t="129" w="35" /></phr><phr n="restricted"><ent r="4" t="123" w="209" /><ent r="4" t="137" w="92" /></phr><phr n="restricts"><ent r="54" t="133" w="432" /></phr><phr n="restriction"><ent r="3" t="138" w="21" /></phr><phr n="restrict"><ent r="6" t="312" w="343" /></phr></stem><stem n="impos"><phr n="imposed"><ent r="3" t="59" w="14" /></phr></stem><stem n="boundari"><phr n="boundary"><ent r="3" t="59" w="31" /><ent r="3" t="133" w="27" /><ent r="3" t="133" w="119" /><ent r="4" t="144" w="174" /><ent r="3" t="145" w="158" /><ent r="3" t="168" w="89" /><ent r="4" t="201" w="214" /><ent r="4" t="201" w="412" /><ent r="4" t="201" w="475" /><ent r="4" t="202" w="382" /><ent r="4" t="202" w="583" /><ent r="4" t="202" w="646" /><ent r="4" t="203" w="458" /><ent r="4" t="203" w="515" /><ent r="4" t="204" w="117" /><ent r="4" t="204" w="276" /><ent r="4" t="204" w="321" /><ent r="4" t="205" w="289" /><ent r="4" t="205" w="445" /><ent r="4" t="205" w="490" /><ent r="4" t="206" w="252" /><ent r="4" t="206" w="287" /></phr></stem><stem n="too"><phr n="too"><ent r="3" t="59" w="38" /><ent r="4" t="137" w="110" /><ent r="3" t="149" w="706" /><ent r="3" t="149" w="712" /></phr></stem><stem n="fragment"><phr n="fragmented"><ent r="3" t="59" w="49" /></phr></stem><stem n="smaller"><phr n="smaller"><ent r="3" t="59" w="51" /></phr></stem><stem n="seri"><phr n="series"><ent r="3" t="59" w="59" /></phr></stem><stem n="(enclav"><phr n="(enclave"><ent r="3" t="59" w="73" /></phr></stem><stem n="understand"><phr n="understand"><ent r="3" t="59" w="125" /><ent r="3" t="195" w="119" /></phr><phr n="understanding"><ent r="3" t="202" w="769" /><ent r="3" t="205" w="615" /></phr></stem><stem n="risk"><phr n="risks"><ent r="3" t="59" w="127" /></phr><phr n="risk"><ent r="3" t="59" w="164" /></phr></stem><stem n="associ"><phr n="associated"><ent r="3" t="59" w="128" /><ent r="3" t="87" w="183" /><ent r="3" t="101" w="109" /><ent r="4" t="104" w="173" /><ent r="4" t="106" w="35" /><ent r="4" t="107" w="76" /><ent r="4" t="108" w="66" /><ent r="4" t="108" w="84" /><ent r="3" t="150" w="22" /><ent r="3" t="150" w="117" /><ent r="3" t="192" w="99" /><ent r="3" t="239" w="478" /><ent r="3" t="240" w="115" /><ent r="3" t="289" w="85" /></phr><phr n="associate"><ent r="3" t="231" w="273" /></phr></stem><stem n="_ecall_user_check([user_check]"><phr n="_ecall_user_check([user_check]"><ent r="3" t="59" w="185" /></phr></stem><stem n="ptr"><phr n="ptr"><ent r="3" t="59" w="186" /><ent r="3" t="59" w="196" /><ent r="3" t="59" w="206" /><ent r="3" t="59" w="218" /><ent r="3" t="59" w="234" /><ent r="3" t="59" w="243" /><ent r="3" t="59" w="252" /><ent r="3" t="59" w="263" /><ent r="3" t="59" w="301" /><ent r="3" t="59" w="320" /><ent r="5" t="59" w="349" /><ent r="5" t="59" w="374" /><ent r="4" t="59" w="404" /><ent r="5" t="59" w="417" /><ent r="4" t="59" w="466" /><ent r="5" t="59" w="481" /><ent r="5" t="59" w="518" /><ent r="5" t="59" w="550" /><ent r="5" t="59" w="593" /><ent r="5" t="59" w="605" /><ent r="5" t="59" w="626" /><ent r="5" t="59" w="630" /><ent r="5" t="59" w="658" /><ent r="5" t="59" w="674" /><ent r="5" t="59" w="719" /><ent r="5" t="59" w="759" /><ent r="5" t="59" w="792" /><ent r="3" t="62" w="407" /><ent r="3" t="62" w="426" /><ent r="3" t="62" w="447" /><ent r="3" t="62" w="469" /><ent r="3" t="62" w="500" /><ent r="3" t="62" w="512" /><ent r="3" t="62" w="535" /><ent r="3" t="62" w="579" /><ent r="3" t="64" w="336" /><ent r="4" t="64" w="537" /><ent r="3" t="69" w="308" /><ent r="3" t="69" w="346" /><ent r="3" t="71" w="282" /><ent r="3" t="71" w="284" /><ent r="6" t="318" w="95" /></phr></stem><stem n="_ecall_in([in]"><phr n="_ecall_in([in]"><ent r="3" t="59" w="195" /></phr></stem><stem n="_ecall_out([out]"><phr n="_ecall_out([out]"><ent r="3" t="59" w="205" /></phr></stem><stem n="_ecall_in_out([in,"><phr n="_ecall_in_out([in,"><ent r="3" t="59" w="216" /></phr></stem><stem n="_ocall_user_check([user_check]"><phr n="_ocall_user_check([user_check]"><ent r="3" t="59" w="233" /></phr></stem><stem n="_ocall_in([in]"><phr n="_ocall_in([in]"><ent r="3" t="59" w="242" /></phr></stem><stem n="_ocall_out([out]"><phr n="_ocall_out([out]"><ent r="3" t="59" w="251" /></phr></stem><stem n="_ocall_in_out([in,"><phr n="_ocall_in_out([in,"><ent r="3" t="59" w="261" /></phr></stem><stem n=".pointer"><phr n=".Pointers"><ent r="3" t="59" w="279" /></phr></stem><stem n="‘user_check’"><phr n="‘user_check’"><ent r="3" t="59" w="288" /></phr></stem><stem n="_ecall_not(int"><phr n="_ecall_not(int"><ent r="3" t="59" w="300" /></phr></stem><stem n=".function"><phr n=".Function"><ent r="3" t="59" w="305" /></phr></stem><stem n="_ecall_func([in]int"><phr n="_ecall_func([in]int"><ent r="3" t="59" w="318" /></phr></stem><stem n="(*func_ptr)());"><phr n="(*func_ptr)());"><ent r="3" t="59" w="321" /></phr></stem><stem n="[user_check]:"><phr n="[user_check]:"><ent r="4" t="59" w="337" /><ent r="4" t="59" w="581" /></phr></stem><stem n="_ecall_user_check"><phr n="_ecall_user_check"><ent r="5" t="59" w="344" /></phr></stem><stem n="[in]:"><phr n="[in]:"><ent r="4" t="59" w="385" /><ent r="4" t="59" w="638" /></phr></stem><stem n="_ecall_in"><phr n="_ecall_in"><ent r="5" t="59" w="391" /></phr></stem><stem n="‘ptr’(int)"><phr n="‘ptr’(int)"><ent r="4" t="59" w="406" /><ent r="4" t="59" w="468" /></phr></stem><stem n="integ"><phr n="integer"><ent r="4" t="59" w="420" /><ent r="4" t="59" w="484" /><ent r="4" t="59" w="553" /><ent r="3" t="61" w="104" /><ent r="3" t="63" w="84" /></phr><phr n="integers"><ent r="3" t="193" w="84" /><ent r="3" t="193" w="176" /><ent r="3" t="194" w="90" /><ent r="3" t="194" w="194" /></phr></stem><stem n="visibl"><phr n="visible"><ent r="4" t="59" w="440" /><ent r="4" t="59" w="693" /><ent r="3" t="256" w="42" /></phr></stem><stem n="[out]:"><phr n="[out]:"><ent r="4" t="59" w="447" /><ent r="4" t="59" w="699" /></phr></stem><stem n="_ecall_out"><phr n="_ecall_out"><ent r="5" t="59" w="453" /></phr></stem><stem n="[in,"><phr n="[in,"><ent r="4" t="59" w="522" /><ent r="4" t="59" w="763" /><ent r="3" t="62" w="528" /><ent r="3" t="62" w="599" /><ent r="3" t="64" w="221" /><ent r="3" t="64" w="266" /><ent r="3" t="64" w="283" /><ent r="3" t="64" w="380" /><ent r="3" t="64" w="404" /><ent r="3" t="69" w="279" /><ent r="3" t="70" w="193" /><ent r="4" t="172" w="35" /><ent r="4" t="193" w="74" /><ent r="4" t="194" w="80" /><ent r="4" t="203" w="207" /><ent r="4" t="203" w="316" /><ent r="4" t="206" w="150" /></phr></stem><stem n="]:"><phr n="]:"><ent r="4" t="59" w="523" /><ent r="4" t="59" w="764" /></phr></stem><stem n="_ecall_in_out"><phr n="_ecall_in_out"><ent r="5" t="59" w="530" /></phr></stem><stem n="_ocall_user_check"><phr n="_ocall_user_check"><ent r="5" t="59" w="588" /></phr></stem><stem n="besid"><phr n="Besides"><ent r="4" t="59" w="614" /></phr></stem><stem n="/modifi"><phr n="/modify"><ent r="4" t="59" w="619" /></phr></stem><stem n="_ocall_in"><phr n="_ocall_in"><ent r="5" t="59" w="644" /></phr></stem><stem n="(int)"><phr n="(int)"><ent r="4" t="59" w="661" /><ent r="4" t="59" w="722" /><ent r="3" t="62" w="436" /></phr></stem><stem n="'application'"><phr n="'application'"><ent r="4" t="59" w="666" /></phr></stem><stem n="(untrust"><phr n="(untrusted"><ent r="4" t="59" w="667" /><ent r="4" t="59" w="728" /></phr></stem><stem n="newli"><phr n="newly"><ent r="4" t="59" w="681" /><ent r="3" t="88" w="61" /></phr></stem><stem n="applicationwil"><phr n="applicationwill"><ent r="4" t="59" w="690" /></phr></stem><stem n="_ocall_out"><phr n="_ocall_out"><ent r="5" t="59" w="705" /></phr></stem><stem n="theapplic"><phr n="theapplication"><ent r="4" t="59" w="726" /></phr></stem><stem n=".after"><phr n=".After"><ent r="4" t="59" w="738" /></phr></stem><stem n="_ocall_in_out"><phr n="_ocall_in_out"><ent r="5" t="59" w="771" /></phr></stem><stem n="summar"><phr n="summarizes"><ent r="3" t="59" w="819" /></phr></stem><stem n="/out"><phr n="/out"><ent r="3" t="59" w="827" /><ent r="3" t="59" w="837" /><ent r="3" t="76" w="83" /></phr></stem><stem n="afterward"><phr n="Afterwards"><ent r="6" t="59" w="884" /></phr></stem><stem n="slow"><phr n="slow"><ent r="6" t="59" w="895" /><ent r="6" t="59" w="958" /></phr></stem><stem n="forth"><phr n="forth"><ent r="6" t="59" w="977" /></phr></stem><stem n="calcul"><phr n="Calculation"><ent r="1000" t="60" w="3" /><ent r="72" t="60" w="7" /><ent r="3" t="198" w="109" /><ent r="3" t="198" w="135" /><ent r="3" t="198" w="215" /><ent r="3" t="201" w="52" /><ent r="3" t="201" w="579" /><ent r="3" t="202" w="54" /><ent r="3" t="203" w="46" /><ent r="3" t="203" w="154" /><ent r="3" t="207" w="125" /><ent r="3" t="207" w="189" /><ent r="3" t="208" w="124" /><ent r="3" t="208" w="266" /><ent r="3" t="209" w="27" /><ent r="3" t="209" w="45" /><ent r="3" t="209" w="167" /><ent r="3" t="209" w="214" /><ent r="3" t="209" w="229" /><ent r="3" t="210" w="97" /><ent r="3" t="210" w="186" /><ent r="3" t="211" w="85" /><ent r="3" t="211" w="149" /><ent r="3" t="212" w="238" /><ent r="3" t="212" w="292" /><ent r="3" t="213" w="240" /><ent r="3" t="213" w="294" /><ent r="3" t="214" w="166" /><ent r="3" t="215" w="161" /><ent r="3" t="215" w="297" /><ent r="3" t="216" w="29" /><ent r="3" t="216" w="47" /><ent r="3" t="216" w="169" /><ent r="3" t="216" w="233" /><ent r="3" t="216" w="287" /><ent r="3" t="217" w="95" /><ent r="3" t="217" w="239" /><ent r="3" t="218" w="87" /><ent r="3" t="219" w="168" /><ent r="3" t="220" w="168" /><ent r="3" t="221" w="409" /><ent r="3" t="227" w="123" /><ent r="3" t="239" w="267" /><ent r="3" t="239" w="289" /><ent r="3" t="244" w="297" /><ent r="3" t="244" w="323" /><ent r="3" t="245" w="241" /><ent r="3" t="245" w="267" /><ent r="3" t="277" w="101" /><ent r="3" t="295" w="300" /><ent r="3" t="295" w="326" /><ent r="3" t="296" w="135" /><ent r="3" t="296" w="161" /><ent r="3" t="296" w="415" /><ent r="3" t="296" w="441" /><ent r="3" t="303" w="234" /><ent r="3" t="303" w="260" /><ent r="3" t="304" w="123" /><ent r="3" t="304" w="149" /></phr><phr n="calculating"><ent r="3" t="60" w="13" /><ent r="3" t="224" w="539" /><ent r="3" t="224" w="578" /></phr><phr n="calculated"><ent r="4" t="60" w="111" /><ent r="3" t="154" w="107" /><ent r="3" t="197" w="176" /><ent r="4" t="201" w="446" /><ent r="4" t="202" w="617" /><ent r="4" t="204" w="292" /><ent r="4" t="205" w="461" /><ent r="3" t="210" w="118" /><ent r="3" t="213" w="474" /><ent r="3" t="217" w="117" /></phr><phr n="Calculate"><ent r="4" t="111" w="73" /><ent r="3" t="132" w="109" /><ent r="4" t="134" w="97" /><ent r="3" t="200" w="35" /><ent r="3" t="201" w="624" /><ent r="3" t="203" w="289" /><ent r="3" t="203" w="373" /><ent r="3" t="204" w="440" /><ent r="3" t="226" w="83" /><ent r="3" t="231" w="301" /></phr><phr n="calculates"><ent r="3" t="198" w="198" /><ent r="3" t="199" w="158" /><ent r="3" t="200" w="149" /><ent r="3" t="224" w="443" /><ent r="3" t="224" w="485" /><ent r="3" t="224" w="533" /><ent r="3" t="224" w="572" /></phr><phr n="calculations"><ent r="3" t="221" w="155" /><ent r="3" t="222" w="106" /><ent r="3" t="222" w="185" /><ent r="3" t="223" w="224" /><ent r="3" t="224" w="200" /><ent r="3" t="224" w="621" /><ent r="3" t="225" w="146" /><ent r="3" t="226" w="176" /><ent r="3" t="227" w="206" /></phr></stem><stem n="formula"><phr n="formula"><ent r="3" t="60" w="11" /><ent r="4" t="60" w="30" /><ent r="4" t="60" w="115" /><ent r="3" t="224" w="555" /><ent r="3" t="224" w="594" /></phr></stem><stem n="/sizefunc"><phr n="/sizefunc"><ent r="5" t="60" w="40" /><ent r="5" t="60" w="96" /></phr></stem><stem n="=1"><phr n="=1"><ent r="5" t="60" w="85" /></phr></stem><stem n="sizeof"><phr n="sizeof"><ent r="5" t="60" w="122" /><ent r="4" t="62" w="46" /><ent r="3" t="62" w="434" /><ent r="4" t="63" w="17" /><ent r="6" t="320" w="91" /></phr></stem><stem n="/"><phr n="/"><ent r="3" t="61" w="32" /></phr></stem><stem n="(when"><phr n="(when"><ent r="3" t="61" w="35" /><ent r="3" t="169" w="28" /><ent r="3" t="169" w="258" /></phr></stem><stem n="whole"><phr n="whole"><ent r="3" t="61" w="56" /><ent r="3" t="166" w="105" /><ent r="3" t="167" w="105" /></phr></stem><stem n="vice"><phr n="vice"><ent r="3" t="61" w="91" /></phr></stem><stem n="versa"><phr n="versa"><ent r="3" t="61" w="92" /></phr></stem><stem n="constant"><phr n="constant"><ent r="3" t="61" w="105" /><ent r="3" t="63" w="85" /><ent r="3" t="149" w="1236" /></phr></stem><stem n="-length"><phr n="-length"><ent r="3" t="62" w="62" /><ent r="3" t="62" w="62" /><ent r="3" t="67" w="25" /><ent r="3" t="67" w="25" /><ent r="3" t="67" w="153" /><ent r="3" t="67" w="153" /><ent r="3" t="207" w="273" /><ent r="3" t="207" w="273" /><ent r="3" t="214" w="305" /><ent r="3" t="214" w="305" /></phr></stem><stem n="variable-length"><phr n="variable-length"><ent r="3" t="62" w="62" /></phr></stem><stem n="length"><phr n="length"><ent r="3" t="62" w="63" /><ent r="3" t="62" w="271" /><ent r="3" t="64" w="55" /><ent r="3" t="64" w="89" /><ent r="3" t="67" w="26" /><ent r="3" t="67" w="154" /><ent r="3" t="96" w="87" /><ent r="3" t="96" w="186" /><ent r="3" t="132" w="116" /><ent r="3" t="132" w="123" /><ent r="3" t="133" w="364" /><ent r="54" t="133" w="384" /><ent r="3" t="156" w="400" /><ent r="3" t="156" w="453" /><ent r="3" t="166" w="32" /><ent r="3" t="167" w="32" /><ent r="3" t="168" w="42" /><ent r="4" t="168" w="94" /><ent r="3" t="168" w="100" /><ent r="3" t="198" w="86" /><ent r="3" t="198" w="116" /><ent r="3" t="201" w="76" /><ent r="3" t="201" w="89" /><ent r="4" t="201" w="118" /><ent r="3" t="201" w="121" /><ent r="3" t="201" w="140" /><ent r="4" t="201" w="183" /><ent r="4" t="201" w="217" /><ent r="3" t="201" w="220" /><ent r="5" t="201" w="381" /><ent r="3" t="202" w="113" /><ent r="3" t="202" w="126" /><ent r="4" t="202" w="283" /><ent r="3" t="202" w="286" /><ent r="3" t="202" w="305" /><ent r="3" t="202" w="331" /><ent r="4" t="202" w="351" /><ent r="4" t="202" w="385" /><ent r="3" t="202" w="388" /><ent r="3" t="202" w="417" /><ent r="5" t="202" w="552" /><ent r="3" t="203" w="99" /><ent r="3" t="203" w="112" /><ent r="4" t="203" w="197" /><ent r="4" t="203" w="205" /><ent r="3" t="203" w="212" /><ent r="3" t="203" w="253" /><ent r="4" t="203" w="314" /><ent r="3" t="203" w="321" /><ent r="3" t="203" w="331" /><ent r="4" t="203" w="344" /><ent r="3" t="203" w="358" /><ent r="5" t="203" w="427" /><ent r="5" t="203" w="469" /><ent r="3" t="204" w="36" /><ent r="4" t="204" w="66" /><ent r="3" t="204" w="69" /><ent r="3" t="204" w="402" /><ent r="3" t="205" w="74" /><ent r="4" t="205" w="231" /><ent r="3" t="205" w="234" /><ent r="3" t="205" w="266" /><ent r="3" t="206" w="76" /><ent r="4" t="206" w="148" /><ent r="3" t="206" w="155" /><ent r="3" t="206" w="179" /><ent r="3" t="207" w="74" /><ent r="3" t="207" w="93" /><ent r="3" t="207" w="104" /><ent r="3" t="207" w="274" /><ent r="3" t="209" w="98" /><ent r="3" t="209" w="117" /><ent r="3" t="209" w="128" /><ent r="3" t="212" w="162" /><ent r="3" t="212" w="257" /><ent r="3" t="212" w="263" /><ent r="3" t="212" w="317" /><ent r="3" t="212" w="444" /><ent r="3" t="212" w="553" /><ent r="3" t="213" w="164" /><ent r="3" t="213" w="259" /><ent r="3" t="213" w="265" /><ent r="3" t="213" w="320" /><ent r="3" t="213" w="453" /><ent r="3" t="213" w="578" /><ent r="3" t="214" w="114" /><ent r="3" t="214" w="133" /><ent r="3" t="214" w="144" /><ent r="3" t="214" w="306" /><ent r="3" t="216" w="100" /><ent r="3" t="216" w="119" /><ent r="3" t="216" w="130" /><ent r="3" t="219" w="141" /><ent r="3" t="219" w="277" /><ent r="3" t="220" w="141" /><ent r="3" t="220" w="277" /><ent r="3" t="221" w="392" /><ent r="3" t="221" w="488" /><ent r="3" t="221" w="514" /><ent r="4" t="239" w="319" /><ent r="4" t="244" w="348" /><ent r="4" t="245" w="292" /><ent r="3" t="262" w="21" /><ent r="3" t="265" w="20" /><ent r="3" t="281" w="195" /><ent r="4" t="295" w="351" /><ent r="4" t="296" w="186" /><ent r="4" t="296" w="466" /><ent r="4" t="303" w="285" /><ent r="4" t="304" w="174" /><ent r="3" t="304" w="183" /><ent r="3" t="305" w="48" /><ent r="3" t="305" w="138" /><ent r="3" t="305" w="140" /><ent r="3" t="305" w="153" /></phr></stem><stem n="well-defin"><phr n="well-defined"><ent r="3" t="62" w="80" /></phr></stem><stem n="(although"><phr n="(although"><ent r="3" t="62" w="86" /></phr></stem><stem n="“check"><phr n="“check"><ent r="3" t="62" w="96" /></phr></stem><stem n="”"><phr n="”"><ent r="3" t="62" w="100" /></phr></stem><stem n="twice"><phr n="twice"><ent r="3" t="62" w="108" /></phr></stem><stem n="alon"><phr n="alone"><ent r="3" t="62" w="189" /><ent r="4" t="64" w="152" /><ent r="3" t="64" w="215" /><ent r="3" t="97" w="74" /></phr></stem><stem n="strlen"><phr n="strlen"><ent r="4" t="62" w="214" /><ent r="3" t="62" w="610" /><ent r="3" t="62" w="620" /><ent r="3" t="62" w="623" /><ent r="4" t="64" w="437" /></phr></stem><stem n="wcslen"><phr n="wcslen"><ent r="4" t="62" w="218" /><ent r="3" t="62" w="612" /><ent r="3" t="62" w="630" /><ent r="3" t="62" w="633" /><ent r="4" t="64" w="472" /></phr></stem><stem n="throw"><phr n="throw"><ent r="3" t="62" w="230" /></phr></stem><stem n="item"><phr n="items"><ent r="3" t="62" w="284" /></phr></stem><stem n="_function_name(const"><phr n="_function_name(const"><ent r="3" t="62" w="308" /></phr></stem><stem n="_type"><phr n="_type"><ent r="3" t="62" w="310" /><ent r="4" t="62" w="316" /><ent r="4" t="154" w="110" /><ent r="4" t="154" w="268" /><ent r="4" t="253" w="109" /><ent r="4" t="281" w="101" /><ent r="4" t="295" w="123" /></phr></stem><stem n="p"><phr n="p"><ent r="3" t="62" w="311" /><ent r="3" t="98" w="260" /><ent r="6" t="99" w="355" /><ent r="3" t="152" w="45" /><ent r="3" t="152" w="54" /><ent r="4" t="152" w="61" /><ent r="4" t="152" w="85" /><ent r="4" t="152" w="285" /><ent r="3" t="152" w="297" /><ent r="3" t="153" w="38" /><ent r="3" t="153" w="44" /><ent r="4" t="153" w="52" /><ent r="4" t="153" w="66" /><ent r="4" t="153" w="98" /><ent r="3" t="154" w="34" /><ent r="3" t="154" w="49" /><ent r="3" t="154" w="57" /><ent r="3" t="154" w="63" /><ent r="3" t="154" w="76" /><ent r="3" t="154" w="83" /><ent r="4" t="154" w="95" /><ent r="4" t="154" w="130" /><ent r="4" t="154" w="139" /><ent r="4" t="154" w="147" /><ent r="4" t="154" w="163" /><ent r="4" t="154" w="185" /><ent r="4" t="154" w="194" /><ent r="4" t="154" w="210" /><ent r="4" t="154" w="246" /><ent r="3" t="155" w="106" /><ent r="3" t="155" w="114" /><ent r="4" t="155" w="161" /><ent r="4" t="155" w="222" /><ent r="3" t="156" w="172" /><ent r="3" t="156" w="182" /><ent r="3" t="156" w="191" /><ent r="3" t="156" w="208" /><ent r="4" t="156" w="242" /><ent r="4" t="156" w="309" /><ent r="4" t="156" w="376" /><ent r="3" t="156" w="402" /><ent r="4" t="156" w="447" /><ent r="3" t="157" w="230" /><ent r="3" t="157" w="243" /><ent r="4" t="157" w="251" /><ent r="4" t="157" w="295" /><ent r="3" t="158" w="68" /><ent r="4" t="158" w="78" /><ent r="4" t="158" w="111" /><ent r="3" t="159" w="39" /><ent r="4" t="159" w="48" /><ent r="3" t="164" w="38" /><ent r="4" t="164" w="46" /><ent r="4" t="164" w="79" /><ent r="3" t="165" w="36" /><ent r="4" t="165" w="48" /><ent r="4" t="165" w="100" /><ent r="4" t="165" w="108" /><ent r="3" t="199" w="78" /><ent r="4" t="199" w="86" /><ent r="3" t="200" w="71" /><ent r="4" t="200" w="79" /><ent r="3" t="201" w="81" /><ent r="3" t="201" w="94" /><ent r="3" t="201" w="108" /><ent r="4" t="201" w="150" /><ent r="4" t="201" w="235" /><ent r="4" t="201" w="294" /><ent r="5" t="201" w="387" /><ent r="5" t="201" w="395" /><ent r="5" t="201" w="414" /><ent r="5" t="201" w="422" /><ent r="5" t="201" w="458" /><ent r="3" t="202" w="118" /><ent r="3" t="202" w="131" /><ent r="3" t="202" w="145" /><ent r="4" t="202" w="315" /><ent r="3" t="202" w="403" /><ent r="4" t="202" w="465" /><ent r="5" t="202" w="558" /><ent r="5" t="202" w="566" /><ent r="5" t="202" w="585" /><ent r="5" t="202" w="593" /><ent r="5" t="202" w="629" /><ent r="3" t="203" w="84" /><ent r="3" t="203" w="90" /><ent r="3" t="203" w="96" /><ent r="3" t="203" w="103" /><ent r="3" t="203" w="109" /><ent r="4" t="203" w="118" /><ent r="4" t="203" w="140" /><ent r="4" t="203" w="202" /><ent r="4" t="203" w="260" /><ent r="4" t="203" w="300" /><ent r="4" t="203" w="311" /><ent r="3" t="203" w="333" /><ent r="4" t="203" w="341" /><ent r="4" t="203" w="383" /><ent r="5" t="203" w="433" /><ent r="5" t="203" w="441" /><ent r="5" t="203" w="460" /><ent r="5" t="203" w="466" /><ent r="5" t="203" w="477" /><ent r="5" t="203" w="483" /><ent r="5" t="203" w="498" /><ent r="3" t="204" w="41" /><ent r="3" t="204" w="56" /><ent r="4" t="204" w="81" /><ent r="4" t="204" w="158" /><ent r="5" t="204" w="259" /><ent r="5" t="204" w="304" /><ent r="3" t="205" w="79" /><ent r="3" t="205" w="94" /><ent r="4" t="205" w="248" /><ent r="4" t="205" w="330" /><ent r="5" t="205" w="428" /><ent r="5" t="205" w="473" /><ent r="3" t="206" w="61" /><ent r="3" t="206" w="67" /><ent r="3" t="206" w="73" /><ent r="4" t="206" w="82" /><ent r="4" t="206" w="105" /><ent r="4" t="206" w="145" /><ent r="4" t="206" w="186" /><ent r="5" t="206" w="235" /><ent r="5" t="206" w="254" /><ent r="5" t="206" w="270" /><ent r="3" t="207" w="39" /><ent r="3" t="207" w="51" /><ent r="4" t="207" w="58" /><ent r="4" t="207" w="110" /><ent r="3" t="208" w="82" /><ent r="4" t="208" w="90" /><ent r="4" t="208" w="153" /><ent r="3" t="209" w="62" /><ent r="4" t="209" w="82" /><ent r="3" t="210" w="58" /><ent r="4" t="210" w="102" /><ent r="3" t="212" w="52" /><ent r="3" t="212" w="58" /><ent r="3" t="212" w="68" /><ent r="3" t="212" w="74" /><ent r="3" t="212" w="85" /><ent r="3" t="212" w="99" /><ent r="4" t="212" w="106" /><ent r="4" t="212" w="132" /><ent r="4" t="212" w="177" /><ent r="4" t="212" w="182" /><ent r="4" t="212" w="199" /><ent r="4" t="212" w="221" /><ent r="4" t="212" w="272" /><ent r="4" t="212" w="336" /><ent r="3" t="213" w="52" /><ent r="3" t="213" w="58" /><ent r="3" t="213" w="68" /><ent r="3" t="213" w="74" /><ent r="3" t="213" w="85" /><ent r="3" t="213" w="100" /><ent r="4" t="213" w="108" /><ent r="4" t="213" w="134" /><ent r="4" t="213" w="179" /><ent r="4" t="213" w="184" /><ent r="4" t="213" w="201" /><ent r="4" t="213" w="223" /><ent r="4" t="213" w="274" /><ent r="4" t="213" w="339" /><ent r="3" t="214" w="47" /><ent r="3" t="214" w="53" /><ent r="3" t="214" w="66" /><ent r="4" t="214" w="73" /><ent r="4" t="214" w="98" /><ent r="4" t="214" w="150" /><ent r="3" t="215" w="84" /><ent r="3" t="215" w="92" /><ent r="4" t="215" w="100" /><ent r="4" t="215" w="125" /><ent r="3" t="216" w="64" /><ent r="4" t="216" w="84" /><ent r="3" t="217" w="55" /><ent r="4" t="217" w="101" /><ent r="3" t="219" w="58" /><ent r="3" t="219" w="64" /><ent r="3" t="219" w="75" /><ent r="3" t="219" w="87" /><ent r="4" t="219" w="94" /><ent r="4" t="219" w="120" /><ent r="4" t="219" w="151" /><ent r="4" t="219" w="187" /><ent r="3" t="220" w="58" /><ent r="3" t="220" w="64" /><ent r="3" t="220" w="75" /><ent r="3" t="220" w="87" /><ent r="4" t="220" w="94" /><ent r="4" t="220" w="120" /><ent r="4" t="220" w="151" /><ent r="4" t="220" w="187" /><ent r="3" t="221" w="33" /><ent r="3" t="221" w="113" /><ent r="4" t="221" w="121" /><ent r="3" t="221" w="134" /><ent r="4" t="221" w="174" /><ent r="3" t="221" w="187" /><ent r="3" t="221" w="260" /><ent r="3" t="222" w="24" /><ent r="3" t="222" w="85" /><ent r="4" t="222" w="125" /><ent r="3" t="222" w="140" /><ent r="3" t="222" w="179" /><ent r="3" t="223" w="85" /><ent r="3" t="223" w="92" /><ent r="4" t="223" w="107" /><ent r="4" t="223" w="149" /><ent r="3" t="223" w="203" /><ent r="4" t="223" w="243" /><ent r="4" t="223" w="343" /><ent r="4" t="223" w="352" /><ent r="3" t="223" w="364" /><ent r="4" t="223" w="370" /><ent r="4" t="223" w="403" /><ent r="4" t="223" w="414" /><ent r="4" t="223" w="416" /><ent r="4" t="223" w="439" /><ent r="3" t="224" w="62" /><ent r="3" t="224" w="70" /><ent r="3" t="224" w="79" /><ent r="4" t="224" w="95" /><ent r="4" t="224" w="115" /><ent r="4" t="224" w="135" /><ent r="3" t="224" w="179" /><ent r="4" t="224" w="219" /><ent r="3" t="225" w="71" /><ent r="3" t="225" w="84" /><ent r="4" t="225" w="91" /><ent r="3" t="225" w="125" /><ent r="4" t="225" w="165" /><ent r="4" t="225" w="169" /><ent r="3" t="225" w="193" /><ent r="3" t="225" w="211" /><ent r="3" t="225" w="214" /><ent r="3" t="226" w="39" /><ent r="3" t="226" w="51" /><ent r="3" t="226" w="58" /><ent r="4" t="226" w="73" /><ent r="4" t="226" w="101" /><ent r="4" t="226" w="122" /><ent r="3" t="226" w="155" /><ent r="4" t="226" w="195" /><ent r="3" t="227" w="40" /><ent r="3" t="227" w="53" /><ent r="3" t="227" w="60" /><ent r="3" t="227" w="65" /><ent r="4" t="227" w="80" /><ent r="4" t="227" w="108" /><ent r="4" t="227" w="135" /><ent r="4" t="227" w="155" /><ent r="3" t="227" w="185" /><ent r="4" t="227" w="225" /><ent r="3" t="227" w="243" /><ent r="3" t="237" w="42" /><ent r="3" t="237" w="54" /><ent r="4" t="237" w="61" /><ent r="3" t="237" w="80" /><ent r="4" t="237" w="133" /><ent r="3" t="238" w="58" /><ent r="3" t="238" w="80" /><ent r="4" t="238" w="87" /><ent r="3" t="238" w="106" /><ent r="4" t="238" w="213" /><ent r="3" t="239" w="91" /><ent r="4" t="239" w="383" /><ent r="3" t="292" w="79" /><ent r="3" t="292" w="93" /><ent r="3" t="292" w="102" /><ent r="3" t="292" w="111" /><ent r="3" t="292" w="120" /><ent r="4" t="292" w="127" /><ent r="4" t="292" w="148" /><ent r="4" t="292" w="157" /><ent r="4" t="292" w="166" /><ent r="4" t="292" w="175" /><ent r="3" t="294" w="77" /><ent r="3" t="295" w="109" /><ent r="3" t="298" w="61" /><ent r="3" t="298" w="69" /><ent r="3" t="298" w="76" /><ent r="3" t="298" w="83" /><ent r="3" t="299" w="71" /><ent r="3" t="302" w="71" /><ent r="3" t="303" w="78" /></phr></stem></index>