<?xml version="1.0" encoding="utf-8"?><index><stem n="loader"><phr n="loader"><ent r="3" t="15" w="244" /><ent r="3" t="46" w="27" /><ent r="3" t="76" w="70" /><ent r="3" t="142" w="35" /><ent r="3" t="149" w="778" /><ent r="3" t="149" w="783" /><ent r="3" t="149" w="1260" /></phr></stem><stem n="_urts.dll"><phr n="_urts.dll"><ent r="4" t="15" w="248" /><ent r="4" t="15" w="274" /><ent r="7" t="49" w="66" /><ent r="4" t="50" w="21" /><ent r="4" t="50" w="140" /></phr></stem><stem n="attempt"><phr n="attempts"><ent r="3" t="15" w="251" /><ent r="4" t="316" w="557" /></phr><phr n="attempt"><ent r="4" t="42" w="543" /><ent r="4" t="42" w="561" /><ent r="3" t="102" w="155" /><ent r="3" t="149" w="371" /><ent r="3" t="149" w="441" /></phr><phr n="Attempting"><ent r="3" t="58" w="851" /><ent r="3" t="237" w="118" /><ent r="3" t="238" w="144" /></phr></stem><stem n="pass"><phr n="passes"><ent r="3" t="15" w="259" /><ent r="3" t="35" w="362" /><ent r="4" t="58" w="120" /><ent r="3" t="58" w="436" /><ent r="3" t="58" w="697" /><ent r="3" t="155" w="439" /><ent r="3" t="224" w="476" /><ent r="3" t="224" w="518" /></phr><phr n="pass"><ent r="3" t="35" w="154" /><ent r="3" t="58" w="610" /><ent r="3" t="101" w="281" /><ent r="4" t="144" w="167" /><ent r="3" t="145" w="152" /><ent r="5" t="157" w="86" /><ent r="3" t="196" w="479" /><ent r="4" t="269" w="292" /></phr><phr n="passed"><ent r="4" t="35" w="259" /><ent r="3" t="40" w="209" /><ent r="4" t="58" w="39" /><ent r="4" t="58" w="57" /><ent r="4" t="58" w="70" /><ent r="4" t="58" w="109" /><ent r="4" t="58" w="142" /><ent r="3" t="58" w="266" /><ent r="3" t="58" w="277" /><ent r="3" t="58" w="373" /><ent r="3" t="58" w="413" /><ent r="3" t="58" w="638" /><ent r="3" t="58" w="680" /><ent r="4" t="59" w="363" /><ent r="3" t="61" w="61" /><ent r="3" t="62" w="237" /><ent r="4" t="75" w="153" /><ent r="4" t="144" w="214" /><ent r="3" t="196" w="384" /><ent r="3" t="201" w="178" /><ent r="3" t="202" w="346" /><ent r="3" t="203" w="192" /><ent r="3" t="210" w="162" /><ent r="3" t="210" w="227" /><ent r="3" t="217" w="180" /><ent r="3" t="217" w="280" /><ent r="3" t="231" w="304" /><ent r="3" t="231" w="337" /><ent r="4" t="269" w="307" /></phr><phr n="passing"><ent r="3" t="59" w="67" /><ent r="3" t="59" w="130" /><ent r="6" t="69" w="137" /><ent r="3" t="95" w="51" /><ent r="4" t="99" w="166" /><ent r="4" t="99" w="222" /><ent r="4" t="99" w="435" /><ent r="4" t="99" w="447" /><ent r="4" t="99" w="592" /></phr></stem><stem n="still"><phr n="still"><ent r="3" t="15" w="266" /><ent r="3" t="44" w="25" /><ent r="3" t="139" w="62" /><ent r="3" t="177" w="136" /><ent r="3" t="177" w="146" /><ent r="3" t="183" w="350" /></phr></stem><stem n="receiv"><phr n="receive"><ent r="3" t="15" w="267" /><ent r="3" t="69" w="17" /><ent r="3" t="77" w="133" /><ent r="5" t="99" w="514" /><ent r="5" t="99" w="657" /><ent r="3" t="156" w="140" /><ent r="4" t="203" w="493" /><ent r="4" t="206" w="264" /><ent r="3" t="224" w="402" /></phr><phr n="received"><ent r="3" t="40" w="289" /><ent r="3" t="156" w="391" /><ent r="3" t="157" w="260" /><ent r="3" t="300" w="19" /></phr><phr n="receiving"><ent r="3" t="95" w="61" /><ent r="3" t="224" w="387" /></phr><phr n="receives"><ent r="4" t="99" w="535" /><ent r="4" t="108" w="53" /><ent r="3" t="149" w="494" /><ent r="3" t="149" w="522" /><ent r="3" t="157" w="305" /><ent r="3" t="168" w="59" /><ent r="3" t="195" w="137" /><ent r="3" t="196" w="256" /><ent r="3" t="230" w="66" /><ent r="3" t="231" w="102" /><ent r="3" t="232" w="169" /><ent r="3" t="232" w="190" /><ent r="3" t="233" w="66" /><ent r="3" t="233" w="87" /><ent r="3" t="235" w="75" /><ent r="3" t="236" w="73" /><ent r="3" t="254" w="51" /></phr></stem><stem n="control"><phr n="control"><ent r="3" t="16" w="11" /><ent r="3" t="50" w="58" /><ent r="3" t="80" w="32" /><ent r="1000" t="121" w="7" /><ent r="82" t="121" w="16" /><ent r="3" t="121" w="24" /><ent r="3" t="122" w="37" /><ent r="3" t="162" w="327" /><ent r="3" t="163" w="89" /><ent r="3" t="252" w="222" /><ent r="3" t="252" w="254" /><ent r="3" t="257" w="36" /><ent r="4" t="257" w="66" /><ent r="3" t="309" w="137" /><ent r="6" t="313" w="288" /><ent r="6" t="313" w="293" /></phr></stem><stem n="mechan"><phr n="mechanism"><ent r="3" t="16" w="34" /><ent r="3" t="71" w="53" /><ent r="3" t="90" w="60" /><ent r="4" t="92" w="60" /><ent r="3" t="93" w="25" /><ent r="3" t="123" w="111" /><ent r="3" t="133" w="133" /><ent r="3" t="142" w="51" /><ent r="3" t="156" w="129" /></phr><phr n="mechanisms"><ent r="3" t="92" w="37" /><ent r="3" t="142" w="88" /><ent r="3" t="142" w="114" /></phr></stem><stem n="command"><phr n="command"><ent r="3" t="16" w="42" /><ent r="4" t="20" w="208" /><ent r="4" t="20" w="213" /><ent r="4" t="20" w="216" /><ent r="1000" t="26" w="3" /><ent r="82" t="26" w="7" /><ent r="3" t="26" w="20" /><ent r="6" t="26" w="51" /><ent r="6" t="26" w="185" /><ent r="3" t="26" w="236" /><ent r="6" t="26" w="306" /><ent r="6" t="26" w="351" /><ent r="6" t="26" w="392" /><ent r="6" t="26" w="417" /><ent r="3" t="26" w="488" /><ent r="3" t="26" w="493" /><ent r="3" t="26" w="516" /><ent r="3" t="26" w="525" /><ent r="3" t="29" w="93" /><ent r="3" t="31" w="9" /><ent r="54" t="37" w="91" /><ent r="3" t="37" w="106" /><ent r="3" t="37" w="127" /><ent r="6" t="37" w="144" /><ent r="4" t="37" w="175" /><ent r="3" t="101" w="292" /></phr><phr n="commands"><ent r="3" t="26" w="30" /><ent r="3" t="26" w="49" /><ent r="6" t="26" w="269" /><ent r="6" t="26" w="288" /><ent r="6" t="26" w="304" /><ent r="3" t="37" w="131" /><ent r="3" t="37" w="142" /><ent r="6" t="312" w="138" /></phr></stem><stem n="line"><phr n="line"><ent r="3" t="16" w="43" /><ent r="4" t="20" w="152" /><ent r="4" t="20" w="209" /><ent r="4" t="20" w="217" /><ent r="1000" t="26" w="4" /><ent r="82" t="26" w="8" /><ent r="3" t="26" w="494" /><ent r="3" t="26" w="526" /><ent r="54" t="37" w="92" /><ent r="3" t="37" w="107" /><ent r="3" t="101" w="293" /></phr><phr n="lines"><ent r="3" t="31" w="10" /></phr></stem><stem n="gui"><phr n="GUI"><ent r="3" t="16" w="57" /><ent r="3" t="16" w="117" /><ent r="54" t="37" w="97" /><ent r="3" t="37" w="186" /></phr></stem><stem n="easili"><phr n="easily"><ent r="3" t="16" w="69" /><ent r="4" t="42" w="208" /><ent r="3" t="68" w="71" /></phr></stem><stem n="materi"><phr n="Material"><ent r="3" t="16" w="80" /><ent r="3" t="16" w="124" /><ent r="3" t="16" w="133" /><ent r="3" t="16" w="145" /><ent r="4" t="16" w="161" /><ent r="3" t="16" w="168" /><ent r="3" t="16" w="195" /><ent r="4" t="16" w="221" /><ent r="4" t="16" w="246" /><ent r="3" t="16" w="274" /><ent r="3" t="16" w="327" /><ent r="3" t="16" w="344" /><ent r="6" t="26" w="93" /><ent r="6" t="26" w="106" /><ent r="6" t="26" w="325" /><ent r="6" t="26" w="384" /><ent r="6" t="26" w="404" /><ent r="7" t="27" w="212" /><ent r="58" t="27" w="222" /><ent r="7" t="27" w="244" /><ent r="7" t="27" w="261" /><ent r="6" t="28" w="130" /><ent r="6" t="30" w="136" /><ent r="6" t="30" w="165" /><ent r="4" t="31" w="74" /></phr></stem><stem n="graphic"><phr n="graphic"><ent r="3" t="16" w="114" /></phr></stem><stem n="output"><phr n="output"><ent r="3" t="16" w="142" /><ent r="3" t="16" w="192" /><ent r="6" t="26" w="295" /><ent r="3" t="26" w="539" /><ent r="3" t="96" w="123" /><ent r="6" t="127" w="331" /><ent r="54" t="133" w="447" /><ent r="3" t="149" w="456" /><ent r="3" t="154" w="216" /><ent r="3" t="154" w="252" /><ent r="3" t="172" w="26" /><ent r="3" t="195" w="141" /><ent r="3" t="199" w="52" /><ent r="3" t="199" w="168" /><ent r="3" t="203" w="23" /><ent r="3" t="207" w="118" /><ent r="3" t="212" w="207" /><ent r="3" t="212" w="344" /><ent r="3" t="213" w="209" /><ent r="3" t="214" w="158" /><ent r="3" t="219" w="195" /><ent r="3" t="220" w="195" /><ent r="3" t="237" w="138" /><ent r="3" t="238" w="218" /><ent r="4" t="242" w="149" /><ent r="3" t="276" w="22" /><ent r="3" t="292" w="154" /><ent r="3" t="292" w="163" /><ent r="3" t="292" w="172" /><ent r="3" t="292" w="181" /><ent r="6" t="312" w="274" /><ent r="6" t="317" w="80" /></phr><phr n="outputs"><ent r="3" t="152" w="106" /><ent r="3" t="153" w="86" /><ent r="3" t="154" w="310" /><ent r="3" t="155" w="246" /><ent r="3" t="156" w="468" /><ent r="3" t="157" w="337" /><ent r="3" t="158" w="99" /><ent r="3" t="159" w="81" /><ent r="3" t="160" w="128" /><ent r="3" t="161" w="143" /><ent r="3" t="162" w="152" /><ent r="3" t="163" w="129" /><ent r="3" t="164" w="67" /><ent r="3" t="165" w="88" /><ent r="3" t="209" w="182" /><ent r="3" t="212" w="384" /><ent r="3" t="213" w="393" /><ent r="3" t="216" w="183" /><ent r="3" t="219" w="217" /><ent r="3" t="220" w="217" /></phr></stem><stem n="finish"><phr n="finishing"><ent r="3" t="16" w="171" /></phr><phr n="finished"><ent r="3" t="16" w="269" /><ent r="3" t="76" w="285" /><ent r="3" t="150" w="159" /></phr><phr n="finish"><ent r="3" t="87" w="173" /></phr></stem><stem n="need"><phr n="need"><ent r="3" t="16" w="175" /><ent r="3" t="17" w="322" /><ent r="7" t="35" w="549" /><ent r="7" t="35" w="653" /><ent r="3" t="40" w="48" /><ent r="3" t="42" w="44" /><ent r="3" t="62" w="296" /><ent r="3" t="65" w="49" /><ent r="3" t="67" w="173" /><ent r="3" t="68" w="150" /><ent r="4" t="75" w="188" /><ent r="4" t="75" w="318" /><ent r="54" t="83" w="69" /><ent r="3" t="84" w="21" /><ent r="3" t="86" w="15" /><ent r="3" t="88" w="46" /><ent r="54" t="93" w="113" /><ent r="54" t="103" w="142" /><ent r="3" t="104" w="21" /><ent r="3" t="112" w="73" /><ent r="3" t="127" w="172" /><ent r="3" t="134" w="45" /><ent r="3" t="142" w="46" /><ent r="4" t="144" w="199" /><ent r="3" t="146" w="154" /><ent r="4" t="148" w="34" /><ent r="3" t="149" w="1022" /><ent r="3" t="154" w="490" /><ent r="3" t="159" w="163" /><ent r="3" t="160" w="184" /><ent r="3" t="161" w="195" /><ent r="3" t="162" w="192" /><ent r="3" t="166" w="161" /><ent r="3" t="198" w="154" /><ent r="3" t="206" w="420" /><ent r="3" t="229" w="114" /><ent r="3" t="301" w="20" /><ent r="6" t="310" w="119" /></phr><phr n="needed"><ent r="3" t="27" w="18" /><ent r="4" t="42" w="371" /><ent r="4" t="42" w="483" /><ent r="3" t="58" w="953" /><ent r="3" t="59" w="24" /><ent r="3" t="61" w="47" /><ent r="3" t="134" w="84" /><ent r="3" t="142" w="157" /><ent r="3" t="149" w="541" /><ent r="3" t="149" w="724" /><ent r="3" t="152" w="15" /><ent r="3" t="152" w="222" /><ent r="4" t="152" w="231" /><ent r="3" t="154" w="454" /><ent r="4" t="154" w="463" /><ent r="4" t="155" w="319" /><ent r="3" t="155" w="364" /><ent r="4" t="156" w="541" /><ent r="3" t="156" w="586" /><ent r="4" t="157" w="326" /><ent r="4" t="157" w="369" /><ent r="3" t="157" w="463" /><ent r="3" t="209" w="238" /><ent r="3" t="216" w="296" /><ent r="3" t="228" w="142" /><ent r="4" t="228" w="151" /><ent r="3" t="231" w="240" /><ent r="3" t="232" w="370" /><ent r="3" t="232" w="552" /><ent r="3" t="233" w="266" /><ent r="3" t="233" w="459" /><ent r="3" t="234" w="245" /><ent r="3" t="234" w="276" /><ent r="3" t="235" w="260" /><ent r="3" t="236" w="230" /><ent r="3" t="237" w="95" /><ent r="3" t="238" w="121" /><ent r="3" t="240" w="36" /><ent r="6" t="310" w="348" /><ent r="6" t="310" w="664" /></phr><phr n="needs"><ent r="3" t="34" w="142" /><ent r="3" t="34" w="157" /><ent r="3" t="36" w="222" /><ent r="4" t="39" w="202" /><ent r="3" t="40" w="303" /><ent r="3" t="42" w="21" /><ent r="4" t="42" w="460" /><ent r="3" t="58" w="185" /><ent r="3" t="59" w="46" /><ent r="3" t="61" w="52" /><ent r="4" t="75" w="476" /><ent r="3" t="81" w="23" /><ent r="3" t="96" w="132" /><ent r="3" t="98" w="78" /><ent r="3" t="100" w="60" /><ent r="3" t="102" w="51" /><ent r="3" t="133" w="46" /><ent r="3" t="133" w="97" /><ent r="3" t="134" w="23" /><ent r="3" t="142" w="216" /><ent r="4" t="144" w="165" /><ent r="3" t="149" w="883" /><ent r="3" t="152" w="236" /><ent r="3" t="154" w="468" /><ent r="3" t="155" w="324" /><ent r="3" t="156" w="125" /><ent r="3" t="156" w="546" /><ent r="3" t="157" w="374" /><ent r="3" t="161" w="320" /><ent r="4" t="162" w="380" /><ent r="3" t="178" w="86" /><ent r="3" t="183" w="156" /><ent r="3" t="195" w="392" /><ent r="3" t="196" w="442" /><ent r="3" t="203" w="272" /><ent r="3" t="203" w="675" /><ent r="3" t="228" w="156" /><ent r="3" t="231" w="299" /><ent r="3" t="240" w="102" /><ent r="3" t="278" w="76" /><ent r="3" t="295" w="359" /><ent r="3" t="296" w="194" /><ent r="3" t="296" w="474" /><ent r="3" t="301" w="61" /><ent r="3" t="301" w="72" /><ent r="3" t="301" w="83" /><ent r="6" t="310" w="669" /><ent r="6" t="312" w="249" /></phr></stem><stem n="own"><phr n="own"><ent r="3" t="16" w="179" /><ent r="5" t="27" w="154" /><ent r="3" t="101" w="370" /><ent r="3" t="113" w="73" /><ent r="3" t="113" w="93" /><ent r="3" t="127" w="196" /><ent r="3" t="169" w="182" /><ent r="3" t="170" w="113" /><ent r="3" t="189" w="17" /><ent r="3" t="224" w="306" /><ent r="3" t="224" w="445" /><ent r="3" t="224" w="487" /><ent r="3" t="224" w="543" /><ent r="3" t="224" w="582" /><ent r="3" t="238" w="203" /><ent r="3" t="292" w="40" /></phr><phr n="owned"><ent r="3" t="177" w="137" /></phr><phr n="owns"><ent r="3" t="183" w="351" /><ent r="3" t="257" w="150" /></phr></stem><stem n="facil"><phr n="facility"><ent r="3" t="16" w="181" /><ent r="7" t="27" w="251" /><ent r="5" t="27" w="326" /><ent r="6" t="28" w="160" /><ent r="3" t="30" w="62" /><ent r="6" t="30" w="157" /></phr></stem><stem n="privat"><phr n="private"><ent r="3" t="16" w="186" /><ent r="5" t="18" w="180" /><ent r="4" t="18" w="184" /><ent r="4" t="18" w="195" /><ent r="4" t="18" w="229" /><ent r="3" t="20" w="169" /><ent r="6" t="26" w="64" /><ent r="6" t="26" w="357" /><ent r="5" t="27" w="36" /><ent r="5" t="27" w="87" /><ent r="7" t="27" w="254" /><ent r="6" t="28" w="137" /><ent r="3" t="29" w="97" /><ent r="3" t="29" w="114" /><ent r="3" t="29" w="120" /><ent r="3" t="30" w="29" /><ent r="3" t="30" w="53" /><ent r="5" t="30" w="84" /><ent r="5" t="30" w="110" /><ent r="5" t="30" w="123" /><ent r="4" t="31" w="22" /><ent r="3" t="31" w="37" /><ent r="4" t="31" w="50" /><ent r="3" t="31" w="57" /><ent r="3" t="31" w="83" /><ent r="3" t="51" w="323" /><ent r="3" t="51" w="328" /><ent r="3" t="51" w="392" /><ent r="3" t="51" w="405" /><ent r="1000" t="73" w="3" /><ent r="82" t="73" w="8" /><ent r="3" t="73" w="19" /><ent r="3" t="73" w="41" /><ent r="3" t="73" w="60" /><ent r="6" t="85" w="163" /><ent r="3" t="113" w="54" /><ent r="3" t="113" w="104" /><ent r="4" t="113" w="165" /><ent r="3" t="221" w="477" /><ent r="3" t="223" w="21" /><ent r="3" t="223" w="46" /><ent r="3" t="223" w="83" /><ent r="3" t="223" w="86" /><ent r="4" t="223" w="108" /><ent r="3" t="223" w="115" /><ent r="3" t="223" w="170" /><ent r="3" t="223" w="255" /><ent r="3" t="223" w="271" /><ent r="3" t="223" w="317" /><ent r="3" t="223" w="328" /><ent r="3" t="223" w="340" /><ent r="4" t="223" w="344" /><ent r="3" t="223" w="367" /><ent r="4" t="223" w="371" /><ent r="4" t="223" w="417" /><ent r="3" t="224" w="60" /><ent r="3" t="224" w="63" /><ent r="4" t="224" w="96" /><ent r="3" t="224" w="105" /><ent r="3" t="224" w="231" /><ent r="3" t="224" w="247" /><ent r="3" t="224" w="308" /><ent r="3" t="224" w="452" /><ent r="3" t="224" w="494" /><ent r="3" t="224" w="544" /><ent r="3" t="224" w="583" /><ent r="3" t="226" w="20" /><ent r="3" t="226" w="49" /><ent r="3" t="226" w="52" /><ent r="4" t="226" w="102" /><ent r="3" t="226" w="221" /><ent r="3" t="226" w="285" /><ent r="3" t="226" w="321" /><ent r="4" t="242" w="161" /><ent r="3" t="295" w="166" /></phr></stem><stem n="back"><phr n="back"><ent r="3" t="16" w="202" /><ent r="7" t="27" w="269" /><ent r="6" t="30" w="181" /><ent r="6" t="59" w="975" /><ent r="3" t="76" w="79" /><ent r="4" t="91" w="137" /><ent r="4" t="94" w="247" /><ent r="4" t="94" w="369" /><ent r="3" t="96" w="216" /><ent r="3" t="149" w="1081" /><ent r="3" t="178" w="209" /><ent r="3" t="183" w="308" /><ent r="3" t="238" w="170" /><ent r="3" t="239" w="370" /><ent r="3" t="278" w="80" /><ent r="3" t="292" w="260" /></phr></stem><stem n="2"><phr n="2"><ent r="3" t="16" w="205" /><ent r="3" t="16" w="259" /><ent r="4" t="16" w="304" /><ent r="6" t="26" w="85" /><ent r="6" t="26" w="151" /><ent r="4" t="27" w="186" /><ent r="5" t="27" w="315" /><ent r="3" t="35" w="24" /><ent r="3" t="36" w="71" /><ent r="3" t="36" w="321" /><ent r="3" t="42" w="721" /><ent r="3" t="56" w="79" /><ent r="3" t="59" w="304" /><ent r="4" t="94" w="201" /><ent r="4" t="94" w="204" /><ent r="4" t="94" w="223" /><ent r="4" t="94" w="240" /><ent r="4" t="94" w="250" /><ent r="4" t="94" w="287" /><ent r="4" t="94" w="302" /><ent r="4" t="94" w="321" /><ent r="4" t="94" w="327" /><ent r="4" t="94" w="335" /><ent r="4" t="94" w="346" /><ent r="4" t="94" w="392" /><ent r="5" t="99" w="542" /><ent r="56" t="99" w="547" /><ent r="5" t="99" w="565" /><ent r="56" t="99" w="570" /><ent r="4" t="101" w="288" /><ent r="3" t="156" w="28" /><ent r="3" t="156" w="106" /><ent r="3" t="156" w="386" /><ent r="3" t="156" w="706" /><ent r="3" t="224" w="474" /><ent r="3" t="243" w="132" /><ent r="3" t="244" w="88" /><ent r="3" t="265" w="17" /><ent r="3" t="287" w="62" /><ent r="3" t="295" w="17" /><ent r="3" t="295" w="232" /><ent r="3" t="295" w="235" /><ent r="3" t="302" w="98" /><ent r="3" t="303" w="173" /><ent r="3" t="306" w="69" /><ent r="3" t="306" w="141" /></phr></stem><stem n="post"><phr n="Post"><ent r="5" t="16" w="213" /><ent r="4" t="26" w="498" /></phr></stem><stem n="event"><phr n="Event"><ent r="5" t="16" w="215" /><ent r="4" t="20" w="150" /><ent r="4" t="20" w="197" /><ent r="4" t="26" w="500" /><ent r="3" t="35" w="78" /><ent r="4" t="42" w="182" /><ent r="5" t="42" w="470" /><ent r="5" t="42" w="479" /><ent r="4" t="42" w="515" /><ent r="4" t="42" w="533" /><ent r="3" t="77" w="27" /><ent r="3" t="77" w="119" /><ent r="3" t="141" w="53" /><ent r="54" t="142" w="107" /><ent r="6" t="142" w="249" /><ent r="6" t="142" w="267" /><ent r="6" t="142" w="295" /><ent r="6" t="142" w="314" /><ent r="6" t="142" w="330" /><ent r="67" t="142" w="335" /><ent r="67" t="142" w="340" /><ent r="6" t="142" w="346" /><ent r="6" t="142" w="353" /><ent r="6" t="142" w="360" /><ent r="67" t="142" w="373" /><ent r="6" t="142" w="379" /><ent r="6" t="142" w="386" /><ent r="67" t="142" w="391" /><ent r="6" t="142" w="397" /><ent r="6" t="142" w="404" /><ent r="6" t="142" w="417" /><ent r="6" t="142" w="424" /><ent r="6" t="142" w="431" /><ent r="6" t="142" w="451" /><ent r="6" t="142" w="458" /><ent r="6" t="142" w="465" /><ent r="4" t="183" w="378" /><ent r="1000" t="187" w="3" /><ent r="72" t="187" w="7" /><ent r="4" t="187" w="13" /><ent r="3" t="187" w="19" /><ent r="3" t="187" w="29" /><ent r="3" t="187" w="66" /><ent r="3" t="187" w="79" /><ent r="3" t="187" w="92" /><ent r="3" t="187" w="111" /><ent r="3" t="187" w="122" /><ent r="3" t="187" w="135" /><ent r="3" t="187" w="150" /><ent r="3" t="187" w="162" /><ent r="3" t="187" w="176" /><ent r="3" t="187" w="185" /><ent r="4" t="187" w="192" /><ent r="3" t="187" w="200" /><ent r="3" t="187" w="206" /><ent r="4" t="187" w="214" /><ent r="3" t="187" w="220" /><ent r="3" t="187" w="246" /><ent r="1000" t="188" w="3" /><ent r="72" t="188" w="7" /><ent r="4" t="188" w="13" /><ent r="3" t="188" w="18" /><ent r="3" t="188" w="30" /><ent r="3" t="188" w="54" /><ent r="3" t="188" w="62" /><ent r="3" t="188" w="76" /><ent r="4" t="188" w="84" /><ent r="3" t="188" w="92" /><ent r="3" t="188" w="100" /><ent r="3" t="188" w="110" /><ent r="3" t="188" w="119" /><ent r="4" t="188" w="132" /><ent r="3" t="188" w="141" /><ent r="1000" t="189" w="3" /><ent r="72" t="189" w="7" /><ent r="4" t="189" w="24" /><ent r="3" t="189" w="29" /><ent r="3" t="189" w="42" /><ent r="3" t="189" w="66" /><ent r="3" t="189" w="74" /><ent r="3" t="189" w="88" /><ent r="4" t="189" w="96" /><ent r="3" t="189" w="103" /><ent r="3" t="190" w="73" /><ent r="3" t="191" w="113" /><ent r="3" t="191" w="204" /><ent r="3" t="191" w="222" /><ent r="3" t="191" w="307" /><ent r="3" t="191" w="321" /><ent r="1000" t="192" w="3" /><ent r="72" t="192" w="7" /><ent r="4" t="192" w="13" /><ent r="3" t="192" w="18" /><ent r="3" t="192" w="31" /><ent r="3" t="192" w="55" /><ent r="3" t="192" w="63" /><ent r="4" t="192" w="88" /><ent r="3" t="192" w="92" /><ent r="3" t="192" w="102" /><ent r="3" t="192" w="111" /><ent r="5" t="192" w="123" /><ent r="4" t="192" w="130" /><ent r="6" t="192" w="157" /><ent r="5" t="192" w="165" /><ent r="6" t="192" w="181" /><ent r="5" t="192" w="189" /><ent r="6" t="318" w="76" /><ent r="6" t="318" w="103" /><ent r="6" t="318" w="105" /><ent r="6" t="318" w="109" /></phr><phr n="Events"><ent r="4" t="20" w="147" /><ent r="4" t="20" w="194" /><ent r="3" t="35" w="93" /><ent r="3" t="35" w="96" /><ent r="3" t="35" w="103" /><ent r="3" t="35" w="113" /><ent r="1000" t="77" w="3" /><ent r="92" t="77" w="7" /><ent r="4" t="77" w="270" /><ent r="3" t="133" w="53" /><ent r="3" t="133" w="105" /><ent r="6" t="142" w="302" /><ent r="6" t="142" w="327" /><ent r="6" t="142" w="368" /><ent r="6" t="142" w="438" /><ent r="6" t="142" w="472" /><ent r="3" t="189" w="113" /></phr></stem><stem n="ad"><phr n="added"><ent r="4" t="16" w="223" /><ent r="4" t="17" w="118" /><ent r="3" t="17" w="391" /></phr></stem><stem n="automat"><phr n="automatically"><ent r="4" t="16" w="249" /><ent r="3" t="24" w="53" /><ent r="3" t="25" w="120" /><ent r="3" t="29" w="45" /><ent r="3" t="40" w="199" /><ent r="3" t="40" w="277" /><ent r="3" t="42" w="815" /><ent r="3" t="44" w="82" /><ent r="3" t="58" w="331" /><ent r="3" t="187" w="96" /><ent r="3" t="187" w="223" /><ent r="3" t="189" w="118" /><ent r="5" t="312" w="172" /></phr></stem><stem n="prepar"><phr n="prepared"><ent r="3" t="16" w="277" /><ent r="3" t="77" w="131" /><ent r="3" t="113" w="29" /></phr><phr n="Prepare"><ent r="4" t="38" w="172" /></phr></stem><stem n="final"><phr n="final"><ent r="3" t="16" w="292" /><ent r="3" t="16" w="403" /><ent r="3" t="94" w="107" /><ent r="65" t="146" w="101" /><ent r="3" t="207" w="255" /><ent r="3" t="208" w="31" /><ent r="3" t="209" w="306" /><ent r="3" t="210" w="22" /><ent r="3" t="214" w="288" /><ent r="3" t="215" w="31" /><ent r="4" t="216" w="355" /><ent r="3" t="216" w="366" /><ent r="1000" t="217" w="3" /><ent r="72" t="217" w="7" /><ent r="4" t="217" w="11" /><ent r="3" t="217" w="21" /><ent r="3" t="217" w="40" /><ent r="6" t="320" w="164" /></phr><phr n="Finally"><ent r="3" t="97" w="391" /><ent r="3" t="98" w="319" /><ent r="3" t="101" w="99" /><ent r="6" t="318" w="42" /><ent r="6" t="318" w="77" /></phr></stem><stem n="radio"><phr n="radio"><ent r="3" t="16" w="298" /></phr></stem><stem n="whether"><phr n="whether"><ent r="3" t="16" w="335" /><ent r="3" t="70" w="80" /><ent r="3" t="84" w="41" /><ent r="3" t="91" w="115" /><ent r="4" t="99" w="175" /><ent r="5" t="99" w="372" /><ent r="3" t="99" w="686" /><ent r="3" t="104" w="35" /><ent r="3" t="125" w="25" /><ent r="3" t="157" w="32" /><ent r="3" t="157" w="71" /><ent r="3" t="157" w="273" /><ent r="3" t="161" w="36" /><ent r="3" t="162" w="41" /><ent r="3" t="163" w="17" /><ent r="3" t="163" w="65" /><ent r="3" t="163" w="205" /><ent r="3" t="163" w="266" /><ent r="3" t="166" w="164" /><ent r="3" t="169" w="25" /><ent r="3" t="169" w="255" /><ent r="3" t="171" w="6" /><ent r="3" t="178" w="102" /><ent r="4" t="183" w="359" /><ent r="3" t="190" w="203" /><ent r="3" t="191" w="304" /><ent r="3" t="197" w="181" /><ent r="3" t="225" w="17" /><ent r="3" t="225" w="254" /><ent r="3" t="244" w="433" /><ent r="3" t="245" w="362" /><ent r="3" t="257" w="71" /><ent r="3" t="301" w="58" /><ent r="3" t="301" w="68" /><ent r="3" t="301" w="79" /></phr></stem><stem n="path"><phr n="paths"><ent r="3" t="16" w="338" /><ent r="3" t="17" w="358" /><ent r="3" t="17" w="367" /><ent r="3" t="71" w="95" /><ent r="3" t="71" w="99" /></phr><phr n="Path"><ent r="4" t="17" w="372" /><ent r="6" t="24" w="197" /><ent r="6" t="24" w="203" /><ent r="4" t="24" w="281" /><ent r="3" t="24" w="290" /><ent r="3" t="26" w="473" /><ent r="5" t="43" w="380" /><ent r="3" t="50" w="102" /><ent r="3" t="112" w="335" /><ent r="7" t="129" w="123" /><ent r="3" t="149" w="118" /><ent r="3" t="160" w="111" /></phr></stem><stem n="..."><phr n="..."><ent r="4" t="16" w="354" /><ent r="4" t="16" w="373" /></phr></stem><stem n="public"><phr n="Public"><ent r="4" t="16" w="358" /><ent r="3" t="16" w="366" /><ent r="6" t="26" w="164" /><ent r="6" t="26" w="367" /><ent r="7" t="27" w="303" /><ent r="6" t="28" w="109" /><ent r="6" t="30" w="195" /><ent r="7" t="30" w="216" /><ent r="4" t="31" w="30" /><ent r="4" t="31" w="46" /><ent r="3" t="31" w="62" /><ent r="3" t="40" w="72" /><ent r="3" t="51" w="311" /><ent r="3" t="52" w="33" /><ent r="6" t="54" w="127" /><ent r="3" t="56" w="224" /><ent r="3" t="56" w="231" /><ent r="3" t="56" w="238" /><ent r="3" t="56" w="247" /><ent r="3" t="56" w="254" /><ent r="3" t="56" w="261" /><ent r="3" t="56" w="268" /><ent r="3" t="56" w="278" /><ent r="3" t="56" w="287" /><ent r="3" t="56" w="297" /><ent r="3" t="56" w="307" /><ent r="3" t="56" w="317" /><ent r="3" t="56" w="327" /><ent r="3" t="56" w="337" /><ent r="3" t="56" w="347" /><ent r="3" t="59" w="177" /><ent r="3" t="59" w="189" /><ent r="3" t="59" w="199" /><ent r="3" t="59" w="209" /><ent r="3" t="59" w="295" /><ent r="3" t="59" w="312" /><ent r="3" t="62" w="399" /><ent r="3" t="62" w="418" /><ent r="3" t="62" w="439" /><ent r="3" t="62" w="458" /><ent r="3" t="64" w="226" /><ent r="3" t="64" w="237" /><ent r="3" t="64" w="248" /><ent r="3" t="64" w="260" /><ent r="3" t="64" w="276" /><ent r="3" t="67" w="79" /><ent r="3" t="67" w="89" /><ent r="3" t="67" w="101" /><ent r="3" t="67" w="144" /><ent r="3" t="67" w="160" /><ent r="3" t="67" w="176" /><ent r="3" t="69" w="231" /><ent r="3" t="70" w="139" /><ent r="3" t="71" w="252" /><ent r="3" t="71" w="279" /><ent r="3" t="71" w="300" /><ent r="3" t="72" w="91" /><ent r="1000" t="73" w="1" /><ent r="82" t="73" w="6" /><ent r="3" t="73" w="16" /><ent r="3" t="73" w="21" /><ent r="4" t="73" w="30" /><ent r="3" t="73" w="45" /><ent r="3" t="73" w="101" /><ent r="3" t="85" w="77" /><ent r="6" t="85" w="162" /><ent r="3" t="98" w="243" /><ent r="3" t="98" w="263" /><ent r="4" t="99" w="228" /><ent r="4" t="99" w="252" /><ent r="3" t="113" w="84" /><ent r="3" t="154" w="495" /><ent r="3" t="154" w="558" /><ent r="3" t="221" w="331" /><ent r="3" t="221" w="404" /><ent r="3" t="221" w="486" /><ent r="3" t="223" w="22" /><ent r="3" t="223" w="44" /><ent r="3" t="223" w="90" /><ent r="3" t="223" w="93" /><ent r="4" t="223" w="150" /><ent r="3" t="223" w="157" /><ent r="3" t="223" w="168" /><ent r="3" t="223" w="254" /><ent r="3" t="223" w="274" /><ent r="3" t="223" w="318" /><ent r="3" t="223" w="330" /><ent r="3" t="223" w="349" /><ent r="4" t="223" w="353" /><ent r="3" t="223" w="400" /><ent r="4" t="223" w="404" /><ent r="4" t="223" w="415" /><ent r="4" t="223" w="440" /><ent r="3" t="224" w="68" /><ent r="3" t="224" w="71" /><ent r="4" t="224" w="116" /><ent r="3" t="224" w="125" /><ent r="3" t="224" w="230" /><ent r="3" t="224" w="249" /><ent r="3" t="224" w="314" /><ent r="3" t="224" w="415" /><ent r="3" t="224" w="446" /><ent r="3" t="224" w="478" /><ent r="3" t="224" w="488" /><ent r="3" t="224" w="520" /><ent r="3" t="224" w="530" /><ent r="3" t="224" w="549" /><ent r="3" t="224" w="569" /><ent r="3" t="224" w="588" /><ent r="3" t="225" w="69" /><ent r="3" t="227" w="21" /><ent r="3" t="227" w="51" /><ent r="3" t="227" w="54" /><ent r="4" t="227" w="109" /><ent r="3" t="227" w="116" /><ent r="3" t="227" w="260" /><ent r="3" t="227" w="324" /><ent r="3" t="237" w="40" /><ent r="3" t="237" w="70" /><ent r="3" t="238" w="56" /><ent r="3" t="238" w="96" /><ent r="3" t="242" w="100" /><ent r="4" t="242" w="158" /><ent r="3" t="275" w="214" /><ent r="3" t="294" w="41" /><ent r="3" t="294" w="67" /><ent r="3" t="295" w="42" /><ent r="3" t="295" w="99" /><ent r="3" t="295" w="171" /><ent r="3" t="295" w="193" /><ent r="3" t="295" w="205" /><ent r="3" t="296" w="46" /><ent r="3" t="296" w="260" /><ent r="3" t="297" w="58" /><ent r="3" t="302" w="33" /><ent r="3" t="302" w="57" /><ent r="3" t="303" w="33" /><ent r="3" t="303" w="64" /><ent r="3" t="303" w="125" /><ent r="3" t="303" w="137" /><ent r="3" t="305" w="103" /><ent r="3" t="305" w="115" /><ent r="7" t="310" w="211" /></phr></stem></index>