<?xml version="1.0" encoding="utf-8"?><index><stem n="_uae_service_sim.lib;"><phr n="_uae_service_sim.lib;"><ent r="4" t="21" w="80" /></phr></stem><stem n="_urts_sim.lib"><phr n="_urts_sim.lib"><ent r="4" t="21" w="83" /><ent r="6" t="49" w="94" /><ent r="55" t="149" w="1174" /><ent r="7" t="149" w="1354" /><ent r="4" t="150" w="192" /><ent r="7" t="150" w="230" /></phr></stem><stem n="account"><phr n="accounts"><ent r="3" t="22" w="24" /><ent r="3" t="22" w="35" /><ent r="4" t="43" w="494" /><ent r="3" t="64" w="86" /></phr><phr n="account"><ent r="3" t="22" w="72" /></phr></stem><stem n="regular"><phr n="regular"><ent r="3" t="22" w="31" /><ent r="4" t="43" w="64" /><ent r="3" t="44" w="42" /><ent r="3" t="68" w="54" /><ent r="3" t="91" w="122" /></phr></stem><stem n="guest"><phr n="guest"><ent r="3" t="22" w="32" /></phr></stem><stem n="administr"><phr n="administrator"><ent r="3" t="22" w="34" /><ent r="4" t="79" w="96" /><ent r="4" t="79" w="113" /><ent r="4" t="87" w="285" /><ent r="4" t="87" w="302" /><ent r="4" t="93" w="135" /><ent r="4" t="93" w="152" /><ent r="4" t="97" w="278" /><ent r="4" t="97" w="295" /><ent r="4" t="103" w="165" /><ent r="4" t="103" w="182" /><ent r="4" t="112" w="109" /><ent r="4" t="112" w="126" /><ent r="3" t="162" w="241" /><ent r="3" t="162" w="349" /><ent r="3" t="163" w="36" /><ent r="3" t="163" w="170" /></phr></stem><stem n="run"><phr n="run"><ent r="3" t="22" w="37" /><ent r="3" t="24" w="52" /><ent r="4" t="24" w="318" /><ent r="3" t="26" w="12" /><ent r="4" t="34" w="252" /><ent r="4" t="35" w="280" /><ent r="3" t="37" w="111" /><ent r="4" t="38" w="153" /><ent r="4" t="39" w="164" /><ent r="7" t="39" w="525" /><ent r="3" t="48" w="16" /><ent r="4" t="144" w="95" /><ent r="3" t="149" w="698" /><ent r="5" t="161" w="276" /><ent r="5" t="161" w="299" /><ent r="3" t="162" w="236" /><ent r="3" t="162" w="285" /><ent r="3" t="162" w="346" /><ent r="3" t="163" w="34" /><ent r="3" t="163" w="108" /><ent r="3" t="163" w="166" /><ent r="6" t="312" w="62" /><ent r="6" t="312" w="207" /><ent r="6" t="312" w="222" /><ent r="6" t="314" w="54" /><ent r="4" t="316" w="576" /></phr><phr n="runs"><ent r="3" t="25" w="119" /><ent r="3" t="41" w="30" /><ent r="5" t="263" w="165" /></phr><phr n="Running"><ent r="1000" t="34" w="9" /><ent r="82" t="34" w="20" /><ent r="3" t="34" w="36" /><ent r="5" t="35" w="304" /><ent r="7" t="35" w="543" /><ent r="7" t="35" w="646" /><ent r="6" t="47" w="67" /><ent r="6" t="47" w="87" /><ent r="6" t="49" w="59" /><ent r="5" t="49" w="111" /><ent r="6" t="49" w="138" /><ent r="5" t="49" w="197" /><ent r="4" t="78" w="143" /><ent r="4" t="92" w="47" /><ent r="3" t="101" w="296" /><ent r="3" t="118" w="17" /><ent r="3" t="141" w="69" /><ent r="3" t="149" w="1187" /><ent r="3" t="163" w="24" /><ent r="3" t="163" w="71" /><ent r="3" t="171" w="42" /><ent r="3" t="171" w="60" /><ent r="3" t="196" w="409" /></phr></stem><stem n="form"><phr n="form"><ent r="3" t="22" w="43" /><ent r="3" t="103" w="76" /><ent r="3" t="109" w="23" /></phr><phr n="forms"><ent r="3" t="66" w="86" /><ent r="3" t="142" w="48" /></phr></stem><stem n="user-level"><phr n="User-level"><ent r="3" t="22" w="57" /></phr></stem><stem n="edger8r"><phr n="Edger8r"><ent r="66" t="23" w="36" /><ent r="1000" t="24" w="3" /><ent r="92" t="24" w="7" /><ent r="3" t="24" w="11" /><ent r="3" t="24" w="69" /><ent r="3" t="24" w="84" /><ent r="3" t="24" w="155" /><ent r="3" t="24" w="161" /><ent r="3" t="24" w="273" /><ent r="4" t="24" w="320" /><ent r="4" t="24" w="362" /><ent r="65" t="38" w="128" /><ent r="3" t="40" w="131" /><ent r="4" t="42" w="797" /><ent r="5" t="43" w="478" /><ent r="4" t="44" w="72" /><ent r="5" t="44" w="235" /><ent r="56" t="44" w="287" /><ent r="64" t="51" w="35" /><ent r="4" t="53" w="165" /><ent r="5" t="58" w="544" /><ent r="4" t="62" w="227" /><ent r="5" t="64" w="178" /><ent r="4" t="65" w="100" /><ent r="4" t="68" w="24" /><ent r="4" t="68" w="46" /><ent r="4" t="68" w="130" /><ent r="5" t="68" w="190" /><ent r="5" t="68" w="226" /><ent r="4" t="70" w="28" /><ent r="4" t="73" w="115" /><ent r="4" t="155" w="182" /><ent r="4" t="156" w="265" /><ent r="4" t="156" w="332" /></phr></stem><stem n="measur"><phr n="Measurement"><ent r="66" t="23" w="81" /><ent r="66" t="23" w="101" /><ent r="3" t="25" w="53" /><ent r="1000" t="35" w="2" /><ent r="92" t="35" w="7" /><ent r="1000" t="36" w="3" /><ent r="92" t="36" w="10" /><ent r="3" t="36" w="52" /><ent r="3" t="36" w="187" /><ent r="4" t="36" w="348" /><ent r="4" t="36" w="357" /><ent r="4" t="36" w="368" /><ent r="4" t="36" w="503" /><ent r="3" t="46" w="52" /><ent r="3" t="74" w="352" /><ent r="64" t="74" w="362" /><ent r="6" t="202" w="203" /><ent r="6" t="202" w="218" /><ent r="6" t="205" w="146" /><ent r="6" t="205" w="161" /><ent r="4" t="232" w="94" /><ent r="4" t="232" w="106" /><ent r="65" t="247" w="132" /><ent r="6" t="269" w="221" /><ent r="6" t="269" w="236" /><ent r="1000" t="270" w="2" /><ent r="72" t="270" w="6" /><ent r="4" t="270" w="10" /><ent r="3" t="270" w="21" /><ent r="3" t="270" w="34" /><ent r="3" t="270" w="45" /><ent r="3" t="274" w="42" /><ent r="3" t="274" w="67" /><ent r="3" t="275" w="65" /><ent r="3" t="275" w="76" /><ent r="3" t="275" w="188" /><ent r="3" t="275" w="210" /><ent r="3" t="306" w="61" /><ent r="3" t="306" w="73" /><ent r="3" t="306" w="136" /><ent r="3" t="306" w="151" /></phr><phr n="measure"><ent r="5" t="23" w="91" /><ent r="5" t="23" w="106" /><ent r="3" t="35" w="26" /><ent r="3" t="35" w="129" /><ent r="4" t="35" w="232" /><ent r="3" t="36" w="35" /><ent r="3" t="36" w="133" /><ent r="3" t="36" w="307" /><ent r="3" t="36" w="322" /><ent r="4" t="36" w="513" /></phr><phr n="measurable"><ent r="3" t="36" w="215" /><ent r="4" t="36" w="360" /><ent r="4" t="36" w="376" /></phr><phr n="measured"><ent r="3" t="36" w="225" /></phr></stem><stem n="vtune"><phr n="VTune"><ent r="66" t="23" w="85" /><ent r="1000" t="35" w="4" /><ent r="92" t="35" w="11" /><ent r="3" t="35" w="35" /><ent r="3" t="35" w="126" /><ent r="4" t="35" w="229" /><ent r="3" t="35" w="271" /><ent r="4" t="35" w="284" /><ent r="3" t="35" w="357" /><ent r="3" t="35" w="368" /><ent r="3" t="35" w="377" /><ent r="3" t="35" w="387" /><ent r="3" t="35" w="407" /><ent r="3" t="35" w="423" /><ent r="6" t="35" w="432" /><ent r="7" t="35" w="450" /><ent r="7" t="35" w="456" /><ent r="7" t="35" w="480" /><ent r="7" t="35" w="496" /><ent r="7" t="35" w="519" /><ent r="7" t="35" w="541" /><ent r="7" t="35" w="565" /><ent r="7" t="35" w="581" /><ent r="7" t="35" w="608" /><ent r="7" t="35" w="622" /><ent r="7" t="35" w="644" /><ent r="7" t="35" w="664" /><ent r="7" t="35" w="670" /></phr></stem><stem n="amplifi"><phr n="Amplifier"><ent r="66" t="23" w="87" /><ent r="92" t="35" w="13" /><ent r="3" t="35" w="20" /><ent r="3" t="35" w="36" /><ent r="3" t="35" w="127" /><ent r="4" t="35" w="230" /><ent r="3" t="35" w="272" /><ent r="4" t="35" w="285" /><ent r="3" t="35" w="358" /><ent r="3" t="35" w="378" /><ent r="3" t="35" w="388" /><ent r="3" t="35" w="408" /><ent r="6" t="35" w="433" /><ent r="7" t="35" w="451" /><ent r="7" t="35" w="457" /><ent r="7" t="35" w="481" /><ent r="7" t="35" w="497" /><ent r="7" t="35" w="520" /><ent r="7" t="35" w="566" /><ent r="7" t="35" w="582" /><ent r="7" t="35" w="623" /><ent r="7" t="35" w="665" /><ent r="7" t="35" w="671" /></phr></stem><stem n="cpusvn"><phr n="CPUSVN"><ent r="66" t="23" w="118" /><ent r="5" t="23" w="126" /><ent r="1000" t="37" w="1" /><ent r="92" t="37" w="5" /><ent r="3" t="37" w="9" /><ent r="3" t="37" w="27" /><ent r="3" t="37" w="47" /><ent r="3" t="37" w="63" /><ent r="3" t="37" w="71" /><ent r="3" t="37" w="73" /><ent r="3" t="37" w="116" /><ent r="3" t="37" w="126" /><ent r="3" t="37" w="139" /><ent r="6" t="37" w="152" /><ent r="6" t="37" w="159" /><ent r="6" t="37" w="166" /><ent r="3" t="37" w="200" /><ent r="3" t="37" w="210" /><ent r="4" t="195" w="274" /><ent r="3" t="195" w="286" /><ent r="4" t="203" w="520" /><ent r="3" t="203" w="523" /><ent r="3" t="203" w="532" /><ent r="4" t="206" w="292" /><ent r="3" t="206" w="295" /><ent r="3" t="206" w="303" /><ent r="3" t="266" w="50" /><ent r="3" t="266" w="65" /><ent r="6" t="310" w="513" /></phr></stem><stem n="upgrad"><phr n="upgrade"><ent r="5" t="23" w="127" /><ent r="3" t="37" w="42" /><ent r="3" t="37" w="48" /><ent r="7" t="37" w="148" /><ent r="6" t="37" w="153" /><ent r="3" t="37" w="201" /></phr><phr n="upgraded"><ent r="3" t="37" w="36" /></phr></stem><stem n="/downgrad"><phr n="/downgrade"><ent r="5" t="23" w="128" /><ent r="3" t="37" w="49" /></phr><phr n="/downgraded"><ent r="3" t="37" w="37" /></phr></stem><stem n="downgrad"><phr n="downgrade"><ent r="5" t="23" w="128" /><ent r="3" t="37" w="43" /><ent r="3" t="37" w="49" /><ent r="7" t="37" w="155" /><ent r="6" t="37" w="160" /><ent r="3" t="37" w="202" /></phr><phr n="downgraded"><ent r="3" t="37" w="37" /></phr></stem><stem n="scenario"><phr n="scenario"><ent r="5" t="23" w="129" /><ent r="5" t="27" w="120" /><ent r="3" t="44" w="21" /><ent r="3" t="58" w="941" /><ent r="3" t="87" w="125" /><ent r="4" t="316" w="646" /></phr><phr n="scenarios"><ent r="3" t="35" w="420" /><ent r="3" t="59" w="84" /><ent r="3" t="62" w="223" /></phr></stem><stem n="_edger8r"><phr n="_edger8r"><ent r="1000" t="24" w="3" /><ent r="3" t="24" w="161" /><ent r="3" t="40" w="131" /><ent r="4" t="42" w="797" /><ent r="5" t="43" w="478" /><ent r="4" t="44" w="72" /><ent r="5" t="44" w="235" /><ent r="56" t="44" w="287" /><ent r="4" t="53" w="165" /><ent r="5" t="58" w="544" /><ent r="4" t="62" w="227" /><ent r="5" t="64" w="178" /><ent r="4" t="65" w="100" /><ent r="4" t="68" w="24" /><ent r="4" t="68" w="46" /><ent r="4" t="68" w="130" /><ent r="5" t="68" w="190" /><ent r="5" t="68" w="226" /><ent r="4" t="70" w="28" /><ent r="4" t="73" w="115" /><ent r="4" t="155" w="182" /><ent r="4" t="156" w="265" /><ent r="4" t="156" w="332" /></phr></stem><stem n="edg"><phr n="edge"><ent r="3" t="24" w="26" /><ent r="3" t="24" w="36" /><ent r="4" t="43" w="280" /><ent r="3" t="44" w="64" /><ent r="3" t="44" w="163" /><ent r="3" t="44" w="199" /><ent r="4" t="57" w="81" /><ent r="3" t="58" w="153" /><ent r="3" t="58" w="177" /><ent r="3" t="58" w="224" /><ent r="3" t="62" w="25" /><ent r="3" t="63" w="114" /><ent r="3" t="64" w="45" /><ent r="3" t="68" w="144" /><ent r="3" t="70" w="33" /></phr></stem><stem n="routin"><phr n="routines"><ent r="3" t="24" w="27" /><ent r="3" t="24" w="37" /><ent r="6" t="24" w="215" /><ent r="6" t="24" w="225" /><ent r="4" t="43" w="281" /><ent r="3" t="44" w="65" /><ent r="3" t="44" w="164" /><ent r="3" t="44" w="200" /><ent r="3" t="51" w="240" /><ent r="4" t="57" w="82" /><ent r="3" t="58" w="154" /><ent r="3" t="58" w="178" /><ent r="3" t="62" w="26" /><ent r="3" t="68" w="145" /><ent r="3" t="70" w="34" /></phr><phr n="routine"><ent r="3" t="58" w="225" /><ent r="3" t="63" w="115" /><ent r="3" t="64" w="46" /><ent r="4" t="127" w="256" /><ent r="4" t="127" w="289" /><ent r="3" t="180" w="184" /><ent r="3" t="238" w="171" /><ent r="3" t="292" w="261" /></phr></stem><stem n="-provid"><phr n="-provided"><ent r="3" t="24" w="31" /><ent r="3" t="24" w="31" /><ent r="3" t="97" w="52" /><ent r="3" t="97" w="52" /></phr></stem><stem n="user-provid"><phr n="user-provided"><ent r="3" t="24" w="31" /></phr></stem><stem n="normal"><phr n="Normally"><ent r="3" t="24" w="48" /><ent r="3" t="138" w="30" /><ent r="3" t="141" w="70" /><ent r="3" t="224" w="362" /></phr><phr n="normal"><ent r="3" t="33" w="44" /><ent r="4" t="89" w="28" /><ent r="1000" t="91" w="1" /><ent r="72" t="91" w="10" /><ent r="3" t="180" w="131" /><ent r="3" t="184" w="185" /><ent r="3" t="232" w="467" /><ent r="3" t="233" w="377" /><ent r="3" t="234" w="360" /><ent r="3" t="235" w="375" /></phr></stem><stem n="manual"><phr n="manually"><ent r="3" t="24" w="70" /><ent r="3" t="34" w="360" /><ent r="4" t="36" w="524" /><ent r="3" t="90" w="77" /><ent r="3" t="187" w="84" /><ent r="3" t="188" w="117" /><ent r="3" t="188" w="139" /></phr><phr n="manual"><ent r="3" t="161" w="309" /><ent r="4" t="162" w="369" /><ent r="3" t="187" w="41" /><ent r="4" t="187" w="69" /><ent r="64" t="193" w="234" /><ent r="64" t="194" w="250" /></phr></stem><stem n="demo"><phr n="demo"><ent r="4" t="24" w="80" /><ent r="5" t="24" w="92" /><ent r="5" t="24" w="106" /><ent r="5" t="24" w="120" /><ent r="5" t="24" w="134" /><ent r="4" t="24" w="307" /><ent r="3" t="40" w="65" /></phr></stem><stem n=".edl"><phr n=".edl"><ent r="4" t="24" w="81" /><ent r="3" t="24" w="164" /><ent r="3" t="24" w="167" /><ent r="3" t="40" w="66" /><ent r="3" t="42" w="691" /><ent r="4" t="43" w="225" /><ent r="3" t="71" w="219" /><ent r="6" t="180" w="194" /></phr></stem><stem n="four"><phr n="four"><ent r="3" t="24" w="89" /><ent r="3" t="193" w="83" /><ent r="3" t="194" w="89" /></phr></stem><stem n="_t.h"><phr n="_t.h"><ent r="5" t="24" w="94" /></phr></stem><stem n="prototyp"><phr n="prototype"><ent r="4" t="24" w="98" /><ent r="4" t="24" w="126" /><ent r="4" t="42" w="678" /><ent r="3" t="62" w="287" /><ent r="3" t="64" w="646" /><ent r="3" t="238" w="175" /><ent r="3" t="292" w="265" /></phr><phr n="prototypes"><ent r="3" t="51" w="32" /><ent r="3" t="51" w="86" /><ent r="3" t="51" w="114" /><ent r="3" t="51" w="142" /><ent r="3" t="51" w="308" /><ent r="3" t="51" w="365" /><ent r="3" t="98" w="97" /><ent r="3" t="98" w="332" /></phr></stem><stem n="proxi"><phr n="proxies"><ent r="4" t="24" w="102" /><ent r="4" t="24" w="116" /><ent r="4" t="24" w="130" /><ent r="4" t="24" w="144" /><ent r="4" t="99" w="476" /><ent r="3" t="155" w="473" /></phr><phr n="proxy"><ent r="6" t="24" w="182" /><ent r="6" t="24" w="212" /><ent r="6" t="24" w="222" /><ent r="4" t="38" w="135" /><ent r="3" t="39" w="28" /><ent r="3" t="40" w="136" /><ent r="3" t="40" w="144" /><ent r="3" t="40" w="151" /><ent r="3" t="40" w="174" /><ent r="3" t="40" w="196" /><ent r="3" t="40" w="270" /><ent r="3" t="41" w="14" /><ent r="3" t="41" w="28" /><ent r="4" t="43" w="481" /><ent r="5" t="43" w="519" /><ent r="5" t="43" w="579" /><ent r="3" t="44" w="172" /><ent r="4" t="44" w="246" /><ent r="4" t="44" w="312" /><ent r="3" t="58" w="159" /><ent r="3" t="58" w="253" /><ent r="3" t="58" w="298" /><ent r="3" t="58" w="602" /><ent r="3" t="58" w="646" /><ent r="3" t="58" w="688" /><ent r="3" t="58" w="714" /><ent r="3" t="58" w="739" /><ent r="3" t="58" w="767" /><ent r="3" t="58" w="826" /><ent r="3" t="58" w="863" /><ent r="3" t="63" w="59" /><ent r="4" t="99" w="454" /><ent r="3" t="152" w="197" /><ent r="3" t="154" w="429" /><ent r="3" t="155" w="171" /><ent r="3" t="155" w="213" /><ent r="3" t="155" w="403" /><ent r="3" t="155" w="446" /><ent r="3" t="156" w="252" /><ent r="3" t="156" w="300" /><ent r="3" t="156" w="319" /><ent r="3" t="156" w="367" /><ent r="3" t="156" w="625" /><ent r="3" t="157" w="438" /><ent r="3" t="159" w="132" /><ent r="3" t="228" w="117" /><ent r="3" t="231" w="199" /><ent r="3" t="232" w="329" /><ent r="3" t="233" w="225" /><ent r="3" t="234" w="204" /><ent r="3" t="235" w="219" /><ent r="3" t="236" w="189" /><ent r="3" t="297" w="17" /><ent r="3" t="298" w="17" /><ent r="3" t="299" w="17" /><ent r="6" t="310" w="684" /></phr></stem><stem n="bridg"><phr n="bridges"><ent r="4" t="24" w="104" /><ent r="4" t="24" w="118" /><ent r="4" t="24" w="132" /><ent r="4" t="24" w="146" /></phr><phr n="bridge"><ent r="6" t="24" w="214" /><ent r="6" t="24" w="224" /><ent r="4" t="38" w="136" /><ent r="3" t="42" w="803" /><ent r="3" t="42" w="818" /><ent r="4" t="43" w="482" /><ent r="5" t="43" w="520" /><ent r="6" t="43" w="548" /><ent r="5" t="43" w="580" /><ent r="5" t="43" w="592" /><ent r="3" t="44" w="93" /><ent r="3" t="58" w="156" /><ent r="3" t="58" w="241" /><ent r="3" t="58" w="294" /><ent r="3" t="58" w="319" /><ent r="3" t="58" w="379" /><ent r="3" t="58" w="419" /><ent r="3" t="58" w="453" /><ent r="3" t="58" w="478" /><ent r="3" t="58" w="506" /><ent r="3" t="58" w="798" /><ent r="3" t="58" w="860" /><ent r="3" t="61" w="51" /><ent r="3" t="62" w="150" /><ent r="3" t="63" w="56" /><ent r="3" t="64" w="71" /></phr></stem><stem n="_t.c"><phr n="_t.c"><ent r="5" t="24" w="108" /></phr></stem><stem n="[options]"><phr n="[options]"><ent r="3" t="24" w="163" /><ent r="6" t="24" w="173" /></phr></stem><stem n="&lt;"><phr n="&lt;"><ent r="3" t="24" w="163" /><ent r="3" t="74" w="103" /></phr></stem><stem n="file&gt;"><phr n="file&gt;"><ent r="3" t="24" w="165" /></phr></stem><stem n="[anoth"><phr n="[another"><ent r="3" t="24" w="166" /></phr></stem><stem n="…]"><phr n="…]"><ent r="3" t="24" w="169" /></phr></stem><stem n="argument"><phr n="Arguments"><ent r="3" t="24" w="170" /><ent r="6" t="26" w="55" /><ent r="3" t="26" w="244" /><ent r="6" t="26" w="246" /><ent r="3" t="26" w="420" /><ent r="3" t="26" w="446" /><ent r="3" t="36" w="175" /><ent r="3" t="36" w="261" /><ent r="3" t="68" w="166" /><ent r="6" t="320" w="66" /><ent r="6" t="320" w="115" /></phr><phr n="argument"><ent r="6" t="26" w="265" /><ent r="6" t="26" w="284" /><ent r="3" t="36" w="183" /><ent r="3" t="36" w="252" /><ent r="4" t="58" w="35" /><ent r="4" t="58" w="86" /><ent r="3" t="101" w="294" /></phr></stem><stem n="--use-prefix"><phr n="--use-prefix"><ent r="6" t="24" w="176" /><ent r="6" t="24" w="178" /><ent r="5" t="44" w="228" /><ent r="5" t="44" w="230" /><ent r="56" t="44" w="280" /><ent r="56" t="44" w="282" /></phr></stem><stem n="use-prefix"><phr n="use-prefix"><ent r="6" t="24" w="176" /><ent r="5" t="44" w="228" /><ent r="56" t="44" w="280" /></phr></stem><stem n="prefix"><phr n="prefix"><ent r="6" t="24" w="177" /><ent r="6" t="24" w="179" /><ent r="5" t="44" w="229" /><ent r="56" t="44" w="281" /><ent r="4" t="44" w="298" /><ent r="3" t="123" w="84" /></phr></stem><stem n="--header-onli"><phr n="--header-only"><ent r="6" t="24" w="188" /><ent r="6" t="24" w="190" /></phr></stem><stem n="header-onli"><phr n="header-only"><ent r="6" t="24" w="188" /></phr></stem><stem n="--search-path"><phr n="--search-path"><ent r="6" t="24" w="196" /><ent r="6" t="24" w="198" /></phr></stem><stem n="search-path"><phr n="search-path"><ent r="6" t="24" w="196" /></phr></stem><stem n="&lt;path&gt;"><phr n="&lt;path&gt;"><ent r="6" t="24" w="198" /></phr></stem><stem n="--untrust"><phr n="--untrusted"><ent r="6" t="24" w="208" /><ent r="6" t="24" w="209" /><ent r="4" t="24" w="264" /><ent r="4" t="24" w="265" /></phr></stem><stem n="--trust"><phr n="--trusted"><ent r="6" t="24" w="218" /><ent r="6" t="24" w="219" /><ent r="4" t="24" w="268" /><ent r="4" t="24" w="269" /></phr></stem><stem n="--untrusted-dir"><phr n="--untrusted-dir"><ent r="6" t="24" w="228" /><ent r="6" t="24" w="230" /></phr></stem><stem n="untrusted-dir"><phr n="untrusted-dir"><ent r="6" t="24" w="228" /></phr></stem><stem n="dir"><phr n="dir"><ent r="6" t="24" w="229" /><ent r="6" t="24" w="242" /><ent r="6" t="313" w="151" /><ent r="6" t="313" w="152" /><ent r="6" t="313" w="172" /><ent r="6" t="313" w="177" /><ent r="6" t="313" w="210" /><ent r="6" t="313" w="211" /></phr></stem><stem n="&lt;dir&gt;"><phr n="&lt;dir&gt;"><ent r="6" t="24" w="230" /><ent r="6" t="24" w="243" /></phr></stem><stem n="--trusted-dir"><phr n="--trusted-dir"><ent r="6" t="24" w="241" /><ent r="6" t="24" w="243" /></phr></stem><stem n="trusted-dir"><phr n="trusted-dir"><ent r="6" t="24" w="241" /></phr></stem><stem n="--help"><phr n="--help"><ent r="6" t="24" w="254" /><ent r="6" t="24" w="255" /></phr></stem><stem n="print"><phr n="Print"><ent r="6" t="24" w="256" /><ent r="3" t="51" w="380" /><ent r="3" t="68" w="115" /></phr><phr n="printed"><ent r="3" t="104" w="47" /></phr></stem><stem n="messag"><phr n="message"><ent r="6" t="24" w="259" /><ent r="3" t="26" w="551" /><ent r="6" t="28" w="189" /><ent r="3" t="93" w="174" /><ent r="4" t="94" w="187" /><ent r="4" t="94" w="232" /><ent r="4" t="94" w="243" /><ent r="4" t="94" w="275" /><ent r="4" t="94" w="286" /><ent r="4" t="94" w="301" /><ent r="4" t="94" w="326" /><ent r="4" t="94" w="331" /><ent r="4" t="94" w="345" /><ent r="4" t="94" w="350" /><ent r="4" t="94" w="365" /><ent r="4" t="94" w="401" /><ent r="1000" t="96" w="2" /><ent r="72" t="96" w="6" /><ent r="3" t="96" w="19" /><ent r="3" t="96" w="41" /><ent r="3" t="96" w="62" /><ent r="3" t="96" w="99" /><ent r="3" t="96" w="157" /><ent r="3" t="96" w="161" /><ent r="3" t="96" w="223" /><ent r="4" t="99" w="489" /><ent r="3" t="99" w="711" /><ent r="3" t="101" w="30" /><ent r="4" t="101" w="55" /><ent r="3" t="132" w="118" /><ent r="54" t="133" w="412" /><ent r="3" t="155" w="27" /><ent r="3" t="155" w="226" /><ent r="3" t="156" w="27" /><ent r="3" t="156" w="35" /><ent r="3" t="156" w="48" /><ent r="3" t="156" w="105" /><ent r="3" t="156" w="141" /><ent r="3" t="156" w="385" /><ent r="3" t="156" w="416" /><ent r="3" t="156" w="426" /><ent r="3" t="156" w="705" /><ent r="3" t="156" w="709" /><ent r="3" t="156" w="711" /><ent r="3" t="201" w="125" /><ent r="3" t="201" w="159" /><ent r="3" t="226" w="289" /><ent r="3" t="226" w="300" /><ent r="3" t="226" w="312" /><ent r="3" t="226" w="325" /><ent r="3" t="226" w="339" /><ent r="3" t="227" w="332" /><ent r="3" t="237" w="97" /><ent r="3" t="238" w="123" /><ent r="3" t="239" w="52" /><ent r="3" t="242" w="80" /><ent r="3" t="243" w="82" /><ent r="3" t="243" w="131" /><ent r="3" t="244" w="87" /><ent r="3" t="244" w="136" /><ent r="3" t="245" w="84" /><ent r="3" t="294" w="16" /><ent r="3" t="295" w="16" /><ent r="3" t="295" w="222" /><ent r="3" t="295" w="460" /><ent r="3" t="296" w="15" /><ent r="3" t="302" w="97" /><ent r="3" t="304" w="64" /><ent r="3" t="304" w="184" /><ent r="3" t="305" w="15" /></phr><phr n="messages"><ent r="3" t="83" w="57" /><ent r="3" t="94" w="94" /><ent r="4" t="94" w="408" /><ent r="3" t="95" w="92" /><ent r="3" t="101" w="43" /><ent r="3" t="101" w="154" /><ent r="3" t="101" w="248" /><ent r="3" t="101" w="275" /><ent r="3" t="101" w="358" /><ent r="4" t="101" w="363" /><ent r="4" t="101" w="389" /><ent r="3" t="221" w="457" /></phr></stem><stem n="neither"><phr n="neither"><ent r="3" t="24" w="262" /><ent r="3" t="58" w="212" /></phr></stem><stem n="nor"><phr n="nor"><ent r="3" t="24" w="266" /><ent r="3" t="58" w="217" /><ent r="3" t="99" w="774" /></phr></stem><stem n="paramet"><phr n="parameter"><ent r="3" t="24" w="283" /><ent r="3" t="26" w="467" /><ent r="4" t="32" w="84" /><ent r="3" t="35" w="164" /><ent r="3" t="35" w="194" /><ent r="3" t="36" w="203" /><ent r="5" t="36" w="399" /><ent r="3" t="40" w="29" /><ent r="6" t="54" w="87" /><ent r="4" t="58" w="37" /><ent r="4" t="58" w="55" /><ent r="4" t="58" w="68" /><ent r="4" t="58" w="88" /><ent r="4" t="58" w="107" /><ent r="4" t="58" w="140" /><ent r="4" t="58" w="580" /><ent r="3" t="59" w="78" /><ent r="4" t="60" w="69" /><ent r="3" t="62" w="309" /><ent r="4" t="62" w="315" /><ent r="3" t="62" w="324" /><ent r="3" t="63" w="76" /><ent r="3" t="64" w="17" /><ent r="3" t="65" w="83" /><ent r="3" t="65" w="125" /><ent r="3" t="65" w="158" /><ent r="3" t="66" w="111" /><ent r="3" t="66" w="126" /><ent r="3" t="67" w="23" /><ent r="6" t="69" w="136" /><ent r="3" t="76" w="84" /><ent r="3" t="76" w="144" /><ent r="3" t="84" w="33" /><ent r="3" t="96" w="86" /><ent r="3" t="96" w="131" /><ent r="3" t="96" w="185" /><ent r="54" t="149" w="125" /><ent r="54" t="149" w="133" /><ent r="4" t="149" w="571" /><ent r="3" t="149" w="579" /><ent r="3" t="149" w="1085" /><ent r="3" t="149" w="1089" /><ent r="3" t="149" w="1128" /><ent r="4" t="152" w="114" /><ent r="4" t="153" w="94" /><ent r="4" t="154" w="318" /><ent r="4" t="155" w="254" /><ent r="4" t="156" w="476" /><ent r="4" t="157" w="345" /><ent r="4" t="158" w="107" /><ent r="4" t="159" w="89" /><ent r="4" t="160" w="136" /><ent r="4" t="161" w="151" /><ent r="4" t="162" w="160" /><ent r="4" t="163" w="137" /><ent r="4" t="164" w="75" /><ent r="4" t="165" w="96" /><ent r="4" t="168" w="119" /><ent r="3" t="169" w="90" /><ent r="3" t="169" w="104" /><ent r="3" t="169" w="329" /><ent r="3" t="176" w="68" /><ent r="3" t="181" w="65" /><ent r="3" t="187" w="75" /><ent r="3" t="187" w="88" /><ent r="3" t="187" w="118" /><ent r="3" t="187" w="131" /><ent r="3" t="191" w="121" /><ent r="3" t="191" w="145" /><ent r="4" t="193" w="117" /><ent r="3" t="193" w="121" /><ent r="4" t="194" w="135" /><ent r="3" t="194" w="139" /><ent r="4" t="195" w="167" /><ent r="4" t="196" w="299" /><ent r="4" t="197" w="102" /><ent r="4" t="201" w="360" /><ent r="4" t="202" w="532" /><ent r="4" t="203" w="406" /><ent r="4" t="204" w="242" /><ent r="4" t="205" w="411" /><ent r="3" t="206" w="175" /><ent r="4" t="206" w="216" /><ent r="3" t="206" w="219" /><ent r="4" t="207" w="159" /><ent r="4" t="208" w="148" /><ent r="4" t="209" w="190" /><ent r="3" t="209" w="194" /><ent r="4" t="210" w="148" /><ent r="4" t="211" w="107" /><ent r="4" t="212" w="392" /><ent r="4" t="213" w="401" /><ent r="4" t="214" w="200" /><ent r="4" t="215" w="186" /><ent r="4" t="216" w="191" /><ent r="4" t="217" w="146" /><ent r="4" t="218" w="109" /><ent r="4" t="219" w="225" /><ent r="4" t="220" w="225" /><ent r="4" t="221" w="198" /><ent r="4" t="222" w="149" /><ent r="4" t="223" w="265" /><ent r="4" t="224" w="241" /><ent r="4" t="225" w="204" /><ent r="4" t="226" w="215" /><ent r="4" t="227" w="254" /><ent r="4" t="230" w="96" /><ent r="4" t="231" w="130" /><ent r="5" t="232" w="138" /><ent r="4" t="232" w="216" /><ent r="4" t="233" w="113" /><ent r="4" t="234" w="86" /><ent r="4" t="235" w="101" /><ent r="4" t="236" w="99" /><ent r="4" t="237" w="179" /><ent r="4" t="238" w="259" /><ent r="4" t="239" w="403" /><ent r="4" t="240" w="82" /><ent r="4" t="241" w="167" /><ent r="3" t="242" w="86" /><ent r="3" t="242" w="139" /><ent r="4" t="242" w="182" /><ent r="4" t="243" w="239" /><ent r="4" t="244" w="487" /><ent r="4" t="245" w="424" /><ent r="3" t="269" w="39" /><ent r="3" t="276" w="23" /><ent r="3" t="276" w="36" /><ent r="4" t="292" w="196" /><ent r="3" t="297" w="70" /><ent r="6" t="310" w="38" /><ent r="6" t="310" w="41" /></phr><phr n="parameters"><ent r="3" t="36" w="288" /><ent r="3" t="40" w="206" /><ent r="3" t="40" w="286" /><ent r="4" t="42" w="133" /><ent r="4" t="42" w="154" /><ent r="4" t="42" w="166" /><ent r="3" t="51" w="81" /><ent r="4" t="57" w="54" /><ent r="3" t="58" w="269" /><ent r="3" t="58" w="280" /><ent r="3" t="58" w="350" /><ent r="3" t="58" w="618" /><ent r="3" t="58" w="817" /><ent r="3" t="58" w="846" /><ent r="3" t="59" w="95" /><ent r="3" t="61" w="110" /><ent r="3" t="63" w="90" /><ent r="3" t="63" w="131" /><ent r="3" t="67" w="49" /><ent r="6" t="69" w="144" /><ent r="6" t="69" w="157" /><ent r="3" t="74" w="22" /><ent r="4" t="75" w="158" /><ent r="3" t="96" w="90" /><ent r="3" t="96" w="124" /><ent r="3" t="96" w="190" /><ent r="3" t="123" w="96" /><ent r="3" t="148" w="15" /><ent r="3" t="149" w="109" /><ent r="3" t="150" w="44" /><ent r="3" t="151" w="48" /><ent r="3" t="152" w="59" /><ent r="3" t="153" w="50" /><ent r="3" t="153" w="109" /><ent r="3" t="154" w="93" /><ent r="3" t="154" w="500" /><ent r="3" t="154" w="561" /><ent r="3" t="155" w="119" /><ent r="3" t="156" w="213" /><ent r="3" t="157" w="249" /><ent r="3" t="158" w="76" /><ent r="3" t="159" w="46" /><ent r="3" t="160" w="104" /><ent r="3" t="161" w="66" /><ent r="3" t="162" w="72" /><ent r="3" t="163" w="59" /><ent r="3" t="164" w="44" /><ent r="3" t="165" w="46" /><ent r="3" t="166" w="66" /><ent r="3" t="167" w="66" /><ent r="3" t="168" w="48" /><ent r="3" t="168" w="123" /><ent r="3" t="169" w="71" /><ent r="3" t="170" w="38" /><ent r="3" t="171" w="28" /><ent r="3" t="172" w="31" /><ent r="3" t="173" w="63" /><ent r="3" t="174" w="39" /><ent r="3" t="175" w="39" /><ent r="3" t="176" w="51" /><ent r="3" t="177" w="44" /><ent r="3" t="178" w="44" /><ent r="3" t="179" w="46" /><ent r="3" t="180" w="44" /><ent r="3" t="181" w="51" /><ent r="3" t="182" w="44" /><ent r="3" t="183" w="50" /><ent r="3" t="184" w="45" /><ent r="3" t="185" w="45" /><ent r="3" t="187" w="52" /><ent r="3" t="188" w="42" /><ent r="3" t="189" w="54" /><ent r="3" t="190" w="61" /><ent r="3" t="191" w="73" /><ent r="3" t="192" w="43" /><ent r="3" t="193" w="70" /><ent r="3" t="194" w="76" /><ent r="3" t="195" w="62" /><ent r="3" t="195" w="88" /><ent r="3" t="195" w="174" /><ent r="3" t="196" w="81" /><ent r="3" t="196" w="309" /><ent r="3" t="197" w="52" /><ent r="3" t="198" w="78" /><ent r="3" t="199" w="84" /><ent r="3" t="200" w="77" /><ent r="3" t="201" w="114" /><ent r="3" t="201" w="367" /><ent r="3" t="202" w="151" /><ent r="3" t="202" w="539" /><ent r="3" t="202" w="701" /><ent r="3" t="203" w="116" /><ent r="3" t="203" w="413" /><ent r="3" t="204" w="62" /><ent r="3" t="204" w="249" /><ent r="3" t="205" w="100" /><ent r="3" t="205" w="418" /><ent r="3" t="205" w="545" /><ent r="3" t="206" w="80" /><ent r="3" t="206" w="225" /><ent r="3" t="207" w="56" /><ent r="3" t="208" w="88" /><ent r="3" t="209" w="80" /><ent r="3" t="210" w="62" /><ent r="3" t="211" w="50" /><ent r="3" t="212" w="104" /><ent r="3" t="213" w="106" /><ent r="3" t="214" w="71" /><ent r="3" t="215" w="98" /><ent r="3" t="216" w="82" /><ent r="3" t="217" w="60" /><ent r="3" t="218" w="52" /><ent r="3" t="219" w="92" /><ent r="3" t="220" w="92" /><ent r="3" t="221" w="119" /><ent r="3" t="222" w="71" /><ent r="3" t="223" w="105" /><ent r="3" t="224" w="93" /><ent r="3" t="224" w="661" /><ent r="3" t="225" w="89" /><ent r="3" t="226" w="71" /><ent r="3" t="226" w="400" /><ent r="3" t="227" w="78" /><ent r="3" t="227" w="411" /><ent r="3" t="230" w="54" /><ent r="3" t="231" w="51" /><ent r="3" t="232" w="62" /><ent r="3" t="232" w="221" /><ent r="3" t="233" w="54" /><ent r="3" t="234" w="57" /><ent r="3" t="235" w="51" /><ent r="3" t="236" w="49" /><ent r="3" t="237" w="59" /><ent r="3" t="237" w="187" /><ent r="3" t="238" w="85" /><ent r="3" t="238" w="267" /><ent r="3" t="239" w="96" /><ent r="3" t="239" w="411" /><ent r="3" t="240" w="56" /><ent r="3" t="241" w="50" /><ent r="3" t="241" w="173" /><ent r="3" t="242" w="58" /><ent r="3" t="242" w="188" /><ent r="3" t="243" w="74" /><ent r="3" t="243" w="245" /><ent r="3" t="244" w="79" /><ent r="3" t="244" w="493" /><ent r="3" t="245" w="76" /><ent r="3" t="245" w="430" /><ent r="3" t="269" w="27" /><ent r="3" t="292" w="125" /><ent r="3" t="292" w="204" /></phr></stem></index>